field_id,identifier,report_year,company_type,source_observation_rows,source_non_null,source_null
financial.indicator.adminexp_of_gr,adminexp_of_gr,1990,not_provided_by_source,98,26,72
financial.indicator.adminexp_of_gr,adminexp_of_gr,1991,not_provided_by_source,144,56,88
financial.indicator.adminexp_of_gr,adminexp_of_gr,1992,not_provided_by_source,218,144,74
financial.indicator.adminexp_of_gr,adminexp_of_gr,1993,not_provided_by_source,592,434,158
financial.indicator.adminexp_of_gr,adminexp_of_gr,1994,not_provided_by_source,949,666,283
financial.indicator.adminexp_of_gr,adminexp_of_gr,1995,not_provided_by_source,1096,818,278
financial.indicator.adminexp_of_gr,adminexp_of_gr,1996,not_provided_by_source,1378,1014,364
financial.indicator.adminexp_of_gr,adminexp_of_gr,1997,not_provided_by_source,1755,1099,656
financial.indicator.adminexp_of_gr,adminexp_of_gr,1998,not_provided_by_source,1794,1786,8
financial.indicator.adminexp_of_gr,adminexp_of_gr,1999,not_provided_by_source,1996,1982,14
financial.indicator.adminexp_of_gr,adminexp_of_gr,2000,not_provided_by_source,2042,2020,22
financial.indicator.adminexp_of_gr,adminexp_of_gr,2001,not_provided_by_source,2439,2341,98
financial.indicator.adminexp_of_gr,adminexp_of_gr,2002,not_provided_by_source,4116,3712,404
financial.indicator.adminexp_of_gr,adminexp_of_gr,2003,not_provided_by_source,4414,4339,75
financial.indicator.adminexp_of_gr,adminexp_of_gr,2004,not_provided_by_source,4808,4691,117
financial.indicator.adminexp_of_gr,adminexp_of_gr,2005,not_provided_by_source,5130,4998,132
financial.indicator.adminexp_of_gr,adminexp_of_gr,2006,not_provided_by_source,6042,5941,101
financial.indicator.adminexp_of_gr,adminexp_of_gr,2007,not_provided_by_source,7275,7160,115
financial.indicator.adminexp_of_gr,adminexp_of_gr,2008,not_provided_by_source,8085,7968,117
financial.indicator.adminexp_of_gr,adminexp_of_gr,2009,not_provided_by_source,9808,9668,140
financial.indicator.adminexp_of_gr,adminexp_of_gr,2010,not_provided_by_source,10706,10538,168
financial.indicator.adminexp_of_gr,adminexp_of_gr,2011,not_provided_by_source,12606,12453,153
financial.indicator.adminexp_of_gr,adminexp_of_gr,2012,not_provided_by_source,13723,13520,203
financial.indicator.adminexp_of_gr,adminexp_of_gr,2013,not_provided_by_source,14280,14100,180
financial.indicator.adminexp_of_gr,adminexp_of_gr,2014,not_provided_by_source,15143,15016,127
financial.indicator.adminexp_of_gr,adminexp_of_gr,2015,not_provided_by_source,16225,16101,124
financial.indicator.adminexp_of_gr,adminexp_of_gr,2016,not_provided_by_source,17928,17841,87
financial.indicator.adminexp_of_gr,adminexp_of_gr,2017,not_provided_by_source,18710,18653,57
financial.indicator.adminexp_of_gr,adminexp_of_gr,2018,not_provided_by_source,19035,18976,59
financial.indicator.adminexp_of_gr,adminexp_of_gr,2019,not_provided_by_source,19749,19688,61
financial.indicator.adminexp_of_gr,adminexp_of_gr,2020,not_provided_by_source,21007,20952,55
financial.indicator.adminexp_of_gr,adminexp_of_gr,2021,not_provided_by_source,21479,21445,34
financial.indicator.adminexp_of_gr,adminexp_of_gr,2022,not_provided_by_source,21544,21480,64
financial.indicator.adminexp_of_gr,adminexp_of_gr,2023,not_provided_by_source,14469,14427,42
financial.indicator.adminexp_of_gr,adminexp_of_gr,2024,not_provided_by_source,12034,12006,28
financial.indicator.adminexp_of_gr,adminexp_of_gr,2025,not_provided_by_source,12859,12844,15
financial.indicator.adminexp_of_gr,adminexp_of_gr,2026,not_provided_by_source,7907,7897,10
financial.indicator.ar_turn,ar_turn,1990,not_provided_by_source,98,62,36
financial.indicator.ar_turn,ar_turn,1991,not_provided_by_source,144,130,14
financial.indicator.ar_turn,ar_turn,1992,not_provided_by_source,218,188,30
financial.indicator.ar_turn,ar_turn,1993,not_provided_by_source,592,438,154
financial.indicator.ar_turn,ar_turn,1994,not_provided_by_source,949,816,133
financial.indicator.ar_turn,ar_turn,1995,not_provided_by_source,1096,996,100
financial.indicator.ar_turn,ar_turn,1996,not_provided_by_source,1378,988,390
financial.indicator.ar_turn,ar_turn,1997,not_provided_by_source,1755,1012,743
financial.indicator.ar_turn,ar_turn,1998,not_provided_by_source,1794,1764,30
financial.indicator.ar_turn,ar_turn,1999,not_provided_by_source,1996,1898,98
financial.indicator.ar_turn,ar_turn,2000,not_provided_by_source,2042,1978,64
financial.indicator.ar_turn,ar_turn,2001,not_provided_by_source,2439,2149,290
financial.indicator.ar_turn,ar_turn,2002,not_provided_by_source,4116,4010,106
financial.indicator.ar_turn,ar_turn,2003,not_provided_by_source,4414,4168,246
financial.indicator.ar_turn,ar_turn,2004,not_provided_by_source,4808,4540,268
financial.indicator.ar_turn,ar_turn,2005,not_provided_by_source,5130,4704,426
financial.indicator.ar_turn,ar_turn,2006,not_provided_by_source,6042,5332,710
financial.indicator.ar_turn,ar_turn,2007,not_provided_by_source,7275,6570,705
financial.indicator.ar_turn,ar_turn,2008,not_provided_by_source,8085,7482,603
financial.indicator.ar_turn,ar_turn,2009,not_provided_by_source,9808,8348,1460
financial.indicator.ar_turn,ar_turn,2010,not_provided_by_source,10706,10096,610
financial.indicator.ar_turn,ar_turn,2011,not_provided_by_source,12606,12133,473
financial.indicator.ar_turn,ar_turn,2012,not_provided_by_source,13723,13252,471
financial.indicator.ar_turn,ar_turn,2013,not_provided_by_source,14280,13843,437
financial.indicator.ar_turn,ar_turn,2014,not_provided_by_source,15143,14655,488
financial.indicator.ar_turn,ar_turn,2015,not_provided_by_source,16225,15693,532
financial.indicator.ar_turn,ar_turn,2016,not_provided_by_source,17928,17353,575
financial.indicator.ar_turn,ar_turn,2017,not_provided_by_source,18710,18064,646
financial.indicator.ar_turn,ar_turn,2018,not_provided_by_source,19035,18236,799
financial.indicator.ar_turn,ar_turn,2019,not_provided_by_source,19749,18657,1092
financial.indicator.ar_turn,ar_turn,2020,not_provided_by_source,21007,19836,1171
financial.indicator.ar_turn,ar_turn,2021,not_provided_by_source,21479,20769,710
financial.indicator.ar_turn,ar_turn,2022,not_provided_by_source,21544,21089,455
financial.indicator.ar_turn,ar_turn,2023,not_provided_by_source,14469,14226,243
financial.indicator.ar_turn,ar_turn,2024,not_provided_by_source,12034,11810,224
financial.indicator.ar_turn,ar_turn,2025,not_provided_by_source,12859,12664,195
financial.indicator.ar_turn,ar_turn,2026,not_provided_by_source,7907,7806,101
financial.indicator.arturn_days,arturn_days,1990,not_provided_by_source,98,18,80
financial.indicator.arturn_days,arturn_days,1991,not_provided_by_source,144,58,86
financial.indicator.arturn_days,arturn_days,1992,not_provided_by_source,218,90,128
financial.indicator.arturn_days,arturn_days,1993,not_provided_by_source,592,356,236
financial.indicator.arturn_days,arturn_days,1994,not_provided_by_source,949,766,183
financial.indicator.arturn_days,arturn_days,1995,not_provided_by_source,1096,968,128
financial.indicator.arturn_days,arturn_days,1996,not_provided_by_source,1378,982,396
financial.indicator.arturn_days,arturn_days,1997,not_provided_by_source,1755,1012,743
financial.indicator.arturn_days,arturn_days,1998,not_provided_by_source,1794,1764,30
financial.indicator.arturn_days,arturn_days,1999,not_provided_by_source,1996,1870,126
financial.indicator.arturn_days,arturn_days,2000,not_provided_by_source,2042,1978,64
financial.indicator.arturn_days,arturn_days,2001,not_provided_by_source,2439,1759,680
financial.indicator.arturn_days,arturn_days,2002,not_provided_by_source,4116,4010,106
financial.indicator.arturn_days,arturn_days,2003,not_provided_by_source,4414,4168,246
financial.indicator.arturn_days,arturn_days,2004,not_provided_by_source,4808,4540,268
financial.indicator.arturn_days,arturn_days,2005,not_provided_by_source,5130,4704,426
financial.indicator.arturn_days,arturn_days,2006,not_provided_by_source,6042,5328,714
financial.indicator.arturn_days,arturn_days,2007,not_provided_by_source,7275,6562,713
financial.indicator.arturn_days,arturn_days,2008,not_provided_by_source,8085,7466,619
financial.indicator.arturn_days,arturn_days,2009,not_provided_by_source,9808,8328,1480
financial.indicator.arturn_days,arturn_days,2010,not_provided_by_source,10706,10076,630
financial.indicator.arturn_days,arturn_days,2011,not_provided_by_source,12606,12127,479
financial.indicator.arturn_days,arturn_days,2012,not_provided_by_source,13723,13244,479
financial.indicator.arturn_days,arturn_days,2013,not_provided_by_source,14280,13839,441
financial.indicator.arturn_days,arturn_days,2014,not_provided_by_source,15143,14655,488
financial.indicator.arturn_days,arturn_days,2015,not_provided_by_source,16225,15687,538
financial.indicator.arturn_days,arturn_days,2016,not_provided_by_source,17928,17349,579
financial.indicator.arturn_days,arturn_days,2017,not_provided_by_source,18710,18062,648
financial.indicator.arturn_days,arturn_days,2018,not_provided_by_source,19035,18236,799
financial.indicator.arturn_days,arturn_days,2019,not_provided_by_source,19749,18657,1092
financial.indicator.arturn_days,arturn_days,2020,not_provided_by_source,21007,19826,1181
financial.indicator.arturn_days,arturn_days,2021,not_provided_by_source,21479,20763,716
financial.indicator.arturn_days,arturn_days,2022,not_provided_by_source,21544,21087,457
financial.indicator.arturn_days,arturn_days,2023,not_provided_by_source,14469,14226,243
financial.indicator.arturn_days,arturn_days,2024,not_provided_by_source,12034,11809,225
financial.indicator.arturn_days,arturn_days,2025,not_provided_by_source,12859,12664,195
financial.indicator.arturn_days,arturn_days,2026,not_provided_by_source,7907,7806,101
financial.indicator.assets_to_eqt,assets_to_eqt,1990,not_provided_by_source,98,30,68
financial.indicator.assets_to_eqt,assets_to_eqt,1991,not_provided_by_source,144,64,80
financial.indicator.assets_to_eqt,assets_to_eqt,1992,not_provided_by_source,218,156,62
financial.indicator.assets_to_eqt,assets_to_eqt,1993,not_provided_by_source,592,514,78
financial.indicator.assets_to_eqt,assets_to_eqt,1994,not_provided_by_source,949,935,14
financial.indicator.assets_to_eqt,assets_to_eqt,1995,not_provided_by_source,1096,1092,4
financial.indicator.assets_to_eqt,assets_to_eqt,1996,not_provided_by_source,1378,1372,6
financial.indicator.assets_to_eqt,assets_to_eqt,1997,not_provided_by_source,1755,1713,42
financial.indicator.assets_to_eqt,assets_to_eqt,1998,not_provided_by_source,1794,1786,8
financial.indicator.assets_to_eqt,assets_to_eqt,1999,not_provided_by_source,1996,1910,86
financial.indicator.assets_to_eqt,assets_to_eqt,2000,not_provided_by_source,2042,1992,50
financial.indicator.assets_to_eqt,assets_to_eqt,2001,not_provided_by_source,2439,2163,276
financial.indicator.assets_to_eqt,assets_to_eqt,2002,not_provided_by_source,4116,4000,116
financial.indicator.assets_to_eqt,assets_to_eqt,2003,not_provided_by_source,4414,3928,486
financial.indicator.assets_to_eqt,assets_to_eqt,2004,not_provided_by_source,4808,4422,386
financial.indicator.assets_to_eqt,assets_to_eqt,2005,not_provided_by_source,5130,4596,534
financial.indicator.assets_to_eqt,assets_to_eqt,2006,not_provided_by_source,6042,5158,884
financial.indicator.assets_to_eqt,assets_to_eqt,2007,not_provided_by_source,7275,6410,865
financial.indicator.assets_to_eqt,assets_to_eqt,2008,not_provided_by_source,8085,7432,653
financial.indicator.assets_to_eqt,assets_to_eqt,2009,not_provided_by_source,9808,8368,1440
financial.indicator.assets_to_eqt,assets_to_eqt,2010,not_provided_by_source,10706,10162,544
financial.indicator.assets_to_eqt,assets_to_eqt,2011,not_provided_by_source,12606,12255,351
financial.indicator.assets_to_eqt,assets_to_eqt,2012,not_provided_by_source,13723,13348,375
financial.indicator.assets_to_eqt,assets_to_eqt,2013,not_provided_by_source,14280,13974,306
financial.indicator.assets_to_eqt,assets_to_eqt,2014,not_provided_by_source,15143,14773,370
financial.indicator.assets_to_eqt,assets_to_eqt,2015,not_provided_by_source,16225,15784,441
financial.indicator.assets_to_eqt,assets_to_eqt,2016,not_provided_by_source,17928,16823,1105
financial.indicator.assets_to_eqt,assets_to_eqt,2017,not_provided_by_source,18710,18228,482
financial.indicator.assets_to_eqt,assets_to_eqt,2018,not_provided_by_source,19035,18562,473
financial.indicator.assets_to_eqt,assets_to_eqt,2019,not_provided_by_source,19749,18891,858
financial.indicator.assets_to_eqt,assets_to_eqt,2020,not_provided_by_source,21007,19822,1185
financial.indicator.assets_to_eqt,assets_to_eqt,2021,not_provided_by_source,21479,20723,756
financial.indicator.assets_to_eqt,assets_to_eqt,2022,not_provided_by_source,21544,21048,496
financial.indicator.assets_to_eqt,assets_to_eqt,2023,not_provided_by_source,14469,14164,305
financial.indicator.assets_to_eqt,assets_to_eqt,2024,not_provided_by_source,12034,11743,291
financial.indicator.assets_to_eqt,assets_to_eqt,2025,not_provided_by_source,12859,12557,302
financial.indicator.assets_to_eqt,assets_to_eqt,2026,not_provided_by_source,7907,7746,161
financial.indicator.assets_turn,assets_turn,1990,not_provided_by_source,98,12,86
financial.indicator.assets_turn,assets_turn,1991,not_provided_by_source,144,60,84
financial.indicator.assets_turn,assets_turn,1992,not_provided_by_source,218,100,118
financial.indicator.assets_turn,assets_turn,1993,not_provided_by_source,592,424,168
financial.indicator.assets_turn,assets_turn,1994,not_provided_by_source,949,880,69
financial.indicator.assets_turn,assets_turn,1995,not_provided_by_source,1096,1056,40
financial.indicator.assets_turn,assets_turn,1996,not_provided_by_source,1378,1368,10
financial.indicator.assets_turn,assets_turn,1997,not_provided_by_source,1755,1637,118
financial.indicator.assets_turn,assets_turn,1998,not_provided_by_source,1794,1792,2
financial.indicator.assets_turn,assets_turn,1999,not_provided_by_source,1996,1894,102
financial.indicator.assets_turn,assets_turn,2000,not_provided_by_source,2042,2002,40
financial.indicator.assets_turn,assets_turn,2001,not_provided_by_source,2439,2207,232
financial.indicator.assets_turn,assets_turn,2002,not_provided_by_source,4116,4064,52
financial.indicator.assets_turn,assets_turn,2003,not_provided_by_source,4414,4064,350
financial.indicator.assets_turn,assets_turn,2004,not_provided_by_source,4808,4534,274
financial.indicator.assets_turn,assets_turn,2005,not_provided_by_source,5130,4838,292
financial.indicator.assets_turn,assets_turn,2006,not_provided_by_source,6042,5524,518
financial.indicator.assets_turn,assets_turn,2007,not_provided_by_source,7275,6748,527
financial.indicator.assets_turn,assets_turn,2008,not_provided_by_source,8085,7709,376
financial.indicator.assets_turn,assets_turn,2009,not_provided_by_source,9808,8596,1212
financial.indicator.assets_turn,assets_turn,2010,not_provided_by_source,10706,10362,344
financial.indicator.assets_turn,assets_turn,2011,not_provided_by_source,12606,12429,177
financial.indicator.assets_turn,assets_turn,2012,not_provided_by_source,13723,13546,177
financial.indicator.assets_turn,assets_turn,2013,not_provided_by_source,14280,14124,156
financial.indicator.assets_turn,assets_turn,2014,not_provided_by_source,15143,14933,210
financial.indicator.assets_turn,assets_turn,2015,not_provided_by_source,16225,16017,208
financial.indicator.assets_turn,assets_turn,2016,not_provided_by_source,17928,17657,271
financial.indicator.assets_turn,assets_turn,2017,not_provided_by_source,18710,18396,314
financial.indicator.assets_turn,assets_turn,2018,not_provided_by_source,19035,18692,343
financial.indicator.assets_turn,assets_turn,2019,not_provided_by_source,19749,19125,624
financial.indicator.assets_turn,assets_turn,2020,not_provided_by_source,21007,20120,887
financial.indicator.assets_turn,assets_turn,2021,not_provided_by_source,21479,21042,437
financial.indicator.assets_turn,assets_turn,2022,not_provided_by_source,21544,21384,160
financial.indicator.assets_turn,assets_turn,2023,not_provided_by_source,14469,14454,15
financial.indicator.assets_turn,assets_turn,2024,not_provided_by_source,12034,11985,49
financial.indicator.assets_turn,assets_turn,2025,not_provided_by_source,12859,12829,30
financial.indicator.assets_turn,assets_turn,2026,not_provided_by_source,7907,7891,16
financial.indicator.assets_ytd_growth,assets_ytd_growth,1990,not_provided_by_source,98,6,92
financial.indicator.assets_ytd_growth,assets_ytd_growth,1991,not_provided_by_source,144,60,84
financial.indicator.assets_ytd_growth,assets_ytd_growth,1992,not_provided_by_source,218,106,112
financial.indicator.assets_ytd_growth,assets_ytd_growth,1993,not_provided_by_source,592,230,362
financial.indicator.assets_ytd_growth,assets_ytd_growth,1994,not_provided_by_source,949,718,231
financial.indicator.assets_ytd_growth,assets_ytd_growth,1995,not_provided_by_source,1096,980,116
financial.indicator.assets_ytd_growth,assets_ytd_growth,1996,not_provided_by_source,1378,1280,98
financial.indicator.assets_ytd_growth,assets_ytd_growth,1997,not_provided_by_source,1755,1631,124
financial.indicator.assets_ytd_growth,assets_ytd_growth,1998,not_provided_by_source,1794,1792,2
financial.indicator.assets_ytd_growth,assets_ytd_growth,1999,not_provided_by_source,1996,1924,72
financial.indicator.assets_ytd_growth,assets_ytd_growth,2000,not_provided_by_source,2042,2012,30
financial.indicator.assets_ytd_growth,assets_ytd_growth,2001,not_provided_by_source,2439,2151,288
financial.indicator.assets_ytd_growth,assets_ytd_growth,2002,not_provided_by_source,4116,4088,28
financial.indicator.assets_ytd_growth,assets_ytd_growth,2003,not_provided_by_source,4414,4098,316
financial.indicator.assets_ytd_growth,assets_ytd_growth,2004,not_provided_by_source,4808,4418,390
financial.indicator.assets_ytd_growth,assets_ytd_growth,2005,not_provided_by_source,5130,4782,348
financial.indicator.assets_ytd_growth,assets_ytd_growth,2006,not_provided_by_source,6042,5184,858
financial.indicator.assets_ytd_growth,assets_ytd_growth,2007,not_provided_by_source,7275,6178,1097
financial.indicator.assets_ytd_growth,assets_ytd_growth,2008,not_provided_by_source,8085,7320,765
financial.indicator.assets_ytd_growth,assets_ytd_growth,2009,not_provided_by_source,9808,8463,1345
financial.indicator.assets_ytd_growth,assets_ytd_growth,2010,not_provided_by_source,10706,10447,259
financial.indicator.assets_ytd_growth,assets_ytd_growth,2011,not_provided_by_source,12606,11939,667
financial.indicator.assets_ytd_growth,assets_ytd_growth,2012,not_provided_by_source,13723,13296,427
financial.indicator.assets_ytd_growth,assets_ytd_growth,2013,not_provided_by_source,14280,13850,430
financial.indicator.assets_ytd_growth,assets_ytd_growth,2014,not_provided_by_source,15143,14755,388
financial.indicator.assets_ytd_growth,assets_ytd_growth,2015,not_provided_by_source,16225,15883,342
financial.indicator.assets_ytd_growth,assets_ytd_growth,2016,not_provided_by_source,17928,16782,1146
financial.indicator.assets_ytd_growth,assets_ytd_growth,2017,not_provided_by_source,18710,18088,622
financial.indicator.assets_ytd_growth,assets_ytd_growth,2018,not_provided_by_source,19035,18642,393
financial.indicator.assets_ytd_growth,assets_ytd_growth,2019,not_provided_by_source,19749,19133,616
financial.indicator.assets_ytd_growth,assets_ytd_growth,2020,not_provided_by_source,21007,20136,871
financial.indicator.assets_ytd_growth,assets_ytd_growth,2021,not_provided_by_source,21479,21052,427
financial.indicator.assets_ytd_growth,assets_ytd_growth,2022,not_provided_by_source,21544,21389,155
financial.indicator.assets_ytd_growth,assets_ytd_growth,2023,not_provided_by_source,14469,14459,10
financial.indicator.assets_ytd_growth,assets_ytd_growth,2024,not_provided_by_source,12034,11993,41
financial.indicator.assets_ytd_growth,assets_ytd_growth,2025,not_provided_by_source,12859,12835,24
financial.indicator.assets_ytd_growth,assets_ytd_growth,2026,not_provided_by_source,7907,7897,10
financial.indicator.basic_eps_yoy,basic_eps_yoy,1990,not_provided_by_source,98,0,98
financial.indicator.basic_eps_yoy,basic_eps_yoy,1991,not_provided_by_source,144,0,144
financial.indicator.basic_eps_yoy,basic_eps_yoy,1992,not_provided_by_source,218,0,218
financial.indicator.basic_eps_yoy,basic_eps_yoy,1993,not_provided_by_source,592,0,592
financial.indicator.basic_eps_yoy,basic_eps_yoy,1994,not_provided_by_source,949,52,897
financial.indicator.basic_eps_yoy,basic_eps_yoy,1995,not_provided_by_source,1096,18,1078
financial.indicator.basic_eps_yoy,basic_eps_yoy,1996,not_provided_by_source,1378,6,1372
financial.indicator.basic_eps_yoy,basic_eps_yoy,1997,not_provided_by_source,1755,8,1747
financial.indicator.basic_eps_yoy,basic_eps_yoy,1998,not_provided_by_source,1794,302,1492
financial.indicator.basic_eps_yoy,basic_eps_yoy,1999,not_provided_by_source,1996,545,1451
financial.indicator.basic_eps_yoy,basic_eps_yoy,2000,not_provided_by_source,2042,661,1381
financial.indicator.basic_eps_yoy,basic_eps_yoy,2001,not_provided_by_source,2439,953,1486
financial.indicator.basic_eps_yoy,basic_eps_yoy,2002,not_provided_by_source,4116,1620,2496
financial.indicator.basic_eps_yoy,basic_eps_yoy,2003,not_provided_by_source,4414,1462,2952
financial.indicator.basic_eps_yoy,basic_eps_yoy,2004,not_provided_by_source,4808,1738,3070
financial.indicator.basic_eps_yoy,basic_eps_yoy,2005,not_provided_by_source,5130,2468,2662
financial.indicator.basic_eps_yoy,basic_eps_yoy,2006,not_provided_by_source,6042,2698,3344
financial.indicator.basic_eps_yoy,basic_eps_yoy,2007,not_provided_by_source,7275,5832,1443
financial.indicator.basic_eps_yoy,basic_eps_yoy,2008,not_provided_by_source,8085,7072,1013
financial.indicator.basic_eps_yoy,basic_eps_yoy,2009,not_provided_by_source,9808,7820,1988
financial.indicator.basic_eps_yoy,basic_eps_yoy,2010,not_provided_by_source,10706,9680,1026
financial.indicator.basic_eps_yoy,basic_eps_yoy,2011,not_provided_by_source,12606,11341,1265
financial.indicator.basic_eps_yoy,basic_eps_yoy,2012,not_provided_by_source,13723,12764,959
financial.indicator.basic_eps_yoy,basic_eps_yoy,2013,not_provided_by_source,14280,13328,952
financial.indicator.basic_eps_yoy,basic_eps_yoy,2014,not_provided_by_source,15143,13994,1149
financial.indicator.basic_eps_yoy,basic_eps_yoy,2015,not_provided_by_source,16225,15065,1160
financial.indicator.basic_eps_yoy,basic_eps_yoy,2016,not_provided_by_source,17928,16142,1786
financial.indicator.basic_eps_yoy,basic_eps_yoy,2017,not_provided_by_source,18710,17585,1125
financial.indicator.basic_eps_yoy,basic_eps_yoy,2018,not_provided_by_source,19035,18272,763
financial.indicator.basic_eps_yoy,basic_eps_yoy,2019,not_provided_by_source,19749,18710,1039
financial.indicator.basic_eps_yoy,basic_eps_yoy,2020,not_provided_by_source,21007,19471,1536
financial.indicator.basic_eps_yoy,basic_eps_yoy,2021,not_provided_by_source,21479,20865,614
financial.indicator.basic_eps_yoy,basic_eps_yoy,2022,not_provided_by_source,21544,21309,235
financial.indicator.basic_eps_yoy,basic_eps_yoy,2023,not_provided_by_source,14469,14396,73
financial.indicator.basic_eps_yoy,basic_eps_yoy,2024,not_provided_by_source,12034,11962,72
financial.indicator.basic_eps_yoy,basic_eps_yoy,2025,not_provided_by_source,12859,12807,52
financial.indicator.basic_eps_yoy,basic_eps_yoy,2026,not_provided_by_source,7907,7886,21
financial.indicator.bps,bps,1990,not_provided_by_source,98,2,96
financial.indicator.bps,bps,1991,not_provided_by_source,144,16,128
financial.indicator.bps,bps,1992,not_provided_by_source,218,10,208
financial.indicator.bps,bps,1993,not_provided_by_source,592,270,322
financial.indicator.bps,bps,1994,not_provided_by_source,949,641,308
financial.indicator.bps,bps,1995,not_provided_by_source,1096,750,346
financial.indicator.bps,bps,1996,not_provided_by_source,1378,988,390
financial.indicator.bps,bps,1997,not_provided_by_source,1755,1431,324
financial.indicator.bps,bps,1998,not_provided_by_source,1794,1634,160
financial.indicator.bps,bps,1999,not_provided_by_source,1996,1820,176
financial.indicator.bps,bps,2000,not_provided_by_source,2042,1996,46
financial.indicator.bps,bps,2001,not_provided_by_source,2439,2175,264
financial.indicator.bps,bps,2002,not_provided_by_source,4116,4090,26
financial.indicator.bps,bps,2003,not_provided_by_source,4414,4184,230
financial.indicator.bps,bps,2004,not_provided_by_source,4808,4570,238
financial.indicator.bps,bps,2005,not_provided_by_source,5130,4910,220
financial.indicator.bps,bps,2006,not_provided_by_source,6042,5566,476
financial.indicator.bps,bps,2007,not_provided_by_source,7275,6802,473
financial.indicator.bps,bps,2008,not_provided_by_source,8085,7764,321
financial.indicator.bps,bps,2009,not_provided_by_source,9808,8662,1146
financial.indicator.bps,bps,2010,not_provided_by_source,10706,10440,266
financial.indicator.bps,bps,2011,not_provided_by_source,12606,12501,105
financial.indicator.bps,bps,2012,not_provided_by_source,13723,13574,149
financial.indicator.bps,bps,2013,not_provided_by_source,14280,14084,196
financial.indicator.bps,bps,2014,not_provided_by_source,15143,14869,274
financial.indicator.bps,bps,2015,not_provided_by_source,16225,15836,389
financial.indicator.bps,bps,2016,not_provided_by_source,17928,16885,1043
financial.indicator.bps,bps,2017,not_provided_by_source,18710,18271,439
financial.indicator.bps,bps,2018,not_provided_by_source,19035,18712,323
financial.indicator.bps,bps,2019,not_provided_by_source,19749,19150,599
financial.indicator.bps,bps,2020,not_provided_by_source,21007,20140,867
financial.indicator.bps,bps,2021,not_provided_by_source,21479,21054,425
financial.indicator.bps,bps,2022,not_provided_by_source,21544,21385,159
financial.indicator.bps,bps,2023,not_provided_by_source,14469,14427,42
financial.indicator.bps,bps,2024,not_provided_by_source,12034,11983,51
financial.indicator.bps,bps,2025,not_provided_by_source,12859,12832,27
financial.indicator.bps,bps,2026,not_provided_by_source,7907,7899,8
financial.indicator.bps_ytd_growth,bps_ytd_growth,1990,not_provided_by_source,98,2,96
financial.indicator.bps_ytd_growth,bps_ytd_growth,1991,not_provided_by_source,144,0,144
financial.indicator.bps_ytd_growth,bps_ytd_growth,1992,not_provided_by_source,218,8,210
financial.indicator.bps_ytd_growth,bps_ytd_growth,1993,not_provided_by_source,592,9,583
financial.indicator.bps_ytd_growth,bps_ytd_growth,1994,not_provided_by_source,949,445,504
financial.indicator.bps_ytd_growth,bps_ytd_growth,1995,not_provided_by_source,1096,672,424
financial.indicator.bps_ytd_growth,bps_ytd_growth,1996,not_provided_by_source,1378,838,540
financial.indicator.bps_ytd_growth,bps_ytd_growth,1997,not_provided_by_source,1755,1181,574
financial.indicator.bps_ytd_growth,bps_ytd_growth,1998,not_provided_by_source,1794,1500,294
financial.indicator.bps_ytd_growth,bps_ytd_growth,1999,not_provided_by_source,1996,1692,304
financial.indicator.bps_ytd_growth,bps_ytd_growth,2000,not_provided_by_source,2042,1876,166
financial.indicator.bps_ytd_growth,bps_ytd_growth,2001,not_provided_by_source,2439,2097,342
financial.indicator.bps_ytd_growth,bps_ytd_growth,2002,not_provided_by_source,4116,4054,62
financial.indicator.bps_ytd_growth,bps_ytd_growth,2003,not_provided_by_source,4414,4076,338
financial.indicator.bps_ytd_growth,bps_ytd_growth,2004,not_provided_by_source,4808,4334,474
financial.indicator.bps_ytd_growth,bps_ytd_growth,2005,not_provided_by_source,5130,4678,452
financial.indicator.bps_ytd_growth,bps_ytd_growth,2006,not_provided_by_source,6042,5104,938
financial.indicator.bps_ytd_growth,bps_ytd_growth,2007,not_provided_by_source,7275,6172,1103
financial.indicator.bps_ytd_growth,bps_ytd_growth,2008,not_provided_by_source,8085,7310,775
financial.indicator.bps_ytd_growth,bps_ytd_growth,2009,not_provided_by_source,9808,8446,1362
financial.indicator.bps_ytd_growth,bps_ytd_growth,2010,not_provided_by_source,10706,10428,278
financial.indicator.bps_ytd_growth,bps_ytd_growth,2011,not_provided_by_source,12606,11903,703
financial.indicator.bps_ytd_growth,bps_ytd_growth,2012,not_provided_by_source,13723,13222,501
financial.indicator.bps_ytd_growth,bps_ytd_growth,2013,not_provided_by_source,14280,13706,574
financial.indicator.bps_ytd_growth,bps_ytd_growth,2014,not_provided_by_source,15143,14653,490
financial.indicator.bps_ytd_growth,bps_ytd_growth,2015,not_provided_by_source,16225,15746,479
financial.indicator.bps_ytd_growth,bps_ytd_growth,2016,not_provided_by_source,17928,16707,1221
financial.indicator.bps_ytd_growth,bps_ytd_growth,2017,not_provided_by_source,18710,18011,699
financial.indicator.bps_ytd_growth,bps_ytd_growth,2018,not_provided_by_source,19035,18611,424
financial.indicator.bps_ytd_growth,bps_ytd_growth,2019,not_provided_by_source,19749,19113,636
financial.indicator.bps_ytd_growth,bps_ytd_growth,2020,not_provided_by_source,21007,20131,876
financial.indicator.bps_ytd_growth,bps_ytd_growth,2021,not_provided_by_source,21479,21052,427
financial.indicator.bps_ytd_growth,bps_ytd_growth,2022,not_provided_by_source,21544,21380,164
financial.indicator.bps_ytd_growth,bps_ytd_growth,2023,not_provided_by_source,14469,14427,42
financial.indicator.bps_ytd_growth,bps_ytd_growth,2024,not_provided_by_source,12034,11983,51
financial.indicator.bps_ytd_growth,bps_ytd_growth,2025,not_provided_by_source,12859,12832,27
financial.indicator.bps_ytd_growth,bps_ytd_growth,2026,not_provided_by_source,7907,7897,10
financial.indicator.ca_to_assets,ca_to_assets,1990,not_provided_by_source,98,52,46
financial.indicator.ca_to_assets,ca_to_assets,1991,not_provided_by_source,144,104,40
financial.indicator.ca_to_assets,ca_to_assets,1992,not_provided_by_source,218,194,24
financial.indicator.ca_to_assets,ca_to_assets,1993,not_provided_by_source,592,528,64
financial.indicator.ca_to_assets,ca_to_assets,1994,not_provided_by_source,949,939,10
financial.indicator.ca_to_assets,ca_to_assets,1995,not_provided_by_source,1096,1086,10
financial.indicator.ca_to_assets,ca_to_assets,1996,not_provided_by_source,1378,1366,12
financial.indicator.ca_to_assets,ca_to_assets,1997,not_provided_by_source,1755,1705,50
financial.indicator.ca_to_assets,ca_to_assets,1998,not_provided_by_source,1794,1786,8
financial.indicator.ca_to_assets,ca_to_assets,1999,not_provided_by_source,1996,1920,76
financial.indicator.ca_to_assets,ca_to_assets,2000,not_provided_by_source,2042,2006,36
financial.indicator.ca_to_assets,ca_to_assets,2001,not_provided_by_source,2439,2221,218
financial.indicator.ca_to_assets,ca_to_assets,2002,not_provided_by_source,4116,4098,18
financial.indicator.ca_to_assets,ca_to_assets,2003,not_provided_by_source,4414,4040,374
financial.indicator.ca_to_assets,ca_to_assets,2004,not_provided_by_source,4808,4590,218
financial.indicator.ca_to_assets,ca_to_assets,2005,not_provided_by_source,5130,4854,276
financial.indicator.ca_to_assets,ca_to_assets,2006,not_provided_by_source,6042,5450,592
financial.indicator.ca_to_assets,ca_to_assets,2007,not_provided_by_source,7275,6744,531
financial.indicator.ca_to_assets,ca_to_assets,2008,not_provided_by_source,8085,7676,409
financial.indicator.ca_to_assets,ca_to_assets,2009,not_provided_by_source,9808,8558,1250
financial.indicator.ca_to_assets,ca_to_assets,2010,not_provided_by_source,10706,10330,376
financial.indicator.ca_to_assets,ca_to_assets,2011,not_provided_by_source,12606,12383,223
financial.indicator.ca_to_assets,ca_to_assets,2012,not_provided_by_source,13723,13452,271
financial.indicator.ca_to_assets,ca_to_assets,2013,not_provided_by_source,14280,13994,286
financial.indicator.ca_to_assets,ca_to_assets,2014,not_provided_by_source,15143,14759,384
financial.indicator.ca_to_assets,ca_to_assets,2015,not_provided_by_source,16225,15763,462
financial.indicator.ca_to_assets,ca_to_assets,2016,not_provided_by_source,17928,16739,1189
financial.indicator.ca_to_assets,ca_to_assets,2017,not_provided_by_source,18710,18119,591
financial.indicator.ca_to_assets,ca_to_assets,2018,not_provided_by_source,19035,18524,511
financial.indicator.ca_to_assets,ca_to_assets,2019,not_provided_by_source,19749,18934,815
financial.indicator.ca_to_assets,ca_to_assets,2020,not_provided_by_source,21007,19926,1081
financial.indicator.ca_to_assets,ca_to_assets,2021,not_provided_by_source,21479,20842,637
financial.indicator.ca_to_assets,ca_to_assets,2022,not_provided_by_source,21544,21172,372
financial.indicator.ca_to_assets,ca_to_assets,2023,not_provided_by_source,14469,14286,183
financial.indicator.ca_to_assets,ca_to_assets,2024,not_provided_by_source,12034,11867,167
financial.indicator.ca_to_assets,ca_to_assets,2025,not_provided_by_source,12859,12716,143
financial.indicator.ca_to_assets,ca_to_assets,2026,not_provided_by_source,7907,7829,78
financial.indicator.ca_turn,ca_turn,1990,not_provided_by_source,98,2,96
financial.indicator.ca_turn,ca_turn,1991,not_provided_by_source,144,52,92
financial.indicator.ca_turn,ca_turn,1992,not_provided_by_source,218,102,116
financial.indicator.ca_turn,ca_turn,1993,not_provided_by_source,592,226,366
financial.indicator.ca_turn,ca_turn,1994,not_provided_by_source,949,710,239
financial.indicator.ca_turn,ca_turn,1995,not_provided_by_source,1096,968,128
financial.indicator.ca_turn,ca_turn,1996,not_provided_by_source,1378,1272,106
financial.indicator.ca_turn,ca_turn,1997,not_provided_by_source,1755,1623,132
financial.indicator.ca_turn,ca_turn,1998,not_provided_by_source,1794,1784,10
financial.indicator.ca_turn,ca_turn,1999,not_provided_by_source,1996,1914,82
financial.indicator.ca_turn,ca_turn,2000,not_provided_by_source,2042,1994,48
financial.indicator.ca_turn,ca_turn,2001,not_provided_by_source,2439,2125,314
financial.indicator.ca_turn,ca_turn,2002,not_provided_by_source,4116,4050,66
financial.indicator.ca_turn,ca_turn,2003,not_provided_by_source,4414,3862,552
financial.indicator.ca_turn,ca_turn,2004,not_provided_by_source,4808,4474,334
financial.indicator.ca_turn,ca_turn,2005,not_provided_by_source,5130,4736,394
financial.indicator.ca_turn,ca_turn,2006,not_provided_by_source,6042,5396,646
financial.indicator.ca_turn,ca_turn,2007,not_provided_by_source,7275,6696,579
financial.indicator.ca_turn,ca_turn,2008,not_provided_by_source,8085,7637,448
financial.indicator.ca_turn,ca_turn,2009,not_provided_by_source,9808,8510,1298
financial.indicator.ca_turn,ca_turn,2010,not_provided_by_source,10706,10264,442
financial.indicator.ca_turn,ca_turn,2011,not_provided_by_source,12606,12321,285
financial.indicator.ca_turn,ca_turn,2012,not_provided_by_source,13723,13416,307
financial.indicator.ca_turn,ca_turn,2013,not_provided_by_source,14280,13975,305
financial.indicator.ca_turn,ca_turn,2014,not_provided_by_source,15143,14791,352
financial.indicator.ca_turn,ca_turn,2015,not_provided_by_source,16225,15862,363
financial.indicator.ca_turn,ca_turn,2016,not_provided_by_source,17928,17477,451
financial.indicator.ca_turn,ca_turn,2017,not_provided_by_source,18710,18181,529
financial.indicator.ca_turn,ca_turn,2018,not_provided_by_source,19035,18482,553
financial.indicator.ca_turn,ca_turn,2019,not_provided_by_source,19749,18898,851
financial.indicator.ca_turn,ca_turn,2020,not_provided_by_source,21007,19904,1103
financial.indicator.ca_turn,ca_turn,2021,not_provided_by_source,21479,20830,649
financial.indicator.ca_turn,ca_turn,2022,not_provided_by_source,21544,21162,382
financial.indicator.ca_turn,ca_turn,2023,not_provided_by_source,14469,14282,187
financial.indicator.ca_turn,ca_turn,2024,not_provided_by_source,12034,11859,175
financial.indicator.ca_turn,ca_turn,2025,not_provided_by_source,12859,12710,149
financial.indicator.ca_turn,ca_turn,2026,not_provided_by_source,7907,7822,85
financial.indicator.capital_rese_ps,capital_rese_ps,1990,not_provided_by_source,98,4,94
financial.indicator.capital_rese_ps,capital_rese_ps,1991,not_provided_by_source,144,12,132
financial.indicator.capital_rese_ps,capital_rese_ps,1992,not_provided_by_source,218,114,104
financial.indicator.capital_rese_ps,capital_rese_ps,1993,not_provided_by_source,592,332,260
financial.indicator.capital_rese_ps,capital_rese_ps,1994,not_provided_by_source,949,509,440
financial.indicator.capital_rese_ps,capital_rese_ps,1995,not_provided_by_source,1096,664,432
financial.indicator.capital_rese_ps,capital_rese_ps,1996,not_provided_by_source,1378,1120,258
financial.indicator.capital_rese_ps,capital_rese_ps,1997,not_provided_by_source,1755,1549,206
financial.indicator.capital_rese_ps,capital_rese_ps,1998,not_provided_by_source,1794,1728,66
financial.indicator.capital_rese_ps,capital_rese_ps,1999,not_provided_by_source,1996,1908,88
financial.indicator.capital_rese_ps,capital_rese_ps,2000,not_provided_by_source,2042,2006,36
financial.indicator.capital_rese_ps,capital_rese_ps,2001,not_provided_by_source,2439,2143,296
financial.indicator.capital_rese_ps,capital_rese_ps,2002,not_provided_by_source,4116,3736,380
financial.indicator.capital_rese_ps,capital_rese_ps,2003,not_provided_by_source,4414,4008,406
financial.indicator.capital_rese_ps,capital_rese_ps,2004,not_provided_by_source,4808,4530,278
financial.indicator.capital_rese_ps,capital_rese_ps,2005,not_provided_by_source,5130,4754,376
financial.indicator.capital_rese_ps,capital_rese_ps,2006,not_provided_by_source,6042,5320,722
financial.indicator.capital_rese_ps,capital_rese_ps,2007,not_provided_by_source,7275,6574,701
financial.indicator.capital_rese_ps,capital_rese_ps,2008,not_provided_by_source,8085,7544,541
financial.indicator.capital_rese_ps,capital_rese_ps,2009,not_provided_by_source,9808,8496,1312
financial.indicator.capital_rese_ps,capital_rese_ps,2010,not_provided_by_source,10706,10356,350
financial.indicator.capital_rese_ps,capital_rese_ps,2011,not_provided_by_source,12606,12407,199
financial.indicator.capital_rese_ps,capital_rese_ps,2012,not_provided_by_source,13723,13465,258
financial.indicator.capital_rese_ps,capital_rese_ps,2013,not_provided_by_source,14280,13900,380
financial.indicator.capital_rese_ps,capital_rese_ps,2014,not_provided_by_source,15143,14678,465
financial.indicator.capital_rese_ps,capital_rese_ps,2015,not_provided_by_source,16225,15704,521
financial.indicator.capital_rese_ps,capital_rese_ps,2016,not_provided_by_source,17928,16749,1179
financial.indicator.capital_rese_ps,capital_rese_ps,2017,not_provided_by_source,18710,18183,527
financial.indicator.capital_rese_ps,capital_rese_ps,2018,not_provided_by_source,19035,18632,403
financial.indicator.capital_rese_ps,capital_rese_ps,2019,not_provided_by_source,19749,19057,692
financial.indicator.capital_rese_ps,capital_rese_ps,2020,not_provided_by_source,21007,20061,946
financial.indicator.capital_rese_ps,capital_rese_ps,2021,not_provided_by_source,21479,20976,503
financial.indicator.capital_rese_ps,capital_rese_ps,2022,not_provided_by_source,21544,21323,221
financial.indicator.capital_rese_ps,capital_rese_ps,2023,not_provided_by_source,14469,14395,74
financial.indicator.capital_rese_ps,capital_rese_ps,2024,not_provided_by_source,12034,11954,80
financial.indicator.capital_rese_ps,capital_rese_ps,2025,not_provided_by_source,12859,12808,51
financial.indicator.capital_rese_ps,capital_rese_ps,2026,not_provided_by_source,7907,7885,22
financial.indicator.capitalized_to_da,capitalized_to_da,1990,not_provided_by_source,98,0,98
financial.indicator.capitalized_to_da,capitalized_to_da,1991,not_provided_by_source,144,0,144
financial.indicator.capitalized_to_da,capitalized_to_da,1992,not_provided_by_source,218,0,218
financial.indicator.capitalized_to_da,capitalized_to_da,1993,not_provided_by_source,592,0,592
financial.indicator.capitalized_to_da,capitalized_to_da,1994,not_provided_by_source,949,0,949
financial.indicator.capitalized_to_da,capitalized_to_da,1995,not_provided_by_source,1096,0,1096
financial.indicator.capitalized_to_da,capitalized_to_da,1996,not_provided_by_source,1378,2,1376
financial.indicator.capitalized_to_da,capitalized_to_da,1997,not_provided_by_source,1755,4,1751
financial.indicator.capitalized_to_da,capitalized_to_da,1998,not_provided_by_source,1794,1077,717
financial.indicator.capitalized_to_da,capitalized_to_da,1999,not_provided_by_source,1996,1228,768
financial.indicator.capitalized_to_da,capitalized_to_da,2000,not_provided_by_source,2042,1960,82
financial.indicator.capitalized_to_da,capitalized_to_da,2001,not_provided_by_source,2439,1959,480
financial.indicator.capitalized_to_da,capitalized_to_da,2002,not_provided_by_source,4116,2034,2082
financial.indicator.capitalized_to_da,capitalized_to_da,2003,not_provided_by_source,4414,3939,475
financial.indicator.capitalized_to_da,capitalized_to_da,2004,not_provided_by_source,4808,4404,404
financial.indicator.capitalized_to_da,capitalized_to_da,2005,not_provided_by_source,5130,4586,544
financial.indicator.capitalized_to_da,capitalized_to_da,2006,not_provided_by_source,6042,2818,3224
financial.indicator.capitalized_to_da,capitalized_to_da,2007,not_provided_by_source,7275,3918,3357
financial.indicator.capitalized_to_da,capitalized_to_da,2008,not_provided_by_source,8085,4394,3691
financial.indicator.capitalized_to_da,capitalized_to_da,2009,not_provided_by_source,9808,5096,4712
financial.indicator.capitalized_to_da,capitalized_to_da,2010,not_provided_by_source,10706,5618,5088
financial.indicator.capitalized_to_da,capitalized_to_da,2011,not_provided_by_source,12606,6337,6269
financial.indicator.capitalized_to_da,capitalized_to_da,2012,not_provided_by_source,13723,6924,6799
financial.indicator.capitalized_to_da,capitalized_to_da,2013,not_provided_by_source,14280,7510,6770
financial.indicator.capitalized_to_da,capitalized_to_da,2014,not_provided_by_source,15143,8212,6931
financial.indicator.capitalized_to_da,capitalized_to_da,2015,not_provided_by_source,16225,8754,7471
financial.indicator.capitalized_to_da,capitalized_to_da,2016,not_provided_by_source,17928,9447,8481
financial.indicator.capitalized_to_da,capitalized_to_da,2017,not_provided_by_source,18710,9970,8740
financial.indicator.capitalized_to_da,capitalized_to_da,2018,not_provided_by_source,19035,10021,9014
financial.indicator.capitalized_to_da,capitalized_to_da,2019,not_provided_by_source,19749,10246,9503
financial.indicator.capitalized_to_da,capitalized_to_da,2020,not_provided_by_source,21007,10802,10205
financial.indicator.capitalized_to_da,capitalized_to_da,2021,not_provided_by_source,21479,10815,10664
financial.indicator.capitalized_to_da,capitalized_to_da,2022,not_provided_by_source,21544,10722,10822
financial.indicator.capitalized_to_da,capitalized_to_da,2023,not_provided_by_source,14469,6129,8340
financial.indicator.capitalized_to_da,capitalized_to_da,2024,not_provided_by_source,12034,5781,6253
financial.indicator.capitalized_to_da,capitalized_to_da,2025,not_provided_by_source,12859,5890,6969
financial.indicator.capitalized_to_da,capitalized_to_da,2026,not_provided_by_source,7907,4748,3159
financial.indicator.cash_ratio,cash_ratio,1990,not_provided_by_source,98,16,82
financial.indicator.cash_ratio,cash_ratio,1991,not_provided_by_source,144,50,94
financial.indicator.cash_ratio,cash_ratio,1992,not_provided_by_source,218,136,82
financial.indicator.cash_ratio,cash_ratio,1993,not_provided_by_source,592,358,234
financial.indicator.cash_ratio,cash_ratio,1994,not_provided_by_source,949,585,364
financial.indicator.cash_ratio,cash_ratio,1995,not_provided_by_source,1096,772,324
financial.indicator.cash_ratio,cash_ratio,1996,not_provided_by_source,1378,966,412
financial.indicator.cash_ratio,cash_ratio,1997,not_provided_by_source,1755,1059,696
financial.indicator.cash_ratio,cash_ratio,1998,not_provided_by_source,1794,1786,8
financial.indicator.cash_ratio,cash_ratio,1999,not_provided_by_source,1996,1920,76
financial.indicator.cash_ratio,cash_ratio,2000,not_provided_by_source,2042,2006,36
financial.indicator.cash_ratio,cash_ratio,2001,not_provided_by_source,2439,2161,278
financial.indicator.cash_ratio,cash_ratio,2002,not_provided_by_source,4116,3822,294
financial.indicator.cash_ratio,cash_ratio,2003,not_provided_by_source,4414,4034,380
financial.indicator.cash_ratio,cash_ratio,2004,not_provided_by_source,4808,4582,226
financial.indicator.cash_ratio,cash_ratio,2005,not_provided_by_source,5130,4844,286
financial.indicator.cash_ratio,cash_ratio,2006,not_provided_by_source,6042,5446,596
financial.indicator.cash_ratio,cash_ratio,2007,not_provided_by_source,7275,6734,541
financial.indicator.cash_ratio,cash_ratio,2008,not_provided_by_source,8085,7670,415
financial.indicator.cash_ratio,cash_ratio,2009,not_provided_by_source,9808,8554,1254
financial.indicator.cash_ratio,cash_ratio,2010,not_provided_by_source,10706,10324,382
financial.indicator.cash_ratio,cash_ratio,2011,not_provided_by_source,12606,12371,235
financial.indicator.cash_ratio,cash_ratio,2012,not_provided_by_source,13723,13438,285
financial.indicator.cash_ratio,cash_ratio,2013,not_provided_by_source,14280,13974,306
financial.indicator.cash_ratio,cash_ratio,2014,not_provided_by_source,15143,14737,406
financial.indicator.cash_ratio,cash_ratio,2015,not_provided_by_source,16225,15705,520
financial.indicator.cash_ratio,cash_ratio,2016,not_provided_by_source,17928,16723,1205
financial.indicator.cash_ratio,cash_ratio,2017,not_provided_by_source,18710,18093,617
financial.indicator.cash_ratio,cash_ratio,2018,not_provided_by_source,19035,18512,523
financial.indicator.cash_ratio,cash_ratio,2019,not_provided_by_source,19749,18932,817
financial.indicator.cash_ratio,cash_ratio,2020,not_provided_by_source,21007,19926,1081
financial.indicator.cash_ratio,cash_ratio,2021,not_provided_by_source,21479,20842,637
financial.indicator.cash_ratio,cash_ratio,2022,not_provided_by_source,21544,21169,375
financial.indicator.cash_ratio,cash_ratio,2023,not_provided_by_source,14469,14285,184
financial.indicator.cash_ratio,cash_ratio,2024,not_provided_by_source,12034,11867,167
financial.indicator.cash_ratio,cash_ratio,2025,not_provided_by_source,12859,12716,143
financial.indicator.cash_ratio,cash_ratio,2026,not_provided_by_source,7907,7829,78
financial.indicator.cash_to_liqdebt,cash_to_liqdebt,1990,not_provided_by_source,98,16,82
financial.indicator.cash_to_liqdebt,cash_to_liqdebt,1991,not_provided_by_source,144,50,94
financial.indicator.cash_to_liqdebt,cash_to_liqdebt,1992,not_provided_by_source,218,136,82
financial.indicator.cash_to_liqdebt,cash_to_liqdebt,1993,not_provided_by_source,592,358,234
financial.indicator.cash_to_liqdebt,cash_to_liqdebt,1994,not_provided_by_source,949,583,366
financial.indicator.cash_to_liqdebt,cash_to_liqdebt,1995,not_provided_by_source,1096,772,324
financial.indicator.cash_to_liqdebt,cash_to_liqdebt,1996,not_provided_by_source,1378,966,412
financial.indicator.cash_to_liqdebt,cash_to_liqdebt,1997,not_provided_by_source,1755,1057,698
financial.indicator.cash_to_liqdebt,cash_to_liqdebt,1998,not_provided_by_source,1794,1786,8
financial.indicator.cash_to_liqdebt,cash_to_liqdebt,1999,not_provided_by_source,1996,1920,76
financial.indicator.cash_to_liqdebt,cash_to_liqdebt,2000,not_provided_by_source,2042,2006,36
financial.indicator.cash_to_liqdebt,cash_to_liqdebt,2001,not_provided_by_source,2439,2161,278
financial.indicator.cash_to_liqdebt,cash_to_liqdebt,2002,not_provided_by_source,4116,3784,332
financial.indicator.cash_to_liqdebt,cash_to_liqdebt,2003,not_provided_by_source,4414,4034,380
financial.indicator.cash_to_liqdebt,cash_to_liqdebt,2004,not_provided_by_source,4808,4582,226
financial.indicator.cash_to_liqdebt,cash_to_liqdebt,2005,not_provided_by_source,5130,4844,286
financial.indicator.cash_to_liqdebt,cash_to_liqdebt,2006,not_provided_by_source,6042,5446,596
financial.indicator.cash_to_liqdebt,cash_to_liqdebt,2007,not_provided_by_source,7275,6734,541
financial.indicator.cash_to_liqdebt,cash_to_liqdebt,2008,not_provided_by_source,8085,7670,415
financial.indicator.cash_to_liqdebt,cash_to_liqdebt,2009,not_provided_by_source,9808,8554,1254
financial.indicator.cash_to_liqdebt,cash_to_liqdebt,2010,not_provided_by_source,10706,10316,390
financial.indicator.cash_to_liqdebt,cash_to_liqdebt,2011,not_provided_by_source,12606,12363,243
financial.indicator.cash_to_liqdebt,cash_to_liqdebt,2012,not_provided_by_source,13723,13434,289
financial.indicator.cash_to_liqdebt,cash_to_liqdebt,2013,not_provided_by_source,14280,13958,322
financial.indicator.cash_to_liqdebt,cash_to_liqdebt,2014,not_provided_by_source,15143,14729,414
financial.indicator.cash_to_liqdebt,cash_to_liqdebt,2015,not_provided_by_source,16225,15693,532
financial.indicator.cash_to_liqdebt,cash_to_liqdebt,2016,not_provided_by_source,17928,16721,1207
financial.indicator.cash_to_liqdebt,cash_to_liqdebt,2017,not_provided_by_source,18710,18087,623
financial.indicator.cash_to_liqdebt,cash_to_liqdebt,2018,not_provided_by_source,19035,18512,523
financial.indicator.cash_to_liqdebt,cash_to_liqdebt,2019,not_provided_by_source,19749,18932,817
financial.indicator.cash_to_liqdebt,cash_to_liqdebt,2020,not_provided_by_source,21007,19926,1081
financial.indicator.cash_to_liqdebt,cash_to_liqdebt,2021,not_provided_by_source,21479,20840,639
financial.indicator.cash_to_liqdebt,cash_to_liqdebt,2022,not_provided_by_source,21544,21169,375
financial.indicator.cash_to_liqdebt,cash_to_liqdebt,2023,not_provided_by_source,14469,14283,186
financial.indicator.cash_to_liqdebt,cash_to_liqdebt,2024,not_provided_by_source,12034,11866,168
financial.indicator.cash_to_liqdebt,cash_to_liqdebt,2025,not_provided_by_source,12859,12716,143
financial.indicator.cash_to_liqdebt,cash_to_liqdebt,2026,not_provided_by_source,7907,7829,78
financial.indicator.cash_to_liqdebt_withinterest,cash_to_liqdebt_withinterest,1990,not_provided_by_source,98,16,82
financial.indicator.cash_to_liqdebt_withinterest,cash_to_liqdebt_withinterest,1991,not_provided_by_source,144,50,94
financial.indicator.cash_to_liqdebt_withinterest,cash_to_liqdebt_withinterest,1992,not_provided_by_source,218,134,84
financial.indicator.cash_to_liqdebt_withinterest,cash_to_liqdebt_withinterest,1993,not_provided_by_source,592,358,234
financial.indicator.cash_to_liqdebt_withinterest,cash_to_liqdebt_withinterest,1994,not_provided_by_source,949,583,366
financial.indicator.cash_to_liqdebt_withinterest,cash_to_liqdebt_withinterest,1995,not_provided_by_source,1096,770,326
financial.indicator.cash_to_liqdebt_withinterest,cash_to_liqdebt_withinterest,1996,not_provided_by_source,1378,966,412
financial.indicator.cash_to_liqdebt_withinterest,cash_to_liqdebt_withinterest,1997,not_provided_by_source,1755,1057,698
financial.indicator.cash_to_liqdebt_withinterest,cash_to_liqdebt_withinterest,1998,not_provided_by_source,1794,1786,8
financial.indicator.cash_to_liqdebt_withinterest,cash_to_liqdebt_withinterest,1999,not_provided_by_source,1996,1920,76
financial.indicator.cash_to_liqdebt_withinterest,cash_to_liqdebt_withinterest,2000,not_provided_by_source,2042,2006,36
financial.indicator.cash_to_liqdebt_withinterest,cash_to_liqdebt_withinterest,2001,not_provided_by_source,2439,2161,278
financial.indicator.cash_to_liqdebt_withinterest,cash_to_liqdebt_withinterest,2002,not_provided_by_source,4116,3784,332
financial.indicator.cash_to_liqdebt_withinterest,cash_to_liqdebt_withinterest,2003,not_provided_by_source,4414,4034,380
financial.indicator.cash_to_liqdebt_withinterest,cash_to_liqdebt_withinterest,2004,not_provided_by_source,4808,4566,242
financial.indicator.cash_to_liqdebt_withinterest,cash_to_liqdebt_withinterest,2005,not_provided_by_source,5130,4794,336
financial.indicator.cash_to_liqdebt_withinterest,cash_to_liqdebt_withinterest,2006,not_provided_by_source,6042,4926,1116
financial.indicator.cash_to_liqdebt_withinterest,cash_to_liqdebt_withinterest,2007,not_provided_by_source,7275,6022,1253
financial.indicator.cash_to_liqdebt_withinterest,cash_to_liqdebt_withinterest,2008,not_provided_by_source,8085,6738,1347
financial.indicator.cash_to_liqdebt_withinterest,cash_to_liqdebt_withinterest,2009,not_provided_by_source,9808,7256,2552
financial.indicator.cash_to_liqdebt_withinterest,cash_to_liqdebt_withinterest,2010,not_provided_by_source,10706,8040,2666
financial.indicator.cash_to_liqdebt_withinterest,cash_to_liqdebt_withinterest,2011,not_provided_by_source,12606,9231,3375
financial.indicator.cash_to_liqdebt_withinterest,cash_to_liqdebt_withinterest,2012,not_provided_by_source,13723,9998,3725
financial.indicator.cash_to_liqdebt_withinterest,cash_to_liqdebt_withinterest,2013,not_provided_by_source,14280,10607,3673
financial.indicator.cash_to_liqdebt_withinterest,cash_to_liqdebt_withinterest,2014,not_provided_by_source,15143,11696,3447
financial.indicator.cash_to_liqdebt_withinterest,cash_to_liqdebt_withinterest,2015,not_provided_by_source,16225,12676,3549
financial.indicator.cash_to_liqdebt_withinterest,cash_to_liqdebt_withinterest,2016,not_provided_by_source,17928,13499,4429
financial.indicator.cash_to_liqdebt_withinterest,cash_to_liqdebt_withinterest,2017,not_provided_by_source,18710,14509,4201
financial.indicator.cash_to_liqdebt_withinterest,cash_to_liqdebt_withinterest,2018,not_provided_by_source,19035,15243,3792
financial.indicator.cash_to_liqdebt_withinterest,cash_to_liqdebt_withinterest,2019,not_provided_by_source,19749,15775,3974
financial.indicator.cash_to_liqdebt_withinterest,cash_to_liqdebt_withinterest,2020,not_provided_by_source,21007,16783,4224
financial.indicator.cash_to_liqdebt_withinterest,cash_to_liqdebt_withinterest,2021,not_provided_by_source,21479,18434,3045
financial.indicator.cash_to_liqdebt_withinterest,cash_to_liqdebt_withinterest,2022,not_provided_by_source,21544,20236,1308
financial.indicator.cash_to_liqdebt_withinterest,cash_to_liqdebt_withinterest,2023,not_provided_by_source,14469,13784,685
financial.indicator.cash_to_liqdebt_withinterest,cash_to_liqdebt_withinterest,2024,not_provided_by_source,12034,11494,540
financial.indicator.cash_to_liqdebt_withinterest,cash_to_liqdebt_withinterest,2025,not_provided_by_source,12859,12335,524
financial.indicator.cash_to_liqdebt_withinterest,cash_to_liqdebt_withinterest,2026,not_provided_by_source,7907,7629,278
financial.indicator.cfps,cfps,1990,not_provided_by_source,98,0,98
financial.indicator.cfps,cfps,1991,not_provided_by_source,144,0,144
financial.indicator.cfps,cfps,1992,not_provided_by_source,218,0,218
financial.indicator.cfps,cfps,1993,not_provided_by_source,592,0,592
financial.indicator.cfps,cfps,1994,not_provided_by_source,949,0,949
financial.indicator.cfps,cfps,1995,not_provided_by_source,1096,0,1096
financial.indicator.cfps,cfps,1996,not_provided_by_source,1378,2,1376
financial.indicator.cfps,cfps,1997,not_provided_by_source,1755,6,1749
financial.indicator.cfps,cfps,1998,not_provided_by_source,1794,1129,665
financial.indicator.cfps,cfps,1999,not_provided_by_source,1996,1270,726
financial.indicator.cfps,cfps,2000,not_provided_by_source,2042,2004,38
financial.indicator.cfps,cfps,2001,not_provided_by_source,2439,2013,426
financial.indicator.cfps,cfps,2002,not_provided_by_source,4116,2082,2034
financial.indicator.cfps,cfps,2003,not_provided_by_source,4414,4012,402
financial.indicator.cfps,cfps,2004,not_provided_by_source,4808,4588,220
financial.indicator.cfps,cfps,2005,not_provided_by_source,5130,4848,282
financial.indicator.cfps,cfps,2006,not_provided_by_source,6042,5560,482
financial.indicator.cfps,cfps,2007,not_provided_by_source,7275,6788,487
financial.indicator.cfps,cfps,2008,not_provided_by_source,8085,7746,339
financial.indicator.cfps,cfps,2009,not_provided_by_source,9808,8636,1172
financial.indicator.cfps,cfps,2010,not_provided_by_source,10706,10428,278
financial.indicator.cfps,cfps,2011,not_provided_by_source,12606,12475,131
financial.indicator.cfps,cfps,2012,not_provided_by_source,13723,13552,171
financial.indicator.cfps,cfps,2013,not_provided_by_source,14280,14070,210
financial.indicator.cfps,cfps,2014,not_provided_by_source,15143,14865,278
financial.indicator.cfps,cfps,2015,not_provided_by_source,16225,15826,399
financial.indicator.cfps,cfps,2016,not_provided_by_source,17928,16875,1053
financial.indicator.cfps,cfps,2017,not_provided_by_source,18710,18261,449
financial.indicator.cfps,cfps,2018,not_provided_by_source,19035,18700,335
financial.indicator.cfps,cfps,2019,not_provided_by_source,19749,19140,609
financial.indicator.cfps,cfps,2020,not_provided_by_source,21007,20132,875
financial.indicator.cfps,cfps,2021,not_provided_by_source,21479,21053,426
financial.indicator.cfps,cfps,2022,not_provided_by_source,21544,21379,165
financial.indicator.cfps,cfps,2023,not_provided_by_source,14469,14423,46
financial.indicator.cfps,cfps,2024,not_provided_by_source,12034,11983,51
financial.indicator.cfps,cfps,2025,not_provided_by_source,12859,12835,24
financial.indicator.cfps,cfps,2026,not_provided_by_source,7907,7896,11
financial.indicator.cogs_of_sales,cogs_of_sales,1990,not_provided_by_source,98,56,42
financial.indicator.cogs_of_sales,cogs_of_sales,1991,not_provided_by_source,144,94,50
financial.indicator.cogs_of_sales,cogs_of_sales,1992,not_provided_by_source,218,176,42
financial.indicator.cogs_of_sales,cogs_of_sales,1993,not_provided_by_source,592,468,124
financial.indicator.cogs_of_sales,cogs_of_sales,1994,not_provided_by_source,949,680,269
financial.indicator.cogs_of_sales,cogs_of_sales,1995,not_provided_by_source,1096,824,272
financial.indicator.cogs_of_sales,cogs_of_sales,1996,not_provided_by_source,1378,1016,362
financial.indicator.cogs_of_sales,cogs_of_sales,1997,not_provided_by_source,1755,1103,652
financial.indicator.cogs_of_sales,cogs_of_sales,1998,not_provided_by_source,1794,1784,10
financial.indicator.cogs_of_sales,cogs_of_sales,1999,not_provided_by_source,1996,1982,14
financial.indicator.cogs_of_sales,cogs_of_sales,2000,not_provided_by_source,2042,2022,20
financial.indicator.cogs_of_sales,cogs_of_sales,2001,not_provided_by_source,2439,2347,92
financial.indicator.cogs_of_sales,cogs_of_sales,2002,not_provided_by_source,4116,3716,400
financial.indicator.cogs_of_sales,cogs_of_sales,2003,not_provided_by_source,4414,4339,75
financial.indicator.cogs_of_sales,cogs_of_sales,2004,not_provided_by_source,4808,4693,115
financial.indicator.cogs_of_sales,cogs_of_sales,2005,not_provided_by_source,5130,4984,146
financial.indicator.cogs_of_sales,cogs_of_sales,2006,not_provided_by_source,6042,5895,147
financial.indicator.cogs_of_sales,cogs_of_sales,2007,not_provided_by_source,7275,7086,189
financial.indicator.cogs_of_sales,cogs_of_sales,2008,not_provided_by_source,8085,7856,229
financial.indicator.cogs_of_sales,cogs_of_sales,2009,not_provided_by_source,9808,9554,254
financial.indicator.cogs_of_sales,cogs_of_sales,2010,not_provided_by_source,10706,10418,288
financial.indicator.cogs_of_sales,cogs_of_sales,2011,not_provided_by_source,12606,12319,287
financial.indicator.cogs_of_sales,cogs_of_sales,2012,not_provided_by_source,13723,13374,349
financial.indicator.cogs_of_sales,cogs_of_sales,2013,not_provided_by_source,14280,13964,316
financial.indicator.cogs_of_sales,cogs_of_sales,2014,not_provided_by_source,15143,14874,269
financial.indicator.cogs_of_sales,cogs_of_sales,2015,not_provided_by_source,16225,15962,263
financial.indicator.cogs_of_sales,cogs_of_sales,2016,not_provided_by_source,17928,17661,267
financial.indicator.cogs_of_sales,cogs_of_sales,2017,not_provided_by_source,18710,18453,257
financial.indicator.cogs_of_sales,cogs_of_sales,2018,not_provided_by_source,19035,18744,291
financial.indicator.cogs_of_sales,cogs_of_sales,2019,not_provided_by_source,19749,19444,305
financial.indicator.cogs_of_sales,cogs_of_sales,2020,not_provided_by_source,21007,20722,285
financial.indicator.cogs_of_sales,cogs_of_sales,2021,not_provided_by_source,21479,21203,276
financial.indicator.cogs_of_sales,cogs_of_sales,2022,not_provided_by_source,21544,21248,296
financial.indicator.cogs_of_sales,cogs_of_sales,2023,not_provided_by_source,14469,14267,202
financial.indicator.cogs_of_sales,cogs_of_sales,2024,not_provided_by_source,12034,11876,158
financial.indicator.cogs_of_sales,cogs_of_sales,2025,not_provided_by_source,12859,12714,145
financial.indicator.cogs_of_sales,cogs_of_sales,2026,not_provided_by_source,7907,7823,84
financial.indicator.current_exint,current_exint,1990,not_provided_by_source,98,20,78
financial.indicator.current_exint,current_exint,1991,not_provided_by_source,144,50,94
financial.indicator.current_exint,current_exint,1992,not_provided_by_source,218,138,80
financial.indicator.current_exint,current_exint,1993,not_provided_by_source,592,354,238
financial.indicator.current_exint,current_exint,1994,not_provided_by_source,949,567,382
financial.indicator.current_exint,current_exint,1995,not_provided_by_source,1096,768,328
financial.indicator.current_exint,current_exint,1996,not_provided_by_source,1378,956,422
financial.indicator.current_exint,current_exint,1997,not_provided_by_source,1755,1061,694
financial.indicator.current_exint,current_exint,1998,not_provided_by_source,1794,1784,10
financial.indicator.current_exint,current_exint,1999,not_provided_by_source,1996,1920,76
financial.indicator.current_exint,current_exint,2000,not_provided_by_source,2042,2006,36
financial.indicator.current_exint,current_exint,2001,not_provided_by_source,2439,2159,280
financial.indicator.current_exint,current_exint,2002,not_provided_by_source,4116,3750,366
financial.indicator.current_exint,current_exint,2003,not_provided_by_source,4414,4034,380
financial.indicator.current_exint,current_exint,2004,not_provided_by_source,4808,4586,222
financial.indicator.current_exint,current_exint,2005,not_provided_by_source,5130,4844,286
financial.indicator.current_exint,current_exint,2006,not_provided_by_source,6042,5446,596
financial.indicator.current_exint,current_exint,2007,not_provided_by_source,7275,6730,545
financial.indicator.current_exint,current_exint,2008,not_provided_by_source,8085,7670,415
financial.indicator.current_exint,current_exint,2009,not_provided_by_source,9808,8556,1252
financial.indicator.current_exint,current_exint,2010,not_provided_by_source,10706,10330,376
financial.indicator.current_exint,current_exint,2011,not_provided_by_source,12606,12379,227
financial.indicator.current_exint,current_exint,2012,not_provided_by_source,13723,13440,283
financial.indicator.current_exint,current_exint,2013,not_provided_by_source,14280,13984,296
financial.indicator.current_exint,current_exint,2014,not_provided_by_source,15143,14753,390
financial.indicator.current_exint,current_exint,2015,not_provided_by_source,16225,15707,518
financial.indicator.current_exint,current_exint,2016,not_provided_by_source,17928,16723,1205
financial.indicator.current_exint,current_exint,2017,not_provided_by_source,18710,18091,619
financial.indicator.current_exint,current_exint,2018,not_provided_by_source,19035,18512,523
financial.indicator.current_exint,current_exint,2019,not_provided_by_source,19749,18932,817
financial.indicator.current_exint,current_exint,2020,not_provided_by_source,21007,19926,1081
financial.indicator.current_exint,current_exint,2021,not_provided_by_source,21479,20842,637
financial.indicator.current_exint,current_exint,2022,not_provided_by_source,21544,21169,375
financial.indicator.current_exint,current_exint,2023,not_provided_by_source,14469,14286,183
financial.indicator.current_exint,current_exint,2024,not_provided_by_source,12034,11867,167
financial.indicator.current_exint,current_exint,2025,not_provided_by_source,12859,12718,141
financial.indicator.current_exint,current_exint,2026,not_provided_by_source,7907,7829,78
financial.indicator.current_ratio,current_ratio,1990,not_provided_by_source,98,54,44
financial.indicator.current_ratio,current_ratio,1991,not_provided_by_source,144,104,40
financial.indicator.current_ratio,current_ratio,1992,not_provided_by_source,218,194,24
financial.indicator.current_ratio,current_ratio,1993,not_provided_by_source,592,530,62
financial.indicator.current_ratio,current_ratio,1994,not_provided_by_source,949,939,10
financial.indicator.current_ratio,current_ratio,1995,not_provided_by_source,1096,1086,10
financial.indicator.current_ratio,current_ratio,1996,not_provided_by_source,1378,1364,14
financial.indicator.current_ratio,current_ratio,1997,not_provided_by_source,1755,1703,52
financial.indicator.current_ratio,current_ratio,1998,not_provided_by_source,1794,1786,8
financial.indicator.current_ratio,current_ratio,1999,not_provided_by_source,1996,1920,76
financial.indicator.current_ratio,current_ratio,2000,not_provided_by_source,2042,2006,36
financial.indicator.current_ratio,current_ratio,2001,not_provided_by_source,2439,2221,218
financial.indicator.current_ratio,current_ratio,2002,not_provided_by_source,4116,4098,18
financial.indicator.current_ratio,current_ratio,2003,not_provided_by_source,4414,4038,376
financial.indicator.current_ratio,current_ratio,2004,not_provided_by_source,4808,4590,218
financial.indicator.current_ratio,current_ratio,2005,not_provided_by_source,5130,4854,276
financial.indicator.current_ratio,current_ratio,2006,not_provided_by_source,6042,5452,590
financial.indicator.current_ratio,current_ratio,2007,not_provided_by_source,7275,6742,533
financial.indicator.current_ratio,current_ratio,2008,not_provided_by_source,8085,7674,411
financial.indicator.current_ratio,current_ratio,2009,not_provided_by_source,9808,8558,1250
financial.indicator.current_ratio,current_ratio,2010,not_provided_by_source,10706,10328,378
financial.indicator.current_ratio,current_ratio,2011,not_provided_by_source,12606,12381,225
financial.indicator.current_ratio,current_ratio,2012,not_provided_by_source,13723,13454,269
financial.indicator.current_ratio,current_ratio,2013,not_provided_by_source,14280,14000,280
financial.indicator.current_ratio,current_ratio,2014,not_provided_by_source,15143,14775,368
financial.indicator.current_ratio,current_ratio,2015,not_provided_by_source,16225,15791,434
financial.indicator.current_ratio,current_ratio,2016,not_provided_by_source,17928,16797,1131
financial.indicator.current_ratio,current_ratio,2017,not_provided_by_source,18710,18189,521
financial.indicator.current_ratio,current_ratio,2018,not_provided_by_source,19035,18586,449
financial.indicator.current_ratio,current_ratio,2019,not_provided_by_source,19749,18982,767
financial.indicator.current_ratio,current_ratio,2020,not_provided_by_source,21007,19974,1033
financial.indicator.current_ratio,current_ratio,2021,not_provided_by_source,21479,20894,585
financial.indicator.current_ratio,current_ratio,2022,not_provided_by_source,21544,21223,321
financial.indicator.current_ratio,current_ratio,2023,not_provided_by_source,14469,14311,158
financial.indicator.current_ratio,current_ratio,2024,not_provided_by_source,12034,11891,143
financial.indicator.current_ratio,current_ratio,2025,not_provided_by_source,12859,12739,120
financial.indicator.current_ratio,current_ratio,2026,not_provided_by_source,7907,7837,70
financial.indicator.currentdebt_to_debt,currentdebt_to_debt,1990,not_provided_by_source,98,26,72
financial.indicator.currentdebt_to_debt,currentdebt_to_debt,1991,not_provided_by_source,144,64,80
financial.indicator.currentdebt_to_debt,currentdebt_to_debt,1992,not_provided_by_source,218,158,60
financial.indicator.currentdebt_to_debt,currentdebt_to_debt,1993,not_provided_by_source,592,486,106
financial.indicator.currentdebt_to_debt,currentdebt_to_debt,1994,not_provided_by_source,949,919,30
financial.indicator.currentdebt_to_debt,currentdebt_to_debt,1995,not_provided_by_source,1096,1082,14
financial.indicator.currentdebt_to_debt,currentdebt_to_debt,1996,not_provided_by_source,1378,1362,16
financial.indicator.currentdebt_to_debt,currentdebt_to_debt,1997,not_provided_by_source,1755,1705,50
financial.indicator.currentdebt_to_debt,currentdebt_to_debt,1998,not_provided_by_source,1794,1786,8
financial.indicator.currentdebt_to_debt,currentdebt_to_debt,1999,not_provided_by_source,1996,1920,76
financial.indicator.currentdebt_to_debt,currentdebt_to_debt,2000,not_provided_by_source,2042,2006,36
financial.indicator.currentdebt_to_debt,currentdebt_to_debt,2001,not_provided_by_source,2439,2221,218
financial.indicator.currentdebt_to_debt,currentdebt_to_debt,2002,not_provided_by_source,4116,4098,18
financial.indicator.currentdebt_to_debt,currentdebt_to_debt,2003,not_provided_by_source,4414,4036,378
financial.indicator.currentdebt_to_debt,currentdebt_to_debt,2004,not_provided_by_source,4808,4590,218
financial.indicator.currentdebt_to_debt,currentdebt_to_debt,2005,not_provided_by_source,5130,4846,284
financial.indicator.currentdebt_to_debt,currentdebt_to_debt,2006,not_provided_by_source,6042,5448,594
financial.indicator.currentdebt_to_debt,currentdebt_to_debt,2007,not_provided_by_source,7275,6734,541
financial.indicator.currentdebt_to_debt,currentdebt_to_debt,2008,not_provided_by_source,8085,7672,413
financial.indicator.currentdebt_to_debt,currentdebt_to_debt,2009,not_provided_by_source,9808,8556,1252
financial.indicator.currentdebt_to_debt,currentdebt_to_debt,2010,not_provided_by_source,10706,10330,376
financial.indicator.currentdebt_to_debt,currentdebt_to_debt,2011,not_provided_by_source,12606,12379,227
financial.indicator.currentdebt_to_debt,currentdebt_to_debt,2012,not_provided_by_source,13723,13450,273
financial.indicator.currentdebt_to_debt,currentdebt_to_debt,2013,not_provided_by_source,14280,13986,294
financial.indicator.currentdebt_to_debt,currentdebt_to_debt,2014,not_provided_by_source,15143,14761,382
financial.indicator.currentdebt_to_debt,currentdebt_to_debt,2015,not_provided_by_source,16225,15763,462
financial.indicator.currentdebt_to_debt,currentdebt_to_debt,2016,not_provided_by_source,17928,16739,1189
financial.indicator.currentdebt_to_debt,currentdebt_to_debt,2017,not_provided_by_source,18710,18119,591
financial.indicator.currentdebt_to_debt,currentdebt_to_debt,2018,not_provided_by_source,19035,18524,511
financial.indicator.currentdebt_to_debt,currentdebt_to_debt,2019,not_provided_by_source,19749,18934,815
financial.indicator.currentdebt_to_debt,currentdebt_to_debt,2020,not_provided_by_source,21007,19926,1081
financial.indicator.currentdebt_to_debt,currentdebt_to_debt,2021,not_provided_by_source,21479,20842,637
financial.indicator.currentdebt_to_debt,currentdebt_to_debt,2022,not_provided_by_source,21544,21169,375
financial.indicator.currentdebt_to_debt,currentdebt_to_debt,2023,not_provided_by_source,14469,14285,184
financial.indicator.currentdebt_to_debt,currentdebt_to_debt,2024,not_provided_by_source,12034,11867,167
financial.indicator.currentdebt_to_debt,currentdebt_to_debt,2025,not_provided_by_source,12859,12716,143
financial.indicator.currentdebt_to_debt,currentdebt_to_debt,2026,not_provided_by_source,7907,7829,78
financial.indicator.daa,daa,1990,not_provided_by_source,98,0,98
financial.indicator.daa,daa,1991,not_provided_by_source,144,0,144
financial.indicator.daa,daa,1992,not_provided_by_source,218,0,218
financial.indicator.daa,daa,1993,not_provided_by_source,592,0,592
financial.indicator.daa,daa,1994,not_provided_by_source,949,0,949
financial.indicator.daa,daa,1995,not_provided_by_source,1096,0,1096
financial.indicator.daa,daa,1996,not_provided_by_source,1378,2,1376
financial.indicator.daa,daa,1997,not_provided_by_source,1755,6,1749
financial.indicator.daa,daa,1998,not_provided_by_source,1794,1099,695
financial.indicator.daa,daa,1999,not_provided_by_source,1996,1258,738
financial.indicator.daa,daa,2000,not_provided_by_source,2042,1988,54
financial.indicator.daa,daa,2001,not_provided_by_source,2439,1993,446
financial.indicator.daa,daa,2002,not_provided_by_source,4116,2064,2052
financial.indicator.daa,daa,2003,not_provided_by_source,4414,3985,429
financial.indicator.daa,daa,2004,not_provided_by_source,4808,4514,294
financial.indicator.daa,daa,2005,not_provided_by_source,5130,4744,386
financial.indicator.daa,daa,2006,not_provided_by_source,6042,2926,3116
financial.indicator.daa,daa,2007,not_provided_by_source,7275,4000,3275
financial.indicator.daa,daa,2008,not_provided_by_source,8085,4486,3599
financial.indicator.daa,daa,2009,not_provided_by_source,9808,5176,4632
financial.indicator.daa,daa,2010,not_provided_by_source,10706,5688,5018
financial.indicator.daa,daa,2011,not_provided_by_source,12606,6411,6195
financial.indicator.daa,daa,2012,not_provided_by_source,13723,6992,6731
financial.indicator.daa,daa,2013,not_provided_by_source,14280,7560,6720
financial.indicator.daa,daa,2014,not_provided_by_source,15143,8258,6885
financial.indicator.daa,daa,2015,not_provided_by_source,16225,8798,7427
financial.indicator.daa,daa,2016,not_provided_by_source,17928,9471,8457
financial.indicator.daa,daa,2017,not_provided_by_source,18710,9980,8730
financial.indicator.daa,daa,2018,not_provided_by_source,19035,10055,8980
financial.indicator.daa,daa,2019,not_provided_by_source,19749,10306,9443
financial.indicator.daa,daa,2020,not_provided_by_source,21007,10878,10129
financial.indicator.daa,daa,2021,not_provided_by_source,21479,10889,10590
financial.indicator.daa,daa,2022,not_provided_by_source,21544,10813,10731
financial.indicator.daa,daa,2023,not_provided_by_source,14469,6196,8273
financial.indicator.daa,daa,2024,not_provided_by_source,12034,5854,6180
financial.indicator.daa,daa,2025,not_provided_by_source,12859,5973,6886
financial.indicator.daa,daa,2026,not_provided_by_source,7907,4788,3119
financial.indicator.debt_to_assets,debt_to_assets,1990,not_provided_by_source,98,30,68
financial.indicator.debt_to_assets,debt_to_assets,1991,not_provided_by_source,144,66,78
financial.indicator.debt_to_assets,debt_to_assets,1992,not_provided_by_source,218,160,58
financial.indicator.debt_to_assets,debt_to_assets,1993,not_provided_by_source,592,516,76
financial.indicator.debt_to_assets,debt_to_assets,1994,not_provided_by_source,949,937,12
financial.indicator.debt_to_assets,debt_to_assets,1995,not_provided_by_source,1096,1092,4
financial.indicator.debt_to_assets,debt_to_assets,1996,not_provided_by_source,1378,1372,6
financial.indicator.debt_to_assets,debt_to_assets,1997,not_provided_by_source,1755,1713,42
financial.indicator.debt_to_assets,debt_to_assets,1998,not_provided_by_source,1794,1794,0
financial.indicator.debt_to_assets,debt_to_assets,1999,not_provided_by_source,1996,1928,68
financial.indicator.debt_to_assets,debt_to_assets,2000,not_provided_by_source,2042,2014,28
financial.indicator.debt_to_assets,debt_to_assets,2001,not_provided_by_source,2439,2229,210
financial.indicator.debt_to_assets,debt_to_assets,2002,not_provided_by_source,4116,4114,2
financial.indicator.debt_to_assets,debt_to_assets,2003,not_provided_by_source,4414,4052,362
financial.indicator.debt_to_assets,debt_to_assets,2004,not_provided_by_source,4808,4608,200
financial.indicator.debt_to_assets,debt_to_assets,2005,not_provided_by_source,5130,4868,262
financial.indicator.debt_to_assets,debt_to_assets,2006,not_provided_by_source,6042,5486,556
financial.indicator.debt_to_assets,debt_to_assets,2007,not_provided_by_source,7275,6794,481
financial.indicator.debt_to_assets,debt_to_assets,2008,not_provided_by_source,8085,7768,317
financial.indicator.debt_to_assets,debt_to_assets,2009,not_provided_by_source,9808,8660,1148
financial.indicator.debt_to_assets,debt_to_assets,2010,not_provided_by_source,10706,10442,264
financial.indicator.debt_to_assets,debt_to_assets,2011,not_provided_by_source,12606,12505,101
financial.indicator.debt_to_assets,debt_to_assets,2012,not_provided_by_source,13723,13588,135
financial.indicator.debt_to_assets,debt_to_assets,2013,not_provided_by_source,14280,14138,142
financial.indicator.debt_to_assets,debt_to_assets,2014,not_provided_by_source,15143,14901,242
financial.indicator.debt_to_assets,debt_to_assets,2015,not_provided_by_source,16225,15916,309
financial.indicator.debt_to_assets,debt_to_assets,2016,not_provided_by_source,17928,16917,1011
financial.indicator.debt_to_assets,debt_to_assets,2017,not_provided_by_source,18710,18329,381
financial.indicator.debt_to_assets,debt_to_assets,2018,not_provided_by_source,19035,18732,303
financial.indicator.debt_to_assets,debt_to_assets,2019,not_provided_by_source,19749,19156,593
financial.indicator.debt_to_assets,debt_to_assets,2020,not_provided_by_source,21007,20142,865
financial.indicator.debt_to_assets,debt_to_assets,2021,not_provided_by_source,21479,21054,425
financial.indicator.debt_to_assets,debt_to_assets,2022,not_provided_by_source,21544,21390,154
financial.indicator.debt_to_assets,debt_to_assets,2023,not_provided_by_source,14469,14450,19
financial.indicator.debt_to_assets,debt_to_assets,2024,not_provided_by_source,12034,11989,45
financial.indicator.debt_to_assets,debt_to_assets,2025,not_provided_by_source,12859,12834,25
financial.indicator.debt_to_assets,debt_to_assets,2026,not_provided_by_source,7907,7899,8
financial.indicator.debt_to_eqt,debt_to_eqt,1990,not_provided_by_source,98,28,70
financial.indicator.debt_to_eqt,debt_to_eqt,1991,not_provided_by_source,144,66,78
financial.indicator.debt_to_eqt,debt_to_eqt,1992,not_provided_by_source,218,158,60
financial.indicator.debt_to_eqt,debt_to_eqt,1993,not_provided_by_source,592,514,78
financial.indicator.debt_to_eqt,debt_to_eqt,1994,not_provided_by_source,949,933,16
financial.indicator.debt_to_eqt,debt_to_eqt,1995,not_provided_by_source,1096,1092,4
financial.indicator.debt_to_eqt,debt_to_eqt,1996,not_provided_by_source,1378,1370,8
financial.indicator.debt_to_eqt,debt_to_eqt,1997,not_provided_by_source,1755,1713,42
financial.indicator.debt_to_eqt,debt_to_eqt,1998,not_provided_by_source,1794,1786,8
financial.indicator.debt_to_eqt,debt_to_eqt,1999,not_provided_by_source,1996,1910,86
financial.indicator.debt_to_eqt,debt_to_eqt,2000,not_provided_by_source,2042,1990,52
financial.indicator.debt_to_eqt,debt_to_eqt,2001,not_provided_by_source,2439,2157,282
financial.indicator.debt_to_eqt,debt_to_eqt,2002,not_provided_by_source,4116,4000,116
financial.indicator.debt_to_eqt,debt_to_eqt,2003,not_provided_by_source,4414,3924,490
financial.indicator.debt_to_eqt,debt_to_eqt,2004,not_provided_by_source,4808,4418,390
financial.indicator.debt_to_eqt,debt_to_eqt,2005,not_provided_by_source,5130,4582,548
financial.indicator.debt_to_eqt,debt_to_eqt,2006,not_provided_by_source,6042,5140,902
financial.indicator.debt_to_eqt,debt_to_eqt,2007,not_provided_by_source,7275,6404,871
financial.indicator.debt_to_eqt,debt_to_eqt,2008,not_provided_by_source,8085,7424,661
financial.indicator.debt_to_eqt,debt_to_eqt,2009,not_provided_by_source,9808,8366,1442
financial.indicator.debt_to_eqt,debt_to_eqt,2010,not_provided_by_source,10706,10164,542
financial.indicator.debt_to_eqt,debt_to_eqt,2011,not_provided_by_source,12606,12263,343
financial.indicator.debt_to_eqt,debt_to_eqt,2012,not_provided_by_source,13723,13354,369
financial.indicator.debt_to_eqt,debt_to_eqt,2013,not_provided_by_source,14280,13972,308
financial.indicator.debt_to_eqt,debt_to_eqt,2014,not_provided_by_source,15143,14771,372
financial.indicator.debt_to_eqt,debt_to_eqt,2015,not_provided_by_source,16225,15786,439
financial.indicator.debt_to_eqt,debt_to_eqt,2016,not_provided_by_source,17928,16815,1113
financial.indicator.debt_to_eqt,debt_to_eqt,2017,not_provided_by_source,18710,18224,486
financial.indicator.debt_to_eqt,debt_to_eqt,2018,not_provided_by_source,19035,18562,473
financial.indicator.debt_to_eqt,debt_to_eqt,2019,not_provided_by_source,19749,18876,873
financial.indicator.debt_to_eqt,debt_to_eqt,2020,not_provided_by_source,21007,19816,1191
financial.indicator.debt_to_eqt,debt_to_eqt,2021,not_provided_by_source,21479,20709,770
financial.indicator.debt_to_eqt,debt_to_eqt,2022,not_provided_by_source,21544,21036,508
financial.indicator.debt_to_eqt,debt_to_eqt,2023,not_provided_by_source,14469,14144,325
financial.indicator.debt_to_eqt,debt_to_eqt,2024,not_provided_by_source,12034,11721,313
financial.indicator.debt_to_eqt,debt_to_eqt,2025,not_provided_by_source,12859,12528,331
financial.indicator.debt_to_eqt,debt_to_eqt,2026,not_provided_by_source,7907,7743,164
financial.indicator.diluted2_eps,diluted2_eps,1990,not_provided_by_source,98,2,96
financial.indicator.diluted2_eps,diluted2_eps,1991,not_provided_by_source,144,4,140
financial.indicator.diluted2_eps,diluted2_eps,1992,not_provided_by_source,218,8,210
financial.indicator.diluted2_eps,diluted2_eps,1993,not_provided_by_source,592,280,312
financial.indicator.diluted2_eps,diluted2_eps,1994,not_provided_by_source,949,777,172
financial.indicator.diluted2_eps,diluted2_eps,1995,not_provided_by_source,1096,954,142
financial.indicator.diluted2_eps,diluted2_eps,1996,not_provided_by_source,1378,1264,114
financial.indicator.diluted2_eps,diluted2_eps,1997,not_provided_by_source,1755,1653,102
financial.indicator.diluted2_eps,diluted2_eps,1998,not_provided_by_source,1794,1762,32
financial.indicator.diluted2_eps,diluted2_eps,1999,not_provided_by_source,1996,1904,92
financial.indicator.diluted2_eps,diluted2_eps,2000,not_provided_by_source,2042,2006,36
financial.indicator.diluted2_eps,diluted2_eps,2001,not_provided_by_source,2439,2177,262
financial.indicator.diluted2_eps,diluted2_eps,2002,not_provided_by_source,4116,4096,20
financial.indicator.diluted2_eps,diluted2_eps,2003,not_provided_by_source,4414,4244,170
financial.indicator.diluted2_eps,diluted2_eps,2004,not_provided_by_source,4808,4646,162
financial.indicator.diluted2_eps,diluted2_eps,2005,not_provided_by_source,5130,4940,190
financial.indicator.diluted2_eps,diluted2_eps,2006,not_provided_by_source,6042,5568,474
financial.indicator.diluted2_eps,diluted2_eps,2007,not_provided_by_source,7275,6804,471
financial.indicator.diluted2_eps,diluted2_eps,2008,not_provided_by_source,8085,7766,319
financial.indicator.diluted2_eps,diluted2_eps,2009,not_provided_by_source,9808,8662,1146
financial.indicator.diluted2_eps,diluted2_eps,2010,not_provided_by_source,10706,10440,266
financial.indicator.diluted2_eps,diluted2_eps,2011,not_provided_by_source,12606,12499,107
financial.indicator.diluted2_eps,diluted2_eps,2012,not_provided_by_source,13723,13570,153
financial.indicator.diluted2_eps,diluted2_eps,2013,not_provided_by_source,14280,14084,196
financial.indicator.diluted2_eps,diluted2_eps,2014,not_provided_by_source,15143,14865,278
financial.indicator.diluted2_eps,diluted2_eps,2015,not_provided_by_source,16225,15836,389
financial.indicator.diluted2_eps,diluted2_eps,2016,not_provided_by_source,17928,16885,1043
financial.indicator.diluted2_eps,diluted2_eps,2017,not_provided_by_source,18710,18271,439
financial.indicator.diluted2_eps,diluted2_eps,2018,not_provided_by_source,19035,18712,323
financial.indicator.diluted2_eps,diluted2_eps,2019,not_provided_by_source,19749,19150,599
financial.indicator.diluted2_eps,diluted2_eps,2020,not_provided_by_source,21007,20140,867
financial.indicator.diluted2_eps,diluted2_eps,2021,not_provided_by_source,21479,21055,424
financial.indicator.diluted2_eps,diluted2_eps,2022,not_provided_by_source,21544,21383,161
financial.indicator.diluted2_eps,diluted2_eps,2023,not_provided_by_source,14469,14425,44
financial.indicator.diluted2_eps,diluted2_eps,2024,not_provided_by_source,12034,11983,51
financial.indicator.diluted2_eps,diluted2_eps,2025,not_provided_by_source,12859,12835,24
financial.indicator.diluted2_eps,diluted2_eps,2026,not_provided_by_source,7907,7901,6
financial.indicator.dp_assets_to_eqt,dp_assets_to_eqt,1990,not_provided_by_source,98,6,92
financial.indicator.dp_assets_to_eqt,dp_assets_to_eqt,1991,not_provided_by_source,144,54,90
financial.indicator.dp_assets_to_eqt,dp_assets_to_eqt,1992,not_provided_by_source,218,104,114
financial.indicator.dp_assets_to_eqt,dp_assets_to_eqt,1993,not_provided_by_source,592,224,368
financial.indicator.dp_assets_to_eqt,dp_assets_to_eqt,1994,not_provided_by_source,949,714,235
financial.indicator.dp_assets_to_eqt,dp_assets_to_eqt,1995,not_provided_by_source,1096,978,118
financial.indicator.dp_assets_to_eqt,dp_assets_to_eqt,1996,not_provided_by_source,1378,1278,100
financial.indicator.dp_assets_to_eqt,dp_assets_to_eqt,1997,not_provided_by_source,1755,1631,124
financial.indicator.dp_assets_to_eqt,dp_assets_to_eqt,1998,not_provided_by_source,1794,1788,6
financial.indicator.dp_assets_to_eqt,dp_assets_to_eqt,1999,not_provided_by_source,1996,1910,86
financial.indicator.dp_assets_to_eqt,dp_assets_to_eqt,2000,not_provided_by_source,2042,1982,60
financial.indicator.dp_assets_to_eqt,dp_assets_to_eqt,2001,not_provided_by_source,2439,2081,358
financial.indicator.dp_assets_to_eqt,dp_assets_to_eqt,2002,not_provided_by_source,4116,3984,132
financial.indicator.dp_assets_to_eqt,dp_assets_to_eqt,2003,not_provided_by_source,4414,3958,456
financial.indicator.dp_assets_to_eqt,dp_assets_to_eqt,2004,not_provided_by_source,4808,4224,584
financial.indicator.dp_assets_to_eqt,dp_assets_to_eqt,2005,not_provided_by_source,5130,4488,642
financial.indicator.dp_assets_to_eqt,dp_assets_to_eqt,2006,not_provided_by_source,6042,4832,1210
financial.indicator.dp_assets_to_eqt,dp_assets_to_eqt,2007,not_provided_by_source,7275,5796,1479
financial.indicator.dp_assets_to_eqt,dp_assets_to_eqt,2008,not_provided_by_source,8085,6964,1121
financial.indicator.dp_assets_to_eqt,dp_assets_to_eqt,2009,not_provided_by_source,9808,8156,1652
financial.indicator.dp_assets_to_eqt,dp_assets_to_eqt,2010,not_provided_by_source,10706,10146,560
financial.indicator.dp_assets_to_eqt,dp_assets_to_eqt,2011,not_provided_by_source,12606,11653,953
financial.indicator.dp_assets_to_eqt,dp_assets_to_eqt,2012,not_provided_by_source,13723,13004,719
financial.indicator.dp_assets_to_eqt,dp_assets_to_eqt,2013,not_provided_by_source,14280,13619,661
financial.indicator.dp_assets_to_eqt,dp_assets_to_eqt,2014,not_provided_by_source,15143,14585,558
financial.indicator.dp_assets_to_eqt,dp_assets_to_eqt,2015,not_provided_by_source,16225,15682,543
financial.indicator.dp_assets_to_eqt,dp_assets_to_eqt,2016,not_provided_by_source,17928,16648,1280
financial.indicator.dp_assets_to_eqt,dp_assets_to_eqt,2017,not_provided_by_source,18710,17982,728
financial.indicator.dp_assets_to_eqt,dp_assets_to_eqt,2018,not_provided_by_source,19035,18478,557
financial.indicator.dp_assets_to_eqt,dp_assets_to_eqt,2019,not_provided_by_source,19749,18870,879
financial.indicator.dp_assets_to_eqt,dp_assets_to_eqt,2020,not_provided_by_source,21007,19819,1188
financial.indicator.dp_assets_to_eqt,dp_assets_to_eqt,2021,not_provided_by_source,21479,20713,766
financial.indicator.dp_assets_to_eqt,dp_assets_to_eqt,2022,not_provided_by_source,21544,21055,489
financial.indicator.dp_assets_to_eqt,dp_assets_to_eqt,2023,not_provided_by_source,14469,14163,306
financial.indicator.dp_assets_to_eqt,dp_assets_to_eqt,2024,not_provided_by_source,12034,11745,289
financial.indicator.dp_assets_to_eqt,dp_assets_to_eqt,2025,not_provided_by_source,12859,12548,311
financial.indicator.dp_assets_to_eqt,dp_assets_to_eqt,2026,not_provided_by_source,7907,7748,159
financial.indicator.dt_eps,dt_eps,1990,not_provided_by_source,98,0,98
financial.indicator.dt_eps,dt_eps,1991,not_provided_by_source,144,0,144
financial.indicator.dt_eps,dt_eps,1992,not_provided_by_source,218,0,218
financial.indicator.dt_eps,dt_eps,1993,not_provided_by_source,592,0,592
financial.indicator.dt_eps,dt_eps,1994,not_provided_by_source,949,0,949
financial.indicator.dt_eps,dt_eps,1995,not_provided_by_source,1096,0,1096
financial.indicator.dt_eps,dt_eps,1996,not_provided_by_source,1378,0,1378
financial.indicator.dt_eps,dt_eps,1997,not_provided_by_source,1755,0,1755
financial.indicator.dt_eps,dt_eps,1998,not_provided_by_source,1794,0,1794
financial.indicator.dt_eps,dt_eps,1999,not_provided_by_source,1996,0,1996
financial.indicator.dt_eps,dt_eps,2000,not_provided_by_source,2042,0,2042
financial.indicator.dt_eps,dt_eps,2001,not_provided_by_source,2439,0,2439
financial.indicator.dt_eps,dt_eps,2002,not_provided_by_source,4116,0,4116
financial.indicator.dt_eps,dt_eps,2003,not_provided_by_source,4414,0,4414
financial.indicator.dt_eps,dt_eps,2004,not_provided_by_source,4808,176,4632
financial.indicator.dt_eps,dt_eps,2005,not_provided_by_source,5130,328,4802
financial.indicator.dt_eps,dt_eps,2006,not_provided_by_source,6042,5040,1002
financial.indicator.dt_eps,dt_eps,2007,not_provided_by_source,7275,6420,855
financial.indicator.dt_eps,dt_eps,2008,not_provided_by_source,8085,7482,603
financial.indicator.dt_eps,dt_eps,2009,not_provided_by_source,9808,8296,1512
financial.indicator.dt_eps,dt_eps,2010,not_provided_by_source,10706,10120,586
financial.indicator.dt_eps,dt_eps,2011,not_provided_by_source,12606,12033,573
financial.indicator.dt_eps,dt_eps,2012,not_provided_by_source,13723,13116,607
financial.indicator.dt_eps,dt_eps,2013,not_provided_by_source,14280,13704,576
financial.indicator.dt_eps,dt_eps,2014,not_provided_by_source,15143,14473,670
financial.indicator.dt_eps,dt_eps,2015,not_provided_by_source,16225,15530,695
financial.indicator.dt_eps,dt_eps,2016,not_provided_by_source,17928,16732,1196
financial.indicator.dt_eps,dt_eps,2017,not_provided_by_source,18710,17985,725
financial.indicator.dt_eps,dt_eps,2018,not_provided_by_source,19035,18526,509
financial.indicator.dt_eps,dt_eps,2019,not_provided_by_source,19749,19103,646
financial.indicator.dt_eps,dt_eps,2020,not_provided_by_source,21007,20125,882
financial.indicator.dt_eps,dt_eps,2021,not_provided_by_source,21479,20973,506
financial.indicator.dt_eps,dt_eps,2022,not_provided_by_source,21544,21298,246
financial.indicator.dt_eps,dt_eps,2023,not_provided_by_source,14469,14158,311
financial.indicator.dt_eps,dt_eps,2024,not_provided_by_source,12034,11825,209
financial.indicator.dt_eps,dt_eps,2025,not_provided_by_source,12859,12667,192
financial.indicator.dt_eps,dt_eps,2026,not_provided_by_source,7907,7865,42
financial.indicator.dt_eps_yoy,dt_eps_yoy,1990,not_provided_by_source,98,0,98
financial.indicator.dt_eps_yoy,dt_eps_yoy,1991,not_provided_by_source,144,0,144
financial.indicator.dt_eps_yoy,dt_eps_yoy,1992,not_provided_by_source,218,0,218
financial.indicator.dt_eps_yoy,dt_eps_yoy,1993,not_provided_by_source,592,0,592
financial.indicator.dt_eps_yoy,dt_eps_yoy,1994,not_provided_by_source,949,0,949
financial.indicator.dt_eps_yoy,dt_eps_yoy,1995,not_provided_by_source,1096,0,1096
financial.indicator.dt_eps_yoy,dt_eps_yoy,1996,not_provided_by_source,1378,0,1378
financial.indicator.dt_eps_yoy,dt_eps_yoy,1997,not_provided_by_source,1755,0,1755
financial.indicator.dt_eps_yoy,dt_eps_yoy,1998,not_provided_by_source,1794,0,1794
financial.indicator.dt_eps_yoy,dt_eps_yoy,1999,not_provided_by_source,1996,0,1996
financial.indicator.dt_eps_yoy,dt_eps_yoy,2000,not_provided_by_source,2042,0,2042
financial.indicator.dt_eps_yoy,dt_eps_yoy,2001,not_provided_by_source,2439,0,2439
financial.indicator.dt_eps_yoy,dt_eps_yoy,2002,not_provided_by_source,4116,0,4116
financial.indicator.dt_eps_yoy,dt_eps_yoy,2003,not_provided_by_source,4414,0,4414
financial.indicator.dt_eps_yoy,dt_eps_yoy,2004,not_provided_by_source,4808,0,4808
financial.indicator.dt_eps_yoy,dt_eps_yoy,2005,not_provided_by_source,5130,178,4952
financial.indicator.dt_eps_yoy,dt_eps_yoy,2006,not_provided_by_source,6042,330,5712
financial.indicator.dt_eps_yoy,dt_eps_yoy,2007,not_provided_by_source,7275,5620,1655
financial.indicator.dt_eps_yoy,dt_eps_yoy,2008,not_provided_by_source,8085,6970,1115
financial.indicator.dt_eps_yoy,dt_eps_yoy,2009,not_provided_by_source,9808,7730,2078
financial.indicator.dt_eps_yoy,dt_eps_yoy,2010,not_provided_by_source,10706,9594,1112
financial.indicator.dt_eps_yoy,dt_eps_yoy,2011,not_provided_by_source,12606,11271,1335
financial.indicator.dt_eps_yoy,dt_eps_yoy,2012,not_provided_by_source,13723,12690,1033
financial.indicator.dt_eps_yoy,dt_eps_yoy,2013,not_provided_by_source,14280,13232,1048
financial.indicator.dt_eps_yoy,dt_eps_yoy,2014,not_provided_by_source,15143,13890,1253
financial.indicator.dt_eps_yoy,dt_eps_yoy,2015,not_provided_by_source,16225,14916,1309
financial.indicator.dt_eps_yoy,dt_eps_yoy,2016,not_provided_by_source,17928,15943,1985
financial.indicator.dt_eps_yoy,dt_eps_yoy,2017,not_provided_by_source,18710,17420,1290
financial.indicator.dt_eps_yoy,dt_eps_yoy,2018,not_provided_by_source,19035,18149,886
financial.indicator.dt_eps_yoy,dt_eps_yoy,2019,not_provided_by_source,19749,18591,1158
financial.indicator.dt_eps_yoy,dt_eps_yoy,2020,not_provided_by_source,21007,19314,1693
financial.indicator.dt_eps_yoy,dt_eps_yoy,2021,not_provided_by_source,21479,20718,761
financial.indicator.dt_eps_yoy,dt_eps_yoy,2022,not_provided_by_source,21544,21204,340
financial.indicator.dt_eps_yoy,dt_eps_yoy,2023,not_provided_by_source,14469,14327,142
financial.indicator.dt_eps_yoy,dt_eps_yoy,2024,not_provided_by_source,12034,11918,116
financial.indicator.dt_eps_yoy,dt_eps_yoy,2025,not_provided_by_source,12859,12753,106
financial.indicator.dt_eps_yoy,dt_eps_yoy,2026,not_provided_by_source,7907,7864,43
financial.indicator.dt_netprofit_yoy,dt_netprofit_yoy,1990,not_provided_by_source,98,0,98
financial.indicator.dt_netprofit_yoy,dt_netprofit_yoy,1991,not_provided_by_source,144,0,144
financial.indicator.dt_netprofit_yoy,dt_netprofit_yoy,1992,not_provided_by_source,218,0,218
financial.indicator.dt_netprofit_yoy,dt_netprofit_yoy,1993,not_provided_by_source,592,0,592
financial.indicator.dt_netprofit_yoy,dt_netprofit_yoy,1994,not_provided_by_source,949,0,949
financial.indicator.dt_netprofit_yoy,dt_netprofit_yoy,1995,not_provided_by_source,1096,0,1096
financial.indicator.dt_netprofit_yoy,dt_netprofit_yoy,1996,not_provided_by_source,1378,0,1378
financial.indicator.dt_netprofit_yoy,dt_netprofit_yoy,1997,not_provided_by_source,1755,0,1755
financial.indicator.dt_netprofit_yoy,dt_netprofit_yoy,1998,not_provided_by_source,1794,0,1794
financial.indicator.dt_netprofit_yoy,dt_netprofit_yoy,1999,not_provided_by_source,1996,2,1994
financial.indicator.dt_netprofit_yoy,dt_netprofit_yoy,2000,not_provided_by_source,2042,8,2034
financial.indicator.dt_netprofit_yoy,dt_netprofit_yoy,2001,not_provided_by_source,2439,1823,616
financial.indicator.dt_netprofit_yoy,dt_netprofit_yoy,2002,not_provided_by_source,4116,2028,2088
financial.indicator.dt_netprofit_yoy,dt_netprofit_yoy,2003,not_provided_by_source,4414,2752,1662
financial.indicator.dt_netprofit_yoy,dt_netprofit_yoy,2004,not_provided_by_source,4808,2922,1886
financial.indicator.dt_netprofit_yoy,dt_netprofit_yoy,2005,not_provided_by_source,5130,4452,678
financial.indicator.dt_netprofit_yoy,dt_netprofit_yoy,2006,not_provided_by_source,6042,4684,1358
financial.indicator.dt_netprofit_yoy,dt_netprofit_yoy,2007,not_provided_by_source,7275,5560,1715
financial.indicator.dt_netprofit_yoy,dt_netprofit_yoy,2008,not_provided_by_source,8085,6744,1341
financial.indicator.dt_netprofit_yoy,dt_netprofit_yoy,2009,not_provided_by_source,9808,7816,1992
financial.indicator.dt_netprofit_yoy,dt_netprofit_yoy,2010,not_provided_by_source,10706,9049,1657
financial.indicator.dt_netprofit_yoy,dt_netprofit_yoy,2011,not_provided_by_source,12606,10669,1937
financial.indicator.dt_netprofit_yoy,dt_netprofit_yoy,2012,not_provided_by_source,13723,12472,1251
financial.indicator.dt_netprofit_yoy,dt_netprofit_yoy,2013,not_provided_by_source,14280,13444,836
financial.indicator.dt_netprofit_yoy,dt_netprofit_yoy,2014,not_provided_by_source,15143,14116,1027
financial.indicator.dt_netprofit_yoy,dt_netprofit_yoy,2015,not_provided_by_source,16225,15020,1205
financial.indicator.dt_netprofit_yoy,dt_netprofit_yoy,2016,not_provided_by_source,17928,16266,1662
financial.indicator.dt_netprofit_yoy,dt_netprofit_yoy,2017,not_provided_by_source,18710,17771,939
financial.indicator.dt_netprofit_yoy,dt_netprofit_yoy,2018,not_provided_by_source,19035,18429,606
financial.indicator.dt_netprofit_yoy,dt_netprofit_yoy,2019,not_provided_by_source,19749,18854,895
financial.indicator.dt_netprofit_yoy,dt_netprofit_yoy,2020,not_provided_by_source,21007,19635,1372
financial.indicator.dt_netprofit_yoy,dt_netprofit_yoy,2021,not_provided_by_source,21479,20877,602
financial.indicator.dt_netprofit_yoy,dt_netprofit_yoy,2022,not_provided_by_source,21544,21323,221
financial.indicator.dt_netprofit_yoy,dt_netprofit_yoy,2023,not_provided_by_source,14469,14223,246
financial.indicator.dt_netprofit_yoy,dt_netprofit_yoy,2024,not_provided_by_source,12034,11860,174
financial.indicator.dt_netprofit_yoy,dt_netprofit_yoy,2025,not_provided_by_source,12859,12703,156
financial.indicator.dt_netprofit_yoy,dt_netprofit_yoy,2026,not_provided_by_source,7907,7814,93
financial.indicator.dtprofit_to_profit,dtprofit_to_profit,1990,not_provided_by_source,98,0,98
financial.indicator.dtprofit_to_profit,dtprofit_to_profit,1991,not_provided_by_source,144,0,144
financial.indicator.dtprofit_to_profit,dtprofit_to_profit,1992,not_provided_by_source,218,0,218
financial.indicator.dtprofit_to_profit,dtprofit_to_profit,1993,not_provided_by_source,592,0,592
financial.indicator.dtprofit_to_profit,dtprofit_to_profit,1994,not_provided_by_source,949,0,949
financial.indicator.dtprofit_to_profit,dtprofit_to_profit,1995,not_provided_by_source,1096,0,1096
financial.indicator.dtprofit_to_profit,dtprofit_to_profit,1996,not_provided_by_source,1378,0,1378
financial.indicator.dtprofit_to_profit,dtprofit_to_profit,1997,not_provided_by_source,1755,0,1755
financial.indicator.dtprofit_to_profit,dtprofit_to_profit,1998,not_provided_by_source,1794,0,1794
financial.indicator.dtprofit_to_profit,dtprofit_to_profit,1999,not_provided_by_source,1996,6,1990
financial.indicator.dtprofit_to_profit,dtprofit_to_profit,2000,not_provided_by_source,2042,1655,387
financial.indicator.dtprofit_to_profit,dtprofit_to_profit,2001,not_provided_by_source,2439,1762,677
financial.indicator.dtprofit_to_profit,dtprofit_to_profit,2002,not_provided_by_source,4116,2504,1612
financial.indicator.dtprofit_to_profit,dtprofit_to_profit,2003,not_provided_by_source,4414,2482,1932
financial.indicator.dtprofit_to_profit,dtprofit_to_profit,2004,not_provided_by_source,4808,3888,920
financial.indicator.dtprofit_to_profit,dtprofit_to_profit,2005,not_provided_by_source,5130,3832,1298
financial.indicator.dtprofit_to_profit,dtprofit_to_profit,2006,not_provided_by_source,6042,4524,1518
financial.indicator.dtprofit_to_profit,dtprofit_to_profit,2007,not_provided_by_source,7275,5878,1397
financial.indicator.dtprofit_to_profit,dtprofit_to_profit,2008,not_provided_by_source,8085,6646,1439
financial.indicator.dtprofit_to_profit,dtprofit_to_profit,2009,not_provided_by_source,9808,7258,2550
financial.indicator.dtprofit_to_profit,dtprofit_to_profit,2010,not_provided_by_source,10706,9344,1362
financial.indicator.dtprofit_to_profit,dtprofit_to_profit,2011,not_provided_by_source,12606,11301,1305
financial.indicator.dtprofit_to_profit,dtprofit_to_profit,2012,not_provided_by_source,13723,11958,1765
financial.indicator.dtprofit_to_profit,dtprofit_to_profit,2013,not_provided_by_source,14280,12434,1846
financial.indicator.dtprofit_to_profit,dtprofit_to_profit,2014,not_provided_by_source,15143,13072,2071
financial.indicator.dtprofit_to_profit,dtprofit_to_profit,2015,not_provided_by_source,16225,13648,2577
financial.indicator.dtprofit_to_profit,dtprofit_to_profit,2016,not_provided_by_source,17928,15183,2745
financial.indicator.dtprofit_to_profit,dtprofit_to_profit,2017,not_provided_by_source,18710,16566,2144
financial.indicator.dtprofit_to_profit,dtprofit_to_profit,2018,not_provided_by_source,19035,16526,2509
financial.indicator.dtprofit_to_profit,dtprofit_to_profit,2019,not_provided_by_source,19749,16677,3072
financial.indicator.dtprofit_to_profit,dtprofit_to_profit,2020,not_provided_by_source,21007,16067,4940
financial.indicator.dtprofit_to_profit,dtprofit_to_profit,2021,not_provided_by_source,21479,17696,3783
financial.indicator.dtprofit_to_profit,dtprofit_to_profit,2022,not_provided_by_source,21544,16649,4895
financial.indicator.dtprofit_to_profit,dtprofit_to_profit,2023,not_provided_by_source,14469,10702,3767
financial.indicator.dtprofit_to_profit,dtprofit_to_profit,2024,not_provided_by_source,12034,8613,3421
financial.indicator.dtprofit_to_profit,dtprofit_to_profit,2025,not_provided_by_source,12859,9222,3637
financial.indicator.dtprofit_to_profit,dtprofit_to_profit,2026,not_provided_by_source,7907,6212,1695
financial.indicator.ebit,ebit,1990,not_provided_by_source,98,88,10
financial.indicator.ebit,ebit,1991,not_provided_by_source,144,134,10
financial.indicator.ebit,ebit,1992,not_provided_by_source,218,198,20
financial.indicator.ebit,ebit,1993,not_provided_by_source,592,576,16
financial.indicator.ebit,ebit,1994,not_provided_by_source,949,936,13
financial.indicator.ebit,ebit,1995,not_provided_by_source,1096,1082,14
financial.indicator.ebit,ebit,1996,not_provided_by_source,1378,1368,10
financial.indicator.ebit,ebit,1997,not_provided_by_source,1755,1745,10
financial.indicator.ebit,ebit,1998,not_provided_by_source,1794,1786,8
financial.indicator.ebit,ebit,1999,not_provided_by_source,1996,1988,8
financial.indicator.ebit,ebit,2000,not_provided_by_source,2042,2034,8
financial.indicator.ebit,ebit,2001,not_provided_by_source,2439,2373,66
financial.indicator.ebit,ebit,2002,not_provided_by_source,4116,4092,24
financial.indicator.ebit,ebit,2003,not_provided_by_source,4414,4397,17
financial.indicator.ebit,ebit,2004,not_provided_by_source,4808,4789,19
financial.indicator.ebit,ebit,2005,not_provided_by_source,5130,5108,22
financial.indicator.ebit,ebit,2006,not_provided_by_source,6042,5997,45
financial.indicator.ebit,ebit,2007,not_provided_by_source,7275,7208,67
financial.indicator.ebit,ebit,2008,not_provided_by_source,8085,7976,109
financial.indicator.ebit,ebit,2009,not_provided_by_source,9808,9680,128
financial.indicator.ebit,ebit,2010,not_provided_by_source,10706,10562,144
financial.indicator.ebit,ebit,2011,not_provided_by_source,12606,12431,175
financial.indicator.ebit,ebit,2012,not_provided_by_source,13723,13478,245
financial.indicator.ebit,ebit,2013,not_provided_by_source,14280,14062,218
financial.indicator.ebit,ebit,2014,not_provided_by_source,15143,14942,201
financial.indicator.ebit,ebit,2015,not_provided_by_source,16225,16024,201
financial.indicator.ebit,ebit,2016,not_provided_by_source,17928,17709,219
financial.indicator.ebit,ebit,2017,not_provided_by_source,18710,18507,203
financial.indicator.ebit,ebit,2018,not_provided_by_source,19035,18810,225
financial.indicator.ebit,ebit,2019,not_provided_by_source,19749,19520,229
financial.indicator.ebit,ebit,2020,not_provided_by_source,21007,20792,215
financial.indicator.ebit,ebit,2021,not_provided_by_source,21479,21263,216
financial.indicator.ebit,ebit,2022,not_provided_by_source,21544,21325,219
financial.indicator.ebit,ebit,2023,not_provided_by_source,14469,14321,148
financial.indicator.ebit,ebit,2024,not_provided_by_source,12034,11918,116
financial.indicator.ebit,ebit,2025,not_provided_by_source,12859,12742,117
financial.indicator.ebit,ebit,2026,not_provided_by_source,7907,7832,75
financial.indicator.ebit_of_gr,ebit_of_gr,1990,not_provided_by_source,98,86,12
financial.indicator.ebit_of_gr,ebit_of_gr,1991,not_provided_by_source,144,134,10
financial.indicator.ebit_of_gr,ebit_of_gr,1992,not_provided_by_source,218,198,20
financial.indicator.ebit_of_gr,ebit_of_gr,1993,not_provided_by_source,592,574,18
financial.indicator.ebit_of_gr,ebit_of_gr,1994,not_provided_by_source,949,936,13
financial.indicator.ebit_of_gr,ebit_of_gr,1995,not_provided_by_source,1096,1080,16
financial.indicator.ebit_of_gr,ebit_of_gr,1996,not_provided_by_source,1378,1366,12
financial.indicator.ebit_of_gr,ebit_of_gr,1997,not_provided_by_source,1755,1745,10
financial.indicator.ebit_of_gr,ebit_of_gr,1998,not_provided_by_source,1794,1784,10
financial.indicator.ebit_of_gr,ebit_of_gr,1999,not_provided_by_source,1996,1982,14
financial.indicator.ebit_of_gr,ebit_of_gr,2000,not_provided_by_source,2042,2022,20
financial.indicator.ebit_of_gr,ebit_of_gr,2001,not_provided_by_source,2439,2353,86
financial.indicator.ebit_of_gr,ebit_of_gr,2002,not_provided_by_source,4116,4064,52
financial.indicator.ebit_of_gr,ebit_of_gr,2003,not_provided_by_source,4414,4349,65
financial.indicator.ebit_of_gr,ebit_of_gr,2004,not_provided_by_source,4808,4699,109
financial.indicator.ebit_of_gr,ebit_of_gr,2005,not_provided_by_source,5130,4998,132
financial.indicator.ebit_of_gr,ebit_of_gr,2006,not_provided_by_source,6042,5905,137
financial.indicator.ebit_of_gr,ebit_of_gr,2007,not_provided_by_source,7275,7106,169
financial.indicator.ebit_of_gr,ebit_of_gr,2008,not_provided_by_source,8085,7872,213
financial.indicator.ebit_of_gr,ebit_of_gr,2009,not_provided_by_source,9808,9566,242
financial.indicator.ebit_of_gr,ebit_of_gr,2010,not_provided_by_source,10706,10428,278
financial.indicator.ebit_of_gr,ebit_of_gr,2011,not_provided_by_source,12606,12329,277
financial.indicator.ebit_of_gr,ebit_of_gr,2012,not_provided_by_source,13723,13398,325
financial.indicator.ebit_of_gr,ebit_of_gr,2013,not_provided_by_source,14280,14000,280
financial.indicator.ebit_of_gr,ebit_of_gr,2014,not_provided_by_source,15143,14874,269
financial.indicator.ebit_of_gr,ebit_of_gr,2015,not_provided_by_source,16225,15964,261
financial.indicator.ebit_of_gr,ebit_of_gr,2016,not_provided_by_source,17928,17673,255
financial.indicator.ebit_of_gr,ebit_of_gr,2017,not_provided_by_source,18710,18463,247
financial.indicator.ebit_of_gr,ebit_of_gr,2018,not_provided_by_source,19035,18764,271
financial.indicator.ebit_of_gr,ebit_of_gr,2019,not_provided_by_source,19749,19470,279
financial.indicator.ebit_of_gr,ebit_of_gr,2020,not_provided_by_source,21007,20740,267
financial.indicator.ebit_of_gr,ebit_of_gr,2021,not_provided_by_source,21479,21233,246
financial.indicator.ebit_of_gr,ebit_of_gr,2022,not_provided_by_source,21544,21289,255
financial.indicator.ebit_of_gr,ebit_of_gr,2023,not_provided_by_source,14469,14302,167
financial.indicator.ebit_of_gr,ebit_of_gr,2024,not_provided_by_source,12034,11894,140
financial.indicator.ebit_of_gr,ebit_of_gr,2025,not_provided_by_source,12859,12730,129
financial.indicator.ebit_of_gr,ebit_of_gr,2026,not_provided_by_source,7907,7827,80
financial.indicator.ebit_ps,ebit_ps,1990,not_provided_by_source,98,20,78
financial.indicator.ebit_ps,ebit_ps,1991,not_provided_by_source,144,50,94
financial.indicator.ebit_ps,ebit_ps,1992,not_provided_by_source,218,128,90
financial.indicator.ebit_ps,ebit_ps,1993,not_provided_by_source,592,370,222
financial.indicator.ebit_ps,ebit_ps,1994,not_provided_by_source,949,830,119
financial.indicator.ebit_ps,ebit_ps,1995,not_provided_by_source,1096,1000,96
financial.indicator.ebit_ps,ebit_ps,1996,not_provided_by_source,1378,1262,116
financial.indicator.ebit_ps,ebit_ps,1997,not_provided_by_source,1755,1655,100
financial.indicator.ebit_ps,ebit_ps,1998,not_provided_by_source,1794,1764,30
financial.indicator.ebit_ps,ebit_ps,1999,not_provided_by_source,1996,1920,76
financial.indicator.ebit_ps,ebit_ps,2000,not_provided_by_source,2042,2006,36
financial.indicator.ebit_ps,ebit_ps,2001,not_provided_by_source,2439,2167,272
financial.indicator.ebit_ps,ebit_ps,2002,not_provided_by_source,4116,4090,26
financial.indicator.ebit_ps,ebit_ps,2003,not_provided_by_source,4414,4238,176
financial.indicator.ebit_ps,ebit_ps,2004,not_provided_by_source,4808,4650,158
financial.indicator.ebit_ps,ebit_ps,2005,not_provided_by_source,5130,4934,196
financial.indicator.ebit_ps,ebit_ps,2006,not_provided_by_source,6042,5540,502
financial.indicator.ebit_ps,ebit_ps,2007,not_provided_by_source,7275,6746,529
financial.indicator.ebit_ps,ebit_ps,2008,not_provided_by_source,8085,7674,411
financial.indicator.ebit_ps,ebit_ps,2009,not_provided_by_source,9808,8560,1248
financial.indicator.ebit_ps,ebit_ps,2010,not_provided_by_source,10706,10334,372
financial.indicator.ebit_ps,ebit_ps,2011,not_provided_by_source,12606,12379,227
financial.indicator.ebit_ps,ebit_ps,2012,not_provided_by_source,13723,13442,281
financial.indicator.ebit_ps,ebit_ps,2013,not_provided_by_source,14280,13968,312
financial.indicator.ebit_ps,ebit_ps,2014,not_provided_by_source,15143,14747,396
financial.indicator.ebit_ps,ebit_ps,2015,not_provided_by_source,16225,15707,518
financial.indicator.ebit_ps,ebit_ps,2016,not_provided_by_source,17928,16723,1205
financial.indicator.ebit_ps,ebit_ps,2017,not_provided_by_source,18710,18091,619
financial.indicator.ebit_ps,ebit_ps,2018,not_provided_by_source,19035,18512,523
financial.indicator.ebit_ps,ebit_ps,2019,not_provided_by_source,19749,18932,817
financial.indicator.ebit_ps,ebit_ps,2020,not_provided_by_source,21007,19926,1081
financial.indicator.ebit_ps,ebit_ps,2021,not_provided_by_source,21479,20843,636
financial.indicator.ebit_ps,ebit_ps,2022,not_provided_by_source,21544,21167,377
financial.indicator.ebit_ps,ebit_ps,2023,not_provided_by_source,14469,14283,186
financial.indicator.ebit_ps,ebit_ps,2024,not_provided_by_source,12034,11867,167
financial.indicator.ebit_ps,ebit_ps,2025,not_provided_by_source,12859,12719,140
financial.indicator.ebit_ps,ebit_ps,2026,not_provided_by_source,7907,7831,76
financial.indicator.ebit_to_interest,ebit_to_interest,1990,not_provided_by_source,98,22,76
financial.indicator.ebit_to_interest,ebit_to_interest,1991,not_provided_by_source,144,42,102
financial.indicator.ebit_to_interest,ebit_to_interest,1992,not_provided_by_source,218,110,108
financial.indicator.ebit_to_interest,ebit_to_interest,1993,not_provided_by_source,592,342,250
financial.indicator.ebit_to_interest,ebit_to_interest,1994,not_provided_by_source,949,562,387
financial.indicator.ebit_to_interest,ebit_to_interest,1995,not_provided_by_source,1096,724,372
financial.indicator.ebit_to_interest,ebit_to_interest,1996,not_provided_by_source,1378,910,468
financial.indicator.ebit_to_interest,ebit_to_interest,1997,not_provided_by_source,1755,903,852
financial.indicator.ebit_to_interest,ebit_to_interest,1998,not_provided_by_source,1794,1420,374
financial.indicator.ebit_to_interest,ebit_to_interest,1999,not_provided_by_source,1996,1670,326
financial.indicator.ebit_to_interest,ebit_to_interest,2000,not_provided_by_source,2042,1770,272
financial.indicator.ebit_to_interest,ebit_to_interest,2001,not_provided_by_source,2439,2063,376
financial.indicator.ebit_to_interest,ebit_to_interest,2002,not_provided_by_source,4116,3358,758
financial.indicator.ebit_to_interest,ebit_to_interest,2003,not_provided_by_source,4414,3973,441
financial.indicator.ebit_to_interest,ebit_to_interest,2004,not_provided_by_source,4808,4351,457
financial.indicator.ebit_to_interest,ebit_to_interest,2005,not_provided_by_source,5130,4520,610
financial.indicator.ebit_to_interest,ebit_to_interest,2006,not_provided_by_source,6042,5227,815
financial.indicator.ebit_to_interest,ebit_to_interest,2007,not_provided_by_source,7275,6262,1013
financial.indicator.ebit_to_interest,ebit_to_interest,2008,not_provided_by_source,8085,6648,1437
financial.indicator.ebit_to_interest,ebit_to_interest,2009,not_provided_by_source,9808,7826,1982
financial.indicator.ebit_to_interest,ebit_to_interest,2010,not_provided_by_source,10706,7670,3036
financial.indicator.ebit_to_interest,ebit_to_interest,2011,not_provided_by_source,12606,7777,4829
financial.indicator.ebit_to_interest,ebit_to_interest,2012,not_provided_by_source,13723,7980,5743
financial.indicator.ebit_to_interest,ebit_to_interest,2013,not_provided_by_source,14280,8682,5598
financial.indicator.ebit_to_interest,ebit_to_interest,2014,not_provided_by_source,15143,9764,5379
financial.indicator.ebit_to_interest,ebit_to_interest,2015,not_provided_by_source,16225,10733,5492
financial.indicator.ebit_to_interest,ebit_to_interest,2016,not_provided_by_source,17928,12290,5638
financial.indicator.ebit_to_interest,ebit_to_interest,2017,not_provided_by_source,18710,13185,5525
financial.indicator.ebit_to_interest,ebit_to_interest,2018,not_provided_by_source,19035,13292,5743
financial.indicator.ebit_to_interest,ebit_to_interest,2019,not_provided_by_source,19749,14004,5745
financial.indicator.ebit_to_interest,ebit_to_interest,2020,not_provided_by_source,21007,14374,6633
financial.indicator.ebit_to_interest,ebit_to_interest,2021,not_provided_by_source,21479,14354,7125
financial.indicator.ebit_to_interest,ebit_to_interest,2022,not_provided_by_source,21544,13542,8002
financial.indicator.ebit_to_interest,ebit_to_interest,2023,not_provided_by_source,14469,9131,5338
financial.indicator.ebit_to_interest,ebit_to_interest,2024,not_provided_by_source,12034,7443,4591
financial.indicator.ebit_to_interest,ebit_to_interest,2025,not_provided_by_source,12859,8207,4652
financial.indicator.ebit_to_interest,ebit_to_interest,2026,not_provided_by_source,7907,6148,1759
financial.indicator.ebitda,ebitda,1990,not_provided_by_source,98,0,98
financial.indicator.ebitda,ebitda,1991,not_provided_by_source,144,0,144
financial.indicator.ebitda,ebitda,1992,not_provided_by_source,218,0,218
financial.indicator.ebitda,ebitda,1993,not_provided_by_source,592,0,592
financial.indicator.ebitda,ebitda,1994,not_provided_by_source,949,0,949
financial.indicator.ebitda,ebitda,1995,not_provided_by_source,1096,0,1096
financial.indicator.ebitda,ebitda,1996,not_provided_by_source,1378,2,1376
financial.indicator.ebitda,ebitda,1997,not_provided_by_source,1755,6,1749
financial.indicator.ebitda,ebitda,1998,not_provided_by_source,1794,1093,701
financial.indicator.ebitda,ebitda,1999,not_provided_by_source,1996,1250,746
financial.indicator.ebitda,ebitda,2000,not_provided_by_source,2042,1982,60
financial.indicator.ebitda,ebitda,2001,not_provided_by_source,2439,1989,450
financial.indicator.ebitda,ebitda,2002,not_provided_by_source,4116,2056,2060
financial.indicator.ebitda,ebitda,2003,not_provided_by_source,4414,3975,439
financial.indicator.ebitda,ebitda,2004,not_provided_by_source,4808,4504,304
financial.indicator.ebitda,ebitda,2005,not_provided_by_source,5130,4730,400
financial.indicator.ebitda,ebitda,2006,not_provided_by_source,6042,2898,3144
financial.indicator.ebitda,ebitda,2007,not_provided_by_source,7275,3956,3319
financial.indicator.ebitda,ebitda,2008,not_provided_by_source,8085,4438,3647
financial.indicator.ebitda,ebitda,2009,not_provided_by_source,9808,5128,4680
financial.indicator.ebitda,ebitda,2010,not_provided_by_source,10706,5628,5078
financial.indicator.ebitda,ebitda,2011,not_provided_by_source,12606,6345,6261
financial.indicator.ebitda,ebitda,2012,not_provided_by_source,13723,6926,6797
financial.indicator.ebitda,ebitda,2013,not_provided_by_source,14280,7502,6778
financial.indicator.ebitda,ebitda,2014,not_provided_by_source,15143,8192,6951
financial.indicator.ebitda,ebitda,2015,not_provided_by_source,16225,8731,7494
financial.indicator.ebitda,ebitda,2016,not_provided_by_source,17928,9392,8536
financial.indicator.ebitda,ebitda,2017,not_provided_by_source,18710,9890,8820
financial.indicator.ebitda,ebitda,2018,not_provided_by_source,19035,9951,9084
financial.indicator.ebitda,ebitda,2019,not_provided_by_source,19749,10202,9547
financial.indicator.ebitda,ebitda,2020,not_provided_by_source,21007,10778,10229
financial.indicator.ebitda,ebitda,2021,not_provided_by_source,21479,10787,10692
financial.indicator.ebitda,ebitda,2022,not_provided_by_source,21544,10709,10835
financial.indicator.ebitda,ebitda,2023,not_provided_by_source,14469,6140,8329
financial.indicator.ebitda,ebitda,2024,not_provided_by_source,12034,5798,6236
financial.indicator.ebitda,ebitda,2025,not_provided_by_source,12859,5915,6944
financial.indicator.ebitda,ebitda,2026,not_provided_by_source,7907,4743,3164
financial.indicator.ebitda_to_debt,ebitda_to_debt,1990,not_provided_by_source,98,0,98
financial.indicator.ebitda_to_debt,ebitda_to_debt,1991,not_provided_by_source,144,0,144
financial.indicator.ebitda_to_debt,ebitda_to_debt,1992,not_provided_by_source,218,0,218
financial.indicator.ebitda_to_debt,ebitda_to_debt,1993,not_provided_by_source,592,0,592
financial.indicator.ebitda_to_debt,ebitda_to_debt,1994,not_provided_by_source,949,0,949
financial.indicator.ebitda_to_debt,ebitda_to_debt,1995,not_provided_by_source,1096,0,1096
financial.indicator.ebitda_to_debt,ebitda_to_debt,1996,not_provided_by_source,1378,2,1376
financial.indicator.ebitda_to_debt,ebitda_to_debt,1997,not_provided_by_source,1755,6,1749
financial.indicator.ebitda_to_debt,ebitda_to_debt,1998,not_provided_by_source,1794,1093,701
financial.indicator.ebitda_to_debt,ebitda_to_debt,1999,not_provided_by_source,1996,1250,746
financial.indicator.ebitda_to_debt,ebitda_to_debt,2000,not_provided_by_source,2042,1982,60
financial.indicator.ebitda_to_debt,ebitda_to_debt,2001,not_provided_by_source,2439,1989,450
financial.indicator.ebitda_to_debt,ebitda_to_debt,2002,not_provided_by_source,4116,2056,2060
financial.indicator.ebitda_to_debt,ebitda_to_debt,2003,not_provided_by_source,4414,3956,458
financial.indicator.ebitda_to_debt,ebitda_to_debt,2004,not_provided_by_source,4808,4486,322
financial.indicator.ebitda_to_debt,ebitda_to_debt,2005,not_provided_by_source,5130,4714,416
financial.indicator.ebitda_to_debt,ebitda_to_debt,2006,not_provided_by_source,6042,2822,3220
financial.indicator.ebitda_to_debt,ebitda_to_debt,2007,not_provided_by_source,7275,3866,3409
financial.indicator.ebitda_to_debt,ebitda_to_debt,2008,not_provided_by_source,8085,4418,3667
financial.indicator.ebitda_to_debt,ebitda_to_debt,2009,not_provided_by_source,9808,4958,4850
financial.indicator.ebitda_to_debt,ebitda_to_debt,2010,not_provided_by_source,10706,5600,5106
financial.indicator.ebitda_to_debt,ebitda_to_debt,2011,not_provided_by_source,12606,6341,6265
financial.indicator.ebitda_to_debt,ebitda_to_debt,2012,not_provided_by_source,13723,6920,6803
financial.indicator.ebitda_to_debt,ebitda_to_debt,2013,not_provided_by_source,14280,7480,6800
financial.indicator.ebitda_to_debt,ebitda_to_debt,2014,not_provided_by_source,15143,8081,7062
financial.indicator.ebitda_to_debt,ebitda_to_debt,2015,not_provided_by_source,16225,8563,7662
financial.indicator.ebitda_to_debt,ebitda_to_debt,2016,not_provided_by_source,17928,9134,8794
financial.indicator.ebitda_to_debt,ebitda_to_debt,2017,not_provided_by_source,18710,9858,8852
financial.indicator.ebitda_to_debt,ebitda_to_debt,2018,not_provided_by_source,19035,9883,9152
financial.indicator.ebitda_to_debt,ebitda_to_debt,2019,not_provided_by_source,19749,10064,9685
financial.indicator.ebitda_to_debt,ebitda_to_debt,2020,not_provided_by_source,21007,10644,10363
financial.indicator.ebitda_to_debt,ebitda_to_debt,2021,not_provided_by_source,21479,10746,10733
financial.indicator.ebitda_to_debt,ebitda_to_debt,2022,not_provided_by_source,21544,10698,10846
financial.indicator.ebitda_to_debt,ebitda_to_debt,2023,not_provided_by_source,14469,6139,8330
financial.indicator.ebitda_to_debt,ebitda_to_debt,2024,not_provided_by_source,12034,5789,6245
financial.indicator.ebitda_to_debt,ebitda_to_debt,2025,not_provided_by_source,12859,5910,6949
financial.indicator.ebitda_to_debt,ebitda_to_debt,2026,not_provided_by_source,7907,4738,3169
financial.indicator.ebt_yoy,ebt_yoy,1990,not_provided_by_source,98,22,76
financial.indicator.ebt_yoy,ebt_yoy,1991,not_provided_by_source,144,82,62
financial.indicator.ebt_yoy,ebt_yoy,1992,not_provided_by_source,218,126,92
financial.indicator.ebt_yoy,ebt_yoy,1993,not_provided_by_source,592,196,396
financial.indicator.ebt_yoy,ebt_yoy,1994,not_provided_by_source,949,560,389
financial.indicator.ebt_yoy,ebt_yoy,1995,not_provided_by_source,1096,942,154
financial.indicator.ebt_yoy,ebt_yoy,1996,not_provided_by_source,1378,1086,292
financial.indicator.ebt_yoy,ebt_yoy,1997,not_provided_by_source,1755,1339,416
financial.indicator.ebt_yoy,ebt_yoy,1998,not_provided_by_source,1794,1727,67
financial.indicator.ebt_yoy,ebt_yoy,1999,not_provided_by_source,1996,1790,206
financial.indicator.ebt_yoy,ebt_yoy,2000,not_provided_by_source,2042,1992,50
financial.indicator.ebt_yoy,ebt_yoy,2001,not_provided_by_source,2439,2037,402
financial.indicator.ebt_yoy,ebt_yoy,2002,not_provided_by_source,4116,2386,1730
financial.indicator.ebt_yoy,ebt_yoy,2003,not_provided_by_source,4414,4098,316
financial.indicator.ebt_yoy,ebt_yoy,2004,not_provided_by_source,4808,4394,414
financial.indicator.ebt_yoy,ebt_yoy,2005,not_provided_by_source,5130,4778,352
financial.indicator.ebt_yoy,ebt_yoy,2006,not_provided_by_source,6042,5060,982
financial.indicator.ebt_yoy,ebt_yoy,2007,not_provided_by_source,7275,6036,1239
financial.indicator.ebt_yoy,ebt_yoy,2008,not_provided_by_source,8085,7252,833
financial.indicator.ebt_yoy,ebt_yoy,2009,not_provided_by_source,9808,8052,1756
financial.indicator.ebt_yoy,ebt_yoy,2010,not_provided_by_source,10706,9964,742
financial.indicator.ebt_yoy,ebt_yoy,2011,not_provided_by_source,12606,11575,1031
financial.indicator.ebt_yoy,ebt_yoy,2012,not_provided_by_source,13723,13141,582
financial.indicator.ebt_yoy,ebt_yoy,2013,not_provided_by_source,14280,13691,589
financial.indicator.ebt_yoy,ebt_yoy,2014,not_provided_by_source,15143,14376,767
financial.indicator.ebt_yoy,ebt_yoy,2015,not_provided_by_source,16225,15370,855
financial.indicator.ebt_yoy,ebt_yoy,2016,not_provided_by_source,17928,16396,1532
financial.indicator.ebt_yoy,ebt_yoy,2017,not_provided_by_source,18710,17775,935
financial.indicator.ebt_yoy,ebt_yoy,2018,not_provided_by_source,19035,18515,520
financial.indicator.ebt_yoy,ebt_yoy,2019,not_provided_by_source,19749,18916,833
financial.indicator.ebt_yoy,ebt_yoy,2020,not_provided_by_source,21007,19655,1352
financial.indicator.ebt_yoy,ebt_yoy,2021,not_provided_by_source,21479,20964,515
financial.indicator.ebt_yoy,ebt_yoy,2022,not_provided_by_source,21544,21362,182
financial.indicator.ebt_yoy,ebt_yoy,2023,not_provided_by_source,14469,14449,20
financial.indicator.ebt_yoy,ebt_yoy,2024,not_provided_by_source,12034,12006,28
financial.indicator.ebt_yoy,ebt_yoy,2025,not_provided_by_source,12859,12830,29
financial.indicator.ebt_yoy,ebt_yoy,2026,not_provided_by_source,7907,7902,5
financial.indicator.eps,eps,1990,not_provided_by_source,98,0,98
financial.indicator.eps,eps,1991,not_provided_by_source,144,0,144
financial.indicator.eps,eps,1992,not_provided_by_source,218,0,218
financial.indicator.eps,eps,1993,not_provided_by_source,592,150,442
financial.indicator.eps,eps,1994,not_provided_by_source,949,134,815
financial.indicator.eps,eps,1995,not_provided_by_source,1096,46,1050
financial.indicator.eps,eps,1996,not_provided_by_source,1378,16,1362
financial.indicator.eps,eps,1997,not_provided_by_source,1755,338,1417
financial.indicator.eps,eps,1998,not_provided_by_source,1794,707,1087
financial.indicator.eps,eps,1999,not_provided_by_source,1996,697,1299
financial.indicator.eps,eps,2000,not_provided_by_source,2042,971,1071
financial.indicator.eps,eps,2001,not_provided_by_source,2439,2005,434
financial.indicator.eps,eps,2002,not_provided_by_source,4116,1782,2334
financial.indicator.eps,eps,2003,not_provided_by_source,4414,1802,2612
financial.indicator.eps,eps,2004,not_provided_by_source,4808,2552,2256
financial.indicator.eps,eps,2005,not_provided_by_source,5130,2728,2402
financial.indicator.eps,eps,2006,not_provided_by_source,6042,5350,692
financial.indicator.eps,eps,2007,not_provided_by_source,7275,6636,639
financial.indicator.eps,eps,2008,not_provided_by_source,8085,7584,501
financial.indicator.eps,eps,2009,not_provided_by_source,9808,8438,1370
financial.indicator.eps,eps,2010,not_provided_by_source,10706,10278,428
financial.indicator.eps,eps,2011,not_provided_by_source,12606,12173,433
financial.indicator.eps,eps,2012,not_provided_by_source,13723,13254,469
financial.indicator.eps,eps,2013,not_provided_by_source,14280,13788,492
financial.indicator.eps,eps,2014,not_provided_by_source,15143,14587,556
financial.indicator.eps,eps,2015,not_provided_by_source,16225,15682,543
financial.indicator.eps,eps,2016,not_provided_by_source,17928,16926,1002
financial.indicator.eps,eps,2017,not_provided_by_source,18710,18139,571
financial.indicator.eps,eps,2018,not_provided_by_source,19035,18649,386
financial.indicator.eps,eps,2019,not_provided_by_source,19749,19260,489
financial.indicator.eps,eps,2020,not_provided_by_source,21007,20308,699
financial.indicator.eps,eps,2021,not_provided_by_source,21479,21101,378
financial.indicator.eps,eps,2022,not_provided_by_source,21544,21395,149
financial.indicator.eps,eps,2023,not_provided_by_source,14469,14215,254
financial.indicator.eps,eps,2024,not_provided_by_source,12034,11868,166
financial.indicator.eps,eps,2025,not_provided_by_source,12859,12720,139
financial.indicator.eps,eps,2026,not_provided_by_source,7907,7885,22
financial.indicator.eqt_to_debt,eqt_to_debt,1990,not_provided_by_source,98,28,70
financial.indicator.eqt_to_debt,eqt_to_debt,1991,not_provided_by_source,144,66,78
financial.indicator.eqt_to_debt,eqt_to_debt,1992,not_provided_by_source,218,158,60
financial.indicator.eqt_to_debt,eqt_to_debt,1993,not_provided_by_source,592,486,106
financial.indicator.eqt_to_debt,eqt_to_debt,1994,not_provided_by_source,949,923,26
financial.indicator.eqt_to_debt,eqt_to_debt,1995,not_provided_by_source,1096,1090,6
financial.indicator.eqt_to_debt,eqt_to_debt,1996,not_provided_by_source,1378,1370,8
financial.indicator.eqt_to_debt,eqt_to_debt,1997,not_provided_by_source,1755,1713,42
financial.indicator.eqt_to_debt,eqt_to_debt,1998,not_provided_by_source,1794,1794,0
financial.indicator.eqt_to_debt,eqt_to_debt,1999,not_provided_by_source,1996,1928,68
financial.indicator.eqt_to_debt,eqt_to_debt,2000,not_provided_by_source,2042,2014,28
financial.indicator.eqt_to_debt,eqt_to_debt,2001,not_provided_by_source,2439,2229,210
financial.indicator.eqt_to_debt,eqt_to_debt,2002,not_provided_by_source,4116,4114,2
financial.indicator.eqt_to_debt,eqt_to_debt,2003,not_provided_by_source,4414,4052,362
financial.indicator.eqt_to_debt,eqt_to_debt,2004,not_provided_by_source,4808,4608,200
financial.indicator.eqt_to_debt,eqt_to_debt,2005,not_provided_by_source,5130,4868,262
financial.indicator.eqt_to_debt,eqt_to_debt,2006,not_provided_by_source,6042,5486,556
financial.indicator.eqt_to_debt,eqt_to_debt,2007,not_provided_by_source,7275,6794,481
financial.indicator.eqt_to_debt,eqt_to_debt,2008,not_provided_by_source,8085,7768,317
financial.indicator.eqt_to_debt,eqt_to_debt,2009,not_provided_by_source,9808,8658,1150
financial.indicator.eqt_to_debt,eqt_to_debt,2010,not_provided_by_source,10706,10440,266
financial.indicator.eqt_to_debt,eqt_to_debt,2011,not_provided_by_source,12606,12501,105
financial.indicator.eqt_to_debt,eqt_to_debt,2012,not_provided_by_source,13723,13586,137
financial.indicator.eqt_to_debt,eqt_to_debt,2013,not_provided_by_source,14280,14132,148
financial.indicator.eqt_to_debt,eqt_to_debt,2014,not_provided_by_source,15143,14903,240
financial.indicator.eqt_to_debt,eqt_to_debt,2015,not_provided_by_source,16225,15916,309
financial.indicator.eqt_to_debt,eqt_to_debt,2016,not_provided_by_source,17928,16916,1012
financial.indicator.eqt_to_debt,eqt_to_debt,2017,not_provided_by_source,18710,18328,382
financial.indicator.eqt_to_debt,eqt_to_debt,2018,not_provided_by_source,19035,18731,304
financial.indicator.eqt_to_debt,eqt_to_debt,2019,not_provided_by_source,19749,19156,593
financial.indicator.eqt_to_debt,eqt_to_debt,2020,not_provided_by_source,21007,20142,865
financial.indicator.eqt_to_debt,eqt_to_debt,2021,not_provided_by_source,21479,21054,425
financial.indicator.eqt_to_debt,eqt_to_debt,2022,not_provided_by_source,21544,21389,155
financial.indicator.eqt_to_debt,eqt_to_debt,2023,not_provided_by_source,14469,14449,20
financial.indicator.eqt_to_debt,eqt_to_debt,2024,not_provided_by_source,12034,11988,46
financial.indicator.eqt_to_debt,eqt_to_debt,2025,not_provided_by_source,12859,12834,25
financial.indicator.eqt_to_debt,eqt_to_debt,2026,not_provided_by_source,7907,7899,8
financial.indicator.eqt_to_interestdebt,eqt_to_interestdebt,1990,not_provided_by_source,98,26,72
financial.indicator.eqt_to_interestdebt,eqt_to_interestdebt,1991,not_provided_by_source,144,62,82
financial.indicator.eqt_to_interestdebt,eqt_to_interestdebt,1992,not_provided_by_source,218,156,62
financial.indicator.eqt_to_interestdebt,eqt_to_interestdebt,1993,not_provided_by_source,592,484,108
financial.indicator.eqt_to_interestdebt,eqt_to_interestdebt,1994,not_provided_by_source,949,913,36
financial.indicator.eqt_to_interestdebt,eqt_to_interestdebt,1995,not_provided_by_source,1096,1082,14
financial.indicator.eqt_to_interestdebt,eqt_to_interestdebt,1996,not_provided_by_source,1378,1362,16
financial.indicator.eqt_to_interestdebt,eqt_to_interestdebt,1997,not_provided_by_source,1755,1705,50
financial.indicator.eqt_to_interestdebt,eqt_to_interestdebt,1998,not_provided_by_source,1794,1786,8
financial.indicator.eqt_to_interestdebt,eqt_to_interestdebt,1999,not_provided_by_source,1996,1920,76
financial.indicator.eqt_to_interestdebt,eqt_to_interestdebt,2000,not_provided_by_source,2042,2006,36
financial.indicator.eqt_to_interestdebt,eqt_to_interestdebt,2001,not_provided_by_source,2439,2221,218
financial.indicator.eqt_to_interestdebt,eqt_to_interestdebt,2002,not_provided_by_source,4116,4098,18
financial.indicator.eqt_to_interestdebt,eqt_to_interestdebt,2003,not_provided_by_source,4414,4036,378
financial.indicator.eqt_to_interestdebt,eqt_to_interestdebt,2004,not_provided_by_source,4808,4578,230
financial.indicator.eqt_to_interestdebt,eqt_to_interestdebt,2005,not_provided_by_source,5130,4802,328
financial.indicator.eqt_to_interestdebt,eqt_to_interestdebt,2006,not_provided_by_source,6042,5008,1034
financial.indicator.eqt_to_interestdebt,eqt_to_interestdebt,2007,not_provided_by_source,7275,6150,1125
financial.indicator.eqt_to_interestdebt,eqt_to_interestdebt,2008,not_provided_by_source,8085,6888,1197
financial.indicator.eqt_to_interestdebt,eqt_to_interestdebt,2009,not_provided_by_source,9808,7466,2342
financial.indicator.eqt_to_interestdebt,eqt_to_interestdebt,2010,not_provided_by_source,10706,8348,2358
financial.indicator.eqt_to_interestdebt,eqt_to_interestdebt,2011,not_provided_by_source,12606,9595,3011
financial.indicator.eqt_to_interestdebt,eqt_to_interestdebt,2012,not_provided_by_source,13723,10320,3403
financial.indicator.eqt_to_interestdebt,eqt_to_interestdebt,2013,not_provided_by_source,14280,10971,3309
financial.indicator.eqt_to_interestdebt,eqt_to_interestdebt,2014,not_provided_by_source,15143,12076,3067
financial.indicator.eqt_to_interestdebt,eqt_to_interestdebt,2015,not_provided_by_source,16225,13104,3121
financial.indicator.eqt_to_interestdebt,eqt_to_interestdebt,2016,not_provided_by_source,17928,13850,4078
financial.indicator.eqt_to_interestdebt,eqt_to_interestdebt,2017,not_provided_by_source,18710,14870,3840
financial.indicator.eqt_to_interestdebt,eqt_to_interestdebt,2018,not_provided_by_source,19035,15490,3545
financial.indicator.eqt_to_interestdebt,eqt_to_interestdebt,2019,not_provided_by_source,19749,15998,3751
financial.indicator.eqt_to_interestdebt,eqt_to_interestdebt,2020,not_provided_by_source,21007,16998,4009
financial.indicator.eqt_to_interestdebt,eqt_to_interestdebt,2021,not_provided_by_source,21479,19363,2116
financial.indicator.eqt_to_interestdebt,eqt_to_interestdebt,2022,not_provided_by_source,21544,20448,1096
financial.indicator.eqt_to_interestdebt,eqt_to_interestdebt,2023,not_provided_by_source,14469,13902,567
financial.indicator.eqt_to_interestdebt,eqt_to_interestdebt,2024,not_provided_by_source,12034,11546,488
financial.indicator.eqt_to_interestdebt,eqt_to_interestdebt,2025,not_provided_by_source,12859,12379,480
financial.indicator.eqt_to_interestdebt,eqt_to_interestdebt,2026,not_provided_by_source,7907,7646,261
financial.indicator.eqt_to_talcapital,eqt_to_talcapital,1990,not_provided_by_source,98,48,50
financial.indicator.eqt_to_talcapital,eqt_to_talcapital,1991,not_provided_by_source,144,98,46
financial.indicator.eqt_to_talcapital,eqt_to_talcapital,1992,not_provided_by_source,218,186,32
financial.indicator.eqt_to_talcapital,eqt_to_talcapital,1993,not_provided_by_source,592,516,76
financial.indicator.eqt_to_talcapital,eqt_to_talcapital,1994,not_provided_by_source,949,927,22
financial.indicator.eqt_to_talcapital,eqt_to_talcapital,1995,not_provided_by_source,1096,1084,12
financial.indicator.eqt_to_talcapital,eqt_to_talcapital,1996,not_provided_by_source,1378,1364,14
financial.indicator.eqt_to_talcapital,eqt_to_talcapital,1997,not_provided_by_source,1755,1705,50
financial.indicator.eqt_to_talcapital,eqt_to_talcapital,1998,not_provided_by_source,1794,1786,8
financial.indicator.eqt_to_talcapital,eqt_to_talcapital,1999,not_provided_by_source,1996,1920,76
financial.indicator.eqt_to_talcapital,eqt_to_talcapital,2000,not_provided_by_source,2042,2006,36
financial.indicator.eqt_to_talcapital,eqt_to_talcapital,2001,not_provided_by_source,2439,2209,230
financial.indicator.eqt_to_talcapital,eqt_to_talcapital,2002,not_provided_by_source,4116,4074,42
financial.indicator.eqt_to_talcapital,eqt_to_talcapital,2003,not_provided_by_source,4414,4188,226
financial.indicator.eqt_to_talcapital,eqt_to_talcapital,2004,not_provided_by_source,4808,4570,238
financial.indicator.eqt_to_talcapital,eqt_to_talcapital,2005,not_provided_by_source,5130,4834,296
financial.indicator.eqt_to_talcapital,eqt_to_talcapital,2006,not_provided_by_source,6042,5354,688
financial.indicator.eqt_to_talcapital,eqt_to_talcapital,2007,not_provided_by_source,7275,6504,771
financial.indicator.eqt_to_talcapital,eqt_to_talcapital,2008,not_provided_by_source,8085,7446,639
financial.indicator.eqt_to_talcapital,eqt_to_talcapital,2009,not_provided_by_source,9808,8366,1442
financial.indicator.eqt_to_talcapital,eqt_to_talcapital,2010,not_provided_by_source,10706,10146,560
financial.indicator.eqt_to_talcapital,eqt_to_talcapital,2011,not_provided_by_source,12606,12187,419
financial.indicator.eqt_to_talcapital,eqt_to_talcapital,2012,not_provided_by_source,13723,13288,435
financial.indicator.eqt_to_talcapital,eqt_to_talcapital,2013,not_provided_by_source,14280,13888,392
financial.indicator.eqt_to_talcapital,eqt_to_talcapital,2014,not_provided_by_source,15143,14667,476
financial.indicator.eqt_to_talcapital,eqt_to_talcapital,2015,not_provided_by_source,16225,15693,532
financial.indicator.eqt_to_talcapital,eqt_to_talcapital,2016,not_provided_by_source,17928,16672,1256
financial.indicator.eqt_to_talcapital,eqt_to_talcapital,2017,not_provided_by_source,18710,18074,636
financial.indicator.eqt_to_talcapital,eqt_to_talcapital,2018,not_provided_by_source,19035,18415,620
financial.indicator.eqt_to_talcapital,eqt_to_talcapital,2019,not_provided_by_source,19749,18786,963
financial.indicator.eqt_to_talcapital,eqt_to_talcapital,2020,not_provided_by_source,21007,19760,1247
financial.indicator.eqt_to_talcapital,eqt_to_talcapital,2021,not_provided_by_source,21479,20680,799
financial.indicator.eqt_to_talcapital,eqt_to_talcapital,2022,not_provided_by_source,21544,21006,538
financial.indicator.eqt_to_talcapital,eqt_to_talcapital,2023,not_provided_by_source,14469,14167,302
financial.indicator.eqt_to_talcapital,eqt_to_talcapital,2024,not_provided_by_source,12034,11743,291
financial.indicator.eqt_to_talcapital,eqt_to_talcapital,2025,not_provided_by_source,12859,12572,287
financial.indicator.eqt_to_talcapital,eqt_to_talcapital,2026,not_provided_by_source,7907,7762,145
financial.indicator.equity_parent_ytd_growth,equity_parent_ytd_growth,1990,not_provided_by_source,98,6,92
financial.indicator.equity_parent_ytd_growth,equity_parent_ytd_growth,1991,not_provided_by_source,144,54,90
financial.indicator.equity_parent_ytd_growth,equity_parent_ytd_growth,1992,not_provided_by_source,218,104,114
financial.indicator.equity_parent_ytd_growth,equity_parent_ytd_growth,1993,not_provided_by_source,592,224,368
financial.indicator.equity_parent_ytd_growth,equity_parent_ytd_growth,1994,not_provided_by_source,949,714,235
financial.indicator.equity_parent_ytd_growth,equity_parent_ytd_growth,1995,not_provided_by_source,1096,978,118
financial.indicator.equity_parent_ytd_growth,equity_parent_ytd_growth,1996,not_provided_by_source,1378,1278,100
financial.indicator.equity_parent_ytd_growth,equity_parent_ytd_growth,1997,not_provided_by_source,1755,1631,124
financial.indicator.equity_parent_ytd_growth,equity_parent_ytd_growth,1998,not_provided_by_source,1794,1792,2
financial.indicator.equity_parent_ytd_growth,equity_parent_ytd_growth,1999,not_provided_by_source,1996,1924,72
financial.indicator.equity_parent_ytd_growth,equity_parent_ytd_growth,2000,not_provided_by_source,2042,2012,30
financial.indicator.equity_parent_ytd_growth,equity_parent_ytd_growth,2001,not_provided_by_source,2439,2151,288
financial.indicator.equity_parent_ytd_growth,equity_parent_ytd_growth,2002,not_provided_by_source,4116,4088,28
financial.indicator.equity_parent_ytd_growth,equity_parent_ytd_growth,2003,not_provided_by_source,4414,4098,316
financial.indicator.equity_parent_ytd_growth,equity_parent_ytd_growth,2004,not_provided_by_source,4808,4418,390
financial.indicator.equity_parent_ytd_growth,equity_parent_ytd_growth,2005,not_provided_by_source,5130,4782,348
financial.indicator.equity_parent_ytd_growth,equity_parent_ytd_growth,2006,not_provided_by_source,6042,5186,856
financial.indicator.equity_parent_ytd_growth,equity_parent_ytd_growth,2007,not_provided_by_source,7275,6178,1097
financial.indicator.equity_parent_ytd_growth,equity_parent_ytd_growth,2008,not_provided_by_source,8085,7318,767
financial.indicator.equity_parent_ytd_growth,equity_parent_ytd_growth,2009,not_provided_by_source,9808,8455,1353
financial.indicator.equity_parent_ytd_growth,equity_parent_ytd_growth,2010,not_provided_by_source,10706,10442,264
financial.indicator.equity_parent_ytd_growth,equity_parent_ytd_growth,2011,not_provided_by_source,12606,11935,671
financial.indicator.equity_parent_ytd_growth,equity_parent_ytd_growth,2012,not_provided_by_source,13723,13291,432
financial.indicator.equity_parent_ytd_growth,equity_parent_ytd_growth,2013,not_provided_by_source,14280,13841,439
financial.indicator.equity_parent_ytd_growth,equity_parent_ytd_growth,2014,not_provided_by_source,15143,14752,391
financial.indicator.equity_parent_ytd_growth,equity_parent_ytd_growth,2015,not_provided_by_source,16225,15881,344
financial.indicator.equity_parent_ytd_growth,equity_parent_ytd_growth,2016,not_provided_by_source,17928,16780,1148
financial.indicator.equity_parent_ytd_growth,equity_parent_ytd_growth,2017,not_provided_by_source,18710,18087,623
financial.indicator.equity_parent_ytd_growth,equity_parent_ytd_growth,2018,not_provided_by_source,19035,18640,395
financial.indicator.equity_parent_ytd_growth,equity_parent_ytd_growth,2019,not_provided_by_source,19749,19132,617
financial.indicator.equity_parent_ytd_growth,equity_parent_ytd_growth,2020,not_provided_by_source,21007,20136,871
financial.indicator.equity_parent_ytd_growth,equity_parent_ytd_growth,2021,not_provided_by_source,21479,21052,427
financial.indicator.equity_parent_ytd_growth,equity_parent_ytd_growth,2022,not_provided_by_source,21544,21388,156
financial.indicator.equity_parent_ytd_growth,equity_parent_ytd_growth,2023,not_provided_by_source,14469,14457,12
financial.indicator.equity_parent_ytd_growth,equity_parent_ytd_growth,2024,not_provided_by_source,12034,11992,42
financial.indicator.equity_parent_ytd_growth,equity_parent_ytd_growth,2025,not_provided_by_source,12859,12835,24
financial.indicator.equity_parent_ytd_growth,equity_parent_ytd_growth,2026,not_provided_by_source,7907,7897,10
financial.indicator.equity_yoy,equity_yoy,1990,not_provided_by_source,98,6,92
financial.indicator.equity_yoy,equity_yoy,1991,not_provided_by_source,144,54,90
financial.indicator.equity_yoy,equity_yoy,1992,not_provided_by_source,218,104,114
financial.indicator.equity_yoy,equity_yoy,1993,not_provided_by_source,592,190,402
financial.indicator.equity_yoy,equity_yoy,1994,not_provided_by_source,949,528,421
financial.indicator.equity_yoy,equity_yoy,1995,not_provided_by_source,1096,946,150
financial.indicator.equity_yoy,equity_yoy,1996,not_provided_by_source,1378,1090,288
financial.indicator.equity_yoy,equity_yoy,1997,not_provided_by_source,1755,1339,416
financial.indicator.equity_yoy,equity_yoy,1998,not_provided_by_source,1794,1687,107
financial.indicator.equity_yoy,equity_yoy,1999,not_provided_by_source,1996,1790,206
financial.indicator.equity_yoy,equity_yoy,2000,not_provided_by_source,2042,1924,118
financial.indicator.equity_yoy,equity_yoy,2001,not_provided_by_source,2439,2009,430
financial.indicator.equity_yoy,equity_yoy,2002,not_provided_by_source,4116,2206,1910
financial.indicator.equity_yoy,equity_yoy,2003,not_provided_by_source,4414,4084,330
financial.indicator.equity_yoy,equity_yoy,2004,not_provided_by_source,4808,4234,574
financial.indicator.equity_yoy,equity_yoy,2005,not_provided_by_source,5130,4634,496
financial.indicator.equity_yoy,equity_yoy,2006,not_provided_by_source,6042,4880,1162
financial.indicator.equity_yoy,equity_yoy,2007,not_provided_by_source,7275,5570,1705
financial.indicator.equity_yoy,equity_yoy,2008,not_provided_by_source,8085,6788,1297
financial.indicator.equity_yoy,equity_yoy,2009,not_provided_by_source,9808,7719,2089
financial.indicator.equity_yoy,equity_yoy,2010,not_provided_by_source,10706,8618,2088
financial.indicator.equity_yoy,equity_yoy,2011,not_provided_by_source,12606,10409,2197
financial.indicator.equity_yoy,equity_yoy,2012,not_provided_by_source,13723,12509,1214
financial.indicator.equity_yoy,equity_yoy,2013,not_provided_by_source,14280,13578,702
financial.indicator.equity_yoy,equity_yoy,2014,not_provided_by_source,15143,14152,991
financial.indicator.equity_yoy,equity_yoy,2015,not_provided_by_source,16225,14738,1487
financial.indicator.equity_yoy,equity_yoy,2016,not_provided_by_source,17928,15721,2207
financial.indicator.equity_yoy,equity_yoy,2017,not_provided_by_source,18710,16771,1939
financial.indicator.equity_yoy,equity_yoy,2018,not_provided_by_source,19035,18108,927
financial.indicator.equity_yoy,equity_yoy,2019,not_provided_by_source,19749,18561,1188
financial.indicator.equity_yoy,equity_yoy,2020,not_provided_by_source,21007,19031,1976
financial.indicator.equity_yoy,equity_yoy,2021,not_provided_by_source,21479,20057,1422
financial.indicator.equity_yoy,equity_yoy,2022,not_provided_by_source,21544,20913,631
financial.indicator.equity_yoy,equity_yoy,2023,not_provided_by_source,14469,14301,168
financial.indicator.equity_yoy,equity_yoy,2024,not_provided_by_source,12034,11960,74
financial.indicator.equity_yoy,equity_yoy,2025,not_provided_by_source,12859,12786,73
financial.indicator.equity_yoy,equity_yoy,2026,not_provided_by_source,7907,7874,33
financial.indicator.expense_of_sales,expense_of_sales,1990,not_provided_by_source,98,32,66
financial.indicator.expense_of_sales,expense_of_sales,1991,not_provided_by_source,144,64,80
financial.indicator.expense_of_sales,expense_of_sales,1992,not_provided_by_source,218,150,68
financial.indicator.expense_of_sales,expense_of_sales,1993,not_provided_by_source,592,436,156
financial.indicator.expense_of_sales,expense_of_sales,1994,not_provided_by_source,949,678,271
financial.indicator.expense_of_sales,expense_of_sales,1995,not_provided_by_source,1096,816,280
financial.indicator.expense_of_sales,expense_of_sales,1996,not_provided_by_source,1378,1014,364
financial.indicator.expense_of_sales,expense_of_sales,1997,not_provided_by_source,1755,1099,656
financial.indicator.expense_of_sales,expense_of_sales,1998,not_provided_by_source,1794,1784,10
financial.indicator.expense_of_sales,expense_of_sales,1999,not_provided_by_source,1996,1982,14
financial.indicator.expense_of_sales,expense_of_sales,2000,not_provided_by_source,2042,2022,20
financial.indicator.expense_of_sales,expense_of_sales,2001,not_provided_by_source,2439,2345,94
financial.indicator.expense_of_sales,expense_of_sales,2002,not_provided_by_source,4116,3722,394
financial.indicator.expense_of_sales,expense_of_sales,2003,not_provided_by_source,4414,4349,65
financial.indicator.expense_of_sales,expense_of_sales,2004,not_provided_by_source,4808,4697,111
financial.indicator.expense_of_sales,expense_of_sales,2005,not_provided_by_source,5130,4998,132
financial.indicator.expense_of_sales,expense_of_sales,2006,not_provided_by_source,6042,5903,139
financial.indicator.expense_of_sales,expense_of_sales,2007,not_provided_by_source,7275,7100,175
financial.indicator.expense_of_sales,expense_of_sales,2008,not_provided_by_source,8085,7872,213
financial.indicator.expense_of_sales,expense_of_sales,2009,not_provided_by_source,9808,9566,242
financial.indicator.expense_of_sales,expense_of_sales,2010,not_provided_by_source,10706,10426,280
financial.indicator.expense_of_sales,expense_of_sales,2011,not_provided_by_source,12606,12327,279
financial.indicator.expense_of_sales,expense_of_sales,2012,not_provided_by_source,13723,13386,337
financial.indicator.expense_of_sales,expense_of_sales,2013,not_provided_by_source,14280,13964,316
financial.indicator.expense_of_sales,expense_of_sales,2014,not_provided_by_source,15143,14874,269
financial.indicator.expense_of_sales,expense_of_sales,2015,not_provided_by_source,16225,15964,261
financial.indicator.expense_of_sales,expense_of_sales,2016,not_provided_by_source,17928,17669,259
financial.indicator.expense_of_sales,expense_of_sales,2017,not_provided_by_source,18710,18463,247
financial.indicator.expense_of_sales,expense_of_sales,2018,not_provided_by_source,19035,18764,271
financial.indicator.expense_of_sales,expense_of_sales,2019,not_provided_by_source,19749,19468,281
financial.indicator.expense_of_sales,expense_of_sales,2020,not_provided_by_source,21007,20738,269
financial.indicator.expense_of_sales,expense_of_sales,2021,not_provided_by_source,21479,21229,250
financial.indicator.expense_of_sales,expense_of_sales,2022,not_provided_by_source,21544,21268,276
financial.indicator.expense_of_sales,expense_of_sales,2023,not_provided_by_source,14469,14286,183
financial.indicator.expense_of_sales,expense_of_sales,2024,not_provided_by_source,12034,11890,144
financial.indicator.expense_of_sales,expense_of_sales,2025,not_provided_by_source,12859,12728,131
financial.indicator.expense_of_sales,expense_of_sales,2026,not_provided_by_source,7907,7854,53
financial.indicator.extra_item,extra_item,1990,not_provided_by_source,98,0,98
financial.indicator.extra_item,extra_item,1991,not_provided_by_source,144,0,144
financial.indicator.extra_item,extra_item,1992,not_provided_by_source,218,0,218
financial.indicator.extra_item,extra_item,1993,not_provided_by_source,592,0,592
financial.indicator.extra_item,extra_item,1994,not_provided_by_source,949,0,949
financial.indicator.extra_item,extra_item,1995,not_provided_by_source,1096,0,1096
financial.indicator.extra_item,extra_item,1996,not_provided_by_source,1378,0,1378
financial.indicator.extra_item,extra_item,1997,not_provided_by_source,1755,0,1755
financial.indicator.extra_item,extra_item,1998,not_provided_by_source,1794,2,1792
financial.indicator.extra_item,extra_item,1999,not_provided_by_source,1996,8,1988
financial.indicator.extra_item,extra_item,2000,not_provided_by_source,2042,1837,205
financial.indicator.extra_item,extra_item,2001,not_provided_by_source,2439,2053,386
financial.indicator.extra_item,extra_item,2002,not_provided_by_source,4116,3056,1060
financial.indicator.extra_item,extra_item,2003,not_provided_by_source,4414,2944,1470
financial.indicator.extra_item,extra_item,2004,not_provided_by_source,4808,4596,212
financial.indicator.extra_item,extra_item,2005,not_provided_by_source,5130,4800,330
financial.indicator.extra_item,extra_item,2006,not_provided_by_source,6042,5438,604
financial.indicator.extra_item,extra_item,2007,not_provided_by_source,7275,6708,567
financial.indicator.extra_item,extra_item,2008,not_provided_by_source,8085,7640,445
financial.indicator.extra_item,extra_item,2009,not_provided_by_source,9808,8520,1288
financial.indicator.extra_item,extra_item,2010,not_provided_by_source,10706,10290,416
financial.indicator.extra_item,extra_item,2011,not_provided_by_source,12606,12305,301
financial.indicator.extra_item,extra_item,2012,not_provided_by_source,13723,13388,335
financial.indicator.extra_item,extra_item,2013,not_provided_by_source,14280,14020,260
financial.indicator.extra_item,extra_item,2014,not_provided_by_source,15143,14785,358
financial.indicator.extra_item,extra_item,2015,not_provided_by_source,16225,15852,373
financial.indicator.extra_item,extra_item,2016,not_provided_by_source,17928,17023,905
financial.indicator.extra_item,extra_item,2017,not_provided_by_source,18710,18309,401
financial.indicator.extra_item,extra_item,2018,not_provided_by_source,19035,18784,251
financial.indicator.extra_item,extra_item,2019,not_provided_by_source,19749,19324,425
financial.indicator.extra_item,extra_item,2020,not_provided_by_source,21007,20328,679
financial.indicator.extra_item,extra_item,2021,not_provided_by_source,21479,21110,369
financial.indicator.extra_item,extra_item,2022,not_provided_by_source,21544,21417,127
financial.indicator.extra_item,extra_item,2023,not_provided_by_source,14469,14236,233
financial.indicator.extra_item,extra_item,2024,not_provided_by_source,12034,11876,158
financial.indicator.extra_item,extra_item,2025,not_provided_by_source,12859,12720,139
financial.indicator.extra_item,extra_item,2026,not_provided_by_source,7907,7812,95
financial.indicator.fa_turn,fa_turn,1990,not_provided_by_source,98,0,98
financial.indicator.fa_turn,fa_turn,1991,not_provided_by_source,144,0,144
financial.indicator.fa_turn,fa_turn,1992,not_provided_by_source,218,0,218
financial.indicator.fa_turn,fa_turn,1993,not_provided_by_source,592,2,590
financial.indicator.fa_turn,fa_turn,1994,not_provided_by_source,949,0,949
financial.indicator.fa_turn,fa_turn,1995,not_provided_by_source,1096,0,1096
financial.indicator.fa_turn,fa_turn,1996,not_provided_by_source,1378,0,1378
financial.indicator.fa_turn,fa_turn,1997,not_provided_by_source,1755,0,1755
financial.indicator.fa_turn,fa_turn,1998,not_provided_by_source,1794,0,1794
financial.indicator.fa_turn,fa_turn,1999,not_provided_by_source,1996,0,1996
financial.indicator.fa_turn,fa_turn,2000,not_provided_by_source,2042,6,2036
financial.indicator.fa_turn,fa_turn,2001,not_provided_by_source,2439,120,2319
financial.indicator.fa_turn,fa_turn,2002,not_provided_by_source,4116,3662,454
financial.indicator.fa_turn,fa_turn,2003,not_provided_by_source,4414,3836,578
financial.indicator.fa_turn,fa_turn,2004,not_provided_by_source,4808,4459,349
financial.indicator.fa_turn,fa_turn,2005,not_provided_by_source,5130,4751,379
financial.indicator.fa_turn,fa_turn,2006,not_provided_by_source,6042,3141,2901
financial.indicator.fa_turn,fa_turn,2007,not_provided_by_source,7275,7161,114
financial.indicator.fa_turn,fa_turn,2008,not_provided_by_source,8085,7953,132
financial.indicator.fa_turn,fa_turn,2009,not_provided_by_source,9808,9646,162
financial.indicator.fa_turn,fa_turn,2010,not_provided_by_source,10706,10501,205
financial.indicator.fa_turn,fa_turn,2011,not_provided_by_source,12606,12375,231
financial.indicator.fa_turn,fa_turn,2012,not_provided_by_source,13723,13429,294
financial.indicator.fa_turn,fa_turn,2013,not_provided_by_source,14280,14012,268
financial.indicator.fa_turn,fa_turn,2014,not_provided_by_source,15143,14881,262
financial.indicator.fa_turn,fa_turn,2015,not_provided_by_source,16225,15967,258
financial.indicator.fa_turn,fa_turn,2016,not_provided_by_source,17928,17681,247
financial.indicator.fa_turn,fa_turn,2017,not_provided_by_source,18710,18481,229
financial.indicator.fa_turn,fa_turn,2018,not_provided_by_source,19035,18779,256
financial.indicator.fa_turn,fa_turn,2019,not_provided_by_source,19749,19497,252
financial.indicator.fa_turn,fa_turn,2020,not_provided_by_source,21007,20754,253
financial.indicator.fa_turn,fa_turn,2021,not_provided_by_source,21479,21236,243
financial.indicator.fa_turn,fa_turn,2022,not_provided_by_source,21544,21316,228
financial.indicator.fa_turn,fa_turn,2023,not_provided_by_source,14469,14320,149
financial.indicator.fa_turn,fa_turn,2024,not_provided_by_source,12034,11904,130
financial.indicator.fa_turn,fa_turn,2025,not_provided_by_source,12859,12732,127
financial.indicator.fa_turn,fa_turn,2026,not_provided_by_source,7907,7847,60
financial.indicator.fcfe,fcfe,1990,not_provided_by_source,98,0,98
financial.indicator.fcfe,fcfe,1991,not_provided_by_source,144,0,144
financial.indicator.fcfe,fcfe,1992,not_provided_by_source,218,0,218
financial.indicator.fcfe,fcfe,1993,not_provided_by_source,592,0,592
financial.indicator.fcfe,fcfe,1994,not_provided_by_source,949,0,949
financial.indicator.fcfe,fcfe,1995,not_provided_by_source,1096,0,1096
financial.indicator.fcfe,fcfe,1996,not_provided_by_source,1378,2,1376
financial.indicator.fcfe,fcfe,1997,not_provided_by_source,1755,6,1749
financial.indicator.fcfe,fcfe,1998,not_provided_by_source,1794,1093,701
financial.indicator.fcfe,fcfe,1999,not_provided_by_source,1996,1250,746
financial.indicator.fcfe,fcfe,2000,not_provided_by_source,2042,1982,60
financial.indicator.fcfe,fcfe,2001,not_provided_by_source,2439,1989,450
financial.indicator.fcfe,fcfe,2002,not_provided_by_source,4116,2056,2060
financial.indicator.fcfe,fcfe,2003,not_provided_by_source,4414,3975,439
financial.indicator.fcfe,fcfe,2004,not_provided_by_source,4808,4336,472
financial.indicator.fcfe,fcfe,2005,not_provided_by_source,5130,4639,491
financial.indicator.fcfe,fcfe,2006,not_provided_by_source,6042,3853,2189
financial.indicator.fcfe,fcfe,2007,not_provided_by_source,7275,6111,1164
financial.indicator.fcfe,fcfe,2008,not_provided_by_source,8085,7225,860
financial.indicator.fcfe,fcfe,2009,not_provided_by_source,9808,8427,1381
financial.indicator.fcfe,fcfe,2010,not_provided_by_source,10706,10325,381
financial.indicator.fcfe,fcfe,2011,not_provided_by_source,12606,11793,813
financial.indicator.fcfe,fcfe,2012,not_provided_by_source,13723,13166,557
financial.indicator.fcfe,fcfe,2013,not_provided_by_source,14280,13766,514
financial.indicator.fcfe,fcfe,2014,not_provided_by_source,15143,14693,450
financial.indicator.fcfe,fcfe,2015,not_provided_by_source,16225,15791,434
financial.indicator.fcfe,fcfe,2016,not_provided_by_source,17928,16587,1341
financial.indicator.fcfe,fcfe,2017,not_provided_by_source,18710,17875,835
financial.indicator.fcfe,fcfe,2018,not_provided_by_source,19035,18459,576
financial.indicator.fcfe,fcfe,2019,not_provided_by_source,19749,18925,824
financial.indicator.fcfe,fcfe,2020,not_provided_by_source,21007,19892,1115
financial.indicator.fcfe,fcfe,2021,not_provided_by_source,21479,20830,649
financial.indicator.fcfe,fcfe,2022,not_provided_by_source,21544,21179,365
financial.indicator.fcfe,fcfe,2023,not_provided_by_source,14469,14004,465
financial.indicator.fcfe,fcfe,2024,not_provided_by_source,12034,10870,1164
financial.indicator.fcfe,fcfe,2025,not_provided_by_source,12859,10515,2344
financial.indicator.fcfe,fcfe,2026,not_provided_by_source,7907,7253,654
financial.indicator.fcfe_ps,fcfe_ps,1990,not_provided_by_source,98,0,98
financial.indicator.fcfe_ps,fcfe_ps,1991,not_provided_by_source,144,0,144
financial.indicator.fcfe_ps,fcfe_ps,1992,not_provided_by_source,218,0,218
financial.indicator.fcfe_ps,fcfe_ps,1993,not_provided_by_source,592,0,592
financial.indicator.fcfe_ps,fcfe_ps,1994,not_provided_by_source,949,0,949
financial.indicator.fcfe_ps,fcfe_ps,1995,not_provided_by_source,1096,0,1096
financial.indicator.fcfe_ps,fcfe_ps,1996,not_provided_by_source,1378,2,1376
financial.indicator.fcfe_ps,fcfe_ps,1997,not_provided_by_source,1755,6,1749
financial.indicator.fcfe_ps,fcfe_ps,1998,not_provided_by_source,1794,1093,701
financial.indicator.fcfe_ps,fcfe_ps,1999,not_provided_by_source,1996,1250,746
financial.indicator.fcfe_ps,fcfe_ps,2000,not_provided_by_source,2042,1982,60
financial.indicator.fcfe_ps,fcfe_ps,2001,not_provided_by_source,2439,1989,450
financial.indicator.fcfe_ps,fcfe_ps,2002,not_provided_by_source,4116,2056,2060
financial.indicator.fcfe_ps,fcfe_ps,2003,not_provided_by_source,4414,3956,458
financial.indicator.fcfe_ps,fcfe_ps,2004,not_provided_by_source,4808,4324,484
financial.indicator.fcfe_ps,fcfe_ps,2005,not_provided_by_source,5130,4629,501
financial.indicator.fcfe_ps,fcfe_ps,2006,not_provided_by_source,6042,3821,2221
financial.indicator.fcfe_ps,fcfe_ps,2007,not_provided_by_source,7275,6097,1178
financial.indicator.fcfe_ps,fcfe_ps,2008,not_provided_by_source,8085,7204,881
financial.indicator.fcfe_ps,fcfe_ps,2009,not_provided_by_source,9808,8342,1466
financial.indicator.fcfe_ps,fcfe_ps,2010,not_provided_by_source,10706,10309,397
financial.indicator.fcfe_ps,fcfe_ps,2011,not_provided_by_source,12606,11785,821
financial.indicator.fcfe_ps,fcfe_ps,2012,not_provided_by_source,13723,13146,577
financial.indicator.fcfe_ps,fcfe_ps,2013,not_provided_by_source,14280,13712,568
financial.indicator.fcfe_ps,fcfe_ps,2014,not_provided_by_source,15143,14596,547
financial.indicator.fcfe_ps,fcfe_ps,2015,not_provided_by_source,16225,15606,619
financial.indicator.fcfe_ps,fcfe_ps,2016,not_provided_by_source,17928,16539,1389
financial.indicator.fcfe_ps,fcfe_ps,2017,not_provided_by_source,18710,17822,888
financial.indicator.fcfe_ps,fcfe_ps,2018,not_provided_by_source,19035,18441,594
financial.indicator.fcfe_ps,fcfe_ps,2019,not_provided_by_source,19749,18910,839
financial.indicator.fcfe_ps,fcfe_ps,2020,not_provided_by_source,21007,19883,1124
financial.indicator.fcfe_ps,fcfe_ps,2021,not_provided_by_source,21479,20820,659
financial.indicator.fcfe_ps,fcfe_ps,2022,not_provided_by_source,21544,21151,393
financial.indicator.fcfe_ps,fcfe_ps,2023,not_provided_by_source,14469,13988,481
financial.indicator.fcfe_ps,fcfe_ps,2024,not_provided_by_source,12034,10854,1180
financial.indicator.fcfe_ps,fcfe_ps,2025,not_provided_by_source,12859,10508,2351
financial.indicator.fcfe_ps,fcfe_ps,2026,not_provided_by_source,7907,7253,654
financial.indicator.fcff,fcff,1990,not_provided_by_source,98,0,98
financial.indicator.fcff,fcff,1991,not_provided_by_source,144,0,144
financial.indicator.fcff,fcff,1992,not_provided_by_source,218,0,218
financial.indicator.fcff,fcff,1993,not_provided_by_source,592,0,592
financial.indicator.fcff,fcff,1994,not_provided_by_source,949,0,949
financial.indicator.fcff,fcff,1995,not_provided_by_source,1096,0,1096
financial.indicator.fcff,fcff,1996,not_provided_by_source,1378,2,1376
financial.indicator.fcff,fcff,1997,not_provided_by_source,1755,6,1749
financial.indicator.fcff,fcff,1998,not_provided_by_source,1794,1093,701
financial.indicator.fcff,fcff,1999,not_provided_by_source,1996,1250,746
financial.indicator.fcff,fcff,2000,not_provided_by_source,2042,1982,60
financial.indicator.fcff,fcff,2001,not_provided_by_source,2439,1989,450
financial.indicator.fcff,fcff,2002,not_provided_by_source,4116,2056,2060
financial.indicator.fcff,fcff,2003,not_provided_by_source,4414,3975,439
financial.indicator.fcff,fcff,2004,not_provided_by_source,4808,4336,472
financial.indicator.fcff,fcff,2005,not_provided_by_source,5130,4639,491
financial.indicator.fcff,fcff,2006,not_provided_by_source,6042,3854,2188
financial.indicator.fcff,fcff,2007,not_provided_by_source,7275,6125,1150
financial.indicator.fcff,fcff,2008,not_provided_by_source,8085,7249,836
financial.indicator.fcff,fcff,2009,not_provided_by_source,9808,8450,1358
financial.indicator.fcff,fcff,2010,not_provided_by_source,10706,10352,354
financial.indicator.fcff,fcff,2011,not_provided_by_source,12606,11824,782
financial.indicator.fcff,fcff,2012,not_provided_by_source,13723,13199,524
financial.indicator.fcff,fcff,2013,not_provided_by_source,14280,13799,481
financial.indicator.fcff,fcff,2014,not_provided_by_source,15143,14731,412
financial.indicator.fcff,fcff,2015,not_provided_by_source,16225,15827,398
financial.indicator.fcff,fcff,2016,not_provided_by_source,17928,16630,1298
financial.indicator.fcff,fcff,2017,not_provided_by_source,18710,17924,786
financial.indicator.fcff,fcff,2018,not_provided_by_source,19035,18513,522
financial.indicator.fcff,fcff,2019,not_provided_by_source,19749,18979,770
financial.indicator.fcff,fcff,2020,not_provided_by_source,21007,19943,1064
financial.indicator.fcff,fcff,2021,not_provided_by_source,21479,20882,597
financial.indicator.fcff,fcff,2022,not_provided_by_source,21544,21230,314
financial.indicator.fcff,fcff,2023,not_provided_by_source,14469,14004,465
financial.indicator.fcff,fcff,2024,not_provided_by_source,12034,10870,1164
financial.indicator.fcff,fcff,2025,not_provided_by_source,12859,10515,2344
financial.indicator.fcff,fcff,2026,not_provided_by_source,7907,7253,654
financial.indicator.fcff_ps,fcff_ps,1990,not_provided_by_source,98,0,98
financial.indicator.fcff_ps,fcff_ps,1991,not_provided_by_source,144,0,144
financial.indicator.fcff_ps,fcff_ps,1992,not_provided_by_source,218,0,218
financial.indicator.fcff_ps,fcff_ps,1993,not_provided_by_source,592,0,592
financial.indicator.fcff_ps,fcff_ps,1994,not_provided_by_source,949,0,949
financial.indicator.fcff_ps,fcff_ps,1995,not_provided_by_source,1096,0,1096
financial.indicator.fcff_ps,fcff_ps,1996,not_provided_by_source,1378,2,1376
financial.indicator.fcff_ps,fcff_ps,1997,not_provided_by_source,1755,6,1749
financial.indicator.fcff_ps,fcff_ps,1998,not_provided_by_source,1794,1093,701
financial.indicator.fcff_ps,fcff_ps,1999,not_provided_by_source,1996,1250,746
financial.indicator.fcff_ps,fcff_ps,2000,not_provided_by_source,2042,1982,60
financial.indicator.fcff_ps,fcff_ps,2001,not_provided_by_source,2439,1989,450
financial.indicator.fcff_ps,fcff_ps,2002,not_provided_by_source,4116,2056,2060
financial.indicator.fcff_ps,fcff_ps,2003,not_provided_by_source,4414,3956,458
financial.indicator.fcff_ps,fcff_ps,2004,not_provided_by_source,4808,4324,484
financial.indicator.fcff_ps,fcff_ps,2005,not_provided_by_source,5130,4629,501
financial.indicator.fcff_ps,fcff_ps,2006,not_provided_by_source,6042,3821,2221
financial.indicator.fcff_ps,fcff_ps,2007,not_provided_by_source,7275,6097,1178
financial.indicator.fcff_ps,fcff_ps,2008,not_provided_by_source,8085,7204,881
financial.indicator.fcff_ps,fcff_ps,2009,not_provided_by_source,9808,8342,1466
financial.indicator.fcff_ps,fcff_ps,2010,not_provided_by_source,10706,10309,397
financial.indicator.fcff_ps,fcff_ps,2011,not_provided_by_source,12606,11785,821
financial.indicator.fcff_ps,fcff_ps,2012,not_provided_by_source,13723,13146,577
financial.indicator.fcff_ps,fcff_ps,2013,not_provided_by_source,14280,13712,568
financial.indicator.fcff_ps,fcff_ps,2014,not_provided_by_source,15143,14596,547
financial.indicator.fcff_ps,fcff_ps,2015,not_provided_by_source,16225,15606,619
financial.indicator.fcff_ps,fcff_ps,2016,not_provided_by_source,17928,16539,1389
financial.indicator.fcff_ps,fcff_ps,2017,not_provided_by_source,18710,17822,888
financial.indicator.fcff_ps,fcff_ps,2018,not_provided_by_source,19035,18441,594
financial.indicator.fcff_ps,fcff_ps,2019,not_provided_by_source,19749,18910,839
financial.indicator.fcff_ps,fcff_ps,2020,not_provided_by_source,21007,19883,1124
financial.indicator.fcff_ps,fcff_ps,2021,not_provided_by_source,21479,20820,659
financial.indicator.fcff_ps,fcff_ps,2022,not_provided_by_source,21544,21151,393
financial.indicator.fcff_ps,fcff_ps,2023,not_provided_by_source,14469,13988,481
financial.indicator.fcff_ps,fcff_ps,2024,not_provided_by_source,12034,10854,1180
financial.indicator.fcff_ps,fcff_ps,2025,not_provided_by_source,12859,10508,2351
financial.indicator.fcff_ps,fcff_ps,2026,not_provided_by_source,7907,7253,654
financial.indicator.finaexp_of_gr,finaexp_of_gr,1990,not_provided_by_source,98,26,72
financial.indicator.finaexp_of_gr,finaexp_of_gr,1991,not_provided_by_source,144,54,90
financial.indicator.finaexp_of_gr,finaexp_of_gr,1992,not_provided_by_source,218,136,82
financial.indicator.finaexp_of_gr,finaexp_of_gr,1993,not_provided_by_source,592,434,158
financial.indicator.finaexp_of_gr,finaexp_of_gr,1994,not_provided_by_source,949,672,277
financial.indicator.finaexp_of_gr,finaexp_of_gr,1995,not_provided_by_source,1096,810,286
financial.indicator.finaexp_of_gr,finaexp_of_gr,1996,not_provided_by_source,1378,1010,368
financial.indicator.finaexp_of_gr,finaexp_of_gr,1997,not_provided_by_source,1755,1097,658
financial.indicator.finaexp_of_gr,finaexp_of_gr,1998,not_provided_by_source,1794,1780,14
financial.indicator.finaexp_of_gr,finaexp_of_gr,1999,not_provided_by_source,1996,1982,14
financial.indicator.finaexp_of_gr,finaexp_of_gr,2000,not_provided_by_source,2042,2022,20
financial.indicator.finaexp_of_gr,finaexp_of_gr,2001,not_provided_by_source,2439,2345,94
financial.indicator.finaexp_of_gr,finaexp_of_gr,2002,not_provided_by_source,4116,3720,396
financial.indicator.finaexp_of_gr,finaexp_of_gr,2003,not_provided_by_source,4414,4349,65
financial.indicator.finaexp_of_gr,finaexp_of_gr,2004,not_provided_by_source,4808,4695,113
financial.indicator.finaexp_of_gr,finaexp_of_gr,2005,not_provided_by_source,5130,4998,132
financial.indicator.finaexp_of_gr,finaexp_of_gr,2006,not_provided_by_source,6042,5901,141
financial.indicator.finaexp_of_gr,finaexp_of_gr,2007,not_provided_by_source,7275,7098,177
financial.indicator.finaexp_of_gr,finaexp_of_gr,2008,not_provided_by_source,8085,7868,217
financial.indicator.finaexp_of_gr,finaexp_of_gr,2009,not_provided_by_source,9808,9564,244
financial.indicator.finaexp_of_gr,finaexp_of_gr,2010,not_provided_by_source,10706,10426,280
financial.indicator.finaexp_of_gr,finaexp_of_gr,2011,not_provided_by_source,12606,12327,279
financial.indicator.finaexp_of_gr,finaexp_of_gr,2012,not_provided_by_source,13723,13386,337
financial.indicator.finaexp_of_gr,finaexp_of_gr,2013,not_provided_by_source,14280,13958,322
financial.indicator.finaexp_of_gr,finaexp_of_gr,2014,not_provided_by_source,15143,14874,269
financial.indicator.finaexp_of_gr,finaexp_of_gr,2015,not_provided_by_source,16225,15960,265
financial.indicator.finaexp_of_gr,finaexp_of_gr,2016,not_provided_by_source,17928,17663,265
financial.indicator.finaexp_of_gr,finaexp_of_gr,2017,not_provided_by_source,18710,18463,247
financial.indicator.finaexp_of_gr,finaexp_of_gr,2018,not_provided_by_source,19035,18764,271
financial.indicator.finaexp_of_gr,finaexp_of_gr,2019,not_provided_by_source,19749,19464,285
financial.indicator.finaexp_of_gr,finaexp_of_gr,2020,not_provided_by_source,21007,20732,275
financial.indicator.finaexp_of_gr,finaexp_of_gr,2021,not_provided_by_source,21479,21221,258
financial.indicator.finaexp_of_gr,finaexp_of_gr,2022,not_provided_by_source,21544,21260,284
financial.indicator.finaexp_of_gr,finaexp_of_gr,2023,not_provided_by_source,14469,14281,188
financial.indicator.finaexp_of_gr,finaexp_of_gr,2024,not_provided_by_source,12034,11886,148
financial.indicator.finaexp_of_gr,finaexp_of_gr,2025,not_provided_by_source,12859,12724,135
financial.indicator.finaexp_of_gr,finaexp_of_gr,2026,not_provided_by_source,7907,7825,82
financial.indicator.fixed_assets,fixed_assets,1990,not_provided_by_source,98,38,60
financial.indicator.fixed_assets,fixed_assets,1991,not_provided_by_source,144,80,64
financial.indicator.fixed_assets,fixed_assets,1992,not_provided_by_source,218,170,48
financial.indicator.fixed_assets,fixed_assets,1993,not_provided_by_source,592,510,82
financial.indicator.fixed_assets,fixed_assets,1994,not_provided_by_source,949,741,208
financial.indicator.fixed_assets,fixed_assets,1995,not_provided_by_source,1096,1094,2
financial.indicator.fixed_assets,fixed_assets,1996,not_provided_by_source,1378,1374,4
financial.indicator.fixed_assets,fixed_assets,1997,not_provided_by_source,1755,1713,42
financial.indicator.fixed_assets,fixed_assets,1998,not_provided_by_source,1794,1794,0
financial.indicator.fixed_assets,fixed_assets,1999,not_provided_by_source,1996,1928,68
financial.indicator.fixed_assets,fixed_assets,2000,not_provided_by_source,2042,2014,28
financial.indicator.fixed_assets,fixed_assets,2001,not_provided_by_source,2439,2207,232
financial.indicator.fixed_assets,fixed_assets,2002,not_provided_by_source,4116,4010,106
financial.indicator.fixed_assets,fixed_assets,2003,not_provided_by_source,4414,4052,362
financial.indicator.fixed_assets,fixed_assets,2004,not_provided_by_source,4808,4596,212
financial.indicator.fixed_assets,fixed_assets,2005,not_provided_by_source,5130,4858,272
financial.indicator.fixed_assets,fixed_assets,2006,not_provided_by_source,6042,5479,563
financial.indicator.fixed_assets,fixed_assets,2007,not_provided_by_source,7275,6786,489
financial.indicator.fixed_assets,fixed_assets,2008,not_provided_by_source,8085,7758,327
financial.indicator.fixed_assets,fixed_assets,2009,not_provided_by_source,9808,8634,1174
financial.indicator.fixed_assets,fixed_assets,2010,not_provided_by_source,10706,10410,296
financial.indicator.fixed_assets,fixed_assets,2011,not_provided_by_source,12606,12479,127
financial.indicator.fixed_assets,fixed_assets,2012,not_provided_by_source,13723,13562,161
financial.indicator.fixed_assets,fixed_assets,2013,not_provided_by_source,14280,14098,182
financial.indicator.fixed_assets,fixed_assets,2014,not_provided_by_source,15143,14871,272
financial.indicator.fixed_assets,fixed_assets,2015,not_provided_by_source,16225,15816,409
financial.indicator.fixed_assets,fixed_assets,2016,not_provided_by_source,17928,16861,1067
financial.indicator.fixed_assets,fixed_assets,2017,not_provided_by_source,18710,18259,451
financial.indicator.fixed_assets,fixed_assets,2018,not_provided_by_source,19035,18686,349
financial.indicator.fixed_assets,fixed_assets,2019,not_provided_by_source,19749,19136,613
financial.indicator.fixed_assets,fixed_assets,2020,not_provided_by_source,21007,20128,879
financial.indicator.fixed_assets,fixed_assets,2021,not_provided_by_source,21479,21044,435
financial.indicator.fixed_assets,fixed_assets,2022,not_provided_by_source,21544,21377,167
financial.indicator.fixed_assets,fixed_assets,2023,not_provided_by_source,14469,14420,49
financial.indicator.fixed_assets,fixed_assets,2024,not_provided_by_source,12034,11977,57
financial.indicator.fixed_assets,fixed_assets,2025,not_provided_by_source,12859,12827,32
financial.indicator.fixed_assets,fixed_assets,2026,not_provided_by_source,7907,7863,44
financial.indicator.gc_of_gr,gc_of_gr,1990,not_provided_by_source,98,60,38
financial.indicator.gc_of_gr,gc_of_gr,1991,not_provided_by_source,144,98,46
financial.indicator.gc_of_gr,gc_of_gr,1992,not_provided_by_source,218,178,40
financial.indicator.gc_of_gr,gc_of_gr,1993,not_provided_by_source,592,474,118
financial.indicator.gc_of_gr,gc_of_gr,1994,not_provided_by_source,949,690,259
financial.indicator.gc_of_gr,gc_of_gr,1995,not_provided_by_source,1096,826,270
financial.indicator.gc_of_gr,gc_of_gr,1996,not_provided_by_source,1378,1020,358
financial.indicator.gc_of_gr,gc_of_gr,1997,not_provided_by_source,1755,1105,650
financial.indicator.gc_of_gr,gc_of_gr,1998,not_provided_by_source,1794,1784,10
financial.indicator.gc_of_gr,gc_of_gr,1999,not_provided_by_source,1996,1982,14
financial.indicator.gc_of_gr,gc_of_gr,2000,not_provided_by_source,2042,2022,20
financial.indicator.gc_of_gr,gc_of_gr,2001,not_provided_by_source,2439,2347,92
financial.indicator.gc_of_gr,gc_of_gr,2002,not_provided_by_source,4116,3724,392
financial.indicator.gc_of_gr,gc_of_gr,2003,not_provided_by_source,4414,4349,65
financial.indicator.gc_of_gr,gc_of_gr,2004,not_provided_by_source,4808,4697,111
financial.indicator.gc_of_gr,gc_of_gr,2005,not_provided_by_source,5130,4998,132
financial.indicator.gc_of_gr,gc_of_gr,2006,not_provided_by_source,6042,5905,137
financial.indicator.gc_of_gr,gc_of_gr,2007,not_provided_by_source,7275,7104,171
financial.indicator.gc_of_gr,gc_of_gr,2008,not_provided_by_source,8085,7872,213
financial.indicator.gc_of_gr,gc_of_gr,2009,not_provided_by_source,9808,9566,242
financial.indicator.gc_of_gr,gc_of_gr,2010,not_provided_by_source,10706,10428,278
financial.indicator.gc_of_gr,gc_of_gr,2011,not_provided_by_source,12606,12329,277
financial.indicator.gc_of_gr,gc_of_gr,2012,not_provided_by_source,13723,13388,335
financial.indicator.gc_of_gr,gc_of_gr,2013,not_provided_by_source,14280,13972,308
financial.indicator.gc_of_gr,gc_of_gr,2014,not_provided_by_source,15143,14874,269
financial.indicator.gc_of_gr,gc_of_gr,2015,not_provided_by_source,16225,15964,261
financial.indicator.gc_of_gr,gc_of_gr,2016,not_provided_by_source,17928,17671,257
financial.indicator.gc_of_gr,gc_of_gr,2017,not_provided_by_source,18710,18463,247
financial.indicator.gc_of_gr,gc_of_gr,2018,not_provided_by_source,19035,18764,271
financial.indicator.gc_of_gr,gc_of_gr,2019,not_provided_by_source,19749,19470,279
financial.indicator.gc_of_gr,gc_of_gr,2020,not_provided_by_source,21007,20738,269
financial.indicator.gc_of_gr,gc_of_gr,2021,not_provided_by_source,21479,21231,248
financial.indicator.gc_of_gr,gc_of_gr,2022,not_provided_by_source,21544,21268,276
financial.indicator.gc_of_gr,gc_of_gr,2023,not_provided_by_source,14469,14287,182
financial.indicator.gc_of_gr,gc_of_gr,2024,not_provided_by_source,12034,11890,144
financial.indicator.gc_of_gr,gc_of_gr,2025,not_provided_by_source,12859,12728,131
financial.indicator.gc_of_gr,gc_of_gr,2026,not_provided_by_source,7907,7854,53
financial.indicator.gross_profit,gross_profit,1990,not_provided_by_source,98,92,6
financial.indicator.gross_profit,gross_profit,1991,not_provided_by_source,144,140,4
financial.indicator.gross_profit,gross_profit,1992,not_provided_by_source,218,204,14
financial.indicator.gross_profit,gross_profit,1993,not_provided_by_source,592,576,16
financial.indicator.gross_profit,gross_profit,1994,not_provided_by_source,949,938,11
financial.indicator.gross_profit,gross_profit,1995,not_provided_by_source,1096,1084,12
financial.indicator.gross_profit,gross_profit,1996,not_provided_by_source,1378,1370,8
financial.indicator.gross_profit,gross_profit,1997,not_provided_by_source,1755,1747,8
financial.indicator.gross_profit,gross_profit,1998,not_provided_by_source,1794,1786,8
financial.indicator.gross_profit,gross_profit,1999,not_provided_by_source,1996,1986,10
financial.indicator.gross_profit,gross_profit,2000,not_provided_by_source,2042,2026,16
financial.indicator.gross_profit,gross_profit,2001,not_provided_by_source,2439,2409,30
financial.indicator.gross_profit,gross_profit,2002,not_provided_by_source,4116,4078,38
financial.indicator.gross_profit,gross_profit,2003,not_provided_by_source,4414,4371,43
financial.indicator.gross_profit,gross_profit,2004,not_provided_by_source,4808,4707,101
financial.indicator.gross_profit,gross_profit,2005,not_provided_by_source,5130,5000,130
financial.indicator.gross_profit,gross_profit,2006,not_provided_by_source,6042,5942,100
financial.indicator.gross_profit,gross_profit,2007,not_provided_by_source,7275,7148,127
financial.indicator.gross_profit,gross_profit,2008,not_provided_by_source,8085,7927,158
financial.indicator.gross_profit,gross_profit,2009,not_provided_by_source,9808,9624,184
financial.indicator.gross_profit,gross_profit,2010,not_provided_by_source,10706,10491,215
financial.indicator.gross_profit,gross_profit,2011,not_provided_by_source,12606,12371,235
financial.indicator.gross_profit,gross_profit,2012,not_provided_by_source,13723,13433,290
financial.indicator.gross_profit,gross_profit,2013,not_provided_by_source,14280,14026,254
financial.indicator.gross_profit,gross_profit,2014,not_provided_by_source,15143,14900,243
financial.indicator.gross_profit,gross_profit,2015,not_provided_by_source,16225,15989,236
financial.indicator.gross_profit,gross_profit,2016,not_provided_by_source,17928,17677,251
financial.indicator.gross_profit,gross_profit,2017,not_provided_by_source,18710,18461,249
financial.indicator.gross_profit,gross_profit,2018,not_provided_by_source,19035,18756,279
financial.indicator.gross_profit,gross_profit,2019,not_provided_by_source,19749,19474,275
financial.indicator.gross_profit,gross_profit,2020,not_provided_by_source,21007,20755,252
financial.indicator.gross_profit,gross_profit,2021,not_provided_by_source,21479,21231,248
financial.indicator.gross_profit,gross_profit,2022,not_provided_by_source,21544,21297,247
financial.indicator.gross_profit,gross_profit,2023,not_provided_by_source,14469,14303,166
financial.indicator.gross_profit,gross_profit,2024,not_provided_by_source,12034,11888,146
financial.indicator.gross_profit,gross_profit,2025,not_provided_by_source,12859,12720,139
financial.indicator.gross_profit,gross_profit,2026,not_provided_by_source,7907,7825,82
financial.indicator.gross_profit_margin,gross_profit_margin,1990,not_provided_by_source,98,56,42
financial.indicator.gross_profit_margin,gross_profit_margin,1991,not_provided_by_source,144,94,50
financial.indicator.gross_profit_margin,gross_profit_margin,1992,not_provided_by_source,218,176,42
financial.indicator.gross_profit_margin,gross_profit_margin,1993,not_provided_by_source,592,468,124
financial.indicator.gross_profit_margin,gross_profit_margin,1994,not_provided_by_source,949,680,269
financial.indicator.gross_profit_margin,gross_profit_margin,1995,not_provided_by_source,1096,824,272
financial.indicator.gross_profit_margin,gross_profit_margin,1996,not_provided_by_source,1378,1016,362
financial.indicator.gross_profit_margin,gross_profit_margin,1997,not_provided_by_source,1755,1103,652
financial.indicator.gross_profit_margin,gross_profit_margin,1998,not_provided_by_source,1794,1784,10
financial.indicator.gross_profit_margin,gross_profit_margin,1999,not_provided_by_source,1996,1982,14
financial.indicator.gross_profit_margin,gross_profit_margin,2000,not_provided_by_source,2042,2022,20
financial.indicator.gross_profit_margin,gross_profit_margin,2001,not_provided_by_source,2439,2347,92
financial.indicator.gross_profit_margin,gross_profit_margin,2002,not_provided_by_source,4116,3716,400
financial.indicator.gross_profit_margin,gross_profit_margin,2003,not_provided_by_source,4414,4339,75
financial.indicator.gross_profit_margin,gross_profit_margin,2004,not_provided_by_source,4808,4693,115
financial.indicator.gross_profit_margin,gross_profit_margin,2005,not_provided_by_source,5130,4984,146
financial.indicator.gross_profit_margin,gross_profit_margin,2006,not_provided_by_source,6042,5895,147
financial.indicator.gross_profit_margin,gross_profit_margin,2007,not_provided_by_source,7275,7086,189
financial.indicator.gross_profit_margin,gross_profit_margin,2008,not_provided_by_source,8085,7856,229
financial.indicator.gross_profit_margin,gross_profit_margin,2009,not_provided_by_source,9808,9554,254
financial.indicator.gross_profit_margin,gross_profit_margin,2010,not_provided_by_source,10706,10418,288
financial.indicator.gross_profit_margin,gross_profit_margin,2011,not_provided_by_source,12606,12319,287
financial.indicator.gross_profit_margin,gross_profit_margin,2012,not_provided_by_source,13723,13374,349
financial.indicator.gross_profit_margin,gross_profit_margin,2013,not_provided_by_source,14280,13964,316
financial.indicator.gross_profit_margin,gross_profit_margin,2014,not_provided_by_source,15143,14874,269
financial.indicator.gross_profit_margin,gross_profit_margin,2015,not_provided_by_source,16225,15962,263
financial.indicator.gross_profit_margin,gross_profit_margin,2016,not_provided_by_source,17928,17661,267
financial.indicator.gross_profit_margin,gross_profit_margin,2017,not_provided_by_source,18710,18453,257
financial.indicator.gross_profit_margin,gross_profit_margin,2018,not_provided_by_source,19035,18744,291
financial.indicator.gross_profit_margin,gross_profit_margin,2019,not_provided_by_source,19749,19444,305
financial.indicator.gross_profit_margin,gross_profit_margin,2020,not_provided_by_source,21007,20722,285
financial.indicator.gross_profit_margin,gross_profit_margin,2021,not_provided_by_source,21479,21203,276
financial.indicator.gross_profit_margin,gross_profit_margin,2022,not_provided_by_source,21544,21248,296
financial.indicator.gross_profit_margin,gross_profit_margin,2023,not_provided_by_source,14469,14267,202
financial.indicator.gross_profit_margin,gross_profit_margin,2024,not_provided_by_source,12034,11876,158
financial.indicator.gross_profit_margin,gross_profit_margin,2025,not_provided_by_source,12859,12714,145
financial.indicator.gross_profit_margin,gross_profit_margin,2026,not_provided_by_source,7907,7824,83
financial.indicator.impai_ttm,impai_ttm,1990,not_provided_by_source,98,0,98
financial.indicator.impai_ttm,impai_ttm,1991,not_provided_by_source,144,0,144
financial.indicator.impai_ttm,impai_ttm,1992,not_provided_by_source,218,0,218
financial.indicator.impai_ttm,impai_ttm,1993,not_provided_by_source,592,0,592
financial.indicator.impai_ttm,impai_ttm,1994,not_provided_by_source,949,0,949
financial.indicator.impai_ttm,impai_ttm,1995,not_provided_by_source,1096,0,1096
financial.indicator.impai_ttm,impai_ttm,1996,not_provided_by_source,1378,0,1378
financial.indicator.impai_ttm,impai_ttm,1997,not_provided_by_source,1755,0,1755
financial.indicator.impai_ttm,impai_ttm,1998,not_provided_by_source,1794,0,1794
financial.indicator.impai_ttm,impai_ttm,1999,not_provided_by_source,1996,0,1996
financial.indicator.impai_ttm,impai_ttm,2000,not_provided_by_source,2042,0,2042
financial.indicator.impai_ttm,impai_ttm,2001,not_provided_by_source,2439,0,2439
financial.indicator.impai_ttm,impai_ttm,2002,not_provided_by_source,4116,0,4116
financial.indicator.impai_ttm,impai_ttm,2003,not_provided_by_source,4414,0,4414
financial.indicator.impai_ttm,impai_ttm,2004,not_provided_by_source,4808,190,4618
financial.indicator.impai_ttm,impai_ttm,2005,not_provided_by_source,5130,352,4778
financial.indicator.impai_ttm,impai_ttm,2006,not_provided_by_source,6042,4034,2008
financial.indicator.impai_ttm,impai_ttm,2007,not_provided_by_source,7275,5564,1711
financial.indicator.impai_ttm,impai_ttm,2008,not_provided_by_source,8085,6866,1219
financial.indicator.impai_ttm,impai_ttm,2009,not_provided_by_source,9808,8544,1264
financial.indicator.impai_ttm,impai_ttm,2010,not_provided_by_source,10706,9418,1288
financial.indicator.impai_ttm,impai_ttm,2011,not_provided_by_source,12606,11199,1407
financial.indicator.impai_ttm,impai_ttm,2012,not_provided_by_source,13723,12264,1459
financial.indicator.impai_ttm,impai_ttm,2013,not_provided_by_source,14280,13046,1234
financial.indicator.impai_ttm,impai_ttm,2014,not_provided_by_source,15143,14046,1097
financial.indicator.impai_ttm,impai_ttm,2015,not_provided_by_source,16225,15309,916
financial.indicator.impai_ttm,impai_ttm,2016,not_provided_by_source,17928,17101,827
financial.indicator.impai_ttm,impai_ttm,2017,not_provided_by_source,18710,17978,732
financial.indicator.impai_ttm,impai_ttm,2018,not_provided_by_source,19035,18362,673
financial.indicator.impai_ttm,impai_ttm,2019,not_provided_by_source,19749,14507,5242
financial.indicator.impai_ttm,impai_ttm,2020,not_provided_by_source,21007,13243,7764
financial.indicator.impai_ttm,impai_ttm,2021,not_provided_by_source,21479,15657,5822
financial.indicator.impai_ttm,impai_ttm,2022,not_provided_by_source,21544,16468,5076
financial.indicator.impai_ttm,impai_ttm,2023,not_provided_by_source,14469,11236,3233
financial.indicator.impai_ttm,impai_ttm,2024,not_provided_by_source,12034,9966,2068
financial.indicator.impai_ttm,impai_ttm,2025,not_provided_by_source,12859,10899,1960
financial.indicator.impai_ttm,impai_ttm,2026,not_provided_by_source,7907,6569,1338
financial.indicator.int_to_talcap,int_to_talcap,1990,not_provided_by_source,98,42,56
financial.indicator.int_to_talcap,int_to_talcap,1991,not_provided_by_source,144,86,58
financial.indicator.int_to_talcap,int_to_talcap,1992,not_provided_by_source,218,184,34
financial.indicator.int_to_talcap,int_to_talcap,1993,not_provided_by_source,592,516,76
financial.indicator.int_to_talcap,int_to_talcap,1994,not_provided_by_source,949,927,22
financial.indicator.int_to_talcap,int_to_talcap,1995,not_provided_by_source,1096,1084,12
financial.indicator.int_to_talcap,int_to_talcap,1996,not_provided_by_source,1378,1366,12
financial.indicator.int_to_talcap,int_to_talcap,1997,not_provided_by_source,1755,1705,50
financial.indicator.int_to_talcap,int_to_talcap,1998,not_provided_by_source,1794,1786,8
financial.indicator.int_to_talcap,int_to_talcap,1999,not_provided_by_source,1996,1920,76
financial.indicator.int_to_talcap,int_to_talcap,2000,not_provided_by_source,2042,2006,36
financial.indicator.int_to_talcap,int_to_talcap,2001,not_provided_by_source,2439,2209,230
financial.indicator.int_to_talcap,int_to_talcap,2002,not_provided_by_source,4116,4074,42
financial.indicator.int_to_talcap,int_to_talcap,2003,not_provided_by_source,4414,4004,410
financial.indicator.int_to_talcap,int_to_talcap,2004,not_provided_by_source,4808,4530,278
financial.indicator.int_to_talcap,int_to_talcap,2005,not_provided_by_source,5130,4766,364
financial.indicator.int_to_talcap,int_to_talcap,2006,not_provided_by_source,6042,5274,768
financial.indicator.int_to_talcap,int_to_talcap,2007,not_provided_by_source,7275,6496,779
financial.indicator.int_to_talcap,int_to_talcap,2008,not_provided_by_source,8085,7444,641
financial.indicator.int_to_talcap,int_to_talcap,2009,not_provided_by_source,9808,8368,1440
financial.indicator.int_to_talcap,int_to_talcap,2010,not_provided_by_source,10706,10146,560
financial.indicator.int_to_talcap,int_to_talcap,2011,not_provided_by_source,12606,12187,419
financial.indicator.int_to_talcap,int_to_talcap,2012,not_provided_by_source,13723,13286,437
financial.indicator.int_to_talcap,int_to_talcap,2013,not_provided_by_source,14280,13882,398
financial.indicator.int_to_talcap,int_to_talcap,2014,not_provided_by_source,15143,14665,478
financial.indicator.int_to_talcap,int_to_talcap,2015,not_provided_by_source,16225,15685,540
financial.indicator.int_to_talcap,int_to_talcap,2016,not_provided_by_source,17928,16673,1255
financial.indicator.int_to_talcap,int_to_talcap,2017,not_provided_by_source,18710,18071,639
financial.indicator.int_to_talcap,int_to_talcap,2018,not_provided_by_source,19035,18416,619
financial.indicator.int_to_talcap,int_to_talcap,2019,not_provided_by_source,19749,18784,965
financial.indicator.int_to_talcap,int_to_talcap,2020,not_provided_by_source,21007,19760,1247
financial.indicator.int_to_talcap,int_to_talcap,2021,not_provided_by_source,21479,20680,799
financial.indicator.int_to_talcap,int_to_talcap,2022,not_provided_by_source,21544,21003,541
financial.indicator.int_to_talcap,int_to_talcap,2023,not_provided_by_source,14469,14164,305
financial.indicator.int_to_talcap,int_to_talcap,2024,not_provided_by_source,12034,11741,293
financial.indicator.int_to_talcap,int_to_talcap,2025,not_provided_by_source,12859,12571,288
financial.indicator.int_to_talcap,int_to_talcap,2026,not_provided_by_source,7907,7762,145
financial.indicator.interest_expense,interest_expense,1990,not_provided_by_source,98,0,98
financial.indicator.interest_expense,interest_expense,1991,not_provided_by_source,144,0,144
financial.indicator.interest_expense,interest_expense,1992,not_provided_by_source,218,0,218
financial.indicator.interest_expense,interest_expense,1993,not_provided_by_source,592,0,592
financial.indicator.interest_expense,interest_expense,1994,not_provided_by_source,949,0,949
financial.indicator.interest_expense,interest_expense,1995,not_provided_by_source,1096,0,1096
financial.indicator.interest_expense,interest_expense,1996,not_provided_by_source,1378,0,1378
financial.indicator.interest_expense,interest_expense,1997,not_provided_by_source,1755,0,1755
financial.indicator.interest_expense,interest_expense,1998,not_provided_by_source,1794,4,1790
financial.indicator.interest_expense,interest_expense,1999,not_provided_by_source,1996,909,1087
financial.indicator.interest_expense,interest_expense,2000,not_provided_by_source,2042,1944,98
financial.indicator.interest_expense,interest_expense,2001,not_provided_by_source,2439,1951,488
financial.indicator.interest_expense,interest_expense,2002,not_provided_by_source,4116,2040,2076
financial.indicator.interest_expense,interest_expense,2003,not_provided_by_source,4414,2196,2218
financial.indicator.interest_expense,interest_expense,2004,not_provided_by_source,4808,2460,2348
financial.indicator.interest_expense,interest_expense,2005,not_provided_by_source,5130,2572,2558
financial.indicator.interest_expense,interest_expense,2006,not_provided_by_source,6042,2944,3098
financial.indicator.interest_expense,interest_expense,2007,not_provided_by_source,7275,3426,3849
financial.indicator.interest_expense,interest_expense,2008,not_provided_by_source,8085,3980,4105
financial.indicator.interest_expense,interest_expense,2009,not_provided_by_source,9808,4072,5736
financial.indicator.interest_expense,interest_expense,2010,not_provided_by_source,10706,4842,5864
financial.indicator.interest_expense,interest_expense,2011,not_provided_by_source,12606,5907,6699
financial.indicator.interest_expense,interest_expense,2012,not_provided_by_source,13723,4698,9025
financial.indicator.interest_expense,interest_expense,2013,not_provided_by_source,14280,7156,7124
financial.indicator.interest_expense,interest_expense,2014,not_provided_by_source,15143,7799,7344
financial.indicator.interest_expense,interest_expense,2015,not_provided_by_source,16225,8392,7833
financial.indicator.interest_expense,interest_expense,2016,not_provided_by_source,17928,9349,8579
financial.indicator.interest_expense,interest_expense,2017,not_provided_by_source,18710,9853,8857
financial.indicator.interest_expense,interest_expense,2018,not_provided_by_source,19035,13646,5389
financial.indicator.interest_expense,interest_expense,2019,not_provided_by_source,19749,17927,1822
financial.indicator.interest_expense,interest_expense,2020,not_provided_by_source,21007,19140,1867
financial.indicator.interest_expense,interest_expense,2021,not_provided_by_source,21479,19838,1641
financial.indicator.interest_expense,interest_expense,2022,not_provided_by_source,21544,20208,1336
financial.indicator.interest_expense,interest_expense,2023,not_provided_by_source,14469,13582,887
financial.indicator.interest_expense,interest_expense,2024,not_provided_by_source,12034,11476,558
financial.indicator.interest_expense,interest_expense,2025,not_provided_by_source,12859,12258,601
financial.indicator.interest_expense,interest_expense,2026,not_provided_by_source,7907,7570,337
financial.indicator.interestdebt,interestdebt,1990,not_provided_by_source,98,50,48
financial.indicator.interestdebt,interestdebt,1991,not_provided_by_source,144,92,52
financial.indicator.interestdebt,interestdebt,1992,not_provided_by_source,218,188,30
financial.indicator.interestdebt,interestdebt,1993,not_provided_by_source,592,528,64
financial.indicator.interestdebt,interestdebt,1994,not_provided_by_source,949,937,12
financial.indicator.interestdebt,interestdebt,1995,not_provided_by_source,1096,1086,10
financial.indicator.interestdebt,interestdebt,1996,not_provided_by_source,1378,1366,12
financial.indicator.interestdebt,interestdebt,1997,not_provided_by_source,1755,1705,50
financial.indicator.interestdebt,interestdebt,1998,not_provided_by_source,1794,1786,8
financial.indicator.interestdebt,interestdebt,1999,not_provided_by_source,1996,1920,76
financial.indicator.interestdebt,interestdebt,2000,not_provided_by_source,2042,2006,36
financial.indicator.interestdebt,interestdebt,2001,not_provided_by_source,2439,2221,218
financial.indicator.interestdebt,interestdebt,2002,not_provided_by_source,4116,4098,18
financial.indicator.interestdebt,interestdebt,2003,not_provided_by_source,4414,4036,378
financial.indicator.interestdebt,interestdebt,2004,not_provided_by_source,4808,4592,216
financial.indicator.interestdebt,interestdebt,2005,not_provided_by_source,5130,4852,278
financial.indicator.interestdebt,interestdebt,2006,not_provided_by_source,6042,5450,592
financial.indicator.interestdebt,interestdebt,2007,not_provided_by_source,7275,6736,539
financial.indicator.interestdebt,interestdebt,2008,not_provided_by_source,8085,7674,411
financial.indicator.interestdebt,interestdebt,2009,not_provided_by_source,9808,8562,1246
financial.indicator.interestdebt,interestdebt,2010,not_provided_by_source,10706,10336,370
financial.indicator.interestdebt,interestdebt,2011,not_provided_by_source,12606,12385,221
financial.indicator.interestdebt,interestdebt,2012,not_provided_by_source,13723,13452,271
financial.indicator.interestdebt,interestdebt,2013,not_provided_by_source,14280,14010,270
financial.indicator.interestdebt,interestdebt,2014,not_provided_by_source,15143,14771,372
financial.indicator.interestdebt,interestdebt,2015,not_provided_by_source,16225,15785,440
financial.indicator.interestdebt,interestdebt,2016,not_provided_by_source,17928,16753,1175
financial.indicator.interestdebt,interestdebt,2017,not_provided_by_source,18710,18147,563
financial.indicator.interestdebt,interestdebt,2018,not_provided_by_source,19035,18526,509
financial.indicator.interestdebt,interestdebt,2019,not_provided_by_source,19749,18938,811
financial.indicator.interestdebt,interestdebt,2020,not_provided_by_source,21007,19928,1079
financial.indicator.interestdebt,interestdebt,2021,not_provided_by_source,21479,20842,637
financial.indicator.interestdebt,interestdebt,2022,not_provided_by_source,21544,21174,370
financial.indicator.interestdebt,interestdebt,2023,not_provided_by_source,14469,14309,160
financial.indicator.interestdebt,interestdebt,2024,not_provided_by_source,12034,11873,161
financial.indicator.interestdebt,interestdebt,2025,not_provided_by_source,12859,12720,139
financial.indicator.interestdebt,interestdebt,2026,not_provided_by_source,7907,7829,78
financial.indicator.inv_turn,inv_turn,1990,not_provided_by_source,98,66,32
financial.indicator.inv_turn,inv_turn,1991,not_provided_by_source,144,122,22
financial.indicator.inv_turn,inv_turn,1992,not_provided_by_source,218,190,28
financial.indicator.inv_turn,inv_turn,1993,not_provided_by_source,592,440,152
financial.indicator.inv_turn,inv_turn,1994,not_provided_by_source,949,685,264
financial.indicator.inv_turn,inv_turn,1995,not_provided_by_source,1096,812,284
financial.indicator.inv_turn,inv_turn,1996,not_provided_by_source,1378,1008,370
financial.indicator.inv_turn,inv_turn,1997,not_provided_by_source,1755,1043,712
financial.indicator.inv_turn,inv_turn,1998,not_provided_by_source,1794,1770,24
financial.indicator.inv_turn,inv_turn,1999,not_provided_by_source,1996,1908,88
financial.indicator.inv_turn,inv_turn,2000,not_provided_by_source,2042,1994,48
financial.indicator.inv_turn,inv_turn,2001,not_provided_by_source,2439,2135,304
financial.indicator.inv_turn,inv_turn,2002,not_provided_by_source,4116,3712,404
financial.indicator.inv_turn,inv_turn,2003,not_provided_by_source,4414,4188,226
financial.indicator.inv_turn,inv_turn,2004,not_provided_by_source,4808,4418,390
financial.indicator.inv_turn,inv_turn,2005,not_provided_by_source,5130,4623,507
financial.indicator.inv_turn,inv_turn,2006,not_provided_by_source,6042,5095,947
financial.indicator.inv_turn,inv_turn,2007,not_provided_by_source,7275,6372,903
financial.indicator.inv_turn,inv_turn,2008,not_provided_by_source,8085,7402,683
financial.indicator.inv_turn,inv_turn,2009,not_provided_by_source,9808,8232,1576
financial.indicator.inv_turn,inv_turn,2010,not_provided_by_source,10706,9971,735
financial.indicator.inv_turn,inv_turn,2011,not_provided_by_source,12606,11956,650
financial.indicator.inv_turn,inv_turn,2012,not_provided_by_source,13723,13037,686
financial.indicator.inv_turn,inv_turn,2013,not_provided_by_source,14280,13577,703
financial.indicator.inv_turn,inv_turn,2014,not_provided_by_source,15143,14422,721
financial.indicator.inv_turn,inv_turn,2015,not_provided_by_source,16225,15430,795
financial.indicator.inv_turn,inv_turn,2016,not_provided_by_source,17928,16990,938
financial.indicator.inv_turn,inv_turn,2017,not_provided_by_source,18710,17377,1333
financial.indicator.inv_turn,inv_turn,2018,not_provided_by_source,19035,17915,1120
financial.indicator.inv_turn,inv_turn,2019,not_provided_by_source,19749,18419,1330
financial.indicator.inv_turn,inv_turn,2020,not_provided_by_source,21007,19397,1610
financial.indicator.inv_turn,inv_turn,2021,not_provided_by_source,21479,20419,1060
financial.indicator.inv_turn,inv_turn,2022,not_provided_by_source,21544,20790,754
financial.indicator.inv_turn,inv_turn,2023,not_provided_by_source,14469,14050,419
financial.indicator.inv_turn,inv_turn,2024,not_provided_by_source,12034,11691,343
financial.indicator.inv_turn,inv_turn,2025,not_provided_by_source,12859,12515,344
financial.indicator.inv_turn,inv_turn,2026,not_provided_by_source,7907,7723,184
financial.indicator.invest_capital,invest_capital,1990,not_provided_by_source,98,58,40
financial.indicator.invest_capital,invest_capital,1991,not_provided_by_source,144,104,40
financial.indicator.invest_capital,invest_capital,1992,not_provided_by_source,218,194,24
financial.indicator.invest_capital,invest_capital,1993,not_provided_by_source,592,530,62
financial.indicator.invest_capital,invest_capital,1994,not_provided_by_source,949,941,8
financial.indicator.invest_capital,invest_capital,1995,not_provided_by_source,1096,1086,10
financial.indicator.invest_capital,invest_capital,1996,not_provided_by_source,1378,1366,12
financial.indicator.invest_capital,invest_capital,1997,not_provided_by_source,1755,1705,50
financial.indicator.invest_capital,invest_capital,1998,not_provided_by_source,1794,1786,8
financial.indicator.invest_capital,invest_capital,1999,not_provided_by_source,1996,1920,76
financial.indicator.invest_capital,invest_capital,2000,not_provided_by_source,2042,2006,36
financial.indicator.invest_capital,invest_capital,2001,not_provided_by_source,2439,2221,218
financial.indicator.invest_capital,invest_capital,2002,not_provided_by_source,4116,4098,18
financial.indicator.invest_capital,invest_capital,2003,not_provided_by_source,4414,4238,176
financial.indicator.invest_capital,invest_capital,2004,not_provided_by_source,4808,4650,158
financial.indicator.invest_capital,invest_capital,2005,not_provided_by_source,5130,4934,196
financial.indicator.invest_capital,invest_capital,2006,not_provided_by_source,6042,5544,498
financial.indicator.invest_capital,invest_capital,2007,not_provided_by_source,7275,6748,527
financial.indicator.invest_capital,invest_capital,2008,not_provided_by_source,8085,7676,409
financial.indicator.invest_capital,invest_capital,2009,not_provided_by_source,9808,8562,1246
financial.indicator.invest_capital,invest_capital,2010,not_provided_by_source,10706,10336,370
financial.indicator.invest_capital,invest_capital,2011,not_provided_by_source,12606,12385,221
financial.indicator.invest_capital,invest_capital,2012,not_provided_by_source,13723,13460,263
financial.indicator.invest_capital,invest_capital,2013,not_provided_by_source,14280,14016,264
financial.indicator.invest_capital,invest_capital,2014,not_provided_by_source,15143,14775,368
financial.indicator.invest_capital,invest_capital,2015,not_provided_by_source,16225,15793,432
financial.indicator.invest_capital,invest_capital,2016,not_provided_by_source,17928,16757,1171
financial.indicator.invest_capital,invest_capital,2017,not_provided_by_source,18710,18151,559
financial.indicator.invest_capital,invest_capital,2018,not_provided_by_source,19035,18528,507
financial.indicator.invest_capital,invest_capital,2019,not_provided_by_source,19749,18943,806
financial.indicator.invest_capital,invest_capital,2020,not_provided_by_source,21007,19928,1079
financial.indicator.invest_capital,invest_capital,2021,not_provided_by_source,21479,20842,637
financial.indicator.invest_capital,invest_capital,2022,not_provided_by_source,21544,21178,366
financial.indicator.invest_capital,invest_capital,2023,not_provided_by_source,14469,14317,152
financial.indicator.invest_capital,invest_capital,2024,not_provided_by_source,12034,11877,157
financial.indicator.invest_capital,invest_capital,2025,not_provided_by_source,12859,12721,138
financial.indicator.invest_capital,invest_capital,2026,not_provided_by_source,7907,7829,78
financial.indicator.investincome_of_ebt,investincome_of_ebt,1990,not_provided_by_source,98,12,86
financial.indicator.investincome_of_ebt,investincome_of_ebt,1991,not_provided_by_source,144,26,118
financial.indicator.investincome_of_ebt,investincome_of_ebt,1992,not_provided_by_source,218,82,136
financial.indicator.investincome_of_ebt,investincome_of_ebt,1993,not_provided_by_source,592,316,276
financial.indicator.investincome_of_ebt,investincome_of_ebt,1994,not_provided_by_source,949,668,281
financial.indicator.investincome_of_ebt,investincome_of_ebt,1995,not_provided_by_source,1096,796,300
financial.indicator.investincome_of_ebt,investincome_of_ebt,1996,not_provided_by_source,1378,990,388
financial.indicator.investincome_of_ebt,investincome_of_ebt,1997,not_provided_by_source,1755,1207,548
financial.indicator.investincome_of_ebt,investincome_of_ebt,1998,not_provided_by_source,1794,1209,585
financial.indicator.investincome_of_ebt,investincome_of_ebt,1999,not_provided_by_source,1996,1267,729
financial.indicator.investincome_of_ebt,investincome_of_ebt,2000,not_provided_by_source,2042,1462,580
financial.indicator.investincome_of_ebt,investincome_of_ebt,2001,not_provided_by_source,2439,1690,749
financial.indicator.investincome_of_ebt,investincome_of_ebt,2002,not_provided_by_source,4116,2664,1452
financial.indicator.investincome_of_ebt,investincome_of_ebt,2003,not_provided_by_source,4414,2951,1463
financial.indicator.investincome_of_ebt,investincome_of_ebt,2004,not_provided_by_source,4808,3218,1590
financial.indicator.investincome_of_ebt,investincome_of_ebt,2005,not_provided_by_source,5130,3126,2004
financial.indicator.investincome_of_ebt,investincome_of_ebt,2006,not_provided_by_source,6042,3606,2436
financial.indicator.investincome_of_ebt,investincome_of_ebt,2007,not_provided_by_source,7275,4128,3147
financial.indicator.investincome_of_ebt,investincome_of_ebt,2008,not_provided_by_source,8085,4314,3771
financial.indicator.investincome_of_ebt,investincome_of_ebt,2009,not_provided_by_source,9808,4966,4842
financial.indicator.investincome_of_ebt,investincome_of_ebt,2010,not_provided_by_source,10706,5584,5122
financial.indicator.investincome_of_ebt,investincome_of_ebt,2011,not_provided_by_source,12606,6445,6161
financial.indicator.investincome_of_ebt,investincome_of_ebt,2012,not_provided_by_source,13723,7368,6355
financial.indicator.investincome_of_ebt,investincome_of_ebt,2013,not_provided_by_source,14280,8158,6122
financial.indicator.investincome_of_ebt,investincome_of_ebt,2014,not_provided_by_source,15143,9567,5576
financial.indicator.investincome_of_ebt,investincome_of_ebt,2015,not_provided_by_source,16225,10487,5738
financial.indicator.investincome_of_ebt,investincome_of_ebt,2016,not_provided_by_source,17928,12648,5280
financial.indicator.investincome_of_ebt,investincome_of_ebt,2017,not_provided_by_source,18710,14230,4480
financial.indicator.investincome_of_ebt,investincome_of_ebt,2018,not_provided_by_source,19035,14789,4246
financial.indicator.investincome_of_ebt,investincome_of_ebt,2019,not_provided_by_source,19749,15214,4535
financial.indicator.investincome_of_ebt,investincome_of_ebt,2020,not_provided_by_source,21007,14930,6077
financial.indicator.investincome_of_ebt,investincome_of_ebt,2021,not_provided_by_source,21479,16433,5046
financial.indicator.investincome_of_ebt,investincome_of_ebt,2022,not_provided_by_source,21544,15604,5940
financial.indicator.investincome_of_ebt,investincome_of_ebt,2023,not_provided_by_source,14469,10142,4327
financial.indicator.investincome_of_ebt,investincome_of_ebt,2024,not_provided_by_source,12034,8220,3814
financial.indicator.investincome_of_ebt,investincome_of_ebt,2025,not_provided_by_source,12859,8887,3972
financial.indicator.investincome_of_ebt,investincome_of_ebt,2026,not_provided_by_source,7907,5393,2514
financial.indicator.invturn_days,invturn_days,1990,not_provided_by_source,98,18,80
financial.indicator.invturn_days,invturn_days,1991,not_provided_by_source,144,54,90
financial.indicator.invturn_days,invturn_days,1992,not_provided_by_source,218,94,124
financial.indicator.invturn_days,invturn_days,1993,not_provided_by_source,592,360,232
financial.indicator.invturn_days,invturn_days,1994,not_provided_by_source,949,632,317
financial.indicator.invturn_days,invturn_days,1995,not_provided_by_source,1096,786,310
financial.indicator.invturn_days,invturn_days,1996,not_provided_by_source,1378,1004,374
financial.indicator.invturn_days,invturn_days,1997,not_provided_by_source,1755,1043,712
financial.indicator.invturn_days,invturn_days,1998,not_provided_by_source,1794,1770,24
financial.indicator.invturn_days,invturn_days,1999,not_provided_by_source,1996,1880,116
financial.indicator.invturn_days,invturn_days,2000,not_provided_by_source,2042,1994,48
financial.indicator.invturn_days,invturn_days,2001,not_provided_by_source,2439,2135,304
financial.indicator.invturn_days,invturn_days,2002,not_provided_by_source,4116,3712,404
financial.indicator.invturn_days,invturn_days,2003,not_provided_by_source,4414,4188,226
financial.indicator.invturn_days,invturn_days,2004,not_provided_by_source,4808,4418,390
financial.indicator.invturn_days,invturn_days,2005,not_provided_by_source,5130,4623,507
financial.indicator.invturn_days,invturn_days,2006,not_provided_by_source,6042,5089,953
financial.indicator.invturn_days,invturn_days,2007,not_provided_by_source,7275,6366,909
financial.indicator.invturn_days,invturn_days,2008,not_provided_by_source,8085,7398,687
financial.indicator.invturn_days,invturn_days,2009,not_provided_by_source,9808,8222,1586
financial.indicator.invturn_days,invturn_days,2010,not_provided_by_source,10706,9968,738
financial.indicator.invturn_days,invturn_days,2011,not_provided_by_source,12606,11955,651
financial.indicator.invturn_days,invturn_days,2012,not_provided_by_source,13723,13034,689
financial.indicator.invturn_days,invturn_days,2013,not_provided_by_source,14280,13575,705
financial.indicator.invturn_days,invturn_days,2014,not_provided_by_source,15143,14421,722
financial.indicator.invturn_days,invturn_days,2015,not_provided_by_source,16225,15426,799
financial.indicator.invturn_days,invturn_days,2016,not_provided_by_source,17928,16985,943
financial.indicator.invturn_days,invturn_days,2017,not_provided_by_source,18710,17377,1333
financial.indicator.invturn_days,invturn_days,2018,not_provided_by_source,19035,17913,1122
financial.indicator.invturn_days,invturn_days,2019,not_provided_by_source,19749,18419,1330
financial.indicator.invturn_days,invturn_days,2020,not_provided_by_source,21007,19397,1610
financial.indicator.invturn_days,invturn_days,2021,not_provided_by_source,21479,20419,1060
financial.indicator.invturn_days,invturn_days,2022,not_provided_by_source,21544,20790,754
financial.indicator.invturn_days,invturn_days,2023,not_provided_by_source,14469,14050,419
financial.indicator.invturn_days,invturn_days,2024,not_provided_by_source,12034,11691,343
financial.indicator.invturn_days,invturn_days,2025,not_provided_by_source,12859,12513,346
financial.indicator.invturn_days,invturn_days,2026,not_provided_by_source,7907,7723,184
financial.indicator.longdeb_to_debt,longdeb_to_debt,1990,not_provided_by_source,98,18,80
financial.indicator.longdeb_to_debt,longdeb_to_debt,1991,not_provided_by_source,144,44,100
financial.indicator.longdeb_to_debt,longdeb_to_debt,1992,not_provided_by_source,218,126,92
financial.indicator.longdeb_to_debt,longdeb_to_debt,1993,not_provided_by_source,592,394,198
financial.indicator.longdeb_to_debt,longdeb_to_debt,1994,not_provided_by_source,949,757,192
financial.indicator.longdeb_to_debt,longdeb_to_debt,1995,not_provided_by_source,1096,920,176
financial.indicator.longdeb_to_debt,longdeb_to_debt,1996,not_provided_by_source,1378,1186,192
financial.indicator.longdeb_to_debt,longdeb_to_debt,1997,not_provided_by_source,1755,1495,260
financial.indicator.longdeb_to_debt,longdeb_to_debt,1998,not_provided_by_source,1794,1552,242
financial.indicator.longdeb_to_debt,longdeb_to_debt,1999,not_provided_by_source,1996,1646,350
financial.indicator.longdeb_to_debt,longdeb_to_debt,2000,not_provided_by_source,2042,1699,343
financial.indicator.longdeb_to_debt,longdeb_to_debt,2001,not_provided_by_source,2439,1737,702
financial.indicator.longdeb_to_debt,longdeb_to_debt,2002,not_provided_by_source,4116,3322,794
financial.indicator.longdeb_to_debt,longdeb_to_debt,2003,not_provided_by_source,4414,3290,1124
financial.indicator.longdeb_to_debt,longdeb_to_debt,2004,not_provided_by_source,4808,3790,1018
financial.indicator.longdeb_to_debt,longdeb_to_debt,2005,not_provided_by_source,5130,4036,1094
financial.indicator.longdeb_to_debt,longdeb_to_debt,2006,not_provided_by_source,6042,4622,1420
financial.indicator.longdeb_to_debt,longdeb_to_debt,2007,not_provided_by_source,7275,5662,1613
financial.indicator.longdeb_to_debt,longdeb_to_debt,2008,not_provided_by_source,8085,6346,1739
financial.indicator.longdeb_to_debt,longdeb_to_debt,2009,not_provided_by_source,9808,7212,2596
financial.indicator.longdeb_to_debt,longdeb_to_debt,2010,not_provided_by_source,10706,8748,1958
financial.indicator.longdeb_to_debt,longdeb_to_debt,2011,not_provided_by_source,12606,10412,2194
financial.indicator.longdeb_to_debt,longdeb_to_debt,2012,not_provided_by_source,13723,12230,1493
financial.indicator.longdeb_to_debt,longdeb_to_debt,2013,not_provided_by_source,14280,12613,1667
financial.indicator.longdeb_to_debt,longdeb_to_debt,2014,not_provided_by_source,15143,13620,1523
financial.indicator.longdeb_to_debt,longdeb_to_debt,2015,not_provided_by_source,16225,14766,1459
financial.indicator.longdeb_to_debt,longdeb_to_debt,2016,not_provided_by_source,17928,15816,2112
financial.indicator.longdeb_to_debt,longdeb_to_debt,2017,not_provided_by_source,18710,17226,1484
financial.indicator.longdeb_to_debt,longdeb_to_debt,2018,not_provided_by_source,19035,17790,1245
financial.indicator.longdeb_to_debt,longdeb_to_debt,2019,not_provided_by_source,19749,18385,1364
financial.indicator.longdeb_to_debt,longdeb_to_debt,2020,not_provided_by_source,21007,19392,1615
financial.indicator.longdeb_to_debt,longdeb_to_debt,2021,not_provided_by_source,21479,20596,883
financial.indicator.longdeb_to_debt,longdeb_to_debt,2022,not_provided_by_source,21544,21071,473
financial.indicator.longdeb_to_debt,longdeb_to_debt,2023,not_provided_by_source,14469,14242,227
financial.indicator.longdeb_to_debt,longdeb_to_debt,2024,not_provided_by_source,12034,11837,197
financial.indicator.longdeb_to_debt,longdeb_to_debt,2025,not_provided_by_source,12859,12685,174
financial.indicator.longdeb_to_debt,longdeb_to_debt,2026,not_provided_by_source,7907,7806,101
financial.indicator.longdebt_to_workingcapital,longdebt_to_workingcapital,1990,not_provided_by_source,98,28,70
financial.indicator.longdebt_to_workingcapital,longdebt_to_workingcapital,1991,not_provided_by_source,144,60,84
financial.indicator.longdebt_to_workingcapital,longdebt_to_workingcapital,1992,not_provided_by_source,218,128,90
financial.indicator.longdebt_to_workingcapital,longdebt_to_workingcapital,1993,not_provided_by_source,592,348,244
financial.indicator.longdebt_to_workingcapital,longdebt_to_workingcapital,1994,not_provided_by_source,949,644,305
financial.indicator.longdebt_to_workingcapital,longdebt_to_workingcapital,1995,not_provided_by_source,1096,750,346
financial.indicator.longdebt_to_workingcapital,longdebt_to_workingcapital,1996,not_provided_by_source,1378,960,418
financial.indicator.longdebt_to_workingcapital,longdebt_to_workingcapital,1997,not_provided_by_source,1755,1285,470
financial.indicator.longdebt_to_workingcapital,longdebt_to_workingcapital,1998,not_provided_by_source,1794,1288,506
financial.indicator.longdebt_to_workingcapital,longdebt_to_workingcapital,1999,not_provided_by_source,1996,1334,662
financial.indicator.longdebt_to_workingcapital,longdebt_to_workingcapital,2000,not_provided_by_source,2042,1372,670
financial.indicator.longdebt_to_workingcapital,longdebt_to_workingcapital,2001,not_provided_by_source,2439,1314,1125
financial.indicator.longdebt_to_workingcapital,longdebt_to_workingcapital,2002,not_provided_by_source,4116,2414,1702
financial.indicator.longdebt_to_workingcapital,longdebt_to_workingcapital,2003,not_provided_by_source,4414,2192,2222
financial.indicator.longdebt_to_workingcapital,longdebt_to_workingcapital,2004,not_provided_by_source,4808,2514,2294
financial.indicator.longdebt_to_workingcapital,longdebt_to_workingcapital,2005,not_provided_by_source,5130,2490,2640
financial.indicator.longdebt_to_workingcapital,longdebt_to_workingcapital,2006,not_provided_by_source,6042,2802,3240
financial.indicator.longdebt_to_workingcapital,longdebt_to_workingcapital,2007,not_provided_by_source,7275,3704,3571
financial.indicator.longdebt_to_workingcapital,longdebt_to_workingcapital,2008,not_provided_by_source,8085,4402,3683
financial.indicator.longdebt_to_workingcapital,longdebt_to_workingcapital,2009,not_provided_by_source,9808,5314,4494
financial.indicator.longdebt_to_workingcapital,longdebt_to_workingcapital,2010,not_provided_by_source,10706,7014,3692
financial.indicator.longdebt_to_workingcapital,longdebt_to_workingcapital,2011,not_provided_by_source,12606,8768,3838
financial.indicator.longdebt_to_workingcapital,longdebt_to_workingcapital,2012,not_provided_by_source,13723,10426,3297
financial.indicator.longdebt_to_workingcapital,longdebt_to_workingcapital,2013,not_provided_by_source,14280,10658,3622
financial.indicator.longdebt_to_workingcapital,longdebt_to_workingcapital,2014,not_provided_by_source,15143,11507,3636
financial.indicator.longdebt_to_workingcapital,longdebt_to_workingcapital,2015,not_provided_by_source,16225,12590,3635
financial.indicator.longdebt_to_workingcapital,longdebt_to_workingcapital,2016,not_provided_by_source,17928,13569,4359
financial.indicator.longdebt_to_workingcapital,longdebt_to_workingcapital,2017,not_provided_by_source,18710,15073,3637
financial.indicator.longdebt_to_workingcapital,longdebt_to_workingcapital,2018,not_provided_by_source,19035,15428,3607
financial.indicator.longdebt_to_workingcapital,longdebt_to_workingcapital,2019,not_provided_by_source,19749,15684,4065
financial.indicator.longdebt_to_workingcapital,longdebt_to_workingcapital,2020,not_provided_by_source,21007,16506,4501
financial.indicator.longdebt_to_workingcapital,longdebt_to_workingcapital,2021,not_provided_by_source,21479,17673,3806
financial.indicator.longdebt_to_workingcapital,longdebt_to_workingcapital,2022,not_provided_by_source,21544,17958,3586
financial.indicator.longdebt_to_workingcapital,longdebt_to_workingcapital,2023,not_provided_by_source,14469,12040,2429
financial.indicator.longdebt_to_workingcapital,longdebt_to_workingcapital,2024,not_provided_by_source,12034,9939,2095
financial.indicator.longdebt_to_workingcapital,longdebt_to_workingcapital,2025,not_provided_by_source,12859,10538,2321
financial.indicator.longdebt_to_workingcapital,longdebt_to_workingcapital,2026,not_provided_by_source,7907,6487,1420
financial.indicator.n_op_profit_of_ebt,n_op_profit_of_ebt,1990,not_provided_by_source,98,36,62
financial.indicator.n_op_profit_of_ebt,n_op_profit_of_ebt,1991,not_provided_by_source,144,64,80
financial.indicator.n_op_profit_of_ebt,n_op_profit_of_ebt,1992,not_provided_by_source,218,146,72
financial.indicator.n_op_profit_of_ebt,n_op_profit_of_ebt,1993,not_provided_by_source,592,414,178
financial.indicator.n_op_profit_of_ebt,n_op_profit_of_ebt,1994,not_provided_by_source,949,690,259
financial.indicator.n_op_profit_of_ebt,n_op_profit_of_ebt,1995,not_provided_by_source,1096,800,296
financial.indicator.n_op_profit_of_ebt,n_op_profit_of_ebt,1996,not_provided_by_source,1378,948,430
financial.indicator.n_op_profit_of_ebt,n_op_profit_of_ebt,1997,not_provided_by_source,1755,1041,714
financial.indicator.n_op_profit_of_ebt,n_op_profit_of_ebt,1998,not_provided_by_source,1794,1606,188
financial.indicator.n_op_profit_of_ebt,n_op_profit_of_ebt,1999,not_provided_by_source,1996,1764,232
financial.indicator.n_op_profit_of_ebt,n_op_profit_of_ebt,2000,not_provided_by_source,2042,1772,270
financial.indicator.n_op_profit_of_ebt,n_op_profit_of_ebt,2001,not_provided_by_source,2439,1968,471
financial.indicator.n_op_profit_of_ebt,n_op_profit_of_ebt,2002,not_provided_by_source,4116,2978,1138
financial.indicator.n_op_profit_of_ebt,n_op_profit_of_ebt,2003,not_provided_by_source,4414,3563,851
financial.indicator.n_op_profit_of_ebt,n_op_profit_of_ebt,2004,not_provided_by_source,4808,3966,842
financial.indicator.n_op_profit_of_ebt,n_op_profit_of_ebt,2005,not_provided_by_source,5130,3978,1152
financial.indicator.n_op_profit_of_ebt,n_op_profit_of_ebt,2006,not_provided_by_source,6042,5019,1023
financial.indicator.n_op_profit_of_ebt,n_op_profit_of_ebt,2007,not_provided_by_source,7275,6338,937
financial.indicator.n_op_profit_of_ebt,n_op_profit_of_ebt,2008,not_provided_by_source,8085,7016,1069
financial.indicator.n_op_profit_of_ebt,n_op_profit_of_ebt,2009,not_provided_by_source,9808,8434,1374
financial.indicator.n_op_profit_of_ebt,n_op_profit_of_ebt,2010,not_provided_by_source,10706,9684,1022
financial.indicator.n_op_profit_of_ebt,n_op_profit_of_ebt,2011,not_provided_by_source,12606,11487,1119
financial.indicator.n_op_profit_of_ebt,n_op_profit_of_ebt,2012,not_provided_by_source,13723,12108,1615
financial.indicator.n_op_profit_of_ebt,n_op_profit_of_ebt,2013,not_provided_by_source,14280,12498,1782
financial.indicator.n_op_profit_of_ebt,n_op_profit_of_ebt,2014,not_provided_by_source,15143,13276,1867
financial.indicator.n_op_profit_of_ebt,n_op_profit_of_ebt,2015,not_provided_by_source,16225,13820,2405
financial.indicator.n_op_profit_of_ebt,n_op_profit_of_ebt,2016,not_provided_by_source,17928,15909,2019
financial.indicator.n_op_profit_of_ebt,n_op_profit_of_ebt,2017,not_provided_by_source,18710,16859,1851
financial.indicator.n_op_profit_of_ebt,n_op_profit_of_ebt,2018,not_provided_by_source,19035,16609,2426
financial.indicator.n_op_profit_of_ebt,n_op_profit_of_ebt,2019,not_provided_by_source,19749,16871,2878
financial.indicator.n_op_profit_of_ebt,n_op_profit_of_ebt,2020,not_provided_by_source,21007,16590,4417
financial.indicator.n_op_profit_of_ebt,n_op_profit_of_ebt,2021,not_provided_by_source,21479,17881,3598
financial.indicator.n_op_profit_of_ebt,n_op_profit_of_ebt,2022,not_provided_by_source,21544,16605,4939
financial.indicator.n_op_profit_of_ebt,n_op_profit_of_ebt,2023,not_provided_by_source,14469,10739,3730
financial.indicator.n_op_profit_of_ebt,n_op_profit_of_ebt,2024,not_provided_by_source,12034,8608,3426
financial.indicator.n_op_profit_of_ebt,n_op_profit_of_ebt,2025,not_provided_by_source,12859,9221,3638
financial.indicator.n_op_profit_of_ebt,n_op_profit_of_ebt,2026,not_provided_by_source,7907,5584,2323
financial.indicator.nca_to_assets,nca_to_assets,1990,not_provided_by_source,98,58,40
financial.indicator.nca_to_assets,nca_to_assets,1991,not_provided_by_source,144,104,40
financial.indicator.nca_to_assets,nca_to_assets,1992,not_provided_by_source,218,194,24
financial.indicator.nca_to_assets,nca_to_assets,1993,not_provided_by_source,592,530,62
financial.indicator.nca_to_assets,nca_to_assets,1994,not_provided_by_source,949,941,8
financial.indicator.nca_to_assets,nca_to_assets,1995,not_provided_by_source,1096,1086,10
financial.indicator.nca_to_assets,nca_to_assets,1996,not_provided_by_source,1378,1366,12
financial.indicator.nca_to_assets,nca_to_assets,1997,not_provided_by_source,1755,1705,50
financial.indicator.nca_to_assets,nca_to_assets,1998,not_provided_by_source,1794,1786,8
financial.indicator.nca_to_assets,nca_to_assets,1999,not_provided_by_source,1996,1920,76
financial.indicator.nca_to_assets,nca_to_assets,2000,not_provided_by_source,2042,2006,36
financial.indicator.nca_to_assets,nca_to_assets,2001,not_provided_by_source,2439,2221,218
financial.indicator.nca_to_assets,nca_to_assets,2002,not_provided_by_source,4116,4098,18
financial.indicator.nca_to_assets,nca_to_assets,2003,not_provided_by_source,4414,4238,176
financial.indicator.nca_to_assets,nca_to_assets,2004,not_provided_by_source,4808,4650,158
financial.indicator.nca_to_assets,nca_to_assets,2005,not_provided_by_source,5130,4934,196
financial.indicator.nca_to_assets,nca_to_assets,2006,not_provided_by_source,6042,5448,594
financial.indicator.nca_to_assets,nca_to_assets,2007,not_provided_by_source,7275,6738,537
financial.indicator.nca_to_assets,nca_to_assets,2008,not_provided_by_source,8085,7670,415
financial.indicator.nca_to_assets,nca_to_assets,2009,not_provided_by_source,9808,8538,1270
financial.indicator.nca_to_assets,nca_to_assets,2010,not_provided_by_source,10706,10306,400
financial.indicator.nca_to_assets,nca_to_assets,2011,not_provided_by_source,12606,12367,239
financial.indicator.nca_to_assets,nca_to_assets,2012,not_provided_by_source,13723,13448,275
financial.indicator.nca_to_assets,nca_to_assets,2013,not_provided_by_source,14280,13982,298
financial.indicator.nca_to_assets,nca_to_assets,2014,not_provided_by_source,15143,14749,394
financial.indicator.nca_to_assets,nca_to_assets,2015,not_provided_by_source,16225,15757,468
financial.indicator.nca_to_assets,nca_to_assets,2016,not_provided_by_source,17928,16729,1199
financial.indicator.nca_to_assets,nca_to_assets,2017,not_provided_by_source,18710,18115,595
financial.indicator.nca_to_assets,nca_to_assets,2018,not_provided_by_source,19035,18506,529
financial.indicator.nca_to_assets,nca_to_assets,2019,not_provided_by_source,19749,18922,827
financial.indicator.nca_to_assets,nca_to_assets,2020,not_provided_by_source,21007,19916,1091
financial.indicator.nca_to_assets,nca_to_assets,2021,not_provided_by_source,21479,20832,647
financial.indicator.nca_to_assets,nca_to_assets,2022,not_provided_by_source,21544,21163,381
financial.indicator.nca_to_assets,nca_to_assets,2023,not_provided_by_source,14469,14282,187
financial.indicator.nca_to_assets,nca_to_assets,2024,not_provided_by_source,12034,11867,167
financial.indicator.nca_to_assets,nca_to_assets,2025,not_provided_by_source,12859,12716,143
financial.indicator.nca_to_assets,nca_to_assets,2026,not_provided_by_source,7907,7829,78
financial.indicator.net_profit_margin,net_profit_margin,1990,not_provided_by_source,98,86,12
financial.indicator.net_profit_margin,net_profit_margin,1991,not_provided_by_source,144,138,6
financial.indicator.net_profit_margin,net_profit_margin,1992,not_provided_by_source,218,204,14
financial.indicator.net_profit_margin,net_profit_margin,1993,not_provided_by_source,592,576,16
financial.indicator.net_profit_margin,net_profit_margin,1994,not_provided_by_source,949,946,3
financial.indicator.net_profit_margin,net_profit_margin,1995,not_provided_by_source,1096,1090,6
financial.indicator.net_profit_margin,net_profit_margin,1996,not_provided_by_source,1378,1376,2
financial.indicator.net_profit_margin,net_profit_margin,1997,not_provided_by_source,1755,1755,0
financial.indicator.net_profit_margin,net_profit_margin,1998,not_provided_by_source,1794,1792,2
financial.indicator.net_profit_margin,net_profit_margin,1999,not_provided_by_source,1996,1990,6
financial.indicator.net_profit_margin,net_profit_margin,2000,not_provided_by_source,2042,2030,12
financial.indicator.net_profit_margin,net_profit_margin,2001,not_provided_by_source,2439,2417,22
financial.indicator.net_profit_margin,net_profit_margin,2002,not_provided_by_source,4116,4088,28
financial.indicator.net_profit_margin,net_profit_margin,2003,not_provided_by_source,4414,4365,49
financial.indicator.net_profit_margin,net_profit_margin,2004,not_provided_by_source,4808,4717,91
financial.indicator.net_profit_margin,net_profit_margin,2005,not_provided_by_source,5130,5014,116
financial.indicator.net_profit_margin,net_profit_margin,2006,not_provided_by_source,6042,5947,95
financial.indicator.net_profit_margin,net_profit_margin,2007,not_provided_by_source,7275,7166,109
financial.indicator.net_profit_margin,net_profit_margin,2008,not_provided_by_source,8085,7970,115
financial.indicator.net_profit_margin,net_profit_margin,2009,not_provided_by_source,9808,9670,138
financial.indicator.net_profit_margin,net_profit_margin,2010,not_provided_by_source,10706,10540,166
financial.indicator.net_profit_margin,net_profit_margin,2011,not_provided_by_source,12606,12455,151
financial.indicator.net_profit_margin,net_profit_margin,2012,not_provided_by_source,13723,13530,193
financial.indicator.net_profit_margin,net_profit_margin,2013,not_provided_by_source,14280,14140,140
financial.indicator.net_profit_margin,net_profit_margin,2014,not_provided_by_source,15143,15016,127
financial.indicator.net_profit_margin,net_profit_margin,2015,not_provided_by_source,16225,16103,122
financial.indicator.net_profit_margin,net_profit_margin,2016,not_provided_by_source,17928,17843,85
financial.indicator.net_profit_margin,net_profit_margin,2017,not_provided_by_source,18710,18653,57
financial.indicator.net_profit_margin,net_profit_margin,2018,not_provided_by_source,19035,18978,57
financial.indicator.net_profit_margin,net_profit_margin,2019,not_provided_by_source,19749,19688,61
financial.indicator.net_profit_margin,net_profit_margin,2020,not_provided_by_source,21007,20952,55
financial.indicator.net_profit_margin,net_profit_margin,2021,not_provided_by_source,21479,21449,30
financial.indicator.net_profit_margin,net_profit_margin,2022,not_provided_by_source,21544,21501,43
financial.indicator.net_profit_margin,net_profit_margin,2023,not_provided_by_source,14469,14445,24
financial.indicator.net_profit_margin,net_profit_margin,2024,not_provided_by_source,12034,12010,24
financial.indicator.net_profit_margin,net_profit_margin,2025,not_provided_by_source,12859,12846,13
financial.indicator.net_profit_margin,net_profit_margin,2026,not_provided_by_source,7907,7897,10
financial.indicator.netdebt,netdebt,1990,not_provided_by_source,98,50,48
financial.indicator.netdebt,netdebt,1991,not_provided_by_source,144,92,52
financial.indicator.netdebt,netdebt,1992,not_provided_by_source,218,188,30
financial.indicator.netdebt,netdebt,1993,not_provided_by_source,592,528,64
financial.indicator.netdebt,netdebt,1994,not_provided_by_source,949,937,12
financial.indicator.netdebt,netdebt,1995,not_provided_by_source,1096,1086,10
financial.indicator.netdebt,netdebt,1996,not_provided_by_source,1378,1366,12
financial.indicator.netdebt,netdebt,1997,not_provided_by_source,1755,1705,50
financial.indicator.netdebt,netdebt,1998,not_provided_by_source,1794,1786,8
financial.indicator.netdebt,netdebt,1999,not_provided_by_source,1996,1920,76
financial.indicator.netdebt,netdebt,2000,not_provided_by_source,2042,2006,36
financial.indicator.netdebt,netdebt,2001,not_provided_by_source,2439,2221,218
financial.indicator.netdebt,netdebt,2002,not_provided_by_source,4116,4098,18
financial.indicator.netdebt,netdebt,2003,not_provided_by_source,4414,4036,378
financial.indicator.netdebt,netdebt,2004,not_provided_by_source,4808,4592,216
financial.indicator.netdebt,netdebt,2005,not_provided_by_source,5130,4852,278
financial.indicator.netdebt,netdebt,2006,not_provided_by_source,6042,5450,592
financial.indicator.netdebt,netdebt,2007,not_provided_by_source,7275,6736,539
financial.indicator.netdebt,netdebt,2008,not_provided_by_source,8085,7674,411
financial.indicator.netdebt,netdebt,2009,not_provided_by_source,9808,8562,1246
financial.indicator.netdebt,netdebt,2010,not_provided_by_source,10706,10336,370
financial.indicator.netdebt,netdebt,2011,not_provided_by_source,12606,12385,221
financial.indicator.netdebt,netdebt,2012,not_provided_by_source,13723,13452,271
financial.indicator.netdebt,netdebt,2013,not_provided_by_source,14280,14010,270
financial.indicator.netdebt,netdebt,2014,not_provided_by_source,15143,14771,372
financial.indicator.netdebt,netdebt,2015,not_provided_by_source,16225,15785,440
financial.indicator.netdebt,netdebt,2016,not_provided_by_source,17928,16753,1175
financial.indicator.netdebt,netdebt,2017,not_provided_by_source,18710,18147,563
financial.indicator.netdebt,netdebt,2018,not_provided_by_source,19035,18526,509
financial.indicator.netdebt,netdebt,2019,not_provided_by_source,19749,18938,811
financial.indicator.netdebt,netdebt,2020,not_provided_by_source,21007,19928,1079
financial.indicator.netdebt,netdebt,2021,not_provided_by_source,21479,20842,637
financial.indicator.netdebt,netdebt,2022,not_provided_by_source,21544,21174,370
financial.indicator.netdebt,netdebt,2023,not_provided_by_source,14469,14309,160
financial.indicator.netdebt,netdebt,2024,not_provided_by_source,12034,11873,161
financial.indicator.netdebt,netdebt,2025,not_provided_by_source,12859,12720,139
financial.indicator.netdebt,netdebt,2026,not_provided_by_source,7907,7829,78
financial.indicator.netprofit_yoy,netprofit_yoy,1990,not_provided_by_source,98,16,82
financial.indicator.netprofit_yoy,netprofit_yoy,1991,not_provided_by_source,144,90,54
financial.indicator.netprofit_yoy,netprofit_yoy,1992,not_provided_by_source,218,136,82
financial.indicator.netprofit_yoy,netprofit_yoy,1993,not_provided_by_source,592,206,386
financial.indicator.netprofit_yoy,netprofit_yoy,1994,not_provided_by_source,949,558,391
financial.indicator.netprofit_yoy,netprofit_yoy,1995,not_provided_by_source,1096,946,150
financial.indicator.netprofit_yoy,netprofit_yoy,1996,not_provided_by_source,1378,1090,288
financial.indicator.netprofit_yoy,netprofit_yoy,1997,not_provided_by_source,1755,1343,412
financial.indicator.netprofit_yoy,netprofit_yoy,1998,not_provided_by_source,1794,1729,65
financial.indicator.netprofit_yoy,netprofit_yoy,1999,not_provided_by_source,1996,1790,206
financial.indicator.netprofit_yoy,netprofit_yoy,2000,not_provided_by_source,2042,1992,50
financial.indicator.netprofit_yoy,netprofit_yoy,2001,not_provided_by_source,2439,2037,402
financial.indicator.netprofit_yoy,netprofit_yoy,2002,not_provided_by_source,4116,2414,1702
financial.indicator.netprofit_yoy,netprofit_yoy,2003,not_provided_by_source,4414,4098,316
financial.indicator.netprofit_yoy,netprofit_yoy,2004,not_provided_by_source,4808,4396,412
financial.indicator.netprofit_yoy,netprofit_yoy,2005,not_provided_by_source,5130,4776,354
financial.indicator.netprofit_yoy,netprofit_yoy,2006,not_provided_by_source,6042,5060,982
financial.indicator.netprofit_yoy,netprofit_yoy,2007,not_provided_by_source,7275,6036,1239
financial.indicator.netprofit_yoy,netprofit_yoy,2008,not_provided_by_source,8085,7254,831
financial.indicator.netprofit_yoy,netprofit_yoy,2009,not_provided_by_source,9808,8053,1755
financial.indicator.netprofit_yoy,netprofit_yoy,2010,not_provided_by_source,10706,9962,744
financial.indicator.netprofit_yoy,netprofit_yoy,2011,not_provided_by_source,12606,11589,1017
financial.indicator.netprofit_yoy,netprofit_yoy,2012,not_provided_by_source,13723,13165,558
financial.indicator.netprofit_yoy,netprofit_yoy,2013,not_provided_by_source,14280,13743,537
financial.indicator.netprofit_yoy,netprofit_yoy,2014,not_provided_by_source,15143,14404,739
financial.indicator.netprofit_yoy,netprofit_yoy,2015,not_provided_by_source,16225,15392,833
financial.indicator.netprofit_yoy,netprofit_yoy,2016,not_provided_by_source,17928,16423,1505
financial.indicator.netprofit_yoy,netprofit_yoy,2017,not_provided_by_source,18710,17792,918
financial.indicator.netprofit_yoy,netprofit_yoy,2018,not_provided_by_source,19035,18521,514
financial.indicator.netprofit_yoy,netprofit_yoy,2019,not_provided_by_source,19749,18920,829
financial.indicator.netprofit_yoy,netprofit_yoy,2020,not_provided_by_source,21007,19661,1346
financial.indicator.netprofit_yoy,netprofit_yoy,2021,not_provided_by_source,21479,20964,515
financial.indicator.netprofit_yoy,netprofit_yoy,2022,not_provided_by_source,21544,21364,180
financial.indicator.netprofit_yoy,netprofit_yoy,2023,not_provided_by_source,14469,14452,17
financial.indicator.netprofit_yoy,netprofit_yoy,2024,not_provided_by_source,12034,12012,22
financial.indicator.netprofit_yoy,netprofit_yoy,2025,not_provided_by_source,12859,12830,29
financial.indicator.netprofit_yoy,netprofit_yoy,2026,not_provided_by_source,7907,7902,5
financial.indicator.networking_capital,networking_capital,1990,not_provided_by_source,98,20,78
financial.indicator.networking_capital,networking_capital,1991,not_provided_by_source,144,50,94
financial.indicator.networking_capital,networking_capital,1992,not_provided_by_source,218,138,80
financial.indicator.networking_capital,networking_capital,1993,not_provided_by_source,592,354,238
financial.indicator.networking_capital,networking_capital,1994,not_provided_by_source,949,567,382
financial.indicator.networking_capital,networking_capital,1995,not_provided_by_source,1096,768,328
financial.indicator.networking_capital,networking_capital,1996,not_provided_by_source,1378,956,422
financial.indicator.networking_capital,networking_capital,1997,not_provided_by_source,1755,1061,694
financial.indicator.networking_capital,networking_capital,1998,not_provided_by_source,1794,1784,10
financial.indicator.networking_capital,networking_capital,1999,not_provided_by_source,1996,1920,76
financial.indicator.networking_capital,networking_capital,2000,not_provided_by_source,2042,2006,36
financial.indicator.networking_capital,networking_capital,2001,not_provided_by_source,2439,2159,280
financial.indicator.networking_capital,networking_capital,2002,not_provided_by_source,4116,3750,366
financial.indicator.networking_capital,networking_capital,2003,not_provided_by_source,4414,4034,380
financial.indicator.networking_capital,networking_capital,2004,not_provided_by_source,4808,4586,222
financial.indicator.networking_capital,networking_capital,2005,not_provided_by_source,5130,4844,286
financial.indicator.networking_capital,networking_capital,2006,not_provided_by_source,6042,5446,596
financial.indicator.networking_capital,networking_capital,2007,not_provided_by_source,7275,6730,545
financial.indicator.networking_capital,networking_capital,2008,not_provided_by_source,8085,7670,415
financial.indicator.networking_capital,networking_capital,2009,not_provided_by_source,9808,8556,1252
financial.indicator.networking_capital,networking_capital,2010,not_provided_by_source,10706,10330,376
financial.indicator.networking_capital,networking_capital,2011,not_provided_by_source,12606,12379,227
financial.indicator.networking_capital,networking_capital,2012,not_provided_by_source,13723,13440,283
financial.indicator.networking_capital,networking_capital,2013,not_provided_by_source,14280,13984,296
financial.indicator.networking_capital,networking_capital,2014,not_provided_by_source,15143,14753,390
financial.indicator.networking_capital,networking_capital,2015,not_provided_by_source,16225,15707,518
financial.indicator.networking_capital,networking_capital,2016,not_provided_by_source,17928,16723,1205
financial.indicator.networking_capital,networking_capital,2017,not_provided_by_source,18710,18091,619
financial.indicator.networking_capital,networking_capital,2018,not_provided_by_source,19035,18512,523
financial.indicator.networking_capital,networking_capital,2019,not_provided_by_source,19749,18932,817
financial.indicator.networking_capital,networking_capital,2020,not_provided_by_source,21007,19926,1081
financial.indicator.networking_capital,networking_capital,2021,not_provided_by_source,21479,20842,637
financial.indicator.networking_capital,networking_capital,2022,not_provided_by_source,21544,21169,375
financial.indicator.networking_capital,networking_capital,2023,not_provided_by_source,14469,14286,183
financial.indicator.networking_capital,networking_capital,2024,not_provided_by_source,12034,11867,167
financial.indicator.networking_capital,networking_capital,2025,not_provided_by_source,12859,12718,141
financial.indicator.networking_capital,networking_capital,2026,not_provided_by_source,7907,7829,78
financial.indicator.non_op_profit,non_op_profit,1990,not_provided_by_source,98,88,10
financial.indicator.non_op_profit,non_op_profit,1991,not_provided_by_source,144,134,10
financial.indicator.non_op_profit,non_op_profit,1992,not_provided_by_source,218,196,22
financial.indicator.non_op_profit,non_op_profit,1993,not_provided_by_source,592,576,16
financial.indicator.non_op_profit,non_op_profit,1994,not_provided_by_source,949,944,5
financial.indicator.non_op_profit,non_op_profit,1995,not_provided_by_source,1096,1092,4
financial.indicator.non_op_profit,non_op_profit,1996,not_provided_by_source,1378,1378,0
financial.indicator.non_op_profit,non_op_profit,1997,not_provided_by_source,1755,1753,2
financial.indicator.non_op_profit,non_op_profit,1998,not_provided_by_source,1794,1794,0
financial.indicator.non_op_profit,non_op_profit,1999,not_provided_by_source,1996,1996,0
financial.indicator.non_op_profit,non_op_profit,2000,not_provided_by_source,2042,2042,0
financial.indicator.non_op_profit,non_op_profit,2001,not_provided_by_source,2439,2417,22
financial.indicator.non_op_profit,non_op_profit,2002,not_provided_by_source,4116,4116,0
financial.indicator.non_op_profit,non_op_profit,2003,not_provided_by_source,4414,4413,1
financial.indicator.non_op_profit,non_op_profit,2004,not_provided_by_source,4808,4807,1
financial.indicator.non_op_profit,non_op_profit,2005,not_provided_by_source,5130,5130,0
financial.indicator.non_op_profit,non_op_profit,2006,not_provided_by_source,6042,6039,3
financial.indicator.non_op_profit,non_op_profit,2007,not_provided_by_source,7275,7270,5
financial.indicator.non_op_profit,non_op_profit,2008,not_provided_by_source,8085,8074,11
financial.indicator.non_op_profit,non_op_profit,2009,not_provided_by_source,9808,9784,24
financial.indicator.non_op_profit,non_op_profit,2010,not_provided_by_source,10706,10674,32
financial.indicator.non_op_profit,non_op_profit,2011,not_provided_by_source,12606,12557,49
financial.indicator.non_op_profit,non_op_profit,2012,not_provided_by_source,13723,13614,109
financial.indicator.non_op_profit,non_op_profit,2013,not_provided_by_source,14280,14202,78
financial.indicator.non_op_profit,non_op_profit,2014,not_provided_by_source,15143,15084,59
financial.indicator.non_op_profit,non_op_profit,2015,not_provided_by_source,16225,16163,62
financial.indicator.non_op_profit,non_op_profit,2016,not_provided_by_source,17928,17881,47
financial.indicator.non_op_profit,non_op_profit,2017,not_provided_by_source,18710,18697,13
financial.indicator.non_op_profit,non_op_profit,2018,not_provided_by_source,19035,19024,11
financial.indicator.non_op_profit,non_op_profit,2019,not_provided_by_source,19749,19740,9
financial.indicator.non_op_profit,non_op_profit,2020,not_provided_by_source,21007,21006,1
financial.indicator.non_op_profit,non_op_profit,2021,not_provided_by_source,21479,21479,0
financial.indicator.non_op_profit,non_op_profit,2022,not_provided_by_source,21544,21541,3
financial.indicator.non_op_profit,non_op_profit,2023,not_provided_by_source,14469,14463,6
financial.indicator.non_op_profit,non_op_profit,2024,not_provided_by_source,12034,12034,0
financial.indicator.non_op_profit,non_op_profit,2025,not_provided_by_source,12859,12858,1
financial.indicator.non_op_profit,non_op_profit,2026,not_provided_by_source,7907,7902,5
financial.indicator.noncurrent_exint,noncurrent_exint,1990,not_provided_by_source,98,38,60
financial.indicator.noncurrent_exint,noncurrent_exint,1991,not_provided_by_source,144,72,72
financial.indicator.noncurrent_exint,noncurrent_exint,1992,not_provided_by_source,218,156,62
financial.indicator.noncurrent_exint,noncurrent_exint,1993,not_provided_by_source,592,434,158
financial.indicator.noncurrent_exint,noncurrent_exint,1994,not_provided_by_source,949,777,172
financial.indicator.noncurrent_exint,noncurrent_exint,1995,not_provided_by_source,1096,928,168
financial.indicator.noncurrent_exint,noncurrent_exint,1996,not_provided_by_source,1378,1190,188
financial.indicator.noncurrent_exint,noncurrent_exint,1997,not_provided_by_source,1755,1495,260
financial.indicator.noncurrent_exint,noncurrent_exint,1998,not_provided_by_source,1794,1552,242
financial.indicator.noncurrent_exint,noncurrent_exint,1999,not_provided_by_source,1996,1646,350
financial.indicator.noncurrent_exint,noncurrent_exint,2000,not_provided_by_source,2042,1699,343
financial.indicator.noncurrent_exint,noncurrent_exint,2001,not_provided_by_source,2439,1737,702
financial.indicator.noncurrent_exint,noncurrent_exint,2002,not_provided_by_source,4116,3322,794
financial.indicator.noncurrent_exint,noncurrent_exint,2003,not_provided_by_source,4414,3290,1124
financial.indicator.noncurrent_exint,noncurrent_exint,2004,not_provided_by_source,4808,3792,1016
financial.indicator.noncurrent_exint,noncurrent_exint,2005,not_provided_by_source,5130,4042,1088
financial.indicator.noncurrent_exint,noncurrent_exint,2006,not_provided_by_source,6042,4624,1418
financial.indicator.noncurrent_exint,noncurrent_exint,2007,not_provided_by_source,7275,5664,1611
financial.indicator.noncurrent_exint,noncurrent_exint,2008,not_provided_by_source,8085,6348,1737
financial.indicator.noncurrent_exint,noncurrent_exint,2009,not_provided_by_source,9808,7216,2592
financial.indicator.noncurrent_exint,noncurrent_exint,2010,not_provided_by_source,10706,8750,1956
financial.indicator.noncurrent_exint,noncurrent_exint,2011,not_provided_by_source,12606,10418,2188
financial.indicator.noncurrent_exint,noncurrent_exint,2012,not_provided_by_source,13723,12244,1479
financial.indicator.noncurrent_exint,noncurrent_exint,2013,not_provided_by_source,14280,12625,1655
financial.indicator.noncurrent_exint,noncurrent_exint,2014,not_provided_by_source,15143,13634,1509
financial.indicator.noncurrent_exint,noncurrent_exint,2015,not_provided_by_source,16225,14772,1453
financial.indicator.noncurrent_exint,noncurrent_exint,2016,not_provided_by_source,17928,15820,2108
financial.indicator.noncurrent_exint,noncurrent_exint,2017,not_provided_by_source,18710,17228,1482
financial.indicator.noncurrent_exint,noncurrent_exint,2018,not_provided_by_source,19035,17792,1243
financial.indicator.noncurrent_exint,noncurrent_exint,2019,not_provided_by_source,19749,18387,1362
financial.indicator.noncurrent_exint,noncurrent_exint,2020,not_provided_by_source,21007,19392,1615
financial.indicator.noncurrent_exint,noncurrent_exint,2021,not_provided_by_source,21479,20598,881
financial.indicator.noncurrent_exint,noncurrent_exint,2022,not_provided_by_source,21544,21073,471
financial.indicator.noncurrent_exint,noncurrent_exint,2023,not_provided_by_source,14469,14242,227
financial.indicator.noncurrent_exint,noncurrent_exint,2024,not_provided_by_source,12034,11837,197
financial.indicator.noncurrent_exint,noncurrent_exint,2025,not_provided_by_source,12859,12685,174
financial.indicator.noncurrent_exint,noncurrent_exint,2026,not_provided_by_source,7907,7806,101
financial.indicator.nop_to_ebt,nop_to_ebt,1990,not_provided_by_source,98,84,14
financial.indicator.nop_to_ebt,nop_to_ebt,1991,not_provided_by_source,144,128,16
financial.indicator.nop_to_ebt,nop_to_ebt,1992,not_provided_by_source,218,194,24
financial.indicator.nop_to_ebt,nop_to_ebt,1993,not_provided_by_source,592,574,18
financial.indicator.nop_to_ebt,nop_to_ebt,1994,not_provided_by_source,949,938,11
financial.indicator.nop_to_ebt,nop_to_ebt,1995,not_provided_by_source,1096,1064,32
financial.indicator.nop_to_ebt,nop_to_ebt,1996,not_provided_by_source,1378,1310,68
financial.indicator.nop_to_ebt,nop_to_ebt,1997,not_provided_by_source,1755,1667,88
financial.indicator.nop_to_ebt,nop_to_ebt,1998,not_provided_by_source,1794,1632,162
financial.indicator.nop_to_ebt,nop_to_ebt,1999,not_provided_by_source,1996,1806,190
financial.indicator.nop_to_ebt,nop_to_ebt,2000,not_provided_by_source,2042,1798,244
financial.indicator.nop_to_ebt,nop_to_ebt,2001,not_provided_by_source,2439,2002,437
financial.indicator.nop_to_ebt,nop_to_ebt,2002,not_provided_by_source,4116,3272,844
financial.indicator.nop_to_ebt,nop_to_ebt,2003,not_provided_by_source,4414,3627,787
financial.indicator.nop_to_ebt,nop_to_ebt,2004,not_provided_by_source,4808,4034,774
financial.indicator.nop_to_ebt,nop_to_ebt,2005,not_provided_by_source,5130,4052,1078
financial.indicator.nop_to_ebt,nop_to_ebt,2006,not_provided_by_source,6042,5103,939
financial.indicator.nop_to_ebt,nop_to_ebt,2007,not_provided_by_source,7275,6424,851
financial.indicator.nop_to_ebt,nop_to_ebt,2008,not_provided_by_source,8085,7046,1039
financial.indicator.nop_to_ebt,nop_to_ebt,2009,not_provided_by_source,9808,8500,1308
financial.indicator.nop_to_ebt,nop_to_ebt,2010,not_provided_by_source,10706,9736,970
financial.indicator.nop_to_ebt,nop_to_ebt,2011,not_provided_by_source,12606,11547,1059
financial.indicator.nop_to_ebt,nop_to_ebt,2012,not_provided_by_source,13723,12168,1555
financial.indicator.nop_to_ebt,nop_to_ebt,2013,not_provided_by_source,14280,12590,1690
financial.indicator.nop_to_ebt,nop_to_ebt,2014,not_provided_by_source,15143,13323,1820
financial.indicator.nop_to_ebt,nop_to_ebt,2015,not_provided_by_source,16225,13868,2357
financial.indicator.nop_to_ebt,nop_to_ebt,2016,not_provided_by_source,17928,15945,1983
financial.indicator.nop_to_ebt,nop_to_ebt,2017,not_provided_by_source,18710,16907,1803
financial.indicator.nop_to_ebt,nop_to_ebt,2018,not_provided_by_source,19035,16728,2307
financial.indicator.nop_to_ebt,nop_to_ebt,2019,not_provided_by_source,19749,17051,2698
financial.indicator.nop_to_ebt,nop_to_ebt,2020,not_provided_by_source,21007,16684,4323
financial.indicator.nop_to_ebt,nop_to_ebt,2021,not_provided_by_source,21479,17993,3486
financial.indicator.nop_to_ebt,nop_to_ebt,2022,not_provided_by_source,21544,16724,4820
financial.indicator.nop_to_ebt,nop_to_ebt,2023,not_provided_by_source,14469,10799,3670
financial.indicator.nop_to_ebt,nop_to_ebt,2024,not_provided_by_source,12034,8658,3376
financial.indicator.nop_to_ebt,nop_to_ebt,2025,not_provided_by_source,12859,9261,3598
financial.indicator.nop_to_ebt,nop_to_ebt,2026,not_provided_by_source,7907,5612,2295
financial.indicator.npta,npta,1990,not_provided_by_source,98,2,96
financial.indicator.npta,npta,1991,not_provided_by_source,144,58,86
financial.indicator.npta,npta,1992,not_provided_by_source,218,102,116
financial.indicator.npta,npta,1993,not_provided_by_source,592,226,366
financial.indicator.npta,npta,1994,not_provided_by_source,949,718,231
financial.indicator.npta,npta,1995,not_provided_by_source,1096,978,118
financial.indicator.npta,npta,1996,not_provided_by_source,1378,1280,98
financial.indicator.npta,npta,1997,not_provided_by_source,1755,1631,124
financial.indicator.npta,npta,1998,not_provided_by_source,1794,1792,2
financial.indicator.npta,npta,1999,not_provided_by_source,1996,1924,72
financial.indicator.npta,npta,2000,not_provided_by_source,2042,2012,30
financial.indicator.npta,npta,2001,not_provided_by_source,2439,2151,288
financial.indicator.npta,npta,2002,not_provided_by_source,4116,4088,28
financial.indicator.npta,npta,2003,not_provided_by_source,4414,4098,316
financial.indicator.npta,npta,2004,not_provided_by_source,4808,4618,190
financial.indicator.npta,npta,2005,not_provided_by_source,5130,4948,182
financial.indicator.npta,npta,2006,not_provided_by_source,6042,6025,17
financial.indicator.npta,npta,2007,not_provided_by_source,7275,7266,9
financial.indicator.npta,npta,2008,not_provided_by_source,8085,8070,15
financial.indicator.npta,npta,2009,not_provided_by_source,9808,9784,24
financial.indicator.npta,npta,2010,not_provided_by_source,10706,10668,38
financial.indicator.npta,npta,2011,not_provided_by_source,12606,12557,49
financial.indicator.npta,npta,2012,not_provided_by_source,13723,13610,113
financial.indicator.npta,npta,2013,not_provided_by_source,14280,14196,84
financial.indicator.npta,npta,2014,not_provided_by_source,15143,15084,59
financial.indicator.npta,npta,2015,not_provided_by_source,16225,16161,64
financial.indicator.npta,npta,2016,not_provided_by_source,17928,17879,49
financial.indicator.npta,npta,2017,not_provided_by_source,18710,18697,13
financial.indicator.npta,npta,2018,not_provided_by_source,19035,19020,15
financial.indicator.npta,npta,2019,not_provided_by_source,19749,19740,9
financial.indicator.npta,npta,2020,not_provided_by_source,21007,21004,3
financial.indicator.npta,npta,2021,not_provided_by_source,21479,21478,1
financial.indicator.npta,npta,2022,not_provided_by_source,21544,21541,3
financial.indicator.npta,npta,2023,not_provided_by_source,14469,14465,4
financial.indicator.npta,npta,2024,not_provided_by_source,12034,12034,0
financial.indicator.npta,npta,2025,not_provided_by_source,12859,12857,2
financial.indicator.npta,npta,2026,not_provided_by_source,7907,7896,11
financial.indicator.ocf_to_debt,ocf_to_debt,1990,not_provided_by_source,98,0,98
financial.indicator.ocf_to_debt,ocf_to_debt,1991,not_provided_by_source,144,0,144
financial.indicator.ocf_to_debt,ocf_to_debt,1992,not_provided_by_source,218,0,218
financial.indicator.ocf_to_debt,ocf_to_debt,1993,not_provided_by_source,592,0,592
financial.indicator.ocf_to_debt,ocf_to_debt,1994,not_provided_by_source,949,0,949
financial.indicator.ocf_to_debt,ocf_to_debt,1995,not_provided_by_source,1096,0,1096
financial.indicator.ocf_to_debt,ocf_to_debt,1996,not_provided_by_source,1378,2,1376
financial.indicator.ocf_to_debt,ocf_to_debt,1997,not_provided_by_source,1755,6,1749
financial.indicator.ocf_to_debt,ocf_to_debt,1998,not_provided_by_source,1794,1129,665
financial.indicator.ocf_to_debt,ocf_to_debt,1999,not_provided_by_source,1996,1270,726
financial.indicator.ocf_to_debt,ocf_to_debt,2000,not_provided_by_source,2042,2004,38
financial.indicator.ocf_to_debt,ocf_to_debt,2001,not_provided_by_source,2439,2015,424
financial.indicator.ocf_to_debt,ocf_to_debt,2002,not_provided_by_source,4116,2082,2034
financial.indicator.ocf_to_debt,ocf_to_debt,2003,not_provided_by_source,4414,4026,388
financial.indicator.ocf_to_debt,ocf_to_debt,2004,not_provided_by_source,4808,4586,222
financial.indicator.ocf_to_debt,ocf_to_debt,2005,not_provided_by_source,5130,4850,280
financial.indicator.ocf_to_debt,ocf_to_debt,2006,not_provided_by_source,6042,5474,568
financial.indicator.ocf_to_debt,ocf_to_debt,2007,not_provided_by_source,7275,6786,489
financial.indicator.ocf_to_debt,ocf_to_debt,2008,not_provided_by_source,8085,7746,339
financial.indicator.ocf_to_debt,ocf_to_debt,2009,not_provided_by_source,9808,8634,1174
financial.indicator.ocf_to_debt,ocf_to_debt,2010,not_provided_by_source,10706,10424,282
financial.indicator.ocf_to_debt,ocf_to_debt,2011,not_provided_by_source,12606,12469,137
financial.indicator.ocf_to_debt,ocf_to_debt,2012,not_provided_by_source,13723,13556,167
financial.indicator.ocf_to_debt,ocf_to_debt,2013,not_provided_by_source,14280,14104,176
financial.indicator.ocf_to_debt,ocf_to_debt,2014,not_provided_by_source,15143,14881,262
financial.indicator.ocf_to_debt,ocf_to_debt,2015,not_provided_by_source,16225,15904,321
financial.indicator.ocf_to_debt,ocf_to_debt,2016,not_provided_by_source,17928,16901,1027
financial.indicator.ocf_to_debt,ocf_to_debt,2017,not_provided_by_source,18710,18317,393
financial.indicator.ocf_to_debt,ocf_to_debt,2018,not_provided_by_source,19035,18718,317
financial.indicator.ocf_to_debt,ocf_to_debt,2019,not_provided_by_source,19749,19140,609
financial.indicator.ocf_to_debt,ocf_to_debt,2020,not_provided_by_source,21007,20128,879
financial.indicator.ocf_to_debt,ocf_to_debt,2021,not_provided_by_source,21479,21052,427
financial.indicator.ocf_to_debt,ocf_to_debt,2022,not_provided_by_source,21544,21383,161
financial.indicator.ocf_to_debt,ocf_to_debt,2023,not_provided_by_source,14469,14445,24
financial.indicator.ocf_to_debt,ocf_to_debt,2024,not_provided_by_source,12034,11989,45
financial.indicator.ocf_to_debt,ocf_to_debt,2025,not_provided_by_source,12859,12832,27
financial.indicator.ocf_to_debt,ocf_to_debt,2026,not_provided_by_source,7907,7889,18
financial.indicator.ocf_to_interestdebt,ocf_to_interestdebt,1990,not_provided_by_source,98,0,98
financial.indicator.ocf_to_interestdebt,ocf_to_interestdebt,1991,not_provided_by_source,144,0,144
financial.indicator.ocf_to_interestdebt,ocf_to_interestdebt,1992,not_provided_by_source,218,0,218
financial.indicator.ocf_to_interestdebt,ocf_to_interestdebt,1993,not_provided_by_source,592,0,592
financial.indicator.ocf_to_interestdebt,ocf_to_interestdebt,1994,not_provided_by_source,949,0,949
financial.indicator.ocf_to_interestdebt,ocf_to_interestdebt,1995,not_provided_by_source,1096,0,1096
financial.indicator.ocf_to_interestdebt,ocf_to_interestdebt,1996,not_provided_by_source,1378,2,1376
financial.indicator.ocf_to_interestdebt,ocf_to_interestdebt,1997,not_provided_by_source,1755,6,1749
financial.indicator.ocf_to_interestdebt,ocf_to_interestdebt,1998,not_provided_by_source,1794,1123,671
financial.indicator.ocf_to_interestdebt,ocf_to_interestdebt,1999,not_provided_by_source,1996,1262,734
financial.indicator.ocf_to_interestdebt,ocf_to_interestdebt,2000,not_provided_by_source,2042,1996,46
financial.indicator.ocf_to_interestdebt,ocf_to_interestdebt,2001,not_provided_by_source,2439,2007,432
financial.indicator.ocf_to_interestdebt,ocf_to_interestdebt,2002,not_provided_by_source,4116,2072,2044
financial.indicator.ocf_to_interestdebt,ocf_to_interestdebt,2003,not_provided_by_source,4414,4010,404
financial.indicator.ocf_to_interestdebt,ocf_to_interestdebt,2004,not_provided_by_source,4808,4556,252
financial.indicator.ocf_to_interestdebt,ocf_to_interestdebt,2005,not_provided_by_source,5130,4786,344
financial.indicator.ocf_to_interestdebt,ocf_to_interestdebt,2006,not_provided_by_source,6042,4996,1046
financial.indicator.ocf_to_interestdebt,ocf_to_interestdebt,2007,not_provided_by_source,7275,6144,1131
financial.indicator.ocf_to_interestdebt,ocf_to_interestdebt,2008,not_provided_by_source,8085,6882,1203
financial.indicator.ocf_to_interestdebt,ocf_to_interestdebt,2009,not_provided_by_source,9808,7462,2346
financial.indicator.ocf_to_interestdebt,ocf_to_interestdebt,2010,not_provided_by_source,10706,8346,2360
financial.indicator.ocf_to_interestdebt,ocf_to_interestdebt,2011,not_provided_by_source,12606,9579,3027
financial.indicator.ocf_to_interestdebt,ocf_to_interestdebt,2012,not_provided_by_source,13723,10304,3419
financial.indicator.ocf_to_interestdebt,ocf_to_interestdebt,2013,not_provided_by_source,14280,10957,3323
financial.indicator.ocf_to_interestdebt,ocf_to_interestdebt,2014,not_provided_by_source,15143,12062,3081
financial.indicator.ocf_to_interestdebt,ocf_to_interestdebt,2015,not_provided_by_source,16225,13094,3131
financial.indicator.ocf_to_interestdebt,ocf_to_interestdebt,2016,not_provided_by_source,17928,13839,4089
financial.indicator.ocf_to_interestdebt,ocf_to_interestdebt,2017,not_provided_by_source,18710,14865,3845
financial.indicator.ocf_to_interestdebt,ocf_to_interestdebt,2018,not_provided_by_source,19035,15481,3554
financial.indicator.ocf_to_interestdebt,ocf_to_interestdebt,2019,not_provided_by_source,19749,15986,3763
financial.indicator.ocf_to_interestdebt,ocf_to_interestdebt,2020,not_provided_by_source,21007,16988,4019
financial.indicator.ocf_to_interestdebt,ocf_to_interestdebt,2021,not_provided_by_source,21479,19361,2118
financial.indicator.ocf_to_interestdebt,ocf_to_interestdebt,2022,not_provided_by_source,21544,20442,1102
financial.indicator.ocf_to_interestdebt,ocf_to_interestdebt,2023,not_provided_by_source,14469,13899,570
financial.indicator.ocf_to_interestdebt,ocf_to_interestdebt,2024,not_provided_by_source,12034,11547,487
financial.indicator.ocf_to_interestdebt,ocf_to_interestdebt,2025,not_provided_by_source,12859,12378,481
financial.indicator.ocf_to_interestdebt,ocf_to_interestdebt,2026,not_provided_by_source,7907,7636,271
financial.indicator.ocf_to_netdebt,ocf_to_netdebt,1990,not_provided_by_source,98,0,98
financial.indicator.ocf_to_netdebt,ocf_to_netdebt,1991,not_provided_by_source,144,0,144
financial.indicator.ocf_to_netdebt,ocf_to_netdebt,1992,not_provided_by_source,218,0,218
financial.indicator.ocf_to_netdebt,ocf_to_netdebt,1993,not_provided_by_source,592,0,592
financial.indicator.ocf_to_netdebt,ocf_to_netdebt,1994,not_provided_by_source,949,0,949
financial.indicator.ocf_to_netdebt,ocf_to_netdebt,1995,not_provided_by_source,1096,0,1096
financial.indicator.ocf_to_netdebt,ocf_to_netdebt,1996,not_provided_by_source,1378,0,1378
financial.indicator.ocf_to_netdebt,ocf_to_netdebt,1997,not_provided_by_source,1755,4,1751
financial.indicator.ocf_to_netdebt,ocf_to_netdebt,1998,not_provided_by_source,1794,907,887
financial.indicator.ocf_to_netdebt,ocf_to_netdebt,1999,not_provided_by_source,1996,1034,962
financial.indicator.ocf_to_netdebt,ocf_to_netdebt,2000,not_provided_by_source,2042,1552,490
financial.indicator.ocf_to_netdebt,ocf_to_netdebt,2001,not_provided_by_source,2439,1559,880
financial.indicator.ocf_to_netdebt,ocf_to_netdebt,2002,not_provided_by_source,4116,1686,2430
financial.indicator.ocf_to_netdebt,ocf_to_netdebt,2003,not_provided_by_source,4414,3338,1076
financial.indicator.ocf_to_netdebt,ocf_to_netdebt,2004,not_provided_by_source,4808,3800,1008
financial.indicator.ocf_to_netdebt,ocf_to_netdebt,2005,not_provided_by_source,5130,3938,1192
financial.indicator.ocf_to_netdebt,ocf_to_netdebt,2006,not_provided_by_source,6042,3784,2258
financial.indicator.ocf_to_netdebt,ocf_to_netdebt,2007,not_provided_by_source,7275,4270,3005
financial.indicator.ocf_to_netdebt,ocf_to_netdebt,2008,not_provided_by_source,8085,4626,3459
financial.indicator.ocf_to_netdebt,ocf_to_netdebt,2009,not_provided_by_source,9808,4668,5140
financial.indicator.ocf_to_netdebt,ocf_to_netdebt,2010,not_provided_by_source,10706,4610,6096
financial.indicator.ocf_to_netdebt,ocf_to_netdebt,2011,not_provided_by_source,12606,4696,7910
financial.indicator.ocf_to_netdebt,ocf_to_netdebt,2012,not_provided_by_source,13723,5358,8365
financial.indicator.ocf_to_netdebt,ocf_to_netdebt,2013,not_provided_by_source,14280,6102,8178
financial.indicator.ocf_to_netdebt,ocf_to_netdebt,2014,not_provided_by_source,15143,7018,8125
financial.indicator.ocf_to_netdebt,ocf_to_netdebt,2015,not_provided_by_source,16225,7578,8647
financial.indicator.ocf_to_netdebt,ocf_to_netdebt,2016,not_provided_by_source,17928,7508,10420
financial.indicator.ocf_to_netdebt,ocf_to_netdebt,2017,not_provided_by_source,18710,8104,10606
financial.indicator.ocf_to_netdebt,ocf_to_netdebt,2018,not_provided_by_source,19035,9228,9807
financial.indicator.ocf_to_netdebt,ocf_to_netdebt,2019,not_provided_by_source,19749,9703,10046
financial.indicator.ocf_to_netdebt,ocf_to_netdebt,2020,not_provided_by_source,21007,9701,11306
financial.indicator.ocf_to_netdebt,ocf_to_netdebt,2021,not_provided_by_source,21479,10001,11478
financial.indicator.ocf_to_netdebt,ocf_to_netdebt,2022,not_provided_by_source,21544,10156,11388
financial.indicator.ocf_to_netdebt,ocf_to_netdebt,2023,not_provided_by_source,14469,6881,7588
financial.indicator.ocf_to_netdebt,ocf_to_netdebt,2024,not_provided_by_source,12034,6011,6023
financial.indicator.ocf_to_netdebt,ocf_to_netdebt,2025,not_provided_by_source,12859,6503,6356
financial.indicator.ocf_to_netdebt,ocf_to_netdebt,2026,not_provided_by_source,7907,4091,3816
financial.indicator.ocf_to_opincome,ocf_to_opincome,1990,not_provided_by_source,98,0,98
financial.indicator.ocf_to_opincome,ocf_to_opincome,1991,not_provided_by_source,144,0,144
financial.indicator.ocf_to_opincome,ocf_to_opincome,1992,not_provided_by_source,218,0,218
financial.indicator.ocf_to_opincome,ocf_to_opincome,1993,not_provided_by_source,592,0,592
financial.indicator.ocf_to_opincome,ocf_to_opincome,1994,not_provided_by_source,949,0,949
financial.indicator.ocf_to_opincome,ocf_to_opincome,1995,not_provided_by_source,1096,0,1096
financial.indicator.ocf_to_opincome,ocf_to_opincome,1996,not_provided_by_source,1378,2,1376
financial.indicator.ocf_to_opincome,ocf_to_opincome,1997,not_provided_by_source,1755,6,1749
financial.indicator.ocf_to_opincome,ocf_to_opincome,1998,not_provided_by_source,1794,961,833
financial.indicator.ocf_to_opincome,ocf_to_opincome,1999,not_provided_by_source,1996,1050,946
financial.indicator.ocf_to_opincome,ocf_to_opincome,2000,not_provided_by_source,2042,1642,400
financial.indicator.ocf_to_opincome,ocf_to_opincome,2001,not_provided_by_source,2439,1584,855
financial.indicator.ocf_to_opincome,ocf_to_opincome,2002,not_provided_by_source,4116,1550,2566
financial.indicator.ocf_to_opincome,ocf_to_opincome,2003,not_provided_by_source,4414,3213,1201
financial.indicator.ocf_to_opincome,ocf_to_opincome,2004,not_provided_by_source,4808,3662,1146
financial.indicator.ocf_to_opincome,ocf_to_opincome,2005,not_provided_by_source,5130,3676,1454
financial.indicator.ocf_to_opincome,ocf_to_opincome,2006,not_provided_by_source,6042,4721,1321
financial.indicator.ocf_to_opincome,ocf_to_opincome,2007,not_provided_by_source,7275,5870,1405
financial.indicator.ocf_to_opincome,ocf_to_opincome,2008,not_provided_by_source,8085,6534,1551
financial.indicator.ocf_to_opincome,ocf_to_opincome,2009,not_provided_by_source,9808,7878,1930
financial.indicator.ocf_to_opincome,ocf_to_opincome,2010,not_provided_by_source,10706,9222,1484
financial.indicator.ocf_to_opincome,ocf_to_opincome,2011,not_provided_by_source,12606,11079,1527
financial.indicator.ocf_to_opincome,ocf_to_opincome,2012,not_provided_by_source,13723,11383,2340
financial.indicator.ocf_to_opincome,ocf_to_opincome,2013,not_provided_by_source,14280,11675,2605
financial.indicator.ocf_to_opincome,ocf_to_opincome,2014,not_provided_by_source,15143,12195,2948
financial.indicator.ocf_to_opincome,ocf_to_opincome,2015,not_provided_by_source,16225,12730,3495
financial.indicator.ocf_to_opincome,ocf_to_opincome,2016,not_provided_by_source,17928,14771,3157
financial.indicator.ocf_to_opincome,ocf_to_opincome,2017,not_provided_by_source,18710,15712,2998
financial.indicator.ocf_to_opincome,ocf_to_opincome,2018,not_provided_by_source,19035,15328,3707
financial.indicator.ocf_to_opincome,ocf_to_opincome,2019,not_provided_by_source,19749,15411,4338
financial.indicator.ocf_to_opincome,ocf_to_opincome,2020,not_provided_by_source,21007,15104,5903
financial.indicator.ocf_to_opincome,ocf_to_opincome,2021,not_provided_by_source,21479,16577,4902
financial.indicator.ocf_to_opincome,ocf_to_opincome,2022,not_provided_by_source,21544,15372,6172
financial.indicator.ocf_to_opincome,ocf_to_opincome,2023,not_provided_by_source,14469,9697,4772
financial.indicator.ocf_to_opincome,ocf_to_opincome,2024,not_provided_by_source,12034,7757,4277
financial.indicator.ocf_to_opincome,ocf_to_opincome,2025,not_provided_by_source,12859,8239,4620
financial.indicator.ocf_to_opincome,ocf_to_opincome,2026,not_provided_by_source,7907,5079,2828
financial.indicator.ocf_to_or,ocf_to_or,1990,not_provided_by_source,98,0,98
financial.indicator.ocf_to_or,ocf_to_or,1991,not_provided_by_source,144,0,144
financial.indicator.ocf_to_or,ocf_to_or,1992,not_provided_by_source,218,0,218
financial.indicator.ocf_to_or,ocf_to_or,1993,not_provided_by_source,592,0,592
financial.indicator.ocf_to_or,ocf_to_or,1994,not_provided_by_source,949,0,949
financial.indicator.ocf_to_or,ocf_to_or,1995,not_provided_by_source,1096,0,1096
financial.indicator.ocf_to_or,ocf_to_or,1996,not_provided_by_source,1378,2,1376
financial.indicator.ocf_to_or,ocf_to_or,1997,not_provided_by_source,1755,6,1749
financial.indicator.ocf_to_or,ocf_to_or,1998,not_provided_by_source,1794,1127,667
financial.indicator.ocf_to_or,ocf_to_or,1999,not_provided_by_source,1996,1270,726
financial.indicator.ocf_to_or,ocf_to_or,2000,not_provided_by_source,2042,1994,48
financial.indicator.ocf_to_or,ocf_to_or,2001,not_provided_by_source,2439,2003,436
financial.indicator.ocf_to_or,ocf_to_or,2002,not_provided_by_source,4116,2072,2044
financial.indicator.ocf_to_or,ocf_to_or,2003,not_provided_by_source,4414,4221,193
financial.indicator.ocf_to_or,ocf_to_or,2004,not_provided_by_source,4808,4580,228
financial.indicator.ocf_to_or,ocf_to_or,2005,not_provided_by_source,5130,4840,290
financial.indicator.ocf_to_or,ocf_to_or,2006,not_provided_by_source,6042,5847,195
financial.indicator.ocf_to_or,ocf_to_or,2007,not_provided_by_source,7275,7156,119
financial.indicator.ocf_to_or,ocf_to_or,2008,not_provided_by_source,8085,7946,139
financial.indicator.ocf_to_or,ocf_to_or,2009,not_provided_by_source,9808,9640,168
financial.indicator.ocf_to_or,ocf_to_or,2010,not_provided_by_source,10706,10526,180
financial.indicator.ocf_to_or,ocf_to_or,2011,not_provided_by_source,12606,12441,165
financial.indicator.ocf_to_or,ocf_to_or,2012,not_provided_by_source,13723,13514,209
financial.indicator.ocf_to_or,ocf_to_or,2013,not_provided_by_source,14280,14118,162
financial.indicator.ocf_to_or,ocf_to_or,2014,not_provided_by_source,15143,15010,133
financial.indicator.ocf_to_or,ocf_to_or,2015,not_provided_by_source,16225,16097,128
financial.indicator.ocf_to_or,ocf_to_or,2016,not_provided_by_source,17928,17837,91
financial.indicator.ocf_to_or,ocf_to_or,2017,not_provided_by_source,18710,18643,67
financial.indicator.ocf_to_or,ocf_to_or,2018,not_provided_by_source,19035,18972,63
financial.indicator.ocf_to_or,ocf_to_or,2019,not_provided_by_source,19749,19684,65
financial.indicator.ocf_to_or,ocf_to_or,2020,not_provided_by_source,21007,20948,59
financial.indicator.ocf_to_or,ocf_to_or,2021,not_provided_by_source,21479,21449,30
financial.indicator.ocf_to_or,ocf_to_or,2022,not_provided_by_source,21544,21499,45
financial.indicator.ocf_to_or,ocf_to_or,2023,not_provided_by_source,14469,14439,30
financial.indicator.ocf_to_or,ocf_to_or,2024,not_provided_by_source,12034,12008,26
financial.indicator.ocf_to_or,ocf_to_or,2025,not_provided_by_source,12859,12843,16
financial.indicator.ocf_to_or,ocf_to_or,2026,not_provided_by_source,7907,7887,20
financial.indicator.ocf_to_profit,ocf_to_profit,1990,not_provided_by_source,98,0,98
financial.indicator.ocf_to_profit,ocf_to_profit,1991,not_provided_by_source,144,0,144
financial.indicator.ocf_to_profit,ocf_to_profit,1992,not_provided_by_source,218,0,218
financial.indicator.ocf_to_profit,ocf_to_profit,1993,not_provided_by_source,592,0,592
financial.indicator.ocf_to_profit,ocf_to_profit,1994,not_provided_by_source,949,0,949
financial.indicator.ocf_to_profit,ocf_to_profit,1995,not_provided_by_source,1096,0,1096
financial.indicator.ocf_to_profit,ocf_to_profit,1996,not_provided_by_source,1378,2,1376
financial.indicator.ocf_to_profit,ocf_to_profit,1997,not_provided_by_source,1755,6,1749
financial.indicator.ocf_to_profit,ocf_to_profit,1998,not_provided_by_source,1794,1001,793
financial.indicator.ocf_to_profit,ocf_to_profit,1999,not_provided_by_source,1996,1098,898
financial.indicator.ocf_to_profit,ocf_to_profit,2000,not_provided_by_source,2042,1736,306
financial.indicator.ocf_to_profit,ocf_to_profit,2001,not_provided_by_source,2439,1664,775
financial.indicator.ocf_to_profit,ocf_to_profit,2002,not_provided_by_source,4116,1648,2468
financial.indicator.ocf_to_profit,ocf_to_profit,2003,not_provided_by_source,4414,3425,989
financial.indicator.ocf_to_profit,ocf_to_profit,2004,not_provided_by_source,4808,3844,964
financial.indicator.ocf_to_profit,ocf_to_profit,2005,not_provided_by_source,5130,3780,1350
financial.indicator.ocf_to_profit,ocf_to_profit,2006,not_provided_by_source,6042,4917,1125
financial.indicator.ocf_to_profit,ocf_to_profit,2007,not_provided_by_source,7275,6188,1087
financial.indicator.ocf_to_profit,ocf_to_profit,2008,not_provided_by_source,8085,6756,1329
financial.indicator.ocf_to_profit,ocf_to_profit,2009,not_provided_by_source,9808,8180,1628
financial.indicator.ocf_to_profit,ocf_to_profit,2010,not_provided_by_source,10706,9424,1282
financial.indicator.ocf_to_profit,ocf_to_profit,2011,not_provided_by_source,12606,11277,1329
financial.indicator.ocf_to_profit,ocf_to_profit,2012,not_provided_by_source,13723,11665,2058
financial.indicator.ocf_to_profit,ocf_to_profit,2013,not_provided_by_source,14280,12058,2222
financial.indicator.ocf_to_profit,ocf_to_profit,2014,not_provided_by_source,15143,12661,2482
financial.indicator.ocf_to_profit,ocf_to_profit,2015,not_provided_by_source,16225,13273,2952
financial.indicator.ocf_to_profit,ocf_to_profit,2016,not_provided_by_source,17928,15290,2638
financial.indicator.ocf_to_profit,ocf_to_profit,2017,not_provided_by_source,18710,16493,2217
financial.indicator.ocf_to_profit,ocf_to_profit,2018,not_provided_by_source,19035,16592,2443
financial.indicator.ocf_to_profit,ocf_to_profit,2019,not_provided_by_source,19749,16911,2838
financial.indicator.ocf_to_profit,ocf_to_profit,2020,not_provided_by_source,21007,16579,4428
financial.indicator.ocf_to_profit,ocf_to_profit,2021,not_provided_by_source,21479,17891,3588
financial.indicator.ocf_to_profit,ocf_to_profit,2022,not_provided_by_source,21544,16716,4828
financial.indicator.ocf_to_profit,ocf_to_profit,2023,not_provided_by_source,14469,10759,3710
financial.indicator.ocf_to_profit,ocf_to_profit,2024,not_provided_by_source,12034,8650,3384
financial.indicator.ocf_to_profit,ocf_to_profit,2025,not_provided_by_source,12859,9242,3617
financial.indicator.ocf_to_profit,ocf_to_profit,2026,not_provided_by_source,7907,5596,2311
financial.indicator.ocf_to_shortdebt,ocf_to_shortdebt,1990,not_provided_by_source,98,0,98
financial.indicator.ocf_to_shortdebt,ocf_to_shortdebt,1991,not_provided_by_source,144,0,144
financial.indicator.ocf_to_shortdebt,ocf_to_shortdebt,1992,not_provided_by_source,218,0,218
financial.indicator.ocf_to_shortdebt,ocf_to_shortdebt,1993,not_provided_by_source,592,0,592
financial.indicator.ocf_to_shortdebt,ocf_to_shortdebt,1994,not_provided_by_source,949,0,949
financial.indicator.ocf_to_shortdebt,ocf_to_shortdebt,1995,not_provided_by_source,1096,0,1096
financial.indicator.ocf_to_shortdebt,ocf_to_shortdebt,1996,not_provided_by_source,1378,2,1376
financial.indicator.ocf_to_shortdebt,ocf_to_shortdebt,1997,not_provided_by_source,1755,6,1749
financial.indicator.ocf_to_shortdebt,ocf_to_shortdebt,1998,not_provided_by_source,1794,1123,671
financial.indicator.ocf_to_shortdebt,ocf_to_shortdebt,1999,not_provided_by_source,1996,1262,734
financial.indicator.ocf_to_shortdebt,ocf_to_shortdebt,2000,not_provided_by_source,2042,1996,46
financial.indicator.ocf_to_shortdebt,ocf_to_shortdebt,2001,not_provided_by_source,2439,2007,432
financial.indicator.ocf_to_shortdebt,ocf_to_shortdebt,2002,not_provided_by_source,4116,2072,2044
financial.indicator.ocf_to_shortdebt,ocf_to_shortdebt,2003,not_provided_by_source,4414,4012,402
financial.indicator.ocf_to_shortdebt,ocf_to_shortdebt,2004,not_provided_by_source,4808,4572,236
financial.indicator.ocf_to_shortdebt,ocf_to_shortdebt,2005,not_provided_by_source,5130,4840,290
financial.indicator.ocf_to_shortdebt,ocf_to_shortdebt,2006,not_provided_by_source,6042,5440,602
financial.indicator.ocf_to_shortdebt,ocf_to_shortdebt,2007,not_provided_by_source,7275,6736,539
financial.indicator.ocf_to_shortdebt,ocf_to_shortdebt,2008,not_provided_by_source,8085,7668,417
financial.indicator.ocf_to_shortdebt,ocf_to_shortdebt,2009,not_provided_by_source,9808,8552,1256
financial.indicator.ocf_to_shortdebt,ocf_to_shortdebt,2010,not_provided_by_source,10706,10328,378
financial.indicator.ocf_to_shortdebt,ocf_to_shortdebt,2011,not_provided_by_source,12606,12361,245
financial.indicator.ocf_to_shortdebt,ocf_to_shortdebt,2012,not_provided_by_source,13723,13434,289
financial.indicator.ocf_to_shortdebt,ocf_to_shortdebt,2013,not_provided_by_source,14280,13972,308
financial.indicator.ocf_to_shortdebt,ocf_to_shortdebt,2014,not_provided_by_source,15143,14741,402
financial.indicator.ocf_to_shortdebt,ocf_to_shortdebt,2015,not_provided_by_source,16225,15753,472
financial.indicator.ocf_to_shortdebt,ocf_to_shortdebt,2016,not_provided_by_source,17928,16733,1195
financial.indicator.ocf_to_shortdebt,ocf_to_shortdebt,2017,not_provided_by_source,18710,18115,595
financial.indicator.ocf_to_shortdebt,ocf_to_shortdebt,2018,not_provided_by_source,19035,18516,519
financial.indicator.ocf_to_shortdebt,ocf_to_shortdebt,2019,not_provided_by_source,19749,18924,825
financial.indicator.ocf_to_shortdebt,ocf_to_shortdebt,2020,not_provided_by_source,21007,19918,1089
financial.indicator.ocf_to_shortdebt,ocf_to_shortdebt,2021,not_provided_by_source,21479,20840,639
financial.indicator.ocf_to_shortdebt,ocf_to_shortdebt,2022,not_provided_by_source,21544,21165,379
financial.indicator.ocf_to_shortdebt,ocf_to_shortdebt,2023,not_provided_by_source,14469,14282,187
financial.indicator.ocf_to_shortdebt,ocf_to_shortdebt,2024,not_provided_by_source,12034,11869,165
financial.indicator.ocf_to_shortdebt,ocf_to_shortdebt,2025,not_provided_by_source,12859,12715,144
financial.indicator.ocf_to_shortdebt,ocf_to_shortdebt,2026,not_provided_by_source,7907,7819,88
financial.indicator.ocf_yoy,ocf_yoy,1990,not_provided_by_source,98,0,98
financial.indicator.ocf_yoy,ocf_yoy,1991,not_provided_by_source,144,0,144
financial.indicator.ocf_yoy,ocf_yoy,1992,not_provided_by_source,218,0,218
financial.indicator.ocf_yoy,ocf_yoy,1993,not_provided_by_source,592,0,592
financial.indicator.ocf_yoy,ocf_yoy,1994,not_provided_by_source,949,0,949
financial.indicator.ocf_yoy,ocf_yoy,1995,not_provided_by_source,1096,0,1096
financial.indicator.ocf_yoy,ocf_yoy,1996,not_provided_by_source,1378,0,1378
financial.indicator.ocf_yoy,ocf_yoy,1997,not_provided_by_source,1755,2,1753
financial.indicator.ocf_yoy,ocf_yoy,1998,not_provided_by_source,1794,4,1790
financial.indicator.ocf_yoy,ocf_yoy,1999,not_provided_by_source,1996,975,1021
financial.indicator.ocf_yoy,ocf_yoy,2000,not_provided_by_source,2042,1270,772
financial.indicator.ocf_yoy,ocf_yoy,2001,not_provided_by_source,2439,1997,442
financial.indicator.ocf_yoy,ocf_yoy,2002,not_provided_by_source,4116,1992,2124
financial.indicator.ocf_yoy,ocf_yoy,2003,not_provided_by_source,4414,2070,2344
financial.indicator.ocf_yoy,ocf_yoy,2004,not_provided_by_source,4808,4226,582
financial.indicator.ocf_yoy,ocf_yoy,2005,not_provided_by_source,5130,4624,506
financial.indicator.ocf_yoy,ocf_yoy,2006,not_provided_by_source,6042,4878,1164
financial.indicator.ocf_yoy,ocf_yoy,2007,not_provided_by_source,7275,6006,1269
financial.indicator.ocf_yoy,ocf_yoy,2008,not_provided_by_source,8085,7224,861
financial.indicator.ocf_yoy,ocf_yoy,2009,not_provided_by_source,9808,8020,1788
financial.indicator.ocf_yoy,ocf_yoy,2010,not_provided_by_source,10706,9924,782
financial.indicator.ocf_yoy,ocf_yoy,2011,not_provided_by_source,12606,11543,1063
financial.indicator.ocf_yoy,ocf_yoy,2012,not_provided_by_source,13723,13106,617
financial.indicator.ocf_yoy,ocf_yoy,2013,not_provided_by_source,14280,13656,624
financial.indicator.ocf_yoy,ocf_yoy,2014,not_provided_by_source,15143,14330,813
financial.indicator.ocf_yoy,ocf_yoy,2015,not_provided_by_source,16225,15352,873
financial.indicator.ocf_yoy,ocf_yoy,2016,not_provided_by_source,17928,16374,1554
financial.indicator.ocf_yoy,ocf_yoy,2017,not_provided_by_source,18710,17759,951
financial.indicator.ocf_yoy,ocf_yoy,2018,not_provided_by_source,19035,18495,540
financial.indicator.ocf_yoy,ocf_yoy,2019,not_provided_by_source,19749,18894,855
financial.indicator.ocf_yoy,ocf_yoy,2020,not_provided_by_source,21007,19641,1366
financial.indicator.ocf_yoy,ocf_yoy,2021,not_provided_by_source,21479,20956,523
financial.indicator.ocf_yoy,ocf_yoy,2022,not_provided_by_source,21544,21358,186
financial.indicator.ocf_yoy,ocf_yoy,2023,not_provided_by_source,14469,14444,25
financial.indicator.ocf_yoy,ocf_yoy,2024,not_provided_by_source,12034,12004,30
financial.indicator.ocf_yoy,ocf_yoy,2025,not_provided_by_source,12859,12828,31
financial.indicator.ocf_yoy,ocf_yoy,2026,not_provided_by_source,7907,7897,10
financial.indicator.ocfps,ocfps,1990,not_provided_by_source,98,0,98
financial.indicator.ocfps,ocfps,1991,not_provided_by_source,144,0,144
financial.indicator.ocfps,ocfps,1992,not_provided_by_source,218,0,218
financial.indicator.ocfps,ocfps,1993,not_provided_by_source,592,0,592
financial.indicator.ocfps,ocfps,1994,not_provided_by_source,949,0,949
financial.indicator.ocfps,ocfps,1995,not_provided_by_source,1096,0,1096
financial.indicator.ocfps,ocfps,1996,not_provided_by_source,1378,2,1376
financial.indicator.ocfps,ocfps,1997,not_provided_by_source,1755,6,1749
financial.indicator.ocfps,ocfps,1998,not_provided_by_source,1794,1129,665
financial.indicator.ocfps,ocfps,1999,not_provided_by_source,1996,1270,726
financial.indicator.ocfps,ocfps,2000,not_provided_by_source,2042,2004,38
financial.indicator.ocfps,ocfps,2001,not_provided_by_source,2439,2015,424
financial.indicator.ocfps,ocfps,2002,not_provided_by_source,4116,2082,2034
financial.indicator.ocfps,ocfps,2003,not_provided_by_source,4414,4226,188
financial.indicator.ocfps,ocfps,2004,not_provided_by_source,4808,4646,162
financial.indicator.ocfps,ocfps,2005,not_provided_by_source,5130,4938,192
financial.indicator.ocfps,ocfps,2006,not_provided_by_source,6042,5568,474
financial.indicator.ocfps,ocfps,2007,not_provided_by_source,7275,6802,473
financial.indicator.ocfps,ocfps,2008,not_provided_by_source,8085,7748,337
financial.indicator.ocfps,ocfps,2009,not_provided_by_source,9808,8638,1170
financial.indicator.ocfps,ocfps,2010,not_provided_by_source,10706,10428,278
financial.indicator.ocfps,ocfps,2011,not_provided_by_source,12606,12479,127
financial.indicator.ocfps,ocfps,2012,not_provided_by_source,13723,13552,171
financial.indicator.ocfps,ocfps,2013,not_provided_by_source,14280,14076,204
financial.indicator.ocfps,ocfps,2014,not_provided_by_source,15143,14867,276
financial.indicator.ocfps,ocfps,2015,not_provided_by_source,16225,15844,381
financial.indicator.ocfps,ocfps,2016,not_provided_by_source,17928,16965,963
financial.indicator.ocfps,ocfps,2017,not_provided_by_source,18710,18281,429
financial.indicator.ocfps,ocfps,2018,not_provided_by_source,19035,18756,279
financial.indicator.ocfps,ocfps,2019,not_provided_by_source,19749,19198,551
financial.indicator.ocfps,ocfps,2020,not_provided_by_source,21007,20186,821
financial.indicator.ocfps,ocfps,2021,not_provided_by_source,21479,21077,402
financial.indicator.ocfps,ocfps,2022,not_provided_by_source,21544,21392,152
financial.indicator.ocfps,ocfps,2023,not_provided_by_source,14469,14423,46
financial.indicator.ocfps,ocfps,2024,not_provided_by_source,12034,11983,51
financial.indicator.ocfps,ocfps,2025,not_provided_by_source,12859,12838,21
financial.indicator.ocfps,ocfps,2026,not_provided_by_source,7907,7896,11
financial.indicator.ocfps_yoy,ocfps_yoy,1990,not_provided_by_source,98,0,98
financial.indicator.ocfps_yoy,ocfps_yoy,1991,not_provided_by_source,144,0,144
financial.indicator.ocfps_yoy,ocfps_yoy,1992,not_provided_by_source,218,0,218
financial.indicator.ocfps_yoy,ocfps_yoy,1993,not_provided_by_source,592,0,592
financial.indicator.ocfps_yoy,ocfps_yoy,1994,not_provided_by_source,949,0,949
financial.indicator.ocfps_yoy,ocfps_yoy,1995,not_provided_by_source,1096,0,1096
financial.indicator.ocfps_yoy,ocfps_yoy,1996,not_provided_by_source,1378,0,1378
financial.indicator.ocfps_yoy,ocfps_yoy,1997,not_provided_by_source,1755,2,1753
financial.indicator.ocfps_yoy,ocfps_yoy,1998,not_provided_by_source,1794,4,1790
financial.indicator.ocfps_yoy,ocfps_yoy,1999,not_provided_by_source,1996,975,1021
financial.indicator.ocfps_yoy,ocfps_yoy,2000,not_provided_by_source,2042,1268,774
financial.indicator.ocfps_yoy,ocfps_yoy,2001,not_provided_by_source,2439,1995,444
financial.indicator.ocfps_yoy,ocfps_yoy,2002,not_provided_by_source,4116,1992,2124
financial.indicator.ocfps_yoy,ocfps_yoy,2003,not_provided_by_source,4414,2070,2344
financial.indicator.ocfps_yoy,ocfps_yoy,2004,not_provided_by_source,4808,4196,612
financial.indicator.ocfps_yoy,ocfps_yoy,2005,not_provided_by_source,5130,4608,522
financial.indicator.ocfps_yoy,ocfps_yoy,2006,not_provided_by_source,6042,4858,1184
financial.indicator.ocfps_yoy,ocfps_yoy,2007,not_provided_by_source,7275,5948,1327
financial.indicator.ocfps_yoy,ocfps_yoy,2008,not_provided_by_source,8085,7062,1023
financial.indicator.ocfps_yoy,ocfps_yoy,2009,not_provided_by_source,9808,7950,1858
financial.indicator.ocfps_yoy,ocfps_yoy,2010,not_provided_by_source,10706,9842,864
financial.indicator.ocfps_yoy,ocfps_yoy,2011,not_provided_by_source,12606,11473,1133
financial.indicator.ocfps_yoy,ocfps_yoy,2012,not_provided_by_source,13723,13040,683
financial.indicator.ocfps_yoy,ocfps_yoy,2013,not_provided_by_source,14280,13494,786
financial.indicator.ocfps_yoy,ocfps_yoy,2014,not_provided_by_source,15143,14172,971
financial.indicator.ocfps_yoy,ocfps_yoy,2015,not_provided_by_source,16225,14965,1260
financial.indicator.ocfps_yoy,ocfps_yoy,2016,not_provided_by_source,17928,15711,2217
financial.indicator.ocfps_yoy,ocfps_yoy,2017,not_provided_by_source,18710,16803,1907
financial.indicator.ocfps_yoy,ocfps_yoy,2018,not_provided_by_source,19035,18037,998
financial.indicator.ocfps_yoy,ocfps_yoy,2019,not_provided_by_source,19749,18567,1182
financial.indicator.ocfps_yoy,ocfps_yoy,2020,not_provided_by_source,21007,19065,1942
financial.indicator.ocfps_yoy,ocfps_yoy,2021,not_provided_by_source,21479,20092,1387
financial.indicator.ocfps_yoy,ocfps_yoy,2022,not_provided_by_source,21544,20924,620
financial.indicator.ocfps_yoy,ocfps_yoy,2023,not_provided_by_source,14469,14295,174
financial.indicator.ocfps_yoy,ocfps_yoy,2024,not_provided_by_source,12034,11957,77
financial.indicator.ocfps_yoy,ocfps_yoy,2025,not_provided_by_source,12859,12771,88
financial.indicator.ocfps_yoy,ocfps_yoy,2026,not_provided_by_source,7907,7870,37
financial.indicator.op_income,op_income,1990,not_provided_by_source,98,62,36
financial.indicator.op_income,op_income,1991,not_provided_by_source,144,102,42
financial.indicator.op_income,op_income,1992,not_provided_by_source,218,174,44
financial.indicator.op_income,op_income,1993,not_provided_by_source,592,512,80
financial.indicator.op_income,op_income,1994,not_provided_by_source,949,932,17
financial.indicator.op_income,op_income,1995,not_provided_by_source,1096,1086,10
financial.indicator.op_income,op_income,1996,not_provided_by_source,1378,1374,4
financial.indicator.op_income,op_income,1997,not_provided_by_source,1755,1755,0
financial.indicator.op_income,op_income,1998,not_provided_by_source,1794,1794,0
financial.indicator.op_income,op_income,1999,not_provided_by_source,1996,1996,0
financial.indicator.op_income,op_income,2000,not_provided_by_source,2042,2042,0
financial.indicator.op_income,op_income,2001,not_provided_by_source,2439,2439,0
financial.indicator.op_income,op_income,2002,not_provided_by_source,4116,4112,4
financial.indicator.op_income,op_income,2003,not_provided_by_source,4414,4413,1
financial.indicator.op_income,op_income,2004,not_provided_by_source,4808,4807,1
financial.indicator.op_income,op_income,2005,not_provided_by_source,5130,5130,0
financial.indicator.op_income,op_income,2006,not_provided_by_source,6042,6039,3
financial.indicator.op_income,op_income,2007,not_provided_by_source,7275,7272,3
financial.indicator.op_income,op_income,2008,not_provided_by_source,8085,8072,13
financial.indicator.op_income,op_income,2009,not_provided_by_source,9808,9784,24
financial.indicator.op_income,op_income,2010,not_provided_by_source,10706,10674,32
financial.indicator.op_income,op_income,2011,not_provided_by_source,12606,12557,49
financial.indicator.op_income,op_income,2012,not_provided_by_source,13723,13614,109
financial.indicator.op_income,op_income,2013,not_provided_by_source,14280,14197,83
financial.indicator.op_income,op_income,2014,not_provided_by_source,15143,15082,61
financial.indicator.op_income,op_income,2015,not_provided_by_source,16225,16161,64
financial.indicator.op_income,op_income,2016,not_provided_by_source,17928,17887,41
financial.indicator.op_income,op_income,2017,not_provided_by_source,18710,18697,13
financial.indicator.op_income,op_income,2018,not_provided_by_source,19035,19025,10
financial.indicator.op_income,op_income,2019,not_provided_by_source,19749,19733,16
financial.indicator.op_income,op_income,2020,not_provided_by_source,21007,20998,9
financial.indicator.op_income,op_income,2021,not_provided_by_source,21479,21471,8
financial.indicator.op_income,op_income,2022,not_provided_by_source,21544,21534,10
financial.indicator.op_income,op_income,2023,not_provided_by_source,14469,14459,10
financial.indicator.op_income,op_income,2024,not_provided_by_source,12034,12026,8
financial.indicator.op_income,op_income,2025,not_provided_by_source,12859,12850,9
financial.indicator.op_income,op_income,2026,not_provided_by_source,7907,7899,8
financial.indicator.op_of_gr,op_of_gr,1990,not_provided_by_source,98,64,34
financial.indicator.op_of_gr,op_of_gr,1991,not_provided_by_source,144,114,30
financial.indicator.op_of_gr,op_of_gr,1992,not_provided_by_source,218,176,42
financial.indicator.op_of_gr,op_of_gr,1993,not_provided_by_source,592,478,114
financial.indicator.op_of_gr,op_of_gr,1994,not_provided_by_source,949,880,69
financial.indicator.op_of_gr,op_of_gr,1995,not_provided_by_source,1096,1048,48
financial.indicator.op_of_gr,op_of_gr,1996,not_provided_by_source,1378,1344,34
financial.indicator.op_of_gr,op_of_gr,1997,not_provided_by_source,1755,1615,140
financial.indicator.op_of_gr,op_of_gr,1998,not_provided_by_source,1794,1792,2
financial.indicator.op_of_gr,op_of_gr,1999,not_provided_by_source,1996,1990,6
financial.indicator.op_of_gr,op_of_gr,2000,not_provided_by_source,2042,2030,12
financial.indicator.op_of_gr,op_of_gr,2001,not_provided_by_source,2439,2393,46
financial.indicator.op_of_gr,op_of_gr,2002,not_provided_by_source,4116,3968,148
financial.indicator.op_of_gr,op_of_gr,2003,not_provided_by_source,4414,4365,49
financial.indicator.op_of_gr,op_of_gr,2004,not_provided_by_source,4808,4717,91
financial.indicator.op_of_gr,op_of_gr,2005,not_provided_by_source,5130,5010,120
financial.indicator.op_of_gr,op_of_gr,2006,not_provided_by_source,6042,5945,97
financial.indicator.op_of_gr,op_of_gr,2007,not_provided_by_source,7275,7166,109
financial.indicator.op_of_gr,op_of_gr,2008,not_provided_by_source,8085,7970,115
financial.indicator.op_of_gr,op_of_gr,2009,not_provided_by_source,9808,9670,138
financial.indicator.op_of_gr,op_of_gr,2010,not_provided_by_source,10706,10538,168
financial.indicator.op_of_gr,op_of_gr,2011,not_provided_by_source,12606,12453,153
financial.indicator.op_of_gr,op_of_gr,2012,not_provided_by_source,13723,13532,191
financial.indicator.op_of_gr,op_of_gr,2013,not_provided_by_source,14280,14138,142
financial.indicator.op_of_gr,op_of_gr,2014,not_provided_by_source,15143,15016,127
financial.indicator.op_of_gr,op_of_gr,2015,not_provided_by_source,16225,16103,122
financial.indicator.op_of_gr,op_of_gr,2016,not_provided_by_source,17928,17843,85
financial.indicator.op_of_gr,op_of_gr,2017,not_provided_by_source,18710,18653,57
financial.indicator.op_of_gr,op_of_gr,2018,not_provided_by_source,19035,18978,57
financial.indicator.op_of_gr,op_of_gr,2019,not_provided_by_source,19749,19690,59
financial.indicator.op_of_gr,op_of_gr,2020,not_provided_by_source,21007,20952,55
financial.indicator.op_of_gr,op_of_gr,2021,not_provided_by_source,21479,21449,30
financial.indicator.op_of_gr,op_of_gr,2022,not_provided_by_source,21544,21500,44
financial.indicator.op_of_gr,op_of_gr,2023,not_provided_by_source,14469,14441,28
financial.indicator.op_of_gr,op_of_gr,2024,not_provided_by_source,12034,12009,25
financial.indicator.op_of_gr,op_of_gr,2025,not_provided_by_source,12859,12845,14
financial.indicator.op_of_gr,op_of_gr,2026,not_provided_by_source,7907,7896,11
financial.indicator.op_to_debt,op_to_debt,1990,not_provided_by_source,98,24,74
financial.indicator.op_to_debt,op_to_debt,1991,not_provided_by_source,144,66,78
financial.indicator.op_to_debt,op_to_debt,1992,not_provided_by_source,218,140,78
financial.indicator.op_to_debt,op_to_debt,1993,not_provided_by_source,592,452,140
financial.indicator.op_to_debt,op_to_debt,1994,not_provided_by_source,949,870,79
financial.indicator.op_to_debt,op_to_debt,1995,not_provided_by_source,1096,1046,50
financial.indicator.op_to_debt,op_to_debt,1996,not_provided_by_source,1378,1340,38
financial.indicator.op_to_debt,op_to_debt,1997,not_provided_by_source,1755,1573,182
financial.indicator.op_to_debt,op_to_debt,1998,not_provided_by_source,1794,1794,0
financial.indicator.op_to_debt,op_to_debt,1999,not_provided_by_source,1996,1928,68
financial.indicator.op_to_debt,op_to_debt,2000,not_provided_by_source,2042,2014,28
financial.indicator.op_to_debt,op_to_debt,2001,not_provided_by_source,2439,2203,236
financial.indicator.op_to_debt,op_to_debt,2002,not_provided_by_source,4116,3992,124
financial.indicator.op_to_debt,op_to_debt,2003,not_provided_by_source,4414,4050,364
financial.indicator.op_to_debt,op_to_debt,2004,not_provided_by_source,4808,4602,206
financial.indicator.op_to_debt,op_to_debt,2005,not_provided_by_source,5130,4864,266
financial.indicator.op_to_debt,op_to_debt,2006,not_provided_by_source,6042,5482,560
financial.indicator.op_to_debt,op_to_debt,2007,not_provided_by_source,7275,6790,485
financial.indicator.op_to_debt,op_to_debt,2008,not_provided_by_source,8085,7764,321
financial.indicator.op_to_debt,op_to_debt,2009,not_provided_by_source,9808,8658,1150
financial.indicator.op_to_debt,op_to_debt,2010,not_provided_by_source,10706,10440,266
financial.indicator.op_to_debt,op_to_debt,2011,not_provided_by_source,12606,12503,103
financial.indicator.op_to_debt,op_to_debt,2012,not_provided_by_source,13723,13584,139
financial.indicator.op_to_debt,op_to_debt,2013,not_provided_by_source,14280,14134,146
financial.indicator.op_to_debt,op_to_debt,2014,not_provided_by_source,15143,14901,242
financial.indicator.op_to_debt,op_to_debt,2015,not_provided_by_source,16225,15916,309
financial.indicator.op_to_debt,op_to_debt,2016,not_provided_by_source,17928,16911,1017
financial.indicator.op_to_debt,op_to_debt,2017,not_provided_by_source,18710,18327,383
financial.indicator.op_to_debt,op_to_debt,2018,not_provided_by_source,19035,18730,305
financial.indicator.op_to_debt,op_to_debt,2019,not_provided_by_source,19749,19148,601
financial.indicator.op_to_debt,op_to_debt,2020,not_provided_by_source,21007,20140,867
financial.indicator.op_to_debt,op_to_debt,2021,not_provided_by_source,21479,21054,425
financial.indicator.op_to_debt,op_to_debt,2022,not_provided_by_source,21544,21387,157
financial.indicator.op_to_debt,op_to_debt,2023,not_provided_by_source,14469,14447,22
financial.indicator.op_to_debt,op_to_debt,2024,not_provided_by_source,12034,11989,45
financial.indicator.op_to_debt,op_to_debt,2025,not_provided_by_source,12859,12833,26
financial.indicator.op_to_debt,op_to_debt,2026,not_provided_by_source,7907,7894,13
financial.indicator.op_to_ebt,op_to_ebt,1990,not_provided_by_source,98,60,38
financial.indicator.op_to_ebt,op_to_ebt,1991,not_provided_by_source,144,108,36
financial.indicator.op_to_ebt,op_to_ebt,1992,not_provided_by_source,218,174,44
financial.indicator.op_to_ebt,op_to_ebt,1993,not_provided_by_source,592,476,116
financial.indicator.op_to_ebt,op_to_ebt,1994,not_provided_by_source,949,874,75
financial.indicator.op_to_ebt,op_to_ebt,1995,not_provided_by_source,1096,1022,74
financial.indicator.op_to_ebt,op_to_ebt,1996,not_provided_by_source,1378,1278,100
financial.indicator.op_to_ebt,op_to_ebt,1997,not_provided_by_source,1755,1531,224
financial.indicator.op_to_ebt,op_to_ebt,1998,not_provided_by_source,1794,1632,162
financial.indicator.op_to_ebt,op_to_ebt,1999,not_provided_by_source,1996,1806,190
financial.indicator.op_to_ebt,op_to_ebt,2000,not_provided_by_source,2042,1798,244
financial.indicator.op_to_ebt,op_to_ebt,2001,not_provided_by_source,2439,2000,439
financial.indicator.op_to_ebt,op_to_ebt,2002,not_provided_by_source,4116,3208,908
financial.indicator.op_to_ebt,op_to_ebt,2003,not_provided_by_source,4414,3627,787
financial.indicator.op_to_ebt,op_to_ebt,2004,not_provided_by_source,4808,4034,774
financial.indicator.op_to_ebt,op_to_ebt,2005,not_provided_by_source,5130,4052,1078
financial.indicator.op_to_ebt,op_to_ebt,2006,not_provided_by_source,6042,5101,941
financial.indicator.op_to_ebt,op_to_ebt,2007,not_provided_by_source,7275,6422,853
financial.indicator.op_to_ebt,op_to_ebt,2008,not_provided_by_source,8085,7046,1039
financial.indicator.op_to_ebt,op_to_ebt,2009,not_provided_by_source,9808,8500,1308
financial.indicator.op_to_ebt,op_to_ebt,2010,not_provided_by_source,10706,9734,972
financial.indicator.op_to_ebt,op_to_ebt,2011,not_provided_by_source,12606,11545,1061
financial.indicator.op_to_ebt,op_to_ebt,2012,not_provided_by_source,13723,12166,1557
financial.indicator.op_to_ebt,op_to_ebt,2013,not_provided_by_source,14280,12586,1694
financial.indicator.op_to_ebt,op_to_ebt,2014,not_provided_by_source,15143,13323,1820
financial.indicator.op_to_ebt,op_to_ebt,2015,not_provided_by_source,16225,13868,2357
financial.indicator.op_to_ebt,op_to_ebt,2016,not_provided_by_source,17928,15943,1985
financial.indicator.op_to_ebt,op_to_ebt,2017,not_provided_by_source,18710,16907,1803
financial.indicator.op_to_ebt,op_to_ebt,2018,not_provided_by_source,19035,16728,2307
financial.indicator.op_to_ebt,op_to_ebt,2019,not_provided_by_source,19749,17051,2698
financial.indicator.op_to_ebt,op_to_ebt,2020,not_provided_by_source,21007,16684,4323
financial.indicator.op_to_ebt,op_to_ebt,2021,not_provided_by_source,21479,17993,3486
financial.indicator.op_to_ebt,op_to_ebt,2022,not_provided_by_source,21544,16723,4821
financial.indicator.op_to_ebt,op_to_ebt,2023,not_provided_by_source,14469,10797,3672
financial.indicator.op_to_ebt,op_to_ebt,2024,not_provided_by_source,12034,8657,3377
financial.indicator.op_to_ebt,op_to_ebt,2025,not_provided_by_source,12859,9260,3599
financial.indicator.op_to_ebt,op_to_ebt,2026,not_provided_by_source,7907,5611,2296
financial.indicator.op_to_liqdebt,op_to_liqdebt,1990,not_provided_by_source,98,44,54
financial.indicator.op_to_liqdebt,op_to_liqdebt,1991,not_provided_by_source,144,88,56
financial.indicator.op_to_liqdebt,op_to_liqdebt,1992,not_provided_by_source,218,154,64
financial.indicator.op_to_liqdebt,op_to_liqdebt,1993,not_provided_by_source,592,462,130
financial.indicator.op_to_liqdebt,op_to_liqdebt,1994,not_provided_by_source,949,870,79
financial.indicator.op_to_liqdebt,op_to_liqdebt,1995,not_provided_by_source,1096,1040,56
financial.indicator.op_to_liqdebt,op_to_liqdebt,1996,not_provided_by_source,1378,1332,46
financial.indicator.op_to_liqdebt,op_to_liqdebt,1997,not_provided_by_source,1755,1565,190
financial.indicator.op_to_liqdebt,op_to_liqdebt,1998,not_provided_by_source,1794,1786,8
financial.indicator.op_to_liqdebt,op_to_liqdebt,1999,not_provided_by_source,1996,1920,76
financial.indicator.op_to_liqdebt,op_to_liqdebt,2000,not_provided_by_source,2042,2006,36
financial.indicator.op_to_liqdebt,op_to_liqdebt,2001,not_provided_by_source,2439,2195,244
financial.indicator.op_to_liqdebt,op_to_liqdebt,2002,not_provided_by_source,4116,3976,140
financial.indicator.op_to_liqdebt,op_to_liqdebt,2003,not_provided_by_source,4414,4034,380
financial.indicator.op_to_liqdebt,op_to_liqdebt,2004,not_provided_by_source,4808,4588,220
financial.indicator.op_to_liqdebt,op_to_liqdebt,2005,not_provided_by_source,5130,4846,284
financial.indicator.op_to_liqdebt,op_to_liqdebt,2006,not_provided_by_source,6042,5446,596
financial.indicator.op_to_liqdebt,op_to_liqdebt,2007,not_provided_by_source,7275,6734,541
financial.indicator.op_to_liqdebt,op_to_liqdebt,2008,not_provided_by_source,8085,7668,417
financial.indicator.op_to_liqdebt,op_to_liqdebt,2009,not_provided_by_source,9808,8554,1254
financial.indicator.op_to_liqdebt,op_to_liqdebt,2010,not_provided_by_source,10706,10330,376
financial.indicator.op_to_liqdebt,op_to_liqdebt,2011,not_provided_by_source,12606,12381,225
financial.indicator.op_to_liqdebt,op_to_liqdebt,2012,not_provided_by_source,13723,13448,275
financial.indicator.op_to_liqdebt,op_to_liqdebt,2013,not_provided_by_source,14280,13990,290
financial.indicator.op_to_liqdebt,op_to_liqdebt,2014,not_provided_by_source,15143,14759,384
financial.indicator.op_to_liqdebt,op_to_liqdebt,2015,not_provided_by_source,16225,15763,462
financial.indicator.op_to_liqdebt,op_to_liqdebt,2016,not_provided_by_source,17928,16739,1189
financial.indicator.op_to_liqdebt,op_to_liqdebt,2017,not_provided_by_source,18710,18119,591
financial.indicator.op_to_liqdebt,op_to_liqdebt,2018,not_provided_by_source,19035,18524,511
financial.indicator.op_to_liqdebt,op_to_liqdebt,2019,not_provided_by_source,19749,18928,821
financial.indicator.op_to_liqdebt,op_to_liqdebt,2020,not_provided_by_source,21007,19926,1081
financial.indicator.op_to_liqdebt,op_to_liqdebt,2021,not_provided_by_source,21479,20842,637
financial.indicator.op_to_liqdebt,op_to_liqdebt,2022,not_provided_by_source,21544,21169,375
financial.indicator.op_to_liqdebt,op_to_liqdebt,2023,not_provided_by_source,14469,14283,186
financial.indicator.op_to_liqdebt,op_to_liqdebt,2024,not_provided_by_source,12034,11869,165
financial.indicator.op_to_liqdebt,op_to_liqdebt,2025,not_provided_by_source,12859,12716,143
financial.indicator.op_to_liqdebt,op_to_liqdebt,2026,not_provided_by_source,7907,7825,82
financial.indicator.op_yoy,op_yoy,1990,not_provided_by_source,98,10,88
financial.indicator.op_yoy,op_yoy,1991,not_provided_by_source,144,64,80
financial.indicator.op_yoy,op_yoy,1992,not_provided_by_source,218,106,112
financial.indicator.op_yoy,op_yoy,1993,not_provided_by_source,592,176,416
financial.indicator.op_yoy,op_yoy,1994,not_provided_by_source,949,466,483
financial.indicator.op_yoy,op_yoy,1995,not_provided_by_source,1096,862,234
financial.indicator.op_yoy,op_yoy,1996,not_provided_by_source,1378,1044,334
financial.indicator.op_yoy,op_yoy,1997,not_provided_by_source,1755,1271,484
financial.indicator.op_yoy,op_yoy,1998,not_provided_by_source,1794,1591,203
financial.indicator.op_yoy,op_yoy,1999,not_provided_by_source,1996,1790,206
financial.indicator.op_yoy,op_yoy,2000,not_provided_by_source,2042,1992,50
financial.indicator.op_yoy,op_yoy,2001,not_provided_by_source,2439,2037,402
financial.indicator.op_yoy,op_yoy,2002,not_provided_by_source,4116,2392,1724
financial.indicator.op_yoy,op_yoy,2003,not_provided_by_source,4414,3980,434
financial.indicator.op_yoy,op_yoy,2004,not_provided_by_source,4808,4392,416
financial.indicator.op_yoy,op_yoy,2005,not_provided_by_source,5130,4770,360
financial.indicator.op_yoy,op_yoy,2006,not_provided_by_source,6042,5056,986
financial.indicator.op_yoy,op_yoy,2007,not_provided_by_source,7275,6022,1253
financial.indicator.op_yoy,op_yoy,2008,not_provided_by_source,8085,7234,851
financial.indicator.op_yoy,op_yoy,2009,not_provided_by_source,9808,8046,1762
financial.indicator.op_yoy,op_yoy,2010,not_provided_by_source,10706,9954,752
financial.indicator.op_yoy,op_yoy,2011,not_provided_by_source,12606,11567,1039
financial.indicator.op_yoy,op_yoy,2012,not_provided_by_source,13723,13136,587
financial.indicator.op_yoy,op_yoy,2013,not_provided_by_source,14280,13688,592
financial.indicator.op_yoy,op_yoy,2014,not_provided_by_source,15143,14364,779
financial.indicator.op_yoy,op_yoy,2015,not_provided_by_source,16225,15368,857
financial.indicator.op_yoy,op_yoy,2016,not_provided_by_source,17928,16394,1534
financial.indicator.op_yoy,op_yoy,2017,not_provided_by_source,18710,17771,939
financial.indicator.op_yoy,op_yoy,2018,not_provided_by_source,19035,18515,520
financial.indicator.op_yoy,op_yoy,2019,not_provided_by_source,19749,18910,839
financial.indicator.op_yoy,op_yoy,2020,not_provided_by_source,21007,19651,1356
financial.indicator.op_yoy,op_yoy,2021,not_provided_by_source,21479,20964,515
financial.indicator.op_yoy,op_yoy,2022,not_provided_by_source,21544,21362,182
financial.indicator.op_yoy,op_yoy,2023,not_provided_by_source,14469,14448,21
financial.indicator.op_yoy,op_yoy,2024,not_provided_by_source,12034,12005,29
financial.indicator.op_yoy,op_yoy,2025,not_provided_by_source,12859,12830,29
financial.indicator.op_yoy,op_yoy,2026,not_provided_by_source,7907,7901,6
financial.indicator.opincome_of_ebt,opincome_of_ebt,1990,not_provided_by_source,98,56,42
financial.indicator.opincome_of_ebt,opincome_of_ebt,1991,not_provided_by_source,144,94,50
financial.indicator.opincome_of_ebt,opincome_of_ebt,1992,not_provided_by_source,218,168,50
financial.indicator.opincome_of_ebt,opincome_of_ebt,1993,not_provided_by_source,592,504,88
financial.indicator.opincome_of_ebt,opincome_of_ebt,1994,not_provided_by_source,949,924,25
financial.indicator.opincome_of_ebt,opincome_of_ebt,1995,not_provided_by_source,1096,1058,38
financial.indicator.opincome_of_ebt,opincome_of_ebt,1996,not_provided_by_source,1378,1306,72
financial.indicator.opincome_of_ebt,opincome_of_ebt,1997,not_provided_by_source,1755,1667,88
financial.indicator.opincome_of_ebt,opincome_of_ebt,1998,not_provided_by_source,1794,1632,162
financial.indicator.opincome_of_ebt,opincome_of_ebt,1999,not_provided_by_source,1996,1806,190
financial.indicator.opincome_of_ebt,opincome_of_ebt,2000,not_provided_by_source,2042,1798,244
financial.indicator.opincome_of_ebt,opincome_of_ebt,2001,not_provided_by_source,2439,2002,437
financial.indicator.opincome_of_ebt,opincome_of_ebt,2002,not_provided_by_source,4116,3272,844
financial.indicator.opincome_of_ebt,opincome_of_ebt,2003,not_provided_by_source,4414,3627,787
financial.indicator.opincome_of_ebt,opincome_of_ebt,2004,not_provided_by_source,4808,4034,774
financial.indicator.opincome_of_ebt,opincome_of_ebt,2005,not_provided_by_source,5130,4052,1078
financial.indicator.opincome_of_ebt,opincome_of_ebt,2006,not_provided_by_source,6042,5103,939
financial.indicator.opincome_of_ebt,opincome_of_ebt,2007,not_provided_by_source,7275,6424,851
financial.indicator.opincome_of_ebt,opincome_of_ebt,2008,not_provided_by_source,8085,7044,1041
financial.indicator.opincome_of_ebt,opincome_of_ebt,2009,not_provided_by_source,9808,8500,1308
financial.indicator.opincome_of_ebt,opincome_of_ebt,2010,not_provided_by_source,10706,9736,970
financial.indicator.opincome_of_ebt,opincome_of_ebt,2011,not_provided_by_source,12606,11547,1059
financial.indicator.opincome_of_ebt,opincome_of_ebt,2012,not_provided_by_source,13723,12168,1555
financial.indicator.opincome_of_ebt,opincome_of_ebt,2013,not_provided_by_source,14280,12587,1693
financial.indicator.opincome_of_ebt,opincome_of_ebt,2014,not_provided_by_source,15143,13321,1822
financial.indicator.opincome_of_ebt,opincome_of_ebt,2015,not_provided_by_source,16225,13866,2359
financial.indicator.opincome_of_ebt,opincome_of_ebt,2016,not_provided_by_source,17928,15942,1986
financial.indicator.opincome_of_ebt,opincome_of_ebt,2017,not_provided_by_source,18710,16904,1806
financial.indicator.opincome_of_ebt,opincome_of_ebt,2018,not_provided_by_source,19035,16725,2310
financial.indicator.opincome_of_ebt,opincome_of_ebt,2019,not_provided_by_source,19749,17045,2704
financial.indicator.opincome_of_ebt,opincome_of_ebt,2020,not_provided_by_source,21007,16678,4329
financial.indicator.opincome_of_ebt,opincome_of_ebt,2021,not_provided_by_source,21479,17985,3494
financial.indicator.opincome_of_ebt,opincome_of_ebt,2022,not_provided_by_source,21544,16716,4828
financial.indicator.opincome_of_ebt,opincome_of_ebt,2023,not_provided_by_source,14469,10791,3678
financial.indicator.opincome_of_ebt,opincome_of_ebt,2024,not_provided_by_source,12034,8651,3383
financial.indicator.opincome_of_ebt,opincome_of_ebt,2025,not_provided_by_source,12859,9254,3605
financial.indicator.opincome_of_ebt,opincome_of_ebt,2026,not_provided_by_source,7907,5609,2298
financial.indicator.or_yoy,or_yoy,1990,not_provided_by_source,98,20,78
financial.indicator.or_yoy,or_yoy,1991,not_provided_by_source,144,92,52
financial.indicator.or_yoy,or_yoy,1992,not_provided_by_source,218,140,78
financial.indicator.or_yoy,or_yoy,1993,not_provided_by_source,592,208,384
financial.indicator.or_yoy,or_yoy,1994,not_provided_by_source,949,564,385
financial.indicator.or_yoy,or_yoy,1995,not_provided_by_source,1096,946,150
financial.indicator.or_yoy,or_yoy,1996,not_provided_by_source,1378,1090,288
financial.indicator.or_yoy,or_yoy,1997,not_provided_by_source,1755,1343,412
financial.indicator.or_yoy,or_yoy,1998,not_provided_by_source,1794,1729,65
financial.indicator.or_yoy,or_yoy,1999,not_provided_by_source,1996,1788,208
financial.indicator.or_yoy,or_yoy,2000,not_provided_by_source,2042,1978,64
financial.indicator.or_yoy,or_yoy,2001,not_provided_by_source,2439,2021,418
financial.indicator.or_yoy,or_yoy,2002,not_provided_by_source,4116,2394,1722
financial.indicator.or_yoy,or_yoy,2003,not_provided_by_source,4414,4066,348
financial.indicator.or_yoy,or_yoy,2004,not_provided_by_source,4808,4318,490
financial.indicator.or_yoy,or_yoy,2005,not_provided_by_source,5130,4682,448
financial.indicator.or_yoy,or_yoy,2006,not_provided_by_source,6042,4972,1070
financial.indicator.or_yoy,or_yoy,2007,not_provided_by_source,7275,5926,1349
financial.indicator.or_yoy,or_yoy,2008,not_provided_by_source,8085,7158,927
financial.indicator.or_yoy,or_yoy,2009,not_provided_by_source,9808,7957,1851
financial.indicator.or_yoy,or_yoy,2010,not_provided_by_source,10706,9844,862
financial.indicator.or_yoy,or_yoy,2011,not_provided_by_source,12606,11483,1123
financial.indicator.or_yoy,or_yoy,2012,not_provided_by_source,13723,13070,653
financial.indicator.or_yoy,or_yoy,2013,not_provided_by_source,14280,13674,606
financial.indicator.or_yoy,or_yoy,2014,not_provided_by_source,15143,14330,813
financial.indicator.or_yoy,or_yoy,2015,not_provided_by_source,16225,15329,896
financial.indicator.or_yoy,or_yoy,2016,not_provided_by_source,17928,16364,1564
financial.indicator.or_yoy,or_yoy,2017,not_provided_by_source,18710,17754,956
financial.indicator.or_yoy,or_yoy,2018,not_provided_by_source,19035,18473,562
financial.indicator.or_yoy,or_yoy,2019,not_provided_by_source,19749,18875,874
financial.indicator.or_yoy,or_yoy,2020,not_provided_by_source,21007,19623,1384
financial.indicator.or_yoy,or_yoy,2021,not_provided_by_source,21479,20922,557
financial.indicator.or_yoy,or_yoy,2022,not_provided_by_source,21544,21336,208
financial.indicator.or_yoy,or_yoy,2023,not_provided_by_source,14469,14431,38
financial.indicator.or_yoy,or_yoy,2024,not_provided_by_source,12034,11994,40
financial.indicator.or_yoy,or_yoy,2025,not_provided_by_source,12859,12813,46
financial.indicator.or_yoy,or_yoy,2026,not_provided_by_source,7907,7896,11
financial.indicator.profit_dedt,profit_dedt,1990,not_provided_by_source,98,0,98
financial.indicator.profit_dedt,profit_dedt,1991,not_provided_by_source,144,0,144
financial.indicator.profit_dedt,profit_dedt,1992,not_provided_by_source,218,0,218
financial.indicator.profit_dedt,profit_dedt,1993,not_provided_by_source,592,0,592
financial.indicator.profit_dedt,profit_dedt,1994,not_provided_by_source,949,0,949
financial.indicator.profit_dedt,profit_dedt,1995,not_provided_by_source,1096,0,1096
financial.indicator.profit_dedt,profit_dedt,1996,not_provided_by_source,1378,0,1378
financial.indicator.profit_dedt,profit_dedt,1997,not_provided_by_source,1755,0,1755
financial.indicator.profit_dedt,profit_dedt,1998,not_provided_by_source,1794,2,1792
financial.indicator.profit_dedt,profit_dedt,1999,not_provided_by_source,1996,8,1988
financial.indicator.profit_dedt,profit_dedt,2000,not_provided_by_source,2042,1837,205
financial.indicator.profit_dedt,profit_dedt,2001,not_provided_by_source,2439,2053,386
financial.indicator.profit_dedt,profit_dedt,2002,not_provided_by_source,4116,3056,1060
financial.indicator.profit_dedt,profit_dedt,2003,not_provided_by_source,4414,2944,1470
financial.indicator.profit_dedt,profit_dedt,2004,not_provided_by_source,4808,4596,212
financial.indicator.profit_dedt,profit_dedt,2005,not_provided_by_source,5130,4800,330
financial.indicator.profit_dedt,profit_dedt,2006,not_provided_by_source,6042,5438,604
financial.indicator.profit_dedt,profit_dedt,2007,not_provided_by_source,7275,6708,567
financial.indicator.profit_dedt,profit_dedt,2008,not_provided_by_source,8085,7640,445
financial.indicator.profit_dedt,profit_dedt,2009,not_provided_by_source,9808,8520,1288
financial.indicator.profit_dedt,profit_dedt,2010,not_provided_by_source,10706,10284,422
financial.indicator.profit_dedt,profit_dedt,2011,not_provided_by_source,12606,12305,301
financial.indicator.profit_dedt,profit_dedt,2012,not_provided_by_source,13723,13388,335
financial.indicator.profit_dedt,profit_dedt,2013,not_provided_by_source,14280,14020,260
financial.indicator.profit_dedt,profit_dedt,2014,not_provided_by_source,15143,14785,358
financial.indicator.profit_dedt,profit_dedt,2015,not_provided_by_source,16225,15852,373
financial.indicator.profit_dedt,profit_dedt,2016,not_provided_by_source,17928,17023,905
financial.indicator.profit_dedt,profit_dedt,2017,not_provided_by_source,18710,18309,401
financial.indicator.profit_dedt,profit_dedt,2018,not_provided_by_source,19035,18782,253
financial.indicator.profit_dedt,profit_dedt,2019,not_provided_by_source,19749,19320,429
financial.indicator.profit_dedt,profit_dedt,2020,not_provided_by_source,21007,20328,679
financial.indicator.profit_dedt,profit_dedt,2021,not_provided_by_source,21479,21110,369
financial.indicator.profit_dedt,profit_dedt,2022,not_provided_by_source,21544,21417,127
financial.indicator.profit_dedt,profit_dedt,2023,not_provided_by_source,14469,14236,233
financial.indicator.profit_dedt,profit_dedt,2024,not_provided_by_source,12034,11876,158
financial.indicator.profit_dedt,profit_dedt,2025,not_provided_by_source,12859,12721,138
financial.indicator.profit_dedt,profit_dedt,2026,not_provided_by_source,7907,7815,92
financial.indicator.profit_prefin_exp,profit_prefin_exp,1990,not_provided_by_source,98,68,30
financial.indicator.profit_prefin_exp,profit_prefin_exp,1991,not_provided_by_source,144,116,28
financial.indicator.profit_prefin_exp,profit_prefin_exp,1992,not_provided_by_source,218,186,32
financial.indicator.profit_prefin_exp,profit_prefin_exp,1993,not_provided_by_source,592,496,96
financial.indicator.profit_prefin_exp,profit_prefin_exp,1994,not_provided_by_source,949,886,63
financial.indicator.profit_prefin_exp,profit_prefin_exp,1995,not_provided_by_source,1096,1044,52
financial.indicator.profit_prefin_exp,profit_prefin_exp,1996,not_provided_by_source,1378,1342,36
financial.indicator.profit_prefin_exp,profit_prefin_exp,1997,not_provided_by_source,1755,1607,148
financial.indicator.profit_prefin_exp,profit_prefin_exp,1998,not_provided_by_source,1794,1786,8
financial.indicator.profit_prefin_exp,profit_prefin_exp,1999,not_provided_by_source,1996,1988,8
financial.indicator.profit_prefin_exp,profit_prefin_exp,2000,not_provided_by_source,2042,2034,8
financial.indicator.profit_prefin_exp,profit_prefin_exp,2001,not_provided_by_source,2439,2401,38
financial.indicator.profit_prefin_exp,profit_prefin_exp,2002,not_provided_by_source,4116,3978,138
financial.indicator.profit_prefin_exp,profit_prefin_exp,2003,not_provided_by_source,4414,4397,17
financial.indicator.profit_prefin_exp,profit_prefin_exp,2004,not_provided_by_source,4808,4789,19
financial.indicator.profit_prefin_exp,profit_prefin_exp,2005,not_provided_by_source,5130,5108,22
financial.indicator.profit_prefin_exp,profit_prefin_exp,2006,not_provided_by_source,6042,5995,47
financial.indicator.profit_prefin_exp,profit_prefin_exp,2007,not_provided_by_source,7275,7206,69
financial.indicator.profit_prefin_exp,profit_prefin_exp,2008,not_provided_by_source,8085,7972,113
financial.indicator.profit_prefin_exp,profit_prefin_exp,2009,not_provided_by_source,9808,9678,130
financial.indicator.profit_prefin_exp,profit_prefin_exp,2010,not_provided_by_source,10706,10560,146
financial.indicator.profit_prefin_exp,profit_prefin_exp,2011,not_provided_by_source,12606,12429,177
financial.indicator.profit_prefin_exp,profit_prefin_exp,2012,not_provided_by_source,13723,13476,247
financial.indicator.profit_prefin_exp,profit_prefin_exp,2013,not_provided_by_source,14280,14060,220
financial.indicator.profit_prefin_exp,profit_prefin_exp,2014,not_provided_by_source,15143,14942,201
financial.indicator.profit_prefin_exp,profit_prefin_exp,2015,not_provided_by_source,16225,16024,201
financial.indicator.profit_prefin_exp,profit_prefin_exp,2016,not_provided_by_source,17928,17707,221
financial.indicator.profit_prefin_exp,profit_prefin_exp,2017,not_provided_by_source,18710,18507,203
financial.indicator.profit_prefin_exp,profit_prefin_exp,2018,not_provided_by_source,19035,18810,225
financial.indicator.profit_prefin_exp,profit_prefin_exp,2019,not_provided_by_source,19749,19514,235
financial.indicator.profit_prefin_exp,profit_prefin_exp,2020,not_provided_by_source,21007,20790,217
financial.indicator.profit_prefin_exp,profit_prefin_exp,2021,not_provided_by_source,21479,21263,216
financial.indicator.profit_prefin_exp,profit_prefin_exp,2022,not_provided_by_source,21544,21324,220
financial.indicator.profit_prefin_exp,profit_prefin_exp,2023,not_provided_by_source,14469,14319,150
financial.indicator.profit_prefin_exp,profit_prefin_exp,2024,not_provided_by_source,12034,11917,117
financial.indicator.profit_prefin_exp,profit_prefin_exp,2025,not_provided_by_source,12859,12741,118
financial.indicator.profit_prefin_exp,profit_prefin_exp,2026,not_provided_by_source,7907,7831,76
financial.indicator.profit_to_gr,profit_to_gr,1990,not_provided_by_source,98,86,12
financial.indicator.profit_to_gr,profit_to_gr,1991,not_provided_by_source,144,138,6
financial.indicator.profit_to_gr,profit_to_gr,1992,not_provided_by_source,218,204,14
financial.indicator.profit_to_gr,profit_to_gr,1993,not_provided_by_source,592,576,16
financial.indicator.profit_to_gr,profit_to_gr,1994,not_provided_by_source,949,946,3
financial.indicator.profit_to_gr,profit_to_gr,1995,not_provided_by_source,1096,1090,6
financial.indicator.profit_to_gr,profit_to_gr,1996,not_provided_by_source,1378,1376,2
financial.indicator.profit_to_gr,profit_to_gr,1997,not_provided_by_source,1755,1755,0
financial.indicator.profit_to_gr,profit_to_gr,1998,not_provided_by_source,1794,1792,2
financial.indicator.profit_to_gr,profit_to_gr,1999,not_provided_by_source,1996,1990,6
financial.indicator.profit_to_gr,profit_to_gr,2000,not_provided_by_source,2042,2030,12
financial.indicator.profit_to_gr,profit_to_gr,2001,not_provided_by_source,2439,2417,22
financial.indicator.profit_to_gr,profit_to_gr,2002,not_provided_by_source,4116,4088,28
financial.indicator.profit_to_gr,profit_to_gr,2003,not_provided_by_source,4414,4365,49
financial.indicator.profit_to_gr,profit_to_gr,2004,not_provided_by_source,4808,4717,91
financial.indicator.profit_to_gr,profit_to_gr,2005,not_provided_by_source,5130,5014,116
financial.indicator.profit_to_gr,profit_to_gr,2006,not_provided_by_source,6042,5947,95
financial.indicator.profit_to_gr,profit_to_gr,2007,not_provided_by_source,7275,7168,107
financial.indicator.profit_to_gr,profit_to_gr,2008,not_provided_by_source,8085,7970,115
financial.indicator.profit_to_gr,profit_to_gr,2009,not_provided_by_source,9808,9670,138
financial.indicator.profit_to_gr,profit_to_gr,2010,not_provided_by_source,10706,10540,166
financial.indicator.profit_to_gr,profit_to_gr,2011,not_provided_by_source,12606,12455,151
financial.indicator.profit_to_gr,profit_to_gr,2012,not_provided_by_source,13723,13530,193
financial.indicator.profit_to_gr,profit_to_gr,2013,not_provided_by_source,14280,14140,140
financial.indicator.profit_to_gr,profit_to_gr,2014,not_provided_by_source,15143,15016,127
financial.indicator.profit_to_gr,profit_to_gr,2015,not_provided_by_source,16225,16103,122
financial.indicator.profit_to_gr,profit_to_gr,2016,not_provided_by_source,17928,17843,85
financial.indicator.profit_to_gr,profit_to_gr,2017,not_provided_by_source,18710,18653,57
financial.indicator.profit_to_gr,profit_to_gr,2018,not_provided_by_source,19035,18978,57
financial.indicator.profit_to_gr,profit_to_gr,2019,not_provided_by_source,19749,19690,59
financial.indicator.profit_to_gr,profit_to_gr,2020,not_provided_by_source,21007,20952,55
financial.indicator.profit_to_gr,profit_to_gr,2021,not_provided_by_source,21479,21449,30
financial.indicator.profit_to_gr,profit_to_gr,2022,not_provided_by_source,21544,21501,43
financial.indicator.profit_to_gr,profit_to_gr,2023,not_provided_by_source,14469,14445,24
financial.indicator.profit_to_gr,profit_to_gr,2024,not_provided_by_source,12034,12010,24
financial.indicator.profit_to_gr,profit_to_gr,2025,not_provided_by_source,12859,12846,13
financial.indicator.profit_to_gr,profit_to_gr,2026,not_provided_by_source,7907,7897,10
financial.indicator.profit_to_op,profit_to_op,1990,not_provided_by_source,98,80,18
financial.indicator.profit_to_op,profit_to_op,1991,not_provided_by_source,144,128,16
financial.indicator.profit_to_op,profit_to_op,1992,not_provided_by_source,218,194,24
financial.indicator.profit_to_op,profit_to_op,1993,not_provided_by_source,592,574,18
financial.indicator.profit_to_op,profit_to_op,1994,not_provided_by_source,949,942,7
financial.indicator.profit_to_op,profit_to_op,1995,not_provided_by_source,1096,1088,8
financial.indicator.profit_to_op,profit_to_op,1996,not_provided_by_source,1378,1374,4
financial.indicator.profit_to_op,profit_to_op,1997,not_provided_by_source,1755,1753,2
financial.indicator.profit_to_op,profit_to_op,1998,not_provided_by_source,1794,1792,2
financial.indicator.profit_to_op,profit_to_op,1999,not_provided_by_source,1996,1990,6
financial.indicator.profit_to_op,profit_to_op,2000,not_provided_by_source,2042,2030,12
financial.indicator.profit_to_op,profit_to_op,2001,not_provided_by_source,2439,2365,74
financial.indicator.profit_to_op,profit_to_op,2002,not_provided_by_source,4116,4080,36
financial.indicator.profit_to_op,profit_to_op,2003,not_provided_by_source,4414,4365,49
financial.indicator.profit_to_op,profit_to_op,2004,not_provided_by_source,4808,4715,93
financial.indicator.profit_to_op,profit_to_op,2005,not_provided_by_source,5130,5014,116
financial.indicator.profit_to_op,profit_to_op,2006,not_provided_by_source,6042,5947,95
financial.indicator.profit_to_op,profit_to_op,2007,not_provided_by_source,7275,7168,107
financial.indicator.profit_to_op,profit_to_op,2008,not_provided_by_source,8085,7970,115
financial.indicator.profit_to_op,profit_to_op,2009,not_provided_by_source,9808,9670,138
financial.indicator.profit_to_op,profit_to_op,2010,not_provided_by_source,10706,10540,166
financial.indicator.profit_to_op,profit_to_op,2011,not_provided_by_source,12606,12455,151
financial.indicator.profit_to_op,profit_to_op,2012,not_provided_by_source,13723,13534,189
financial.indicator.profit_to_op,profit_to_op,2013,not_provided_by_source,14280,14138,142
financial.indicator.profit_to_op,profit_to_op,2014,not_provided_by_source,15143,15016,127
financial.indicator.profit_to_op,profit_to_op,2015,not_provided_by_source,16225,16103,122
financial.indicator.profit_to_op,profit_to_op,2016,not_provided_by_source,17928,17845,83
financial.indicator.profit_to_op,profit_to_op,2017,not_provided_by_source,18710,18653,57
financial.indicator.profit_to_op,profit_to_op,2018,not_provided_by_source,19035,18978,57
financial.indicator.profit_to_op,profit_to_op,2019,not_provided_by_source,19749,19690,59
financial.indicator.profit_to_op,profit_to_op,2020,not_provided_by_source,21007,20954,53
financial.indicator.profit_to_op,profit_to_op,2021,not_provided_by_source,21479,21449,30
financial.indicator.profit_to_op,profit_to_op,2022,not_provided_by_source,21544,21501,43
financial.indicator.profit_to_op,profit_to_op,2023,not_provided_by_source,14469,14443,26
financial.indicator.profit_to_op,profit_to_op,2024,not_provided_by_source,12034,12010,24
financial.indicator.profit_to_op,profit_to_op,2025,not_provided_by_source,12859,12846,13
financial.indicator.profit_to_op,profit_to_op,2026,not_provided_by_source,7907,7897,10
financial.indicator.q_adminexp_to_gr,q_adminexp_to_gr,1990,not_provided_by_source,98,0,98
financial.indicator.q_adminexp_to_gr,q_adminexp_to_gr,1991,not_provided_by_source,144,0,144
financial.indicator.q_adminexp_to_gr,q_adminexp_to_gr,1992,not_provided_by_source,218,0,218
financial.indicator.q_adminexp_to_gr,q_adminexp_to_gr,1993,not_provided_by_source,592,8,584
financial.indicator.q_adminexp_to_gr,q_adminexp_to_gr,1994,not_provided_by_source,949,0,949
financial.indicator.q_adminexp_to_gr,q_adminexp_to_gr,1995,not_provided_by_source,1096,2,1094
financial.indicator.q_adminexp_to_gr,q_adminexp_to_gr,1996,not_provided_by_source,1378,14,1364
financial.indicator.q_adminexp_to_gr,q_adminexp_to_gr,1997,not_provided_by_source,1755,4,1751
financial.indicator.q_adminexp_to_gr,q_adminexp_to_gr,1998,not_provided_by_source,1794,4,1790
financial.indicator.q_adminexp_to_gr,q_adminexp_to_gr,1999,not_provided_by_source,1996,8,1988
financial.indicator.q_adminexp_to_gr,q_adminexp_to_gr,2000,not_provided_by_source,2042,42,2000
financial.indicator.q_adminexp_to_gr,q_adminexp_to_gr,2001,not_provided_by_source,2439,558,1881
financial.indicator.q_adminexp_to_gr,q_adminexp_to_gr,2002,not_provided_by_source,4116,3340,776
financial.indicator.q_adminexp_to_gr,q_adminexp_to_gr,2003,not_provided_by_source,4414,4062,352
financial.indicator.q_adminexp_to_gr,q_adminexp_to_gr,2004,not_provided_by_source,4808,4240,568
financial.indicator.q_adminexp_to_gr,q_adminexp_to_gr,2005,not_provided_by_source,5130,4400,730
financial.indicator.q_adminexp_to_gr,q_adminexp_to_gr,2006,not_provided_by_source,6042,5166,876
financial.indicator.q_adminexp_to_gr,q_adminexp_to_gr,2007,not_provided_by_source,7275,5912,1363
financial.indicator.q_adminexp_to_gr,q_adminexp_to_gr,2008,not_provided_by_source,8085,6512,1573
financial.indicator.q_adminexp_to_gr,q_adminexp_to_gr,2009,not_provided_by_source,9808,8564,1244
financial.indicator.q_adminexp_to_gr,q_adminexp_to_gr,2010,not_provided_by_source,10706,9958,748
financial.indicator.q_adminexp_to_gr,q_adminexp_to_gr,2011,not_provided_by_source,12606,11547,1059
financial.indicator.q_adminexp_to_gr,q_adminexp_to_gr,2012,not_provided_by_source,13723,12364,1359
financial.indicator.q_adminexp_to_gr,q_adminexp_to_gr,2013,not_provided_by_source,14280,12650,1630
financial.indicator.q_adminexp_to_gr,q_adminexp_to_gr,2014,not_provided_by_source,15143,13454,1689
financial.indicator.q_adminexp_to_gr,q_adminexp_to_gr,2015,not_provided_by_source,16225,14546,1679
financial.indicator.q_adminexp_to_gr,q_adminexp_to_gr,2016,not_provided_by_source,17928,16467,1461
financial.indicator.q_adminexp_to_gr,q_adminexp_to_gr,2017,not_provided_by_source,18710,17263,1447
financial.indicator.q_adminexp_to_gr,q_adminexp_to_gr,2018,not_provided_by_source,19035,17719,1316
financial.indicator.q_adminexp_to_gr,q_adminexp_to_gr,2019,not_provided_by_source,19749,18730,1019
financial.indicator.q_adminexp_to_gr,q_adminexp_to_gr,2020,not_provided_by_source,21007,20478,529
financial.indicator.q_adminexp_to_gr,q_adminexp_to_gr,2021,not_provided_by_source,21479,21233,246
financial.indicator.q_adminexp_to_gr,q_adminexp_to_gr,2022,not_provided_by_source,21544,21352,192
financial.indicator.q_adminexp_to_gr,q_adminexp_to_gr,2023,not_provided_by_source,14469,14212,257
financial.indicator.q_adminexp_to_gr,q_adminexp_to_gr,2024,not_provided_by_source,12034,11742,292
financial.indicator.q_adminexp_to_gr,q_adminexp_to_gr,2025,not_provided_by_source,12859,12599,260
financial.indicator.q_adminexp_to_gr,q_adminexp_to_gr,2026,not_provided_by_source,7907,7661,246
financial.indicator.q_dt_roe,q_dt_roe,1990,not_provided_by_source,98,0,98
financial.indicator.q_dt_roe,q_dt_roe,1991,not_provided_by_source,144,0,144
financial.indicator.q_dt_roe,q_dt_roe,1992,not_provided_by_source,218,0,218
financial.indicator.q_dt_roe,q_dt_roe,1993,not_provided_by_source,592,0,592
financial.indicator.q_dt_roe,q_dt_roe,1994,not_provided_by_source,949,0,949
financial.indicator.q_dt_roe,q_dt_roe,1995,not_provided_by_source,1096,0,1096
financial.indicator.q_dt_roe,q_dt_roe,1996,not_provided_by_source,1378,0,1378
financial.indicator.q_dt_roe,q_dt_roe,1997,not_provided_by_source,1755,0,1755
financial.indicator.q_dt_roe,q_dt_roe,1998,not_provided_by_source,1794,0,1794
financial.indicator.q_dt_roe,q_dt_roe,1999,not_provided_by_source,1996,0,1996
financial.indicator.q_dt_roe,q_dt_roe,2000,not_provided_by_source,2042,0,2042
financial.indicator.q_dt_roe,q_dt_roe,2001,not_provided_by_source,2439,0,2439
financial.indicator.q_dt_roe,q_dt_roe,2002,not_provided_by_source,4116,1928,2188
financial.indicator.q_dt_roe,q_dt_roe,2003,not_provided_by_source,4414,1424,2990
financial.indicator.q_dt_roe,q_dt_roe,2004,not_provided_by_source,4808,3898,910
financial.indicator.q_dt_roe,q_dt_roe,2005,not_provided_by_source,5130,3878,1252
financial.indicator.q_dt_roe,q_dt_roe,2006,not_provided_by_source,6042,4080,1962
financial.indicator.q_dt_roe,q_dt_roe,2007,not_provided_by_source,7275,4922,2353
financial.indicator.q_dt_roe,q_dt_roe,2008,not_provided_by_source,8085,5682,2403
financial.indicator.q_dt_roe,q_dt_roe,2009,not_provided_by_source,9808,6326,3482
financial.indicator.q_dt_roe,q_dt_roe,2010,not_provided_by_source,10706,8682,2024
financial.indicator.q_dt_roe,q_dt_roe,2011,not_provided_by_source,12606,10681,1925
financial.indicator.q_dt_roe,q_dt_roe,2012,not_provided_by_source,13723,11954,1769
financial.indicator.q_dt_roe,q_dt_roe,2013,not_provided_by_source,14280,12316,1964
financial.indicator.q_dt_roe,q_dt_roe,2014,not_provided_by_source,15143,12900,2243
financial.indicator.q_dt_roe,q_dt_roe,2015,not_provided_by_source,16225,14140,2085
financial.indicator.q_dt_roe,q_dt_roe,2016,not_provided_by_source,17928,15047,2881
financial.indicator.q_dt_roe,q_dt_roe,2017,not_provided_by_source,18710,16565,2145
financial.indicator.q_dt_roe,q_dt_roe,2018,not_provided_by_source,19035,17283,1752
financial.indicator.q_dt_roe,q_dt_roe,2019,not_provided_by_source,19749,17771,1978
financial.indicator.q_dt_roe,q_dt_roe,2020,not_provided_by_source,21007,18953,2054
financial.indicator.q_dt_roe,q_dt_roe,2021,not_provided_by_source,21479,20276,1203
financial.indicator.q_dt_roe,q_dt_roe,2022,not_provided_by_source,21544,20920,624
financial.indicator.q_dt_roe,q_dt_roe,2023,not_provided_by_source,14469,13859,610
financial.indicator.q_dt_roe,q_dt_roe,2024,not_provided_by_source,12034,11509,525
financial.indicator.q_dt_roe,q_dt_roe,2025,not_provided_by_source,12859,12350,509
financial.indicator.q_dt_roe,q_dt_roe,2026,not_provided_by_source,7907,7515,392
financial.indicator.q_dtprofit,q_dtprofit,1990,not_provided_by_source,98,0,98
financial.indicator.q_dtprofit,q_dtprofit,1991,not_provided_by_source,144,0,144
financial.indicator.q_dtprofit,q_dtprofit,1992,not_provided_by_source,218,0,218
financial.indicator.q_dtprofit,q_dtprofit,1993,not_provided_by_source,592,0,592
financial.indicator.q_dtprofit,q_dtprofit,1994,not_provided_by_source,949,0,949
financial.indicator.q_dtprofit,q_dtprofit,1995,not_provided_by_source,1096,0,1096
financial.indicator.q_dtprofit,q_dtprofit,1996,not_provided_by_source,1378,0,1378
financial.indicator.q_dtprofit,q_dtprofit,1997,not_provided_by_source,1755,0,1755
financial.indicator.q_dtprofit,q_dtprofit,1998,not_provided_by_source,1794,0,1794
financial.indicator.q_dtprofit,q_dtprofit,1999,not_provided_by_source,1996,0,1996
financial.indicator.q_dtprofit,q_dtprofit,2000,not_provided_by_source,2042,0,2042
financial.indicator.q_dtprofit,q_dtprofit,2001,not_provided_by_source,2439,0,2439
financial.indicator.q_dtprofit,q_dtprofit,2002,not_provided_by_source,4116,1968,2148
financial.indicator.q_dtprofit,q_dtprofit,2003,not_provided_by_source,4414,1438,2976
financial.indicator.q_dtprofit,q_dtprofit,2004,not_provided_by_source,4808,4060,748
financial.indicator.q_dtprofit,q_dtprofit,2005,not_provided_by_source,5130,4098,1032
financial.indicator.q_dtprofit,q_dtprofit,2006,not_provided_by_source,6042,4388,1654
financial.indicator.q_dtprofit,q_dtprofit,2007,not_provided_by_source,7275,5262,2013
financial.indicator.q_dtprofit,q_dtprofit,2008,not_provided_by_source,8085,5996,2089
financial.indicator.q_dtprofit,q_dtprofit,2009,not_provided_by_source,9808,6584,3224
financial.indicator.q_dtprofit,q_dtprofit,2010,not_provided_by_source,10706,8924,1782
financial.indicator.q_dtprofit,q_dtprofit,2011,not_provided_by_source,12606,10875,1731
financial.indicator.q_dtprofit,q_dtprofit,2012,not_provided_by_source,13723,12154,1569
financial.indicator.q_dtprofit,q_dtprofit,2013,not_provided_by_source,14280,12456,1824
financial.indicator.q_dtprofit,q_dtprofit,2014,not_provided_by_source,15143,12988,2155
financial.indicator.q_dtprofit,q_dtprofit,2015,not_provided_by_source,16225,14238,1987
financial.indicator.q_dtprofit,q_dtprofit,2016,not_provided_by_source,17928,15119,2809
financial.indicator.q_dtprofit,q_dtprofit,2017,not_provided_by_source,18710,16635,2075
financial.indicator.q_dtprofit,q_dtprofit,2018,not_provided_by_source,19035,17427,1608
financial.indicator.q_dtprofit,q_dtprofit,2019,not_provided_by_source,19749,18025,1724
financial.indicator.q_dtprofit,q_dtprofit,2020,not_provided_by_source,21007,19251,1756
financial.indicator.q_dtprofit,q_dtprofit,2021,not_provided_by_source,21479,20595,884
financial.indicator.q_dtprofit,q_dtprofit,2022,not_provided_by_source,21544,21223,321
financial.indicator.q_dtprofit,q_dtprofit,2023,not_provided_by_source,14469,14058,411
financial.indicator.q_dtprofit,q_dtprofit,2024,not_provided_by_source,12034,11637,397
financial.indicator.q_dtprofit,q_dtprofit,2025,not_provided_by_source,12859,12509,350
financial.indicator.q_dtprofit,q_dtprofit,2026,not_provided_by_source,7907,7600,307
financial.indicator.q_dtprofit_to_profit,q_dtprofit_to_profit,1990,not_provided_by_source,98,0,98
financial.indicator.q_dtprofit_to_profit,q_dtprofit_to_profit,1991,not_provided_by_source,144,0,144
financial.indicator.q_dtprofit_to_profit,q_dtprofit_to_profit,1992,not_provided_by_source,218,0,218
financial.indicator.q_dtprofit_to_profit,q_dtprofit_to_profit,1993,not_provided_by_source,592,0,592
financial.indicator.q_dtprofit_to_profit,q_dtprofit_to_profit,1994,not_provided_by_source,949,0,949
financial.indicator.q_dtprofit_to_profit,q_dtprofit_to_profit,1995,not_provided_by_source,1096,0,1096
financial.indicator.q_dtprofit_to_profit,q_dtprofit_to_profit,1996,not_provided_by_source,1378,0,1378
financial.indicator.q_dtprofit_to_profit,q_dtprofit_to_profit,1997,not_provided_by_source,1755,0,1755
financial.indicator.q_dtprofit_to_profit,q_dtprofit_to_profit,1998,not_provided_by_source,1794,0,1794
financial.indicator.q_dtprofit_to_profit,q_dtprofit_to_profit,1999,not_provided_by_source,1996,0,1996
financial.indicator.q_dtprofit_to_profit,q_dtprofit_to_profit,2000,not_provided_by_source,2042,0,2042
financial.indicator.q_dtprofit_to_profit,q_dtprofit_to_profit,2001,not_provided_by_source,2439,0,2439
financial.indicator.q_dtprofit_to_profit,q_dtprofit_to_profit,2002,not_provided_by_source,4116,1446,2670
financial.indicator.q_dtprofit_to_profit,q_dtprofit_to_profit,2003,not_provided_by_source,4414,1118,3296
financial.indicator.q_dtprofit_to_profit,q_dtprofit_to_profit,2004,not_provided_by_source,4808,3142,1666
financial.indicator.q_dtprofit_to_profit,q_dtprofit_to_profit,2005,not_provided_by_source,5130,3008,2122
financial.indicator.q_dtprofit_to_profit,q_dtprofit_to_profit,2006,not_provided_by_source,6042,3408,2634
financial.indicator.q_dtprofit_to_profit,q_dtprofit_to_profit,2007,not_provided_by_source,7275,4302,2973
financial.indicator.q_dtprofit_to_profit,q_dtprofit_to_profit,2008,not_provided_by_source,8085,4582,3503
financial.indicator.q_dtprofit_to_profit,q_dtprofit_to_profit,2009,not_provided_by_source,9808,5292,4516
financial.indicator.q_dtprofit_to_profit,q_dtprofit_to_profit,2010,not_provided_by_source,10706,7874,2832
financial.indicator.q_dtprofit_to_profit,q_dtprofit_to_profit,2011,not_provided_by_source,12606,9495,3111
financial.indicator.q_dtprofit_to_profit,q_dtprofit_to_profit,2012,not_provided_by_source,13723,10330,3393
financial.indicator.q_dtprofit_to_profit,q_dtprofit_to_profit,2013,not_provided_by_source,14280,10512,3768
financial.indicator.q_dtprofit_to_profit,q_dtprofit_to_profit,2014,not_provided_by_source,15143,10906,4237
financial.indicator.q_dtprofit_to_profit,q_dtprofit_to_profit,2015,not_provided_by_source,16225,11651,4574
financial.indicator.q_dtprofit_to_profit,q_dtprofit_to_profit,2016,not_provided_by_source,17928,12888,5040
financial.indicator.q_dtprofit_to_profit,q_dtprofit_to_profit,2017,not_provided_by_source,18710,14423,4287
financial.indicator.q_dtprofit_to_profit,q_dtprofit_to_profit,2018,not_provided_by_source,19035,14302,4733
financial.indicator.q_dtprofit_to_profit,q_dtprofit_to_profit,2019,not_provided_by_source,19749,14548,5201
financial.indicator.q_dtprofit_to_profit,q_dtprofit_to_profit,2020,not_provided_by_source,21007,14788,6219
financial.indicator.q_dtprofit_to_profit,q_dtprofit_to_profit,2021,not_provided_by_source,21479,16278,5201
financial.indicator.q_dtprofit_to_profit,q_dtprofit_to_profit,2022,not_provided_by_source,21544,15552,5992
financial.indicator.q_dtprofit_to_profit,q_dtprofit_to_profit,2023,not_provided_by_source,14469,10125,4344
financial.indicator.q_dtprofit_to_profit,q_dtprofit_to_profit,2024,not_provided_by_source,12034,8055,3979
financial.indicator.q_dtprofit_to_profit,q_dtprofit_to_profit,2025,not_provided_by_source,12859,8694,4165
financial.indicator.q_dtprofit_to_profit,q_dtprofit_to_profit,2026,not_provided_by_source,7907,5994,1913
financial.indicator.q_eps,q_eps,1990,not_provided_by_source,98,0,98
financial.indicator.q_eps,q_eps,1991,not_provided_by_source,144,0,144
financial.indicator.q_eps,q_eps,1992,not_provided_by_source,218,0,218
financial.indicator.q_eps,q_eps,1993,not_provided_by_source,592,6,586
financial.indicator.q_eps,q_eps,1994,not_provided_by_source,949,0,949
financial.indicator.q_eps,q_eps,1995,not_provided_by_source,1096,2,1094
financial.indicator.q_eps,q_eps,1996,not_provided_by_source,1378,26,1352
financial.indicator.q_eps,q_eps,1997,not_provided_by_source,1755,38,1717
financial.indicator.q_eps,q_eps,1998,not_provided_by_source,1794,4,1790
financial.indicator.q_eps,q_eps,1999,not_provided_by_source,1996,6,1990
financial.indicator.q_eps,q_eps,2000,not_provided_by_source,2042,28,2014
financial.indicator.q_eps,q_eps,2001,not_provided_by_source,2439,476,1963
financial.indicator.q_eps,q_eps,2002,not_provided_by_source,4116,3996,120
financial.indicator.q_eps,q_eps,2003,not_provided_by_source,4414,4054,360
financial.indicator.q_eps,q_eps,2004,not_provided_by_source,4808,4250,558
financial.indicator.q_eps,q_eps,2005,not_provided_by_source,5130,4428,702
financial.indicator.q_eps,q_eps,2006,not_provided_by_source,6042,4900,1142
financial.indicator.q_eps,q_eps,2007,not_provided_by_source,7275,5602,1673
financial.indicator.q_eps,q_eps,2008,not_provided_by_source,8085,6352,1733
financial.indicator.q_eps,q_eps,2009,not_provided_by_source,9808,7626,2182
financial.indicator.q_eps,q_eps,2010,not_provided_by_source,10706,9872,834
financial.indicator.q_eps,q_eps,2011,not_provided_by_source,12606,11597,1009
financial.indicator.q_eps,q_eps,2012,not_provided_by_source,13723,12434,1289
financial.indicator.q_eps,q_eps,2013,not_provided_by_source,14280,12678,1602
financial.indicator.q_eps,q_eps,2014,not_provided_by_source,15143,13424,1719
financial.indicator.q_eps,q_eps,2015,not_provided_by_source,16225,14452,1773
financial.indicator.q_eps,q_eps,2016,not_provided_by_source,17928,15636,2292
financial.indicator.q_eps,q_eps,2017,not_provided_by_source,18710,16947,1763
financial.indicator.q_eps,q_eps,2018,not_provided_by_source,19035,17535,1500
financial.indicator.q_eps,q_eps,2019,not_provided_by_source,19749,18301,1448
financial.indicator.q_eps,q_eps,2020,not_provided_by_source,21007,19714,1293
financial.indicator.q_eps,q_eps,2021,not_provided_by_source,21479,20899,580
financial.indicator.q_eps,q_eps,2022,not_provided_by_source,21544,21287,257
financial.indicator.q_eps,q_eps,2023,not_provided_by_source,14469,14210,259
financial.indicator.q_eps,q_eps,2024,not_provided_by_source,12034,11719,315
financial.indicator.q_eps,q_eps,2025,not_provided_by_source,12859,12589,270
financial.indicator.q_eps,q_eps,2026,not_provided_by_source,7907,7691,216
financial.indicator.q_exp_to_sales,q_exp_to_sales,1990,not_provided_by_source,98,0,98
financial.indicator.q_exp_to_sales,q_exp_to_sales,1991,not_provided_by_source,144,0,144
financial.indicator.q_exp_to_sales,q_exp_to_sales,1992,not_provided_by_source,218,0,218
financial.indicator.q_exp_to_sales,q_exp_to_sales,1993,not_provided_by_source,592,8,584
financial.indicator.q_exp_to_sales,q_exp_to_sales,1994,not_provided_by_source,949,0,949
financial.indicator.q_exp_to_sales,q_exp_to_sales,1995,not_provided_by_source,1096,2,1094
financial.indicator.q_exp_to_sales,q_exp_to_sales,1996,not_provided_by_source,1378,14,1364
financial.indicator.q_exp_to_sales,q_exp_to_sales,1997,not_provided_by_source,1755,4,1751
financial.indicator.q_exp_to_sales,q_exp_to_sales,1998,not_provided_by_source,1794,4,1790
financial.indicator.q_exp_to_sales,q_exp_to_sales,1999,not_provided_by_source,1996,8,1988
financial.indicator.q_exp_to_sales,q_exp_to_sales,2000,not_provided_by_source,2042,42,2000
financial.indicator.q_exp_to_sales,q_exp_to_sales,2001,not_provided_by_source,2439,556,1883
financial.indicator.q_exp_to_sales,q_exp_to_sales,2002,not_provided_by_source,4116,3348,768
financial.indicator.q_exp_to_sales,q_exp_to_sales,2003,not_provided_by_source,4414,4069,345
financial.indicator.q_exp_to_sales,q_exp_to_sales,2004,not_provided_by_source,4808,4247,561
financial.indicator.q_exp_to_sales,q_exp_to_sales,2005,not_provided_by_source,5130,4406,724
financial.indicator.q_exp_to_sales,q_exp_to_sales,2006,not_provided_by_source,6042,5139,903
financial.indicator.q_exp_to_sales,q_exp_to_sales,2007,not_provided_by_source,7275,5878,1397
financial.indicator.q_exp_to_sales,q_exp_to_sales,2008,not_provided_by_source,8085,6458,1627
financial.indicator.q_exp_to_sales,q_exp_to_sales,2009,not_provided_by_source,9808,8508,1300
financial.indicator.q_exp_to_sales,q_exp_to_sales,2010,not_provided_by_source,10706,9886,820
financial.indicator.q_exp_to_sales,q_exp_to_sales,2011,not_provided_by_source,12606,11461,1145
financial.indicator.q_exp_to_sales,q_exp_to_sales,2012,not_provided_by_source,13723,12266,1457
financial.indicator.q_exp_to_sales,q_exp_to_sales,2013,not_provided_by_source,14280,12542,1738
financial.indicator.q_exp_to_sales,q_exp_to_sales,2014,not_provided_by_source,15143,13344,1799
financial.indicator.q_exp_to_sales,q_exp_to_sales,2015,not_provided_by_source,16225,14432,1793
financial.indicator.q_exp_to_sales,q_exp_to_sales,2016,not_provided_by_source,17928,16323,1605
financial.indicator.q_exp_to_sales,q_exp_to_sales,2017,not_provided_by_source,18710,17091,1619
financial.indicator.q_exp_to_sales,q_exp_to_sales,2018,not_provided_by_source,19035,17507,1528
financial.indicator.q_exp_to_sales,q_exp_to_sales,2019,not_provided_by_source,19749,18510,1239
financial.indicator.q_exp_to_sales,q_exp_to_sales,2020,not_provided_by_source,21007,20270,737
financial.indicator.q_exp_to_sales,q_exp_to_sales,2021,not_provided_by_source,21479,21017,462
financial.indicator.q_exp_to_sales,q_exp_to_sales,2022,not_provided_by_source,21544,21138,406
financial.indicator.q_exp_to_sales,q_exp_to_sales,2023,not_provided_by_source,14469,14069,400
financial.indicator.q_exp_to_sales,q_exp_to_sales,2024,not_provided_by_source,12034,11623,411
financial.indicator.q_exp_to_sales,q_exp_to_sales,2025,not_provided_by_source,12859,12485,374
financial.indicator.q_exp_to_sales,q_exp_to_sales,2026,not_provided_by_source,7907,7646,261
financial.indicator.q_finaexp_to_gr,q_finaexp_to_gr,1990,not_provided_by_source,98,0,98
financial.indicator.q_finaexp_to_gr,q_finaexp_to_gr,1991,not_provided_by_source,144,0,144
financial.indicator.q_finaexp_to_gr,q_finaexp_to_gr,1992,not_provided_by_source,218,0,218
financial.indicator.q_finaexp_to_gr,q_finaexp_to_gr,1993,not_provided_by_source,592,8,584
financial.indicator.q_finaexp_to_gr,q_finaexp_to_gr,1994,not_provided_by_source,949,0,949
financial.indicator.q_finaexp_to_gr,q_finaexp_to_gr,1995,not_provided_by_source,1096,2,1094
financial.indicator.q_finaexp_to_gr,q_finaexp_to_gr,1996,not_provided_by_source,1378,14,1364
financial.indicator.q_finaexp_to_gr,q_finaexp_to_gr,1997,not_provided_by_source,1755,4,1751
financial.indicator.q_finaexp_to_gr,q_finaexp_to_gr,1998,not_provided_by_source,1794,4,1790
financial.indicator.q_finaexp_to_gr,q_finaexp_to_gr,1999,not_provided_by_source,1996,8,1988
financial.indicator.q_finaexp_to_gr,q_finaexp_to_gr,2000,not_provided_by_source,2042,42,2000
financial.indicator.q_finaexp_to_gr,q_finaexp_to_gr,2001,not_provided_by_source,2439,556,1883
financial.indicator.q_finaexp_to_gr,q_finaexp_to_gr,2002,not_provided_by_source,4116,3346,770
financial.indicator.q_finaexp_to_gr,q_finaexp_to_gr,2003,not_provided_by_source,4414,4069,345
financial.indicator.q_finaexp_to_gr,q_finaexp_to_gr,2004,not_provided_by_source,4808,4245,563
financial.indicator.q_finaexp_to_gr,q_finaexp_to_gr,2005,not_provided_by_source,5130,4406,724
financial.indicator.q_finaexp_to_gr,q_finaexp_to_gr,2006,not_provided_by_source,6042,5135,907
financial.indicator.q_finaexp_to_gr,q_finaexp_to_gr,2007,not_provided_by_source,7275,5876,1399
financial.indicator.q_finaexp_to_gr,q_finaexp_to_gr,2008,not_provided_by_source,8085,6454,1631
financial.indicator.q_finaexp_to_gr,q_finaexp_to_gr,2009,not_provided_by_source,9808,8506,1302
financial.indicator.q_finaexp_to_gr,q_finaexp_to_gr,2010,not_provided_by_source,10706,9884,822
financial.indicator.q_finaexp_to_gr,q_finaexp_to_gr,2011,not_provided_by_source,12606,11459,1147
financial.indicator.q_finaexp_to_gr,q_finaexp_to_gr,2012,not_provided_by_source,13723,12266,1457
financial.indicator.q_finaexp_to_gr,q_finaexp_to_gr,2013,not_provided_by_source,14280,12536,1744
financial.indicator.q_finaexp_to_gr,q_finaexp_to_gr,2014,not_provided_by_source,15143,13346,1797
financial.indicator.q_finaexp_to_gr,q_finaexp_to_gr,2015,not_provided_by_source,16225,14434,1791
financial.indicator.q_finaexp_to_gr,q_finaexp_to_gr,2016,not_provided_by_source,17928,16319,1609
financial.indicator.q_finaexp_to_gr,q_finaexp_to_gr,2017,not_provided_by_source,18710,17091,1619
financial.indicator.q_finaexp_to_gr,q_finaexp_to_gr,2018,not_provided_by_source,19035,17509,1526
financial.indicator.q_finaexp_to_gr,q_finaexp_to_gr,2019,not_provided_by_source,19749,18508,1241
financial.indicator.q_finaexp_to_gr,q_finaexp_to_gr,2020,not_provided_by_source,21007,20262,745
financial.indicator.q_finaexp_to_gr,q_finaexp_to_gr,2021,not_provided_by_source,21479,21011,468
financial.indicator.q_finaexp_to_gr,q_finaexp_to_gr,2022,not_provided_by_source,21544,21130,414
financial.indicator.q_finaexp_to_gr,q_finaexp_to_gr,2023,not_provided_by_source,14469,14067,402
financial.indicator.q_finaexp_to_gr,q_finaexp_to_gr,2024,not_provided_by_source,12034,11622,412
financial.indicator.q_finaexp_to_gr,q_finaexp_to_gr,2025,not_provided_by_source,12859,12482,377
financial.indicator.q_finaexp_to_gr,q_finaexp_to_gr,2026,not_provided_by_source,7907,7616,291
financial.indicator.q_gc_to_gr,q_gc_to_gr,1990,not_provided_by_source,98,0,98
financial.indicator.q_gc_to_gr,q_gc_to_gr,1991,not_provided_by_source,144,0,144
financial.indicator.q_gc_to_gr,q_gc_to_gr,1992,not_provided_by_source,218,0,218
financial.indicator.q_gc_to_gr,q_gc_to_gr,1993,not_provided_by_source,592,10,582
financial.indicator.q_gc_to_gr,q_gc_to_gr,1994,not_provided_by_source,949,0,949
financial.indicator.q_gc_to_gr,q_gc_to_gr,1995,not_provided_by_source,1096,2,1094
financial.indicator.q_gc_to_gr,q_gc_to_gr,1996,not_provided_by_source,1378,32,1346
financial.indicator.q_gc_to_gr,q_gc_to_gr,1997,not_provided_by_source,1755,20,1735
financial.indicator.q_gc_to_gr,q_gc_to_gr,1998,not_provided_by_source,1794,4,1790
financial.indicator.q_gc_to_gr,q_gc_to_gr,1999,not_provided_by_source,1996,8,1988
financial.indicator.q_gc_to_gr,q_gc_to_gr,2000,not_provided_by_source,2042,42,2000
financial.indicator.q_gc_to_gr,q_gc_to_gr,2001,not_provided_by_source,2439,634,1805
financial.indicator.q_gc_to_gr,q_gc_to_gr,2002,not_provided_by_source,4116,3912,204
financial.indicator.q_gc_to_gr,q_gc_to_gr,2003,not_provided_by_source,4414,4069,345
financial.indicator.q_gc_to_gr,q_gc_to_gr,2004,not_provided_by_source,4808,4249,559
financial.indicator.q_gc_to_gr,q_gc_to_gr,2005,not_provided_by_source,5130,4406,724
financial.indicator.q_gc_to_gr,q_gc_to_gr,2006,not_provided_by_source,6042,5143,899
financial.indicator.q_gc_to_gr,q_gc_to_gr,2007,not_provided_by_source,7275,5884,1391
financial.indicator.q_gc_to_gr,q_gc_to_gr,2008,not_provided_by_source,8085,6458,1627
financial.indicator.q_gc_to_gr,q_gc_to_gr,2009,not_provided_by_source,9808,8508,1300
financial.indicator.q_gc_to_gr,q_gc_to_gr,2010,not_provided_by_source,10706,9886,820
financial.indicator.q_gc_to_gr,q_gc_to_gr,2011,not_provided_by_source,12606,11461,1145
financial.indicator.q_gc_to_gr,q_gc_to_gr,2012,not_provided_by_source,13723,12266,1457
financial.indicator.q_gc_to_gr,q_gc_to_gr,2013,not_provided_by_source,14280,12546,1734
financial.indicator.q_gc_to_gr,q_gc_to_gr,2014,not_provided_by_source,15143,13346,1797
financial.indicator.q_gc_to_gr,q_gc_to_gr,2015,not_provided_by_source,16225,14434,1791
financial.indicator.q_gc_to_gr,q_gc_to_gr,2016,not_provided_by_source,17928,16323,1605
financial.indicator.q_gc_to_gr,q_gc_to_gr,2017,not_provided_by_source,18710,17091,1619
financial.indicator.q_gc_to_gr,q_gc_to_gr,2018,not_provided_by_source,19035,17509,1526
financial.indicator.q_gc_to_gr,q_gc_to_gr,2019,not_provided_by_source,19749,18514,1235
financial.indicator.q_gc_to_gr,q_gc_to_gr,2020,not_provided_by_source,21007,20268,739
financial.indicator.q_gc_to_gr,q_gc_to_gr,2021,not_provided_by_source,21479,21020,459
financial.indicator.q_gc_to_gr,q_gc_to_gr,2022,not_provided_by_source,21544,21137,407
financial.indicator.q_gc_to_gr,q_gc_to_gr,2023,not_provided_by_source,14469,14072,397
financial.indicator.q_gc_to_gr,q_gc_to_gr,2024,not_provided_by_source,12034,11626,408
financial.indicator.q_gc_to_gr,q_gc_to_gr,2025,not_provided_by_source,12859,12484,375
financial.indicator.q_gc_to_gr,q_gc_to_gr,2026,not_provided_by_source,7907,7645,262
financial.indicator.q_gr_qoq,q_gr_qoq,1990,not_provided_by_source,98,0,98
financial.indicator.q_gr_qoq,q_gr_qoq,1991,not_provided_by_source,144,0,144
financial.indicator.q_gr_qoq,q_gr_qoq,1992,not_provided_by_source,218,0,218
financial.indicator.q_gr_qoq,q_gr_qoq,1993,not_provided_by_source,592,2,590
financial.indicator.q_gr_qoq,q_gr_qoq,1994,not_provided_by_source,949,0,949
financial.indicator.q_gr_qoq,q_gr_qoq,1995,not_provided_by_source,1096,0,1096
financial.indicator.q_gr_qoq,q_gr_qoq,1996,not_provided_by_source,1378,6,1372
financial.indicator.q_gr_qoq,q_gr_qoq,1997,not_provided_by_source,1755,2,1753
financial.indicator.q_gr_qoq,q_gr_qoq,1998,not_provided_by_source,1794,0,1794
financial.indicator.q_gr_qoq,q_gr_qoq,1999,not_provided_by_source,1996,4,1992
financial.indicator.q_gr_qoq,q_gr_qoq,2000,not_provided_by_source,2042,26,2016
financial.indicator.q_gr_qoq,q_gr_qoq,2001,not_provided_by_source,2439,398,2041
financial.indicator.q_gr_qoq,q_gr_qoq,2002,not_provided_by_source,4116,3326,790
financial.indicator.q_gr_qoq,q_gr_qoq,2003,not_provided_by_source,4414,4034,380
financial.indicator.q_gr_qoq,q_gr_qoq,2004,not_provided_by_source,4808,4276,532
financial.indicator.q_gr_qoq,q_gr_qoq,2005,not_provided_by_source,5130,4328,802
financial.indicator.q_gr_qoq,q_gr_qoq,2006,not_provided_by_source,6042,5002,1040
financial.indicator.q_gr_qoq,q_gr_qoq,2007,not_provided_by_source,7275,5792,1483
financial.indicator.q_gr_qoq,q_gr_qoq,2008,not_provided_by_source,8085,6276,1809
financial.indicator.q_gr_qoq,q_gr_qoq,2009,not_provided_by_source,9808,8142,1666
financial.indicator.q_gr_qoq,q_gr_qoq,2010,not_provided_by_source,10706,9886,820
financial.indicator.q_gr_qoq,q_gr_qoq,2011,not_provided_by_source,12606,11513,1093
financial.indicator.q_gr_qoq,q_gr_qoq,2012,not_provided_by_source,13723,12356,1367
financial.indicator.q_gr_qoq,q_gr_qoq,2013,not_provided_by_source,14280,12678,1602
financial.indicator.q_gr_qoq,q_gr_qoq,2014,not_provided_by_source,15143,13374,1769
financial.indicator.q_gr_qoq,q_gr_qoq,2015,not_provided_by_source,16225,14358,1867
financial.indicator.q_gr_qoq,q_gr_qoq,2016,not_provided_by_source,17928,16094,1834
financial.indicator.q_gr_qoq,q_gr_qoq,2017,not_provided_by_source,18710,17137,1573
financial.indicator.q_gr_qoq,q_gr_qoq,2018,not_provided_by_source,19035,17647,1388
financial.indicator.q_gr_qoq,q_gr_qoq,2019,not_provided_by_source,19749,18487,1262
financial.indicator.q_gr_qoq,q_gr_qoq,2020,not_provided_by_source,21007,20160,847
financial.indicator.q_gr_qoq,q_gr_qoq,2021,not_provided_by_source,21479,21158,321
financial.indicator.q_gr_qoq,q_gr_qoq,2022,not_provided_by_source,21544,21355,189
financial.indicator.q_gr_qoq,q_gr_qoq,2023,not_provided_by_source,14469,14231,238
financial.indicator.q_gr_qoq,q_gr_qoq,2024,not_provided_by_source,12034,11743,291
financial.indicator.q_gr_qoq,q_gr_qoq,2025,not_provided_by_source,12859,12605,254
financial.indicator.q_gr_qoq,q_gr_qoq,2026,not_provided_by_source,7907,7690,217
financial.indicator.q_gr_yoy,q_gr_yoy,1990,not_provided_by_source,98,0,98
financial.indicator.q_gr_yoy,q_gr_yoy,1991,not_provided_by_source,144,0,144
financial.indicator.q_gr_yoy,q_gr_yoy,1992,not_provided_by_source,218,0,218
financial.indicator.q_gr_yoy,q_gr_yoy,1993,not_provided_by_source,592,0,592
financial.indicator.q_gr_yoy,q_gr_yoy,1994,not_provided_by_source,949,0,949
financial.indicator.q_gr_yoy,q_gr_yoy,1995,not_provided_by_source,1096,0,1096
financial.indicator.q_gr_yoy,q_gr_yoy,1996,not_provided_by_source,1378,0,1378
financial.indicator.q_gr_yoy,q_gr_yoy,1997,not_provided_by_source,1755,0,1755
financial.indicator.q_gr_yoy,q_gr_yoy,1998,not_provided_by_source,1794,0,1794
financial.indicator.q_gr_yoy,q_gr_yoy,1999,not_provided_by_source,1996,0,1996
financial.indicator.q_gr_yoy,q_gr_yoy,2000,not_provided_by_source,2042,0,2042
financial.indicator.q_gr_yoy,q_gr_yoy,2001,not_provided_by_source,2439,40,2399
financial.indicator.q_gr_yoy,q_gr_yoy,2002,not_provided_by_source,4116,644,3472
financial.indicator.q_gr_yoy,q_gr_yoy,2003,not_provided_by_source,4414,3960,454
financial.indicator.q_gr_yoy,q_gr_yoy,2004,not_provided_by_source,4808,4096,712
financial.indicator.q_gr_yoy,q_gr_yoy,2005,not_provided_by_source,5130,4274,856
financial.indicator.q_gr_yoy,q_gr_yoy,2006,not_provided_by_source,6042,4458,1584
financial.indicator.q_gr_yoy,q_gr_yoy,2007,not_provided_by_source,7275,5166,2109
financial.indicator.q_gr_yoy,q_gr_yoy,2008,not_provided_by_source,8085,5922,2163
financial.indicator.q_gr_yoy,q_gr_yoy,2009,not_provided_by_source,9808,6522,3286
financial.indicator.q_gr_yoy,q_gr_yoy,2010,not_provided_by_source,10706,8754,1952
financial.indicator.q_gr_yoy,q_gr_yoy,2011,not_provided_by_source,12606,10869,1737
financial.indicator.q_gr_yoy,q_gr_yoy,2012,not_provided_by_source,13723,12130,1593
financial.indicator.q_gr_yoy,q_gr_yoy,2013,not_provided_by_source,14280,12488,1792
financial.indicator.q_gr_yoy,q_gr_yoy,2014,not_provided_by_source,15143,12834,2309
financial.indicator.q_gr_yoy,q_gr_yoy,2015,not_provided_by_source,16225,13786,2439
financial.indicator.q_gr_yoy,q_gr_yoy,2016,not_provided_by_source,17928,14719,3209
financial.indicator.q_gr_yoy,q_gr_yoy,2017,not_provided_by_source,18710,16395,2315
financial.indicator.q_gr_yoy,q_gr_yoy,2018,not_provided_by_source,19035,17211,1824
financial.indicator.q_gr_yoy,q_gr_yoy,2019,not_provided_by_source,19749,17715,2034
financial.indicator.q_gr_yoy,q_gr_yoy,2020,not_provided_by_source,21007,18714,2293
financial.indicator.q_gr_yoy,q_gr_yoy,2021,not_provided_by_source,21479,20480,999
financial.indicator.q_gr_yoy,q_gr_yoy,2022,not_provided_by_source,21544,21140,404
financial.indicator.q_gr_yoy,q_gr_yoy,2023,not_provided_by_source,14469,14202,267
financial.indicator.q_gr_yoy,q_gr_yoy,2024,not_provided_by_source,12034,11698,336
financial.indicator.q_gr_yoy,q_gr_yoy,2025,not_provided_by_source,12859,12572,287
financial.indicator.q_gr_yoy,q_gr_yoy,2026,not_provided_by_source,7907,7662,245
financial.indicator.q_gross_profit_margin,q_gross_profit_margin,1990,not_provided_by_source,98,0,98
financial.indicator.q_gross_profit_margin,q_gross_profit_margin,1991,not_provided_by_source,144,0,144
financial.indicator.q_gross_profit_margin,q_gross_profit_margin,1992,not_provided_by_source,218,0,218
financial.indicator.q_gross_profit_margin,q_gross_profit_margin,1993,not_provided_by_source,592,10,582
financial.indicator.q_gross_profit_margin,q_gross_profit_margin,1994,not_provided_by_source,949,0,949
financial.indicator.q_gross_profit_margin,q_gross_profit_margin,1995,not_provided_by_source,1096,2,1094
financial.indicator.q_gross_profit_margin,q_gross_profit_margin,1996,not_provided_by_source,1378,32,1346
financial.indicator.q_gross_profit_margin,q_gross_profit_margin,1997,not_provided_by_source,1755,20,1735
financial.indicator.q_gross_profit_margin,q_gross_profit_margin,1998,not_provided_by_source,1794,4,1790
financial.indicator.q_gross_profit_margin,q_gross_profit_margin,1999,not_provided_by_source,1996,8,1988
financial.indicator.q_gross_profit_margin,q_gross_profit_margin,2000,not_provided_by_source,2042,42,2000
financial.indicator.q_gross_profit_margin,q_gross_profit_margin,2001,not_provided_by_source,2439,634,1805
financial.indicator.q_gross_profit_margin,q_gross_profit_margin,2002,not_provided_by_source,4116,3912,204
financial.indicator.q_gross_profit_margin,q_gross_profit_margin,2003,not_provided_by_source,4414,4069,345
financial.indicator.q_gross_profit_margin,q_gross_profit_margin,2004,not_provided_by_source,4808,4249,559
financial.indicator.q_gross_profit_margin,q_gross_profit_margin,2005,not_provided_by_source,5130,4406,724
financial.indicator.q_gross_profit_margin,q_gross_profit_margin,2006,not_provided_by_source,6042,5143,899
financial.indicator.q_gross_profit_margin,q_gross_profit_margin,2007,not_provided_by_source,7275,5884,1391
financial.indicator.q_gross_profit_margin,q_gross_profit_margin,2008,not_provided_by_source,8085,6458,1627
financial.indicator.q_gross_profit_margin,q_gross_profit_margin,2009,not_provided_by_source,9808,8508,1300
financial.indicator.q_gross_profit_margin,q_gross_profit_margin,2010,not_provided_by_source,10706,9886,820
financial.indicator.q_gross_profit_margin,q_gross_profit_margin,2011,not_provided_by_source,12606,11473,1133
financial.indicator.q_gross_profit_margin,q_gross_profit_margin,2012,not_provided_by_source,13723,12286,1437
financial.indicator.q_gross_profit_margin,q_gross_profit_margin,2013,not_provided_by_source,14280,12586,1694
financial.indicator.q_gross_profit_margin,q_gross_profit_margin,2014,not_provided_by_source,15143,13344,1799
financial.indicator.q_gross_profit_margin,q_gross_profit_margin,2015,not_provided_by_source,16225,14432,1793
financial.indicator.q_gross_profit_margin,q_gross_profit_margin,2016,not_provided_by_source,17928,16323,1605
financial.indicator.q_gross_profit_margin,q_gross_profit_margin,2017,not_provided_by_source,18710,17091,1619
financial.indicator.q_gross_profit_margin,q_gross_profit_margin,2018,not_provided_by_source,19035,17507,1528
financial.indicator.q_gross_profit_margin,q_gross_profit_margin,2019,not_provided_by_source,19749,18510,1239
financial.indicator.q_gross_profit_margin,q_gross_profit_margin,2020,not_provided_by_source,21007,20270,737
financial.indicator.q_gross_profit_margin,q_gross_profit_margin,2021,not_provided_by_source,21479,21020,459
financial.indicator.q_gross_profit_margin,q_gross_profit_margin,2022,not_provided_by_source,21544,21156,388
financial.indicator.q_gross_profit_margin,q_gross_profit_margin,2023,not_provided_by_source,14469,14087,382
financial.indicator.q_gross_profit_margin,q_gross_profit_margin,2024,not_provided_by_source,12034,11626,408
financial.indicator.q_gross_profit_margin,q_gross_profit_margin,2025,not_provided_by_source,12859,12485,374
financial.indicator.q_gross_profit_margin,q_gross_profit_margin,2026,not_provided_by_source,7907,7618,289
financial.indicator.q_impair_to_gr_ttm,q_impair_to_gr_ttm,1990,not_provided_by_source,98,0,98
financial.indicator.q_impair_to_gr_ttm,q_impair_to_gr_ttm,1991,not_provided_by_source,144,0,144
financial.indicator.q_impair_to_gr_ttm,q_impair_to_gr_ttm,1992,not_provided_by_source,218,0,218
financial.indicator.q_impair_to_gr_ttm,q_impair_to_gr_ttm,1993,not_provided_by_source,592,2,590
financial.indicator.q_impair_to_gr_ttm,q_impair_to_gr_ttm,1994,not_provided_by_source,949,0,949
financial.indicator.q_impair_to_gr_ttm,q_impair_to_gr_ttm,1995,not_provided_by_source,1096,2,1094
financial.indicator.q_impair_to_gr_ttm,q_impair_to_gr_ttm,1996,not_provided_by_source,1378,16,1362
financial.indicator.q_impair_to_gr_ttm,q_impair_to_gr_ttm,1997,not_provided_by_source,1755,16,1739
financial.indicator.q_impair_to_gr_ttm,q_impair_to_gr_ttm,1998,not_provided_by_source,1794,0,1794
financial.indicator.q_impair_to_gr_ttm,q_impair_to_gr_ttm,1999,not_provided_by_source,1996,4,1992
financial.indicator.q_impair_to_gr_ttm,q_impair_to_gr_ttm,2000,not_provided_by_source,2042,20,2022
financial.indicator.q_impair_to_gr_ttm,q_impair_to_gr_ttm,2001,not_provided_by_source,2439,358,2081
financial.indicator.q_impair_to_gr_ttm,q_impair_to_gr_ttm,2002,not_provided_by_source,4116,978,3138
financial.indicator.q_impair_to_gr_ttm,q_impair_to_gr_ttm,2003,not_provided_by_source,4414,8,4406
financial.indicator.q_impair_to_gr_ttm,q_impair_to_gr_ttm,2004,not_provided_by_source,4808,14,4794
financial.indicator.q_impair_to_gr_ttm,q_impair_to_gr_ttm,2005,not_provided_by_source,5130,14,5116
financial.indicator.q_impair_to_gr_ttm,q_impair_to_gr_ttm,2006,not_provided_by_source,6042,3138,2904
financial.indicator.q_impair_to_gr_ttm,q_impair_to_gr_ttm,2007,not_provided_by_source,7275,4138,3137
financial.indicator.q_impair_to_gr_ttm,q_impair_to_gr_ttm,2008,not_provided_by_source,8085,5114,2971
financial.indicator.q_impair_to_gr_ttm,q_impair_to_gr_ttm,2009,not_provided_by_source,9808,7134,2674
financial.indicator.q_impair_to_gr_ttm,q_impair_to_gr_ttm,2010,not_provided_by_source,10706,8476,2230
financial.indicator.q_impair_to_gr_ttm,q_impair_to_gr_ttm,2011,not_provided_by_source,12606,9967,2639
financial.indicator.q_impair_to_gr_ttm,q_impair_to_gr_ttm,2012,not_provided_by_source,13723,10736,2987
financial.indicator.q_impair_to_gr_ttm,q_impair_to_gr_ttm,2013,not_provided_by_source,14280,11276,3004
financial.indicator.q_impair_to_gr_ttm,q_impair_to_gr_ttm,2014,not_provided_by_source,15143,12236,2907
financial.indicator.q_impair_to_gr_ttm,q_impair_to_gr_ttm,2015,not_provided_by_source,16225,13508,2717
financial.indicator.q_impair_to_gr_ttm,q_impair_to_gr_ttm,2016,not_provided_by_source,17928,15493,2435
financial.indicator.q_impair_to_gr_ttm,q_impair_to_gr_ttm,2017,not_provided_by_source,18710,16392,2318
financial.indicator.q_impair_to_gr_ttm,q_impair_to_gr_ttm,2018,not_provided_by_source,19035,16879,2156
financial.indicator.q_impair_to_gr_ttm,q_impair_to_gr_ttm,2019,not_provided_by_source,19749,13398,6351
financial.indicator.q_impair_to_gr_ttm,q_impair_to_gr_ttm,2020,not_provided_by_source,21007,12522,8485
financial.indicator.q_impair_to_gr_ttm,q_impair_to_gr_ttm,2021,not_provided_by_source,21479,15481,5998
financial.indicator.q_impair_to_gr_ttm,q_impair_to_gr_ttm,2022,not_provided_by_source,21544,16363,5181
financial.indicator.q_impair_to_gr_ttm,q_impair_to_gr_ttm,2023,not_provided_by_source,14469,11096,3373
financial.indicator.q_impair_to_gr_ttm,q_impair_to_gr_ttm,2024,not_provided_by_source,12034,9795,2239
financial.indicator.q_impair_to_gr_ttm,q_impair_to_gr_ttm,2025,not_provided_by_source,12859,10744,2115
financial.indicator.q_impair_to_gr_ttm,q_impair_to_gr_ttm,2026,not_provided_by_source,7907,6414,1493
financial.indicator.q_investincome,q_investincome,1990,not_provided_by_source,98,0,98
financial.indicator.q_investincome,q_investincome,1991,not_provided_by_source,144,0,144
financial.indicator.q_investincome,q_investincome,1992,not_provided_by_source,218,0,218
financial.indicator.q_investincome,q_investincome,1993,not_provided_by_source,592,6,586
financial.indicator.q_investincome,q_investincome,1994,not_provided_by_source,949,0,949
financial.indicator.q_investincome,q_investincome,1995,not_provided_by_source,1096,2,1094
financial.indicator.q_investincome,q_investincome,1996,not_provided_by_source,1378,24,1354
financial.indicator.q_investincome,q_investincome,1997,not_provided_by_source,1755,18,1737
financial.indicator.q_investincome,q_investincome,1998,not_provided_by_source,1794,0,1794
financial.indicator.q_investincome,q_investincome,1999,not_provided_by_source,1996,0,1996
financial.indicator.q_investincome,q_investincome,2000,not_provided_by_source,2042,38,2004
financial.indicator.q_investincome,q_investincome,2001,not_provided_by_source,2439,554,1885
financial.indicator.q_investincome,q_investincome,2002,not_provided_by_source,4116,3060,1056
financial.indicator.q_investincome,q_investincome,2003,not_provided_by_source,4414,3278,1136
financial.indicator.q_investincome,q_investincome,2004,not_provided_by_source,4808,3472,1336
financial.indicator.q_investincome,q_investincome,2005,not_provided_by_source,5130,3504,1626
financial.indicator.q_investincome,q_investincome,2006,not_provided_by_source,6042,3738,2304
financial.indicator.q_investincome,q_investincome,2007,not_provided_by_source,7275,3850,3425
financial.indicator.q_investincome,q_investincome,2008,not_provided_by_source,8085,4092,3993
financial.indicator.q_investincome,q_investincome,2009,not_provided_by_source,9808,4938,4870
financial.indicator.q_investincome,q_investincome,2010,not_provided_by_source,10706,5554,5152
financial.indicator.q_investincome,q_investincome,2011,not_provided_by_source,12606,6435,6171
financial.indicator.q_investincome,q_investincome,2012,not_provided_by_source,13723,7532,6191
financial.indicator.q_investincome,q_investincome,2013,not_provided_by_source,14280,8258,6022
financial.indicator.q_investincome,q_investincome,2014,not_provided_by_source,15143,9682,5461
financial.indicator.q_investincome,q_investincome,2015,not_provided_by_source,16225,10957,5268
financial.indicator.q_investincome,q_investincome,2016,not_provided_by_source,17928,12864,5064
financial.indicator.q_investincome,q_investincome,2017,not_provided_by_source,18710,14445,4265
financial.indicator.q_investincome,q_investincome,2018,not_provided_by_source,19035,15657,3378
financial.indicator.q_investincome,q_investincome,2019,not_provided_by_source,19749,16525,3224
financial.indicator.q_investincome,q_investincome,2020,not_provided_by_source,21007,18070,2937
financial.indicator.q_investincome,q_investincome,2021,not_provided_by_source,21479,19287,2192
financial.indicator.q_investincome,q_investincome,2022,not_provided_by_source,21544,19821,1723
financial.indicator.q_investincome,q_investincome,2023,not_provided_by_source,14469,13209,1260
financial.indicator.q_investincome,q_investincome,2024,not_provided_by_source,12034,11086,948
financial.indicator.q_investincome,q_investincome,2025,not_provided_by_source,12859,12007,852
financial.indicator.q_investincome,q_investincome,2026,not_provided_by_source,7907,7418,489
financial.indicator.q_investincome_to_ebt,q_investincome_to_ebt,1990,not_provided_by_source,98,0,98
financial.indicator.q_investincome_to_ebt,q_investincome_to_ebt,1991,not_provided_by_source,144,0,144
financial.indicator.q_investincome_to_ebt,q_investincome_to_ebt,1992,not_provided_by_source,218,0,218
financial.indicator.q_investincome_to_ebt,q_investincome_to_ebt,1993,not_provided_by_source,592,4,588
financial.indicator.q_investincome_to_ebt,q_investincome_to_ebt,1994,not_provided_by_source,949,0,949
financial.indicator.q_investincome_to_ebt,q_investincome_to_ebt,1995,not_provided_by_source,1096,2,1094
financial.indicator.q_investincome_to_ebt,q_investincome_to_ebt,1996,not_provided_by_source,1378,24,1354
financial.indicator.q_investincome_to_ebt,q_investincome_to_ebt,1997,not_provided_by_source,1755,16,1739
financial.indicator.q_investincome_to_ebt,q_investincome_to_ebt,1998,not_provided_by_source,1794,0,1794
financial.indicator.q_investincome_to_ebt,q_investincome_to_ebt,1999,not_provided_by_source,1996,0,1996
financial.indicator.q_investincome_to_ebt,q_investincome_to_ebt,2000,not_provided_by_source,2042,18,2024
financial.indicator.q_investincome_to_ebt,q_investincome_to_ebt,2001,not_provided_by_source,2439,336,2103
financial.indicator.q_investincome_to_ebt,q_investincome_to_ebt,2002,not_provided_by_source,4116,2274,1842
financial.indicator.q_investincome_to_ebt,q_investincome_to_ebt,2003,not_provided_by_source,4414,2580,1834
financial.indicator.q_investincome_to_ebt,q_investincome_to_ebt,2004,not_provided_by_source,4808,2700,2108
financial.indicator.q_investincome_to_ebt,q_investincome_to_ebt,2005,not_provided_by_source,5130,2600,2530
financial.indicator.q_investincome_to_ebt,q_investincome_to_ebt,2006,not_provided_by_source,6042,3050,2992
financial.indicator.q_investincome_to_ebt,q_investincome_to_ebt,2007,not_provided_by_source,7275,3290,3985
financial.indicator.q_investincome_to_ebt,q_investincome_to_ebt,2008,not_provided_by_source,8085,3140,4945
financial.indicator.q_investincome_to_ebt,q_investincome_to_ebt,2009,not_provided_by_source,9808,4200,5608
financial.indicator.q_investincome_to_ebt,q_investincome_to_ebt,2010,not_provided_by_source,10706,4934,5772
financial.indicator.q_investincome_to_ebt,q_investincome_to_ebt,2011,not_provided_by_source,12606,5553,7053
financial.indicator.q_investincome_to_ebt,q_investincome_to_ebt,2012,not_provided_by_source,13723,6398,7325
financial.indicator.q_investincome_to_ebt,q_investincome_to_ebt,2013,not_provided_by_source,14280,7116,7164
financial.indicator.q_investincome_to_ebt,q_investincome_to_ebt,2014,not_provided_by_source,15143,8284,6859
financial.indicator.q_investincome_to_ebt,q_investincome_to_ebt,2015,not_provided_by_source,16225,9091,7134
financial.indicator.q_investincome_to_ebt,q_investincome_to_ebt,2016,not_provided_by_source,17928,11178,6750
financial.indicator.q_investincome_to_ebt,q_investincome_to_ebt,2017,not_provided_by_source,18710,12647,6063
financial.indicator.q_investincome_to_ebt,q_investincome_to_ebt,2018,not_provided_by_source,19035,13028,6007
financial.indicator.q_investincome_to_ebt,q_investincome_to_ebt,2019,not_provided_by_source,19749,13494,6255
financial.indicator.q_investincome_to_ebt,q_investincome_to_ebt,2020,not_provided_by_source,21007,14212,6795
financial.indicator.q_investincome_to_ebt,q_investincome_to_ebt,2021,not_provided_by_source,21479,15367,6112
financial.indicator.q_investincome_to_ebt,q_investincome_to_ebt,2022,not_provided_by_source,21544,14564,6980
financial.indicator.q_investincome_to_ebt,q_investincome_to_ebt,2023,not_provided_by_source,14469,9604,4865
financial.indicator.q_investincome_to_ebt,q_investincome_to_ebt,2024,not_provided_by_source,12034,7701,4333
financial.indicator.q_investincome_to_ebt,q_investincome_to_ebt,2025,not_provided_by_source,12859,8416,4443
financial.indicator.q_investincome_to_ebt,q_investincome_to_ebt,2026,not_provided_by_source,7907,5207,2700
financial.indicator.q_net_profit_margin,q_net_profit_margin,1990,not_provided_by_source,98,0,98
financial.indicator.q_net_profit_margin,q_net_profit_margin,1991,not_provided_by_source,144,0,144
financial.indicator.q_net_profit_margin,q_net_profit_margin,1992,not_provided_by_source,218,0,218
financial.indicator.q_net_profit_margin,q_net_profit_margin,1993,not_provided_by_source,592,10,582
financial.indicator.q_net_profit_margin,q_net_profit_margin,1994,not_provided_by_source,949,0,949
financial.indicator.q_net_profit_margin,q_net_profit_margin,1995,not_provided_by_source,1096,2,1094
financial.indicator.q_net_profit_margin,q_net_profit_margin,1996,not_provided_by_source,1378,32,1346
financial.indicator.q_net_profit_margin,q_net_profit_margin,1997,not_provided_by_source,1755,20,1735
financial.indicator.q_net_profit_margin,q_net_profit_margin,1998,not_provided_by_source,1794,4,1790
financial.indicator.q_net_profit_margin,q_net_profit_margin,1999,not_provided_by_source,1996,8,1988
financial.indicator.q_net_profit_margin,q_net_profit_margin,2000,not_provided_by_source,2042,42,2000
financial.indicator.q_net_profit_margin,q_net_profit_margin,2001,not_provided_by_source,2439,640,1799
financial.indicator.q_net_profit_margin,q_net_profit_margin,2002,not_provided_by_source,4116,3926,190
financial.indicator.q_net_profit_margin,q_net_profit_margin,2003,not_provided_by_source,4414,4084,330
financial.indicator.q_net_profit_margin,q_net_profit_margin,2004,not_provided_by_source,4808,4262,546
financial.indicator.q_net_profit_margin,q_net_profit_margin,2005,not_provided_by_source,5130,4418,712
financial.indicator.q_net_profit_margin,q_net_profit_margin,2006,not_provided_by_source,6042,5174,868
financial.indicator.q_net_profit_margin,q_net_profit_margin,2007,not_provided_by_source,7275,5920,1355
financial.indicator.q_net_profit_margin,q_net_profit_margin,2008,not_provided_by_source,8085,6512,1573
financial.indicator.q_net_profit_margin,q_net_profit_margin,2009,not_provided_by_source,9808,8566,1242
financial.indicator.q_net_profit_margin,q_net_profit_margin,2010,not_provided_by_source,10706,9958,748
financial.indicator.q_net_profit_margin,q_net_profit_margin,2011,not_provided_by_source,12606,11547,1059
financial.indicator.q_net_profit_margin,q_net_profit_margin,2012,not_provided_by_source,13723,12370,1353
financial.indicator.q_net_profit_margin,q_net_profit_margin,2013,not_provided_by_source,14280,12686,1594
financial.indicator.q_net_profit_margin,q_net_profit_margin,2014,not_provided_by_source,15143,13452,1691
financial.indicator.q_net_profit_margin,q_net_profit_margin,2015,not_provided_by_source,16225,14544,1681
financial.indicator.q_net_profit_margin,q_net_profit_margin,2016,not_provided_by_source,17928,16467,1461
financial.indicator.q_net_profit_margin,q_net_profit_margin,2017,not_provided_by_source,18710,17263,1447
financial.indicator.q_net_profit_margin,q_net_profit_margin,2018,not_provided_by_source,19035,17719,1316
financial.indicator.q_net_profit_margin,q_net_profit_margin,2019,not_provided_by_source,19749,18726,1023
financial.indicator.q_net_profit_margin,q_net_profit_margin,2020,not_provided_by_source,21007,20480,527
financial.indicator.q_net_profit_margin,q_net_profit_margin,2021,not_provided_by_source,21479,21234,245
financial.indicator.q_net_profit_margin,q_net_profit_margin,2022,not_provided_by_source,21544,21370,174
financial.indicator.q_net_profit_margin,q_net_profit_margin,2023,not_provided_by_source,14469,14226,243
financial.indicator.q_net_profit_margin,q_net_profit_margin,2024,not_provided_by_source,12034,11742,292
financial.indicator.q_net_profit_margin,q_net_profit_margin,2025,not_provided_by_source,12859,12598,261
financial.indicator.q_net_profit_margin,q_net_profit_margin,2026,not_provided_by_source,7907,7689,218
financial.indicator.q_netprofit_qoq,q_netprofit_qoq,1990,not_provided_by_source,98,0,98
financial.indicator.q_netprofit_qoq,q_netprofit_qoq,1991,not_provided_by_source,144,0,144
financial.indicator.q_netprofit_qoq,q_netprofit_qoq,1992,not_provided_by_source,218,0,218
financial.indicator.q_netprofit_qoq,q_netprofit_qoq,1993,not_provided_by_source,592,2,590
financial.indicator.q_netprofit_qoq,q_netprofit_qoq,1994,not_provided_by_source,949,0,949
financial.indicator.q_netprofit_qoq,q_netprofit_qoq,1995,not_provided_by_source,1096,0,1096
financial.indicator.q_netprofit_qoq,q_netprofit_qoq,1996,not_provided_by_source,1378,24,1354
financial.indicator.q_netprofit_qoq,q_netprofit_qoq,1997,not_provided_by_source,1755,18,1737
financial.indicator.q_netprofit_qoq,q_netprofit_qoq,1998,not_provided_by_source,1794,0,1794
financial.indicator.q_netprofit_qoq,q_netprofit_qoq,1999,not_provided_by_source,1996,4,1992
financial.indicator.q_netprofit_qoq,q_netprofit_qoq,2000,not_provided_by_source,2042,30,2012
financial.indicator.q_netprofit_qoq,q_netprofit_qoq,2001,not_provided_by_source,2439,422,2017
financial.indicator.q_netprofit_qoq,q_netprofit_qoq,2002,not_provided_by_source,4116,3350,766
financial.indicator.q_netprofit_qoq,q_netprofit_qoq,2003,not_provided_by_source,4414,4064,350
financial.indicator.q_netprofit_qoq,q_netprofit_qoq,2004,not_provided_by_source,4808,4348,460
financial.indicator.q_netprofit_qoq,q_netprofit_qoq,2005,not_provided_by_source,5130,4434,696
financial.indicator.q_netprofit_qoq,q_netprofit_qoq,2006,not_provided_by_source,6042,5088,954
financial.indicator.q_netprofit_qoq,q_netprofit_qoq,2007,not_provided_by_source,7275,5892,1383
financial.indicator.q_netprofit_qoq,q_netprofit_qoq,2008,not_provided_by_source,8085,6388,1697
financial.indicator.q_netprofit_qoq,q_netprofit_qoq,2009,not_provided_by_source,9808,8260,1548
financial.indicator.q_netprofit_qoq,q_netprofit_qoq,2010,not_provided_by_source,10706,10012,694
financial.indicator.q_netprofit_qoq,q_netprofit_qoq,2011,not_provided_by_source,12606,11605,1001
financial.indicator.q_netprofit_qoq,q_netprofit_qoq,2012,not_provided_by_source,13723,12430,1293
financial.indicator.q_netprofit_qoq,q_netprofit_qoq,2013,not_provided_by_source,14280,12734,1546
financial.indicator.q_netprofit_qoq,q_netprofit_qoq,2014,not_provided_by_source,15143,13436,1707
financial.indicator.q_netprofit_qoq,q_netprofit_qoq,2015,not_provided_by_source,16225,14418,1807
financial.indicator.q_netprofit_qoq,q_netprofit_qoq,2016,not_provided_by_source,17928,16138,1790
financial.indicator.q_netprofit_qoq,q_netprofit_qoq,2017,not_provided_by_source,18710,17199,1511
financial.indicator.q_netprofit_qoq,q_netprofit_qoq,2018,not_provided_by_source,19035,17701,1334
financial.indicator.q_netprofit_qoq,q_netprofit_qoq,2019,not_provided_by_source,19749,18543,1206
financial.indicator.q_netprofit_qoq,q_netprofit_qoq,2020,not_provided_by_source,21007,20210,797
financial.indicator.q_netprofit_qoq,q_netprofit_qoq,2021,not_provided_by_source,21479,21196,283
financial.indicator.q_netprofit_qoq,q_netprofit_qoq,2022,not_provided_by_source,21544,21387,157
financial.indicator.q_netprofit_qoq,q_netprofit_qoq,2023,not_provided_by_source,14469,14238,231
financial.indicator.q_netprofit_qoq,q_netprofit_qoq,2024,not_provided_by_source,12034,11748,286
financial.indicator.q_netprofit_qoq,q_netprofit_qoq,2025,not_provided_by_source,12859,12607,252
financial.indicator.q_netprofit_qoq,q_netprofit_qoq,2026,not_provided_by_source,7907,7692,215
financial.indicator.q_netprofit_yoy,q_netprofit_yoy,1990,not_provided_by_source,98,0,98
financial.indicator.q_netprofit_yoy,q_netprofit_yoy,1991,not_provided_by_source,144,0,144
financial.indicator.q_netprofit_yoy,q_netprofit_yoy,1992,not_provided_by_source,218,0,218
financial.indicator.q_netprofit_yoy,q_netprofit_yoy,1993,not_provided_by_source,592,0,592
financial.indicator.q_netprofit_yoy,q_netprofit_yoy,1994,not_provided_by_source,949,0,949
financial.indicator.q_netprofit_yoy,q_netprofit_yoy,1995,not_provided_by_source,1096,0,1096
financial.indicator.q_netprofit_yoy,q_netprofit_yoy,1996,not_provided_by_source,1378,0,1378
financial.indicator.q_netprofit_yoy,q_netprofit_yoy,1997,not_provided_by_source,1755,0,1755
financial.indicator.q_netprofit_yoy,q_netprofit_yoy,1998,not_provided_by_source,1794,0,1794
financial.indicator.q_netprofit_yoy,q_netprofit_yoy,1999,not_provided_by_source,1996,0,1996
financial.indicator.q_netprofit_yoy,q_netprofit_yoy,2000,not_provided_by_source,2042,0,2042
financial.indicator.q_netprofit_yoy,q_netprofit_yoy,2001,not_provided_by_source,2439,46,2393
financial.indicator.q_netprofit_yoy,q_netprofit_yoy,2002,not_provided_by_source,4116,660,3456
financial.indicator.q_netprofit_yoy,q_netprofit_yoy,2003,not_provided_by_source,4414,3966,448
financial.indicator.q_netprofit_yoy,q_netprofit_yoy,2004,not_provided_by_source,4808,4128,680
financial.indicator.q_netprofit_yoy,q_netprofit_yoy,2005,not_provided_by_source,5130,4342,788
financial.indicator.q_netprofit_yoy,q_netprofit_yoy,2006,not_provided_by_source,6042,4544,1498
financial.indicator.q_netprofit_yoy,q_netprofit_yoy,2007,not_provided_by_source,7275,5256,2019
financial.indicator.q_netprofit_yoy,q_netprofit_yoy,2008,not_provided_by_source,8085,6018,2067
financial.indicator.q_netprofit_yoy,q_netprofit_yoy,2009,not_provided_by_source,9808,6622,3186
financial.indicator.q_netprofit_yoy,q_netprofit_yoy,2010,not_provided_by_source,10706,8880,1826
financial.indicator.q_netprofit_yoy,q_netprofit_yoy,2011,not_provided_by_source,12606,10975,1631
financial.indicator.q_netprofit_yoy,q_netprofit_yoy,2012,not_provided_by_source,13723,12210,1513
financial.indicator.q_netprofit_yoy,q_netprofit_yoy,2013,not_provided_by_source,14280,12538,1742
financial.indicator.q_netprofit_yoy,q_netprofit_yoy,2014,not_provided_by_source,15143,12884,2259
financial.indicator.q_netprofit_yoy,q_netprofit_yoy,2015,not_provided_by_source,16225,13838,2387
financial.indicator.q_netprofit_yoy,q_netprofit_yoy,2016,not_provided_by_source,17928,14775,3153
financial.indicator.q_netprofit_yoy,q_netprofit_yoy,2017,not_provided_by_source,18710,16431,2279
financial.indicator.q_netprofit_yoy,q_netprofit_yoy,2018,not_provided_by_source,19035,17271,1764
financial.indicator.q_netprofit_yoy,q_netprofit_yoy,2019,not_provided_by_source,19749,17761,1988
financial.indicator.q_netprofit_yoy,q_netprofit_yoy,2020,not_provided_by_source,21007,18752,2255
financial.indicator.q_netprofit_yoy,q_netprofit_yoy,2021,not_provided_by_source,21479,20522,957
financial.indicator.q_netprofit_yoy,q_netprofit_yoy,2022,not_provided_by_source,21544,21174,370
financial.indicator.q_netprofit_yoy,q_netprofit_yoy,2023,not_provided_by_source,14469,14212,257
financial.indicator.q_netprofit_yoy,q_netprofit_yoy,2024,not_provided_by_source,12034,11702,332
financial.indicator.q_netprofit_yoy,q_netprofit_yoy,2025,not_provided_by_source,12859,12573,286
financial.indicator.q_netprofit_yoy,q_netprofit_yoy,2026,not_provided_by_source,7907,7692,215
financial.indicator.q_npta,q_npta,1990,not_provided_by_source,98,0,98
financial.indicator.q_npta,q_npta,1991,not_provided_by_source,144,0,144
financial.indicator.q_npta,q_npta,1992,not_provided_by_source,218,0,218
financial.indicator.q_npta,q_npta,1993,not_provided_by_source,592,10,582
financial.indicator.q_npta,q_npta,1994,not_provided_by_source,949,0,949
financial.indicator.q_npta,q_npta,1995,not_provided_by_source,1096,2,1094
financial.indicator.q_npta,q_npta,1996,not_provided_by_source,1378,54,1324
financial.indicator.q_npta,q_npta,1997,not_provided_by_source,1755,40,1715
financial.indicator.q_npta,q_npta,1998,not_provided_by_source,1794,4,1790
financial.indicator.q_npta,q_npta,1999,not_provided_by_source,1996,8,1988
financial.indicator.q_npta,q_npta,2000,not_provided_by_source,2042,52,1990
financial.indicator.q_npta,q_npta,2001,not_provided_by_source,2439,684,1755
financial.indicator.q_npta,q_npta,2002,not_provided_by_source,4116,3996,120
financial.indicator.q_npta,q_npta,2003,not_provided_by_source,4414,4060,354
financial.indicator.q_npta,q_npta,2004,not_provided_by_source,4808,4342,466
financial.indicator.q_npta,q_npta,2005,not_provided_by_source,5130,4446,684
financial.indicator.q_npta,q_npta,2006,not_provided_by_source,6042,5090,952
financial.indicator.q_npta,q_npta,2007,not_provided_by_source,7275,5852,1423
financial.indicator.q_npta,q_npta,2008,not_provided_by_source,8085,6402,1683
financial.indicator.q_npta,q_npta,2009,not_provided_by_source,9808,8280,1528
financial.indicator.q_npta,q_npta,2010,not_provided_by_source,10706,10028,678
financial.indicator.q_npta,q_npta,2011,not_provided_by_source,12606,11643,963
financial.indicator.q_npta,q_npta,2012,not_provided_by_source,13723,12448,1275
financial.indicator.q_npta,q_npta,2013,not_provided_by_source,14280,12740,1540
financial.indicator.q_npta,q_npta,2014,not_provided_by_source,15143,13496,1647
financial.indicator.q_npta,q_npta,2015,not_provided_by_source,16225,14609,1616
financial.indicator.q_npta,q_npta,2016,not_provided_by_source,17928,16183,1745
financial.indicator.q_npta,q_npta,2017,not_provided_by_source,18710,17331,1379
financial.indicator.q_npta,q_npta,2018,not_provided_by_source,19035,17735,1300
financial.indicator.q_npta,q_npta,2019,not_provided_by_source,19749,18705,1044
financial.indicator.q_npta,q_npta,2020,not_provided_by_source,21007,20556,451
financial.indicator.q_npta,q_npta,2021,not_provided_by_source,21479,21306,173
financial.indicator.q_npta,q_npta,2022,not_provided_by_source,21544,21438,106
financial.indicator.q_npta,q_npta,2023,not_provided_by_source,14469,14247,222
financial.indicator.q_npta,q_npta,2024,not_provided_by_source,12034,11757,277
financial.indicator.q_npta,q_npta,2025,not_provided_by_source,12859,12611,248
financial.indicator.q_npta,q_npta,2026,not_provided_by_source,7907,7682,225
financial.indicator.q_ocf_to_or,q_ocf_to_or,1990,not_provided_by_source,98,0,98
financial.indicator.q_ocf_to_or,q_ocf_to_or,1991,not_provided_by_source,144,0,144
financial.indicator.q_ocf_to_or,q_ocf_to_or,1992,not_provided_by_source,218,0,218
financial.indicator.q_ocf_to_or,q_ocf_to_or,1993,not_provided_by_source,592,0,592
financial.indicator.q_ocf_to_or,q_ocf_to_or,1994,not_provided_by_source,949,0,949
financial.indicator.q_ocf_to_or,q_ocf_to_or,1995,not_provided_by_source,1096,0,1096
financial.indicator.q_ocf_to_or,q_ocf_to_or,1996,not_provided_by_source,1378,0,1378
financial.indicator.q_ocf_to_or,q_ocf_to_or,1997,not_provided_by_source,1755,0,1755
financial.indicator.q_ocf_to_or,q_ocf_to_or,1998,not_provided_by_source,1794,0,1794
financial.indicator.q_ocf_to_or,q_ocf_to_or,1999,not_provided_by_source,1996,2,1994
financial.indicator.q_ocf_to_or,q_ocf_to_or,2000,not_provided_by_source,2042,0,2042
financial.indicator.q_ocf_to_or,q_ocf_to_or,2001,not_provided_by_source,2439,6,2433
financial.indicator.q_ocf_to_or,q_ocf_to_or,2002,not_provided_by_source,4116,56,4060
financial.indicator.q_ocf_to_or,q_ocf_to_or,2003,not_provided_by_source,4414,2664,1750
financial.indicator.q_ocf_to_or,q_ocf_to_or,2004,not_provided_by_source,4808,2800,2008
financial.indicator.q_ocf_to_or,q_ocf_to_or,2005,not_provided_by_source,5130,2754,2376
financial.indicator.q_ocf_to_or,q_ocf_to_or,2006,not_provided_by_source,6042,3809,2233
financial.indicator.q_ocf_to_or,q_ocf_to_or,2007,not_provided_by_source,7275,4556,2719
financial.indicator.q_ocf_to_or,q_ocf_to_or,2008,not_provided_by_source,8085,4522,3563
financial.indicator.q_ocf_to_or,q_ocf_to_or,2009,not_provided_by_source,9808,6766,3042
financial.indicator.q_ocf_to_or,q_ocf_to_or,2010,not_provided_by_source,10706,8490,2216
financial.indicator.q_ocf_to_or,q_ocf_to_or,2011,not_provided_by_source,12606,9731,2875
financial.indicator.q_ocf_to_or,q_ocf_to_or,2012,not_provided_by_source,13723,9823,3900
financial.indicator.q_ocf_to_or,q_ocf_to_or,2013,not_provided_by_source,14280,9815,4465
financial.indicator.q_ocf_to_or,q_ocf_to_or,2014,not_provided_by_source,15143,10388,4755
financial.indicator.q_ocf_to_or,q_ocf_to_or,2015,not_provided_by_source,16225,10894,5331
financial.indicator.q_ocf_to_or,q_ocf_to_or,2016,not_provided_by_source,17928,13016,4912
financial.indicator.q_ocf_to_or,q_ocf_to_or,2017,not_provided_by_source,18710,13861,4849
financial.indicator.q_ocf_to_or,q_ocf_to_or,2018,not_provided_by_source,19035,13254,5781
financial.indicator.q_ocf_to_or,q_ocf_to_or,2019,not_provided_by_source,19749,13882,5867
financial.indicator.q_ocf_to_or,q_ocf_to_or,2020,not_provided_by_source,21007,14627,6380
financial.indicator.q_ocf_to_or,q_ocf_to_or,2021,not_provided_by_source,21479,15514,5965
financial.indicator.q_ocf_to_or,q_ocf_to_or,2022,not_provided_by_source,21544,14428,7116
financial.indicator.q_ocf_to_or,q_ocf_to_or,2023,not_provided_by_source,14469,9206,5263
financial.indicator.q_ocf_to_or,q_ocf_to_or,2024,not_provided_by_source,12034,7258,4776
financial.indicator.q_ocf_to_or,q_ocf_to_or,2025,not_provided_by_source,12859,7779,5080
financial.indicator.q_ocf_to_or,q_ocf_to_or,2026,not_provided_by_source,7907,4916,2991
financial.indicator.q_ocf_to_sales,q_ocf_to_sales,1990,not_provided_by_source,98,0,98
financial.indicator.q_ocf_to_sales,q_ocf_to_sales,1991,not_provided_by_source,144,0,144
financial.indicator.q_ocf_to_sales,q_ocf_to_sales,1992,not_provided_by_source,218,0,218
financial.indicator.q_ocf_to_sales,q_ocf_to_sales,1993,not_provided_by_source,592,0,592
financial.indicator.q_ocf_to_sales,q_ocf_to_sales,1994,not_provided_by_source,949,0,949
financial.indicator.q_ocf_to_sales,q_ocf_to_sales,1995,not_provided_by_source,1096,0,1096
financial.indicator.q_ocf_to_sales,q_ocf_to_sales,1996,not_provided_by_source,1378,0,1378
financial.indicator.q_ocf_to_sales,q_ocf_to_sales,1997,not_provided_by_source,1755,0,1755
financial.indicator.q_ocf_to_sales,q_ocf_to_sales,1998,not_provided_by_source,1794,0,1794
financial.indicator.q_ocf_to_sales,q_ocf_to_sales,1999,not_provided_by_source,1996,2,1994
financial.indicator.q_ocf_to_sales,q_ocf_to_sales,2000,not_provided_by_source,2042,0,2042
financial.indicator.q_ocf_to_sales,q_ocf_to_sales,2001,not_provided_by_source,2439,6,2433
financial.indicator.q_ocf_to_sales,q_ocf_to_sales,2002,not_provided_by_source,4116,80,4036
financial.indicator.q_ocf_to_sales,q_ocf_to_sales,2003,not_provided_by_source,4414,3834,580
financial.indicator.q_ocf_to_sales,q_ocf_to_sales,2004,not_provided_by_source,4808,4052,756
financial.indicator.q_ocf_to_sales,q_ocf_to_sales,2005,not_provided_by_source,5130,4220,910
financial.indicator.q_ocf_to_sales,q_ocf_to_sales,2006,not_provided_by_source,6042,5016,1026
financial.indicator.q_ocf_to_sales,q_ocf_to_sales,2007,not_provided_by_source,7275,5898,1377
financial.indicator.q_ocf_to_sales,q_ocf_to_sales,2008,not_provided_by_source,8085,6286,1799
financial.indicator.q_ocf_to_sales,q_ocf_to_sales,2009,not_provided_by_source,9808,8480,1328
financial.indicator.q_ocf_to_sales,q_ocf_to_sales,2010,not_provided_by_source,10706,9942,764
financial.indicator.q_ocf_to_sales,q_ocf_to_sales,2011,not_provided_by_source,12606,11533,1073
financial.indicator.q_ocf_to_sales,q_ocf_to_sales,2012,not_provided_by_source,13723,12354,1369
financial.indicator.q_ocf_to_sales,q_ocf_to_sales,2013,not_provided_by_source,14280,12658,1622
financial.indicator.q_ocf_to_sales,q_ocf_to_sales,2014,not_provided_by_source,15143,13442,1701
financial.indicator.q_ocf_to_sales,q_ocf_to_sales,2015,not_provided_by_source,16225,14526,1699
financial.indicator.q_ocf_to_sales,q_ocf_to_sales,2016,not_provided_by_source,17928,16412,1516
financial.indicator.q_ocf_to_sales,q_ocf_to_sales,2017,not_provided_by_source,18710,17233,1477
financial.indicator.q_ocf_to_sales,q_ocf_to_sales,2018,not_provided_by_source,19035,17697,1338
financial.indicator.q_ocf_to_sales,q_ocf_to_sales,2019,not_provided_by_source,19749,18676,1073
financial.indicator.q_ocf_to_sales,q_ocf_to_sales,2020,not_provided_by_source,21007,20470,537
financial.indicator.q_ocf_to_sales,q_ocf_to_sales,2021,not_provided_by_source,21479,21229,250
financial.indicator.q_ocf_to_sales,q_ocf_to_sales,2022,not_provided_by_source,21544,21367,177
financial.indicator.q_ocf_to_sales,q_ocf_to_sales,2023,not_provided_by_source,14469,14220,249
financial.indicator.q_ocf_to_sales,q_ocf_to_sales,2024,not_provided_by_source,12034,11741,293
financial.indicator.q_ocf_to_sales,q_ocf_to_sales,2025,not_provided_by_source,12859,12597,262
financial.indicator.q_ocf_to_sales,q_ocf_to_sales,2026,not_provided_by_source,7907,7686,221
financial.indicator.q_op_qoq,q_op_qoq,1990,not_provided_by_source,98,0,98
financial.indicator.q_op_qoq,q_op_qoq,1991,not_provided_by_source,144,0,144
financial.indicator.q_op_qoq,q_op_qoq,1992,not_provided_by_source,218,0,218
financial.indicator.q_op_qoq,q_op_qoq,1993,not_provided_by_source,592,0,592
financial.indicator.q_op_qoq,q_op_qoq,1994,not_provided_by_source,949,0,949
financial.indicator.q_op_qoq,q_op_qoq,1995,not_provided_by_source,1096,0,1096
financial.indicator.q_op_qoq,q_op_qoq,1996,not_provided_by_source,1378,14,1364
financial.indicator.q_op_qoq,q_op_qoq,1997,not_provided_by_source,1755,12,1743
financial.indicator.q_op_qoq,q_op_qoq,1998,not_provided_by_source,1794,0,1794
financial.indicator.q_op_qoq,q_op_qoq,1999,not_provided_by_source,1996,4,1992
financial.indicator.q_op_qoq,q_op_qoq,2000,not_provided_by_source,2042,30,2012
financial.indicator.q_op_qoq,q_op_qoq,2001,not_provided_by_source,2439,288,2151
financial.indicator.q_op_qoq,q_op_qoq,2002,not_provided_by_source,4116,2700,1416
financial.indicator.q_op_qoq,q_op_qoq,2003,not_provided_by_source,4414,4058,356
financial.indicator.q_op_qoq,q_op_qoq,2004,not_provided_by_source,4808,4336,472
financial.indicator.q_op_qoq,q_op_qoq,2005,not_provided_by_source,5130,4420,710
financial.indicator.q_op_qoq,q_op_qoq,2006,not_provided_by_source,6042,5078,964
financial.indicator.q_op_qoq,q_op_qoq,2007,not_provided_by_source,7275,5878,1397
financial.indicator.q_op_qoq,q_op_qoq,2008,not_provided_by_source,8085,6382,1703
financial.indicator.q_op_qoq,q_op_qoq,2009,not_provided_by_source,9808,8254,1554
financial.indicator.q_op_qoq,q_op_qoq,2010,not_provided_by_source,10706,10010,696
financial.indicator.q_op_qoq,q_op_qoq,2011,not_provided_by_source,12606,11605,1001
financial.indicator.q_op_qoq,q_op_qoq,2012,not_provided_by_source,13723,12426,1297
financial.indicator.q_op_qoq,q_op_qoq,2013,not_provided_by_source,14280,12730,1550
financial.indicator.q_op_qoq,q_op_qoq,2014,not_provided_by_source,15143,13436,1707
financial.indicator.q_op_qoq,q_op_qoq,2015,not_provided_by_source,16225,14418,1807
financial.indicator.q_op_qoq,q_op_qoq,2016,not_provided_by_source,17928,16136,1792
financial.indicator.q_op_qoq,q_op_qoq,2017,not_provided_by_source,18710,17199,1511
financial.indicator.q_op_qoq,q_op_qoq,2018,not_provided_by_source,19035,17701,1334
financial.indicator.q_op_qoq,q_op_qoq,2019,not_provided_by_source,19749,18537,1212
financial.indicator.q_op_qoq,q_op_qoq,2020,not_provided_by_source,21007,20208,799
financial.indicator.q_op_qoq,q_op_qoq,2021,not_provided_by_source,21479,21196,283
financial.indicator.q_op_qoq,q_op_qoq,2022,not_provided_by_source,21544,21387,157
financial.indicator.q_op_qoq,q_op_qoq,2023,not_provided_by_source,14469,14237,232
financial.indicator.q_op_qoq,q_op_qoq,2024,not_provided_by_source,12034,11748,286
financial.indicator.q_op_qoq,q_op_qoq,2025,not_provided_by_source,12859,12607,252
financial.indicator.q_op_qoq,q_op_qoq,2026,not_provided_by_source,7907,7691,216
financial.indicator.q_op_to_gr,q_op_to_gr,1990,not_provided_by_source,98,0,98
financial.indicator.q_op_to_gr,q_op_to_gr,1991,not_provided_by_source,144,0,144
financial.indicator.q_op_to_gr,q_op_to_gr,1992,not_provided_by_source,218,0,218
financial.indicator.q_op_to_gr,q_op_to_gr,1993,not_provided_by_source,592,6,586
financial.indicator.q_op_to_gr,q_op_to_gr,1994,not_provided_by_source,949,0,949
financial.indicator.q_op_to_gr,q_op_to_gr,1995,not_provided_by_source,1096,2,1094
financial.indicator.q_op_to_gr,q_op_to_gr,1996,not_provided_by_source,1378,30,1348
financial.indicator.q_op_to_gr,q_op_to_gr,1997,not_provided_by_source,1755,14,1741
financial.indicator.q_op_to_gr,q_op_to_gr,1998,not_provided_by_source,1794,4,1790
financial.indicator.q_op_to_gr,q_op_to_gr,1999,not_provided_by_source,1996,8,1988
financial.indicator.q_op_to_gr,q_op_to_gr,2000,not_provided_by_source,2042,42,2000
financial.indicator.q_op_to_gr,q_op_to_gr,2001,not_provided_by_source,2439,570,1869
financial.indicator.q_op_to_gr,q_op_to_gr,2002,not_provided_by_source,4116,3574,542
financial.indicator.q_op_to_gr,q_op_to_gr,2003,not_provided_by_source,4414,4084,330
financial.indicator.q_op_to_gr,q_op_to_gr,2004,not_provided_by_source,4808,4262,546
financial.indicator.q_op_to_gr,q_op_to_gr,2005,not_provided_by_source,5130,4414,716
financial.indicator.q_op_to_gr,q_op_to_gr,2006,not_provided_by_source,6042,5172,870
financial.indicator.q_op_to_gr,q_op_to_gr,2007,not_provided_by_source,7275,5920,1355
financial.indicator.q_op_to_gr,q_op_to_gr,2008,not_provided_by_source,8085,6512,1573
financial.indicator.q_op_to_gr,q_op_to_gr,2009,not_provided_by_source,9808,8566,1242
financial.indicator.q_op_to_gr,q_op_to_gr,2010,not_provided_by_source,10706,9958,748
financial.indicator.q_op_to_gr,q_op_to_gr,2011,not_provided_by_source,12606,11547,1059
financial.indicator.q_op_to_gr,q_op_to_gr,2012,not_provided_by_source,13723,12374,1349
financial.indicator.q_op_to_gr,q_op_to_gr,2013,not_provided_by_source,14280,12684,1596
financial.indicator.q_op_to_gr,q_op_to_gr,2014,not_provided_by_source,15143,13454,1689
financial.indicator.q_op_to_gr,q_op_to_gr,2015,not_provided_by_source,16225,14546,1679
financial.indicator.q_op_to_gr,q_op_to_gr,2016,not_provided_by_source,17928,16467,1461
financial.indicator.q_op_to_gr,q_op_to_gr,2017,not_provided_by_source,18710,17263,1447
financial.indicator.q_op_to_gr,q_op_to_gr,2018,not_provided_by_source,19035,17721,1314
financial.indicator.q_op_to_gr,q_op_to_gr,2019,not_provided_by_source,19749,18730,1019
financial.indicator.q_op_to_gr,q_op_to_gr,2020,not_provided_by_source,21007,20478,529
financial.indicator.q_op_to_gr,q_op_to_gr,2021,not_provided_by_source,21479,21237,242
financial.indicator.q_op_to_gr,q_op_to_gr,2022,not_provided_by_source,21544,21371,173
financial.indicator.q_op_to_gr,q_op_to_gr,2023,not_provided_by_source,14469,14226,243
financial.indicator.q_op_to_gr,q_op_to_gr,2024,not_provided_by_source,12034,11745,289
financial.indicator.q_op_to_gr,q_op_to_gr,2025,not_provided_by_source,12859,12600,259
financial.indicator.q_op_to_gr,q_op_to_gr,2026,not_provided_by_source,7907,7688,219
financial.indicator.q_op_yoy,q_op_yoy,1990,not_provided_by_source,98,0,98
financial.indicator.q_op_yoy,q_op_yoy,1991,not_provided_by_source,144,0,144
financial.indicator.q_op_yoy,q_op_yoy,1992,not_provided_by_source,218,0,218
financial.indicator.q_op_yoy,q_op_yoy,1993,not_provided_by_source,592,0,592
financial.indicator.q_op_yoy,q_op_yoy,1994,not_provided_by_source,949,0,949
financial.indicator.q_op_yoy,q_op_yoy,1995,not_provided_by_source,1096,0,1096
financial.indicator.q_op_yoy,q_op_yoy,1996,not_provided_by_source,1378,0,1378
financial.indicator.q_op_yoy,q_op_yoy,1997,not_provided_by_source,1755,0,1755
financial.indicator.q_op_yoy,q_op_yoy,1998,not_provided_by_source,1794,0,1794
financial.indicator.q_op_yoy,q_op_yoy,1999,not_provided_by_source,1996,0,1996
financial.indicator.q_op_yoy,q_op_yoy,2000,not_provided_by_source,2042,0,2042
financial.indicator.q_op_yoy,q_op_yoy,2001,not_provided_by_source,2439,28,2411
financial.indicator.q_op_yoy,q_op_yoy,2002,not_provided_by_source,4116,470,3646
financial.indicator.q_op_yoy,q_op_yoy,2003,not_provided_by_source,4414,3846,568
financial.indicator.q_op_yoy,q_op_yoy,2004,not_provided_by_source,4808,4124,684
financial.indicator.q_op_yoy,q_op_yoy,2005,not_provided_by_source,5130,4332,798
financial.indicator.q_op_yoy,q_op_yoy,2006,not_provided_by_source,6042,4538,1504
financial.indicator.q_op_yoy,q_op_yoy,2007,not_provided_by_source,7275,5250,2025
financial.indicator.q_op_yoy,q_op_yoy,2008,not_provided_by_source,8085,6014,2071
financial.indicator.q_op_yoy,q_op_yoy,2009,not_provided_by_source,9808,6618,3190
financial.indicator.q_op_yoy,q_op_yoy,2010,not_provided_by_source,10706,8876,1830
financial.indicator.q_op_yoy,q_op_yoy,2011,not_provided_by_source,12606,10975,1631
financial.indicator.q_op_yoy,q_op_yoy,2012,not_provided_by_source,13723,12210,1513
financial.indicator.q_op_yoy,q_op_yoy,2013,not_provided_by_source,14280,12536,1744
financial.indicator.q_op_yoy,q_op_yoy,2014,not_provided_by_source,15143,12884,2259
financial.indicator.q_op_yoy,q_op_yoy,2015,not_provided_by_source,16225,13838,2387
financial.indicator.q_op_yoy,q_op_yoy,2016,not_provided_by_source,17928,14775,3153
financial.indicator.q_op_yoy,q_op_yoy,2017,not_provided_by_source,18710,16431,2279
financial.indicator.q_op_yoy,q_op_yoy,2018,not_provided_by_source,19035,17271,1764
financial.indicator.q_op_yoy,q_op_yoy,2019,not_provided_by_source,19749,17755,1994
financial.indicator.q_op_yoy,q_op_yoy,2020,not_provided_by_source,21007,18750,2257
financial.indicator.q_op_yoy,q_op_yoy,2021,not_provided_by_source,21479,20522,957
financial.indicator.q_op_yoy,q_op_yoy,2022,not_provided_by_source,21544,21174,370
financial.indicator.q_op_yoy,q_op_yoy,2023,not_provided_by_source,14469,14212,257
financial.indicator.q_op_yoy,q_op_yoy,2024,not_provided_by_source,12034,11702,332
financial.indicator.q_op_yoy,q_op_yoy,2025,not_provided_by_source,12859,12573,286
financial.indicator.q_op_yoy,q_op_yoy,2026,not_provided_by_source,7907,7691,216
financial.indicator.q_opincome,q_opincome,1990,not_provided_by_source,98,0,98
financial.indicator.q_opincome,q_opincome,1991,not_provided_by_source,144,0,144
financial.indicator.q_opincome,q_opincome,1992,not_provided_by_source,218,0,218
financial.indicator.q_opincome,q_opincome,1993,not_provided_by_source,592,14,578
financial.indicator.q_opincome,q_opincome,1994,not_provided_by_source,949,0,949
financial.indicator.q_opincome,q_opincome,1995,not_provided_by_source,1096,2,1094
financial.indicator.q_opincome,q_opincome,1996,not_provided_by_source,1378,54,1324
financial.indicator.q_opincome,q_opincome,1997,not_provided_by_source,1755,40,1715
financial.indicator.q_opincome,q_opincome,1998,not_provided_by_source,1794,4,1790
financial.indicator.q_opincome,q_opincome,1999,not_provided_by_source,1996,8,1988
financial.indicator.q_opincome,q_opincome,2000,not_provided_by_source,2042,52,1990
financial.indicator.q_opincome,q_opincome,2001,not_provided_by_source,2439,684,1755
financial.indicator.q_opincome,q_opincome,2002,not_provided_by_source,4116,3982,134
financial.indicator.q_opincome,q_opincome,2003,not_provided_by_source,4414,4133,281
financial.indicator.q_opincome,q_opincome,2004,not_provided_by_source,4808,4361,447
financial.indicator.q_opincome,q_opincome,2005,not_provided_by_source,5130,4538,592
financial.indicator.q_opincome,q_opincome,2006,not_provided_by_source,6042,5283,759
financial.indicator.q_opincome,q_opincome,2007,not_provided_by_source,7275,6036,1239
financial.indicator.q_opincome,q_opincome,2008,not_provided_by_source,8085,6642,1443
financial.indicator.q_opincome,q_opincome,2009,not_provided_by_source,9808,8690,1118
financial.indicator.q_opincome,q_opincome,2010,not_provided_by_source,10706,10092,614
financial.indicator.q_opincome,q_opincome,2011,not_provided_by_source,12606,11661,945
financial.indicator.q_opincome,q_opincome,2012,not_provided_by_source,13723,12468,1255
financial.indicator.q_opincome,q_opincome,2013,not_provided_by_source,14280,12758,1522
financial.indicator.q_opincome,q_opincome,2014,not_provided_by_source,15143,13532,1611
financial.indicator.q_opincome,q_opincome,2015,not_provided_by_source,16225,14635,1590
financial.indicator.q_opincome,q_opincome,2016,not_provided_by_source,17928,16516,1412
financial.indicator.q_opincome,q_opincome,2017,not_provided_by_source,18710,17355,1355
financial.indicator.q_opincome,q_opincome,2018,not_provided_by_source,19035,17829,1206
financial.indicator.q_opincome,q_opincome,2019,not_provided_by_source,19749,18823,926
financial.indicator.q_opincome,q_opincome,2020,not_provided_by_source,21007,20572,435
financial.indicator.q_opincome,q_opincome,2021,not_provided_by_source,21479,21311,168
financial.indicator.q_opincome,q_opincome,2022,not_provided_by_source,21544,21432,112
financial.indicator.q_opincome,q_opincome,2023,not_provided_by_source,14469,14240,229
financial.indicator.q_opincome,q_opincome,2024,not_provided_by_source,12034,11754,280
financial.indicator.q_opincome,q_opincome,2025,not_provided_by_source,12859,12604,255
financial.indicator.q_opincome,q_opincome,2026,not_provided_by_source,7907,7689,218
financial.indicator.q_opincome_to_ebt,q_opincome_to_ebt,1990,not_provided_by_source,98,0,98
financial.indicator.q_opincome_to_ebt,q_opincome_to_ebt,1991,not_provided_by_source,144,0,144
financial.indicator.q_opincome_to_ebt,q_opincome_to_ebt,1992,not_provided_by_source,218,0,218
financial.indicator.q_opincome_to_ebt,q_opincome_to_ebt,1993,not_provided_by_source,592,10,582
financial.indicator.q_opincome_to_ebt,q_opincome_to_ebt,1994,not_provided_by_source,949,0,949
financial.indicator.q_opincome_to_ebt,q_opincome_to_ebt,1995,not_provided_by_source,1096,2,1094
financial.indicator.q_opincome_to_ebt,q_opincome_to_ebt,1996,not_provided_by_source,1378,54,1324
financial.indicator.q_opincome_to_ebt,q_opincome_to_ebt,1997,not_provided_by_source,1755,38,1717
financial.indicator.q_opincome_to_ebt,q_opincome_to_ebt,1998,not_provided_by_source,1794,4,1790
financial.indicator.q_opincome_to_ebt,q_opincome_to_ebt,1999,not_provided_by_source,1996,8,1988
financial.indicator.q_opincome_to_ebt,q_opincome_to_ebt,2000,not_provided_by_source,2042,32,2010
financial.indicator.q_opincome_to_ebt,q_opincome_to_ebt,2001,not_provided_by_source,2439,394,2045
financial.indicator.q_opincome_to_ebt,q_opincome_to_ebt,2002,not_provided_by_source,4116,2860,1256
financial.indicator.q_opincome_to_ebt,q_opincome_to_ebt,2003,not_provided_by_source,4414,3203,1211
financial.indicator.q_opincome_to_ebt,q_opincome_to_ebt,2004,not_provided_by_source,4808,3378,1430
financial.indicator.q_opincome_to_ebt,q_opincome_to_ebt,2005,not_provided_by_source,5130,3332,1798
financial.indicator.q_opincome_to_ebt,q_opincome_to_ebt,2006,not_provided_by_source,6042,4259,1783
financial.indicator.q_opincome_to_ebt,q_opincome_to_ebt,2007,not_provided_by_source,7275,5072,2203
financial.indicator.q_opincome_to_ebt,q_opincome_to_ebt,2008,not_provided_by_source,8085,5210,2875
financial.indicator.q_opincome_to_ebt,q_opincome_to_ebt,2009,not_provided_by_source,9808,7392,2416
financial.indicator.q_opincome_to_ebt,q_opincome_to_ebt,2010,not_provided_by_source,10706,9002,1704
financial.indicator.q_opincome_to_ebt,q_opincome_to_ebt,2011,not_provided_by_source,12606,10227,2379
financial.indicator.q_opincome_to_ebt,q_opincome_to_ebt,2012,not_provided_by_source,13723,10662,3061
financial.indicator.q_opincome_to_ebt,q_opincome_to_ebt,2013,not_provided_by_source,14280,10826,3454
financial.indicator.q_opincome_to_ebt,q_opincome_to_ebt,2014,not_provided_by_source,15143,11448,3695
financial.indicator.q_opincome_to_ebt,q_opincome_to_ebt,2015,not_provided_by_source,16225,12008,4217
financial.indicator.q_opincome_to_ebt,q_opincome_to_ebt,2016,not_provided_by_source,17928,14205,3723
financial.indicator.q_opincome_to_ebt,q_opincome_to_ebt,2017,not_provided_by_source,18710,15112,3598
financial.indicator.q_opincome_to_ebt,q_opincome_to_ebt,2018,not_provided_by_source,19035,14716,4319
financial.indicator.q_opincome_to_ebt,q_opincome_to_ebt,2019,not_provided_by_source,19749,15273,4476
financial.indicator.q_opincome_to_ebt,q_opincome_to_ebt,2020,not_provided_by_source,21007,16061,4946
financial.indicator.q_opincome_to_ebt,q_opincome_to_ebt,2021,not_provided_by_source,21479,16868,4611
financial.indicator.q_opincome_to_ebt,q_opincome_to_ebt,2022,not_provided_by_source,21544,15646,5898
financial.indicator.q_opincome_to_ebt,q_opincome_to_ebt,2023,not_provided_by_source,14469,10231,4238
financial.indicator.q_opincome_to_ebt,q_opincome_to_ebt,2024,not_provided_by_source,12034,8099,3935
financial.indicator.q_opincome_to_ebt,q_opincome_to_ebt,2025,not_provided_by_source,12859,8760,4099
financial.indicator.q_opincome_to_ebt,q_opincome_to_ebt,2026,not_provided_by_source,7907,5403,2504
financial.indicator.q_profit_qoq,q_profit_qoq,1990,not_provided_by_source,98,0,98
financial.indicator.q_profit_qoq,q_profit_qoq,1991,not_provided_by_source,144,0,144
financial.indicator.q_profit_qoq,q_profit_qoq,1992,not_provided_by_source,218,0,218
financial.indicator.q_profit_qoq,q_profit_qoq,1993,not_provided_by_source,592,2,590
financial.indicator.q_profit_qoq,q_profit_qoq,1994,not_provided_by_source,949,0,949
financial.indicator.q_profit_qoq,q_profit_qoq,1995,not_provided_by_source,1096,0,1096
financial.indicator.q_profit_qoq,q_profit_qoq,1996,not_provided_by_source,1378,24,1354
financial.indicator.q_profit_qoq,q_profit_qoq,1997,not_provided_by_source,1755,18,1737
financial.indicator.q_profit_qoq,q_profit_qoq,1998,not_provided_by_source,1794,0,1794
financial.indicator.q_profit_qoq,q_profit_qoq,1999,not_provided_by_source,1996,4,1992
financial.indicator.q_profit_qoq,q_profit_qoq,2000,not_provided_by_source,2042,30,2012
financial.indicator.q_profit_qoq,q_profit_qoq,2001,not_provided_by_source,2439,422,2017
financial.indicator.q_profit_qoq,q_profit_qoq,2002,not_provided_by_source,4116,3350,766
financial.indicator.q_profit_qoq,q_profit_qoq,2003,not_provided_by_source,4414,4064,350
financial.indicator.q_profit_qoq,q_profit_qoq,2004,not_provided_by_source,4808,4348,460
financial.indicator.q_profit_qoq,q_profit_qoq,2005,not_provided_by_source,5130,4434,696
financial.indicator.q_profit_qoq,q_profit_qoq,2006,not_provided_by_source,6042,5088,954
financial.indicator.q_profit_qoq,q_profit_qoq,2007,not_provided_by_source,7275,5892,1383
financial.indicator.q_profit_qoq,q_profit_qoq,2008,not_provided_by_source,8085,6388,1697
financial.indicator.q_profit_qoq,q_profit_qoq,2009,not_provided_by_source,9808,8258,1550
financial.indicator.q_profit_qoq,q_profit_qoq,2010,not_provided_by_source,10706,10012,694
financial.indicator.q_profit_qoq,q_profit_qoq,2011,not_provided_by_source,12606,11605,1001
financial.indicator.q_profit_qoq,q_profit_qoq,2012,not_provided_by_source,13723,12420,1303
financial.indicator.q_profit_qoq,q_profit_qoq,2013,not_provided_by_source,14280,12734,1546
financial.indicator.q_profit_qoq,q_profit_qoq,2014,not_provided_by_source,15143,13436,1707
financial.indicator.q_profit_qoq,q_profit_qoq,2015,not_provided_by_source,16225,14418,1807
financial.indicator.q_profit_qoq,q_profit_qoq,2016,not_provided_by_source,17928,16136,1792
financial.indicator.q_profit_qoq,q_profit_qoq,2017,not_provided_by_source,18710,17199,1511
financial.indicator.q_profit_qoq,q_profit_qoq,2018,not_provided_by_source,19035,17701,1334
financial.indicator.q_profit_qoq,q_profit_qoq,2019,not_provided_by_source,19749,18543,1206
financial.indicator.q_profit_qoq,q_profit_qoq,2020,not_provided_by_source,21007,20210,797
financial.indicator.q_profit_qoq,q_profit_qoq,2021,not_provided_by_source,21479,21196,283
financial.indicator.q_profit_qoq,q_profit_qoq,2022,not_provided_by_source,21544,21387,157
financial.indicator.q_profit_qoq,q_profit_qoq,2023,not_provided_by_source,14469,14238,231
financial.indicator.q_profit_qoq,q_profit_qoq,2024,not_provided_by_source,12034,11748,286
financial.indicator.q_profit_qoq,q_profit_qoq,2025,not_provided_by_source,12859,12607,252
financial.indicator.q_profit_qoq,q_profit_qoq,2026,not_provided_by_source,7907,7692,215
financial.indicator.q_profit_to_gr,q_profit_to_gr,1990,not_provided_by_source,98,0,98
financial.indicator.q_profit_to_gr,q_profit_to_gr,1991,not_provided_by_source,144,0,144
financial.indicator.q_profit_to_gr,q_profit_to_gr,1992,not_provided_by_source,218,0,218
financial.indicator.q_profit_to_gr,q_profit_to_gr,1993,not_provided_by_source,592,10,582
financial.indicator.q_profit_to_gr,q_profit_to_gr,1994,not_provided_by_source,949,0,949
financial.indicator.q_profit_to_gr,q_profit_to_gr,1995,not_provided_by_source,1096,2,1094
financial.indicator.q_profit_to_gr,q_profit_to_gr,1996,not_provided_by_source,1378,32,1346
financial.indicator.q_profit_to_gr,q_profit_to_gr,1997,not_provided_by_source,1755,20,1735
financial.indicator.q_profit_to_gr,q_profit_to_gr,1998,not_provided_by_source,1794,4,1790
financial.indicator.q_profit_to_gr,q_profit_to_gr,1999,not_provided_by_source,1996,8,1988
financial.indicator.q_profit_to_gr,q_profit_to_gr,2000,not_provided_by_source,2042,42,2000
financial.indicator.q_profit_to_gr,q_profit_to_gr,2001,not_provided_by_source,2439,640,1799
financial.indicator.q_profit_to_gr,q_profit_to_gr,2002,not_provided_by_source,4116,3926,190
financial.indicator.q_profit_to_gr,q_profit_to_gr,2003,not_provided_by_source,4414,4084,330
financial.indicator.q_profit_to_gr,q_profit_to_gr,2004,not_provided_by_source,4808,4262,546
financial.indicator.q_profit_to_gr,q_profit_to_gr,2005,not_provided_by_source,5130,4418,712
financial.indicator.q_profit_to_gr,q_profit_to_gr,2006,not_provided_by_source,6042,5174,868
financial.indicator.q_profit_to_gr,q_profit_to_gr,2007,not_provided_by_source,7275,5922,1353
financial.indicator.q_profit_to_gr,q_profit_to_gr,2008,not_provided_by_source,8085,6512,1573
financial.indicator.q_profit_to_gr,q_profit_to_gr,2009,not_provided_by_source,9808,8566,1242
financial.indicator.q_profit_to_gr,q_profit_to_gr,2010,not_provided_by_source,10706,9958,748
financial.indicator.q_profit_to_gr,q_profit_to_gr,2011,not_provided_by_source,12606,11547,1059
financial.indicator.q_profit_to_gr,q_profit_to_gr,2012,not_provided_by_source,13723,12370,1353
financial.indicator.q_profit_to_gr,q_profit_to_gr,2013,not_provided_by_source,14280,12686,1594
financial.indicator.q_profit_to_gr,q_profit_to_gr,2014,not_provided_by_source,15143,13454,1689
financial.indicator.q_profit_to_gr,q_profit_to_gr,2015,not_provided_by_source,16225,14546,1679
financial.indicator.q_profit_to_gr,q_profit_to_gr,2016,not_provided_by_source,17928,16467,1461
financial.indicator.q_profit_to_gr,q_profit_to_gr,2017,not_provided_by_source,18710,17263,1447
financial.indicator.q_profit_to_gr,q_profit_to_gr,2018,not_provided_by_source,19035,17721,1314
financial.indicator.q_profit_to_gr,q_profit_to_gr,2019,not_provided_by_source,19749,18730,1019
financial.indicator.q_profit_to_gr,q_profit_to_gr,2020,not_provided_by_source,21007,20478,529
financial.indicator.q_profit_to_gr,q_profit_to_gr,2021,not_provided_by_source,21479,21236,243
financial.indicator.q_profit_to_gr,q_profit_to_gr,2022,not_provided_by_source,21544,21370,174
financial.indicator.q_profit_to_gr,q_profit_to_gr,2023,not_provided_by_source,14469,14229,240
financial.indicator.q_profit_to_gr,q_profit_to_gr,2024,not_provided_by_source,12034,11745,289
financial.indicator.q_profit_to_gr,q_profit_to_gr,2025,not_provided_by_source,12859,12599,260
financial.indicator.q_profit_to_gr,q_profit_to_gr,2026,not_provided_by_source,7907,7689,218
financial.indicator.q_profit_yoy,q_profit_yoy,1990,not_provided_by_source,98,0,98
financial.indicator.q_profit_yoy,q_profit_yoy,1991,not_provided_by_source,144,0,144
financial.indicator.q_profit_yoy,q_profit_yoy,1992,not_provided_by_source,218,0,218
financial.indicator.q_profit_yoy,q_profit_yoy,1993,not_provided_by_source,592,0,592
financial.indicator.q_profit_yoy,q_profit_yoy,1994,not_provided_by_source,949,0,949
financial.indicator.q_profit_yoy,q_profit_yoy,1995,not_provided_by_source,1096,0,1096
financial.indicator.q_profit_yoy,q_profit_yoy,1996,not_provided_by_source,1378,0,1378
financial.indicator.q_profit_yoy,q_profit_yoy,1997,not_provided_by_source,1755,0,1755
financial.indicator.q_profit_yoy,q_profit_yoy,1998,not_provided_by_source,1794,0,1794
financial.indicator.q_profit_yoy,q_profit_yoy,1999,not_provided_by_source,1996,0,1996
financial.indicator.q_profit_yoy,q_profit_yoy,2000,not_provided_by_source,2042,0,2042
financial.indicator.q_profit_yoy,q_profit_yoy,2001,not_provided_by_source,2439,46,2393
financial.indicator.q_profit_yoy,q_profit_yoy,2002,not_provided_by_source,4116,660,3456
financial.indicator.q_profit_yoy,q_profit_yoy,2003,not_provided_by_source,4414,3966,448
financial.indicator.q_profit_yoy,q_profit_yoy,2004,not_provided_by_source,4808,4128,680
financial.indicator.q_profit_yoy,q_profit_yoy,2005,not_provided_by_source,5130,4342,788
financial.indicator.q_profit_yoy,q_profit_yoy,2006,not_provided_by_source,6042,4544,1498
financial.indicator.q_profit_yoy,q_profit_yoy,2007,not_provided_by_source,7275,5256,2019
financial.indicator.q_profit_yoy,q_profit_yoy,2008,not_provided_by_source,8085,6018,2067
financial.indicator.q_profit_yoy,q_profit_yoy,2009,not_provided_by_source,9808,6622,3186
financial.indicator.q_profit_yoy,q_profit_yoy,2010,not_provided_by_source,10706,8880,1826
financial.indicator.q_profit_yoy,q_profit_yoy,2011,not_provided_by_source,12606,10975,1631
financial.indicator.q_profit_yoy,q_profit_yoy,2012,not_provided_by_source,13723,12210,1513
financial.indicator.q_profit_yoy,q_profit_yoy,2013,not_provided_by_source,14280,12538,1742
financial.indicator.q_profit_yoy,q_profit_yoy,2014,not_provided_by_source,15143,12884,2259
financial.indicator.q_profit_yoy,q_profit_yoy,2015,not_provided_by_source,16225,13838,2387
financial.indicator.q_profit_yoy,q_profit_yoy,2016,not_provided_by_source,17928,14775,3153
financial.indicator.q_profit_yoy,q_profit_yoy,2017,not_provided_by_source,18710,16431,2279
financial.indicator.q_profit_yoy,q_profit_yoy,2018,not_provided_by_source,19035,17271,1764
financial.indicator.q_profit_yoy,q_profit_yoy,2019,not_provided_by_source,19749,17761,1988
financial.indicator.q_profit_yoy,q_profit_yoy,2020,not_provided_by_source,21007,18752,2255
financial.indicator.q_profit_yoy,q_profit_yoy,2021,not_provided_by_source,21479,20522,957
financial.indicator.q_profit_yoy,q_profit_yoy,2022,not_provided_by_source,21544,21174,370
financial.indicator.q_profit_yoy,q_profit_yoy,2023,not_provided_by_source,14469,14212,257
financial.indicator.q_profit_yoy,q_profit_yoy,2024,not_provided_by_source,12034,11702,332
financial.indicator.q_profit_yoy,q_profit_yoy,2025,not_provided_by_source,12859,12573,286
financial.indicator.q_profit_yoy,q_profit_yoy,2026,not_provided_by_source,7907,7692,215
financial.indicator.q_roe,q_roe,1990,not_provided_by_source,98,0,98
financial.indicator.q_roe,q_roe,1991,not_provided_by_source,144,0,144
financial.indicator.q_roe,q_roe,1992,not_provided_by_source,218,0,218
financial.indicator.q_roe,q_roe,1993,not_provided_by_source,592,10,582
financial.indicator.q_roe,q_roe,1994,not_provided_by_source,949,0,949
financial.indicator.q_roe,q_roe,1995,not_provided_by_source,1096,2,1094
financial.indicator.q_roe,q_roe,1996,not_provided_by_source,1378,54,1324
financial.indicator.q_roe,q_roe,1997,not_provided_by_source,1755,40,1715
financial.indicator.q_roe,q_roe,1998,not_provided_by_source,1794,4,1790
financial.indicator.q_roe,q_roe,1999,not_provided_by_source,1996,8,1988
financial.indicator.q_roe,q_roe,2000,not_provided_by_source,2042,52,1990
financial.indicator.q_roe,q_roe,2001,not_provided_by_source,2439,632,1807
financial.indicator.q_roe,q_roe,2002,not_provided_by_source,4116,3900,216
financial.indicator.q_roe,q_roe,2003,not_provided_by_source,4414,3924,490
financial.indicator.q_roe,q_roe,2004,not_provided_by_source,4808,4148,660
financial.indicator.q_roe,q_roe,2005,not_provided_by_source,5130,4156,974
financial.indicator.q_roe,q_roe,2006,not_provided_by_source,6042,4740,1302
financial.indicator.q_roe,q_roe,2007,not_provided_by_source,7275,5478,1797
financial.indicator.q_roe,q_roe,2008,not_provided_by_source,8085,6066,2019
financial.indicator.q_roe,q_roe,2009,not_provided_by_source,9808,7998,1810
financial.indicator.q_roe,q_roe,2010,not_provided_by_source,10706,9754,952
financial.indicator.q_roe,q_roe,2011,not_provided_by_source,12606,11407,1199
financial.indicator.q_roe,q_roe,2012,not_provided_by_source,13723,12232,1491
financial.indicator.q_roe,q_roe,2013,not_provided_by_source,14280,12594,1686
financial.indicator.q_roe,q_roe,2014,not_provided_by_source,15143,13392,1751
financial.indicator.q_roe,q_roe,2015,not_provided_by_source,16225,14483,1742
financial.indicator.q_roe,q_roe,2016,not_provided_by_source,17928,16095,1833
financial.indicator.q_roe,q_roe,2017,not_provided_by_source,18710,17231,1479
financial.indicator.q_roe,q_roe,2018,not_provided_by_source,19035,17569,1466
financial.indicator.q_roe,q_roe,2019,not_provided_by_source,19749,18431,1318
financial.indicator.q_roe,q_roe,2020,not_provided_by_source,21007,20232,775
financial.indicator.q_roe,q_roe,2021,not_provided_by_source,21479,20960,519
financial.indicator.q_roe,q_roe,2022,not_provided_by_source,21544,21125,419
financial.indicator.q_roe,q_roe,2023,not_provided_by_source,14469,14045,424
financial.indicator.q_roe,q_roe,2024,not_provided_by_source,12034,11621,413
financial.indicator.q_roe,q_roe,2025,not_provided_by_source,12859,12447,412
financial.indicator.q_roe,q_roe,2026,not_provided_by_source,7907,7583,324
financial.indicator.q_saleexp_to_gr,q_saleexp_to_gr,1990,not_provided_by_source,98,0,98
financial.indicator.q_saleexp_to_gr,q_saleexp_to_gr,1991,not_provided_by_source,144,0,144
financial.indicator.q_saleexp_to_gr,q_saleexp_to_gr,1992,not_provided_by_source,218,0,218
financial.indicator.q_saleexp_to_gr,q_saleexp_to_gr,1993,not_provided_by_source,592,8,584
financial.indicator.q_saleexp_to_gr,q_saleexp_to_gr,1994,not_provided_by_source,949,0,949
financial.indicator.q_saleexp_to_gr,q_saleexp_to_gr,1995,not_provided_by_source,1096,2,1094
financial.indicator.q_saleexp_to_gr,q_saleexp_to_gr,1996,not_provided_by_source,1378,14,1364
financial.indicator.q_saleexp_to_gr,q_saleexp_to_gr,1997,not_provided_by_source,1755,4,1751
financial.indicator.q_saleexp_to_gr,q_saleexp_to_gr,1998,not_provided_by_source,1794,4,1790
financial.indicator.q_saleexp_to_gr,q_saleexp_to_gr,1999,not_provided_by_source,1996,8,1988
financial.indicator.q_saleexp_to_gr,q_saleexp_to_gr,2000,not_provided_by_source,2042,42,2000
financial.indicator.q_saleexp_to_gr,q_saleexp_to_gr,2001,not_provided_by_source,2439,534,1905
financial.indicator.q_saleexp_to_gr,q_saleexp_to_gr,2002,not_provided_by_source,4116,3228,888
financial.indicator.q_saleexp_to_gr,q_saleexp_to_gr,2003,not_provided_by_source,4414,3929,485
financial.indicator.q_saleexp_to_gr,q_saleexp_to_gr,2004,not_provided_by_source,4808,4089,719
financial.indicator.q_saleexp_to_gr,q_saleexp_to_gr,2005,not_provided_by_source,5130,4248,882
financial.indicator.q_saleexp_to_gr,q_saleexp_to_gr,2006,not_provided_by_source,6042,4945,1097
financial.indicator.q_saleexp_to_gr,q_saleexp_to_gr,2007,not_provided_by_source,7275,5672,1603
financial.indicator.q_saleexp_to_gr,q_saleexp_to_gr,2008,not_provided_by_source,8085,6230,1855
financial.indicator.q_saleexp_to_gr,q_saleexp_to_gr,2009,not_provided_by_source,9808,8242,1566
financial.indicator.q_saleexp_to_gr,q_saleexp_to_gr,2010,not_provided_by_source,10706,9614,1092
financial.indicator.q_saleexp_to_gr,q_saleexp_to_gr,2011,not_provided_by_source,12606,11137,1469
financial.indicator.q_saleexp_to_gr,q_saleexp_to_gr,2012,not_provided_by_source,13723,11950,1773
financial.indicator.q_saleexp_to_gr,q_saleexp_to_gr,2013,not_provided_by_source,14280,12236,2044
financial.indicator.q_saleexp_to_gr,q_saleexp_to_gr,2014,not_provided_by_source,15143,13068,2075
financial.indicator.q_saleexp_to_gr,q_saleexp_to_gr,2015,not_provided_by_source,16225,14153,2072
financial.indicator.q_saleexp_to_gr,q_saleexp_to_gr,2016,not_provided_by_source,17928,16037,1891
financial.indicator.q_saleexp_to_gr,q_saleexp_to_gr,2017,not_provided_by_source,18710,16832,1878
financial.indicator.q_saleexp_to_gr,q_saleexp_to_gr,2018,not_provided_by_source,19035,17253,1782
financial.indicator.q_saleexp_to_gr,q_saleexp_to_gr,2019,not_provided_by_source,19749,18236,1513
financial.indicator.q_saleexp_to_gr,q_saleexp_to_gr,2020,not_provided_by_source,21007,20002,1005
financial.indicator.q_saleexp_to_gr,q_saleexp_to_gr,2021,not_provided_by_source,21479,20737,742
financial.indicator.q_saleexp_to_gr,q_saleexp_to_gr,2022,not_provided_by_source,21544,20859,685
financial.indicator.q_saleexp_to_gr,q_saleexp_to_gr,2023,not_provided_by_source,14469,13885,584
financial.indicator.q_saleexp_to_gr,q_saleexp_to_gr,2024,not_provided_by_source,12034,11484,550
financial.indicator.q_saleexp_to_gr,q_saleexp_to_gr,2025,not_provided_by_source,12859,12332,527
financial.indicator.q_saleexp_to_gr,q_saleexp_to_gr,2026,not_provided_by_source,7907,7546,361
financial.indicator.q_sales_qoq,q_sales_qoq,1990,not_provided_by_source,98,0,98
financial.indicator.q_sales_qoq,q_sales_qoq,1991,not_provided_by_source,144,0,144
financial.indicator.q_sales_qoq,q_sales_qoq,1992,not_provided_by_source,218,0,218
financial.indicator.q_sales_qoq,q_sales_qoq,1993,not_provided_by_source,592,2,590
financial.indicator.q_sales_qoq,q_sales_qoq,1994,not_provided_by_source,949,0,949
financial.indicator.q_sales_qoq,q_sales_qoq,1995,not_provided_by_source,1096,0,1096
financial.indicator.q_sales_qoq,q_sales_qoq,1996,not_provided_by_source,1378,6,1372
financial.indicator.q_sales_qoq,q_sales_qoq,1997,not_provided_by_source,1755,2,1753
financial.indicator.q_sales_qoq,q_sales_qoq,1998,not_provided_by_source,1794,0,1794
financial.indicator.q_sales_qoq,q_sales_qoq,1999,not_provided_by_source,1996,4,1992
financial.indicator.q_sales_qoq,q_sales_qoq,2000,not_provided_by_source,2042,26,2016
financial.indicator.q_sales_qoq,q_sales_qoq,2001,not_provided_by_source,2439,392,2047
financial.indicator.q_sales_qoq,q_sales_qoq,2002,not_provided_by_source,4116,3320,796
financial.indicator.q_sales_qoq,q_sales_qoq,2003,not_provided_by_source,4414,4028,386
financial.indicator.q_sales_qoq,q_sales_qoq,2004,not_provided_by_source,4808,4262,546
financial.indicator.q_sales_qoq,q_sales_qoq,2005,not_provided_by_source,5130,4320,810
financial.indicator.q_sales_qoq,q_sales_qoq,2006,not_provided_by_source,6042,5002,1040
financial.indicator.q_sales_qoq,q_sales_qoq,2007,not_provided_by_source,7275,5786,1489
financial.indicator.q_sales_qoq,q_sales_qoq,2008,not_provided_by_source,8085,6276,1809
financial.indicator.q_sales_qoq,q_sales_qoq,2009,not_provided_by_source,9808,8142,1666
financial.indicator.q_sales_qoq,q_sales_qoq,2010,not_provided_by_source,10706,9886,820
financial.indicator.q_sales_qoq,q_sales_qoq,2011,not_provided_by_source,12606,11513,1093
financial.indicator.q_sales_qoq,q_sales_qoq,2012,not_provided_by_source,13723,12356,1367
financial.indicator.q_sales_qoq,q_sales_qoq,2013,not_provided_by_source,14280,12678,1602
financial.indicator.q_sales_qoq,q_sales_qoq,2014,not_provided_by_source,15143,13374,1769
financial.indicator.q_sales_qoq,q_sales_qoq,2015,not_provided_by_source,16225,14358,1867
financial.indicator.q_sales_qoq,q_sales_qoq,2016,not_provided_by_source,17928,16094,1834
financial.indicator.q_sales_qoq,q_sales_qoq,2017,not_provided_by_source,18710,17137,1573
financial.indicator.q_sales_qoq,q_sales_qoq,2018,not_provided_by_source,19035,17647,1388
financial.indicator.q_sales_qoq,q_sales_qoq,2019,not_provided_by_source,19749,18485,1264
financial.indicator.q_sales_qoq,q_sales_qoq,2020,not_provided_by_source,21007,20160,847
financial.indicator.q_sales_qoq,q_sales_qoq,2021,not_provided_by_source,21479,21158,321
financial.indicator.q_sales_qoq,q_sales_qoq,2022,not_provided_by_source,21544,21355,189
financial.indicator.q_sales_qoq,q_sales_qoq,2023,not_provided_by_source,14469,14231,238
financial.indicator.q_sales_qoq,q_sales_qoq,2024,not_provided_by_source,12034,11743,291
financial.indicator.q_sales_qoq,q_sales_qoq,2025,not_provided_by_source,12859,12605,254
financial.indicator.q_sales_qoq,q_sales_qoq,2026,not_provided_by_source,7907,7690,217
financial.indicator.q_sales_yoy,q_sales_yoy,1990,not_provided_by_source,98,0,98
financial.indicator.q_sales_yoy,q_sales_yoy,1991,not_provided_by_source,144,0,144
financial.indicator.q_sales_yoy,q_sales_yoy,1992,not_provided_by_source,218,0,218
financial.indicator.q_sales_yoy,q_sales_yoy,1993,not_provided_by_source,592,0,592
financial.indicator.q_sales_yoy,q_sales_yoy,1994,not_provided_by_source,949,0,949
financial.indicator.q_sales_yoy,q_sales_yoy,1995,not_provided_by_source,1096,0,1096
financial.indicator.q_sales_yoy,q_sales_yoy,1996,not_provided_by_source,1378,0,1378
financial.indicator.q_sales_yoy,q_sales_yoy,1997,not_provided_by_source,1755,0,1755
financial.indicator.q_sales_yoy,q_sales_yoy,1998,not_provided_by_source,1794,0,1794
financial.indicator.q_sales_yoy,q_sales_yoy,1999,not_provided_by_source,1996,0,1996
financial.indicator.q_sales_yoy,q_sales_yoy,2000,not_provided_by_source,2042,0,2042
financial.indicator.q_sales_yoy,q_sales_yoy,2001,not_provided_by_source,2439,38,2401
financial.indicator.q_sales_yoy,q_sales_yoy,2002,not_provided_by_source,4116,642,3474
financial.indicator.q_sales_yoy,q_sales_yoy,2003,not_provided_by_source,4414,3952,462
financial.indicator.q_sales_yoy,q_sales_yoy,2004,not_provided_by_source,4808,4070,738
financial.indicator.q_sales_yoy,q_sales_yoy,2005,not_provided_by_source,5130,4258,872
financial.indicator.q_sales_yoy,q_sales_yoy,2006,not_provided_by_source,6042,4458,1584
financial.indicator.q_sales_yoy,q_sales_yoy,2007,not_provided_by_source,7275,5156,2119
financial.indicator.q_sales_yoy,q_sales_yoy,2008,not_provided_by_source,8085,5922,2163
financial.indicator.q_sales_yoy,q_sales_yoy,2009,not_provided_by_source,9808,6522,3286
financial.indicator.q_sales_yoy,q_sales_yoy,2010,not_provided_by_source,10706,8754,1952
financial.indicator.q_sales_yoy,q_sales_yoy,2011,not_provided_by_source,12606,10869,1737
financial.indicator.q_sales_yoy,q_sales_yoy,2012,not_provided_by_source,13723,12130,1593
financial.indicator.q_sales_yoy,q_sales_yoy,2013,not_provided_by_source,14280,12488,1792
financial.indicator.q_sales_yoy,q_sales_yoy,2014,not_provided_by_source,15143,12834,2309
financial.indicator.q_sales_yoy,q_sales_yoy,2015,not_provided_by_source,16225,13786,2439
financial.indicator.q_sales_yoy,q_sales_yoy,2016,not_provided_by_source,17928,14719,3209
financial.indicator.q_sales_yoy,q_sales_yoy,2017,not_provided_by_source,18710,16395,2315
financial.indicator.q_sales_yoy,q_sales_yoy,2018,not_provided_by_source,19035,17211,1824
financial.indicator.q_sales_yoy,q_sales_yoy,2019,not_provided_by_source,19749,17713,2036
financial.indicator.q_sales_yoy,q_sales_yoy,2020,not_provided_by_source,21007,18714,2293
financial.indicator.q_sales_yoy,q_sales_yoy,2021,not_provided_by_source,21479,20480,999
financial.indicator.q_sales_yoy,q_sales_yoy,2022,not_provided_by_source,21544,21140,404
financial.indicator.q_sales_yoy,q_sales_yoy,2023,not_provided_by_source,14469,14202,267
financial.indicator.q_sales_yoy,q_sales_yoy,2024,not_provided_by_source,12034,11698,336
financial.indicator.q_sales_yoy,q_sales_yoy,2025,not_provided_by_source,12859,12572,287
financial.indicator.q_sales_yoy,q_sales_yoy,2026,not_provided_by_source,7907,7690,217
financial.indicator.q_salescash_to_or,q_salescash_to_or,1990,not_provided_by_source,98,0,98
financial.indicator.q_salescash_to_or,q_salescash_to_or,1991,not_provided_by_source,144,0,144
financial.indicator.q_salescash_to_or,q_salescash_to_or,1992,not_provided_by_source,218,0,218
financial.indicator.q_salescash_to_or,q_salescash_to_or,1993,not_provided_by_source,592,0,592
financial.indicator.q_salescash_to_or,q_salescash_to_or,1994,not_provided_by_source,949,0,949
financial.indicator.q_salescash_to_or,q_salescash_to_or,1995,not_provided_by_source,1096,0,1096
financial.indicator.q_salescash_to_or,q_salescash_to_or,1996,not_provided_by_source,1378,0,1378
financial.indicator.q_salescash_to_or,q_salescash_to_or,1997,not_provided_by_source,1755,0,1755
financial.indicator.q_salescash_to_or,q_salescash_to_or,1998,not_provided_by_source,1794,0,1794
financial.indicator.q_salescash_to_or,q_salescash_to_or,1999,not_provided_by_source,1996,2,1994
financial.indicator.q_salescash_to_or,q_salescash_to_or,2000,not_provided_by_source,2042,0,2042
financial.indicator.q_salescash_to_or,q_salescash_to_or,2001,not_provided_by_source,2439,6,2433
financial.indicator.q_salescash_to_or,q_salescash_to_or,2002,not_provided_by_source,4116,76,4040
financial.indicator.q_salescash_to_or,q_salescash_to_or,2003,not_provided_by_source,4414,3718,696
financial.indicator.q_salescash_to_or,q_salescash_to_or,2004,not_provided_by_source,4808,3990,818
financial.indicator.q_salescash_to_or,q_salescash_to_or,2005,not_provided_by_source,5130,4132,998
financial.indicator.q_salescash_to_or,q_salescash_to_or,2006,not_provided_by_source,6042,4959,1083
financial.indicator.q_salescash_to_or,q_salescash_to_or,2007,not_provided_by_source,7275,5832,1443
financial.indicator.q_salescash_to_or,q_salescash_to_or,2008,not_provided_by_source,8085,6218,1867
financial.indicator.q_salescash_to_or,q_salescash_to_or,2009,not_provided_by_source,9808,8410,1398
financial.indicator.q_salescash_to_or,q_salescash_to_or,2010,not_provided_by_source,10706,9866,840
financial.indicator.q_salescash_to_or,q_salescash_to_or,2011,not_provided_by_source,12606,11423,1183
financial.indicator.q_salescash_to_or,q_salescash_to_or,2012,not_provided_by_source,13723,12234,1489
financial.indicator.q_salescash_to_or,q_salescash_to_or,2013,not_provided_by_source,14280,12514,1766
financial.indicator.q_salescash_to_or,q_salescash_to_or,2014,not_provided_by_source,15143,13326,1817
financial.indicator.q_salescash_to_or,q_salescash_to_or,2015,not_provided_by_source,16225,14402,1823
financial.indicator.q_salescash_to_or,q_salescash_to_or,2016,not_provided_by_source,17928,16254,1674
financial.indicator.q_salescash_to_or,q_salescash_to_or,2017,not_provided_by_source,18710,17063,1647
financial.indicator.q_salescash_to_or,q_salescash_to_or,2018,not_provided_by_source,19035,17483,1552
financial.indicator.q_salescash_to_or,q_salescash_to_or,2019,not_provided_by_source,19749,18446,1303
financial.indicator.q_salescash_to_or,q_salescash_to_or,2020,not_provided_by_source,21007,20256,751
financial.indicator.q_salescash_to_or,q_salescash_to_or,2021,not_provided_by_source,21479,20997,482
financial.indicator.q_salescash_to_or,q_salescash_to_or,2022,not_provided_by_source,21544,21125,419
financial.indicator.q_salescash_to_or,q_salescash_to_or,2023,not_provided_by_source,14469,14050,419
financial.indicator.q_salescash_to_or,q_salescash_to_or,2024,not_provided_by_source,12034,11611,423
financial.indicator.q_salescash_to_or,q_salescash_to_or,2025,not_provided_by_source,12859,12476,383
financial.indicator.q_salescash_to_or,q_salescash_to_or,2026,not_provided_by_source,7907,7616,291
financial.indicator.quick_ratio,quick_ratio,1990,not_provided_by_source,98,56,42
financial.indicator.quick_ratio,quick_ratio,1991,not_provided_by_source,144,104,40
financial.indicator.quick_ratio,quick_ratio,1992,not_provided_by_source,218,194,24
financial.indicator.quick_ratio,quick_ratio,1993,not_provided_by_source,592,530,62
financial.indicator.quick_ratio,quick_ratio,1994,not_provided_by_source,949,939,10
financial.indicator.quick_ratio,quick_ratio,1995,not_provided_by_source,1096,1086,10
financial.indicator.quick_ratio,quick_ratio,1996,not_provided_by_source,1378,1364,14
financial.indicator.quick_ratio,quick_ratio,1997,not_provided_by_source,1755,1703,52
financial.indicator.quick_ratio,quick_ratio,1998,not_provided_by_source,1794,1786,8
financial.indicator.quick_ratio,quick_ratio,1999,not_provided_by_source,1996,1920,76
financial.indicator.quick_ratio,quick_ratio,2000,not_provided_by_source,2042,2006,36
financial.indicator.quick_ratio,quick_ratio,2001,not_provided_by_source,2439,2221,218
financial.indicator.quick_ratio,quick_ratio,2002,not_provided_by_source,4116,4098,18
financial.indicator.quick_ratio,quick_ratio,2003,not_provided_by_source,4414,4038,376
financial.indicator.quick_ratio,quick_ratio,2004,not_provided_by_source,4808,4592,216
financial.indicator.quick_ratio,quick_ratio,2005,not_provided_by_source,5130,4854,276
financial.indicator.quick_ratio,quick_ratio,2006,not_provided_by_source,6042,5452,590
financial.indicator.quick_ratio,quick_ratio,2007,not_provided_by_source,7275,6742,533
financial.indicator.quick_ratio,quick_ratio,2008,not_provided_by_source,8085,7674,411
financial.indicator.quick_ratio,quick_ratio,2009,not_provided_by_source,9808,8558,1250
financial.indicator.quick_ratio,quick_ratio,2010,not_provided_by_source,10706,10328,378
financial.indicator.quick_ratio,quick_ratio,2011,not_provided_by_source,12606,12377,229
financial.indicator.quick_ratio,quick_ratio,2012,not_provided_by_source,13723,13450,273
financial.indicator.quick_ratio,quick_ratio,2013,not_provided_by_source,14280,13986,294
financial.indicator.quick_ratio,quick_ratio,2014,not_provided_by_source,15143,14755,388
financial.indicator.quick_ratio,quick_ratio,2015,not_provided_by_source,16225,15773,452
financial.indicator.quick_ratio,quick_ratio,2016,not_provided_by_source,17928,16775,1153
financial.indicator.quick_ratio,quick_ratio,2017,not_provided_by_source,18710,18165,545
financial.indicator.quick_ratio,quick_ratio,2018,not_provided_by_source,19035,18570,465
financial.indicator.quick_ratio,quick_ratio,2019,not_provided_by_source,19749,18982,767
financial.indicator.quick_ratio,quick_ratio,2020,not_provided_by_source,21007,19974,1033
financial.indicator.quick_ratio,quick_ratio,2021,not_provided_by_source,21479,20892,587
financial.indicator.quick_ratio,quick_ratio,2022,not_provided_by_source,21544,21223,321
financial.indicator.quick_ratio,quick_ratio,2023,not_provided_by_source,14469,14311,158
financial.indicator.quick_ratio,quick_ratio,2024,not_provided_by_source,12034,11891,143
financial.indicator.quick_ratio,quick_ratio,2025,not_provided_by_source,12859,12739,120
financial.indicator.quick_ratio,quick_ratio,2026,not_provided_by_source,7907,7837,70
financial.indicator.rd_exp,rd_exp,1990,not_provided_by_source,98,0,98
financial.indicator.rd_exp,rd_exp,1991,not_provided_by_source,144,0,144
financial.indicator.rd_exp,rd_exp,1992,not_provided_by_source,218,0,218
financial.indicator.rd_exp,rd_exp,1993,not_provided_by_source,592,0,592
financial.indicator.rd_exp,rd_exp,1994,not_provided_by_source,949,0,949
financial.indicator.rd_exp,rd_exp,1995,not_provided_by_source,1096,0,1096
financial.indicator.rd_exp,rd_exp,1996,not_provided_by_source,1378,0,1378
financial.indicator.rd_exp,rd_exp,1997,not_provided_by_source,1755,0,1755
financial.indicator.rd_exp,rd_exp,1998,not_provided_by_source,1794,0,1794
financial.indicator.rd_exp,rd_exp,1999,not_provided_by_source,1996,0,1996
financial.indicator.rd_exp,rd_exp,2000,not_provided_by_source,2042,0,2042
financial.indicator.rd_exp,rd_exp,2001,not_provided_by_source,2439,0,2439
financial.indicator.rd_exp,rd_exp,2002,not_provided_by_source,4116,0,4116
financial.indicator.rd_exp,rd_exp,2003,not_provided_by_source,4414,0,4414
financial.indicator.rd_exp,rd_exp,2004,not_provided_by_source,4808,0,4808
financial.indicator.rd_exp,rd_exp,2005,not_provided_by_source,5130,4,5126
financial.indicator.rd_exp,rd_exp,2006,not_provided_by_source,6042,838,5204
financial.indicator.rd_exp,rd_exp,2007,not_provided_by_source,7275,1730,5545
financial.indicator.rd_exp,rd_exp,2008,not_provided_by_source,8085,2294,5791
financial.indicator.rd_exp,rd_exp,2009,not_provided_by_source,9808,2864,6944
financial.indicator.rd_exp,rd_exp,2010,not_provided_by_source,10706,3348,7358
financial.indicator.rd_exp,rd_exp,2011,not_provided_by_source,12606,4769,7837
financial.indicator.rd_exp,rd_exp,2012,not_provided_by_source,13723,4896,8827
financial.indicator.rd_exp,rd_exp,2013,not_provided_by_source,14280,6529,7751
financial.indicator.rd_exp,rd_exp,2014,not_provided_by_source,15143,7168,7975
financial.indicator.rd_exp,rd_exp,2015,not_provided_by_source,16225,7730,8495
financial.indicator.rd_exp,rd_exp,2016,not_provided_by_source,17928,8540,9388
financial.indicator.rd_exp,rd_exp,2017,not_provided_by_source,18710,9022,9688
financial.indicator.rd_exp,rd_exp,2018,not_provided_by_source,19035,12831,6204
financial.indicator.rd_exp,rd_exp,2019,not_provided_by_source,19749,17464,2285
financial.indicator.rd_exp,rd_exp,2020,not_provided_by_source,21007,18608,2399
financial.indicator.rd_exp,rd_exp,2021,not_provided_by_source,21479,19549,1930
financial.indicator.rd_exp,rd_exp,2022,not_provided_by_source,21544,19914,1630
financial.indicator.rd_exp,rd_exp,2023,not_provided_by_source,14469,13197,1272
financial.indicator.rd_exp,rd_exp,2024,not_provided_by_source,12034,5274,6760
financial.indicator.rd_exp,rd_exp,2025,not_provided_by_source,12859,5416,7443
financial.indicator.rd_exp,rd_exp,2026,not_provided_by_source,7907,4464,3443
financial.indicator.retained_earnings,retained_earnings,1990,not_provided_by_source,98,12,86
financial.indicator.retained_earnings,retained_earnings,1991,not_provided_by_source,144,48,96
financial.indicator.retained_earnings,retained_earnings,1992,not_provided_by_source,218,120,98
financial.indicator.retained_earnings,retained_earnings,1993,not_provided_by_source,592,356,236
financial.indicator.retained_earnings,retained_earnings,1994,not_provided_by_source,949,599,350
financial.indicator.retained_earnings,retained_earnings,1995,not_provided_by_source,1096,756,340
financial.indicator.retained_earnings,retained_earnings,1996,not_provided_by_source,1378,1086,292
financial.indicator.retained_earnings,retained_earnings,1997,not_provided_by_source,1755,1585,170
financial.indicator.retained_earnings,retained_earnings,1998,not_provided_by_source,1794,1742,52
financial.indicator.retained_earnings,retained_earnings,1999,not_provided_by_source,1996,1928,68
financial.indicator.retained_earnings,retained_earnings,2000,not_provided_by_source,2042,2012,30
financial.indicator.retained_earnings,retained_earnings,2001,not_provided_by_source,2439,2165,274
financial.indicator.retained_earnings,retained_earnings,2002,not_provided_by_source,4116,3758,358
financial.indicator.retained_earnings,retained_earnings,2003,not_provided_by_source,4414,4050,364
financial.indicator.retained_earnings,retained_earnings,2004,not_provided_by_source,4808,4604,204
financial.indicator.retained_earnings,retained_earnings,2005,not_provided_by_source,5130,4868,262
financial.indicator.retained_earnings,retained_earnings,2006,not_provided_by_source,6042,5482,560
financial.indicator.retained_earnings,retained_earnings,2007,not_provided_by_source,7275,6792,483
financial.indicator.retained_earnings,retained_earnings,2008,not_provided_by_source,8085,7766,319
financial.indicator.retained_earnings,retained_earnings,2009,not_provided_by_source,9808,8658,1150
financial.indicator.retained_earnings,retained_earnings,2010,not_provided_by_source,10706,10442,264
financial.indicator.retained_earnings,retained_earnings,2011,not_provided_by_source,12606,12501,105
financial.indicator.retained_earnings,retained_earnings,2012,not_provided_by_source,13723,13574,149
financial.indicator.retained_earnings,retained_earnings,2013,not_provided_by_source,14280,14102,178
financial.indicator.retained_earnings,retained_earnings,2014,not_provided_by_source,15143,14887,256
financial.indicator.retained_earnings,retained_earnings,2015,not_provided_by_source,16225,15838,387
financial.indicator.retained_earnings,retained_earnings,2016,not_provided_by_source,17928,16885,1043
financial.indicator.retained_earnings,retained_earnings,2017,not_provided_by_source,18710,18271,439
financial.indicator.retained_earnings,retained_earnings,2018,not_provided_by_source,19035,18712,323
financial.indicator.retained_earnings,retained_earnings,2019,not_provided_by_source,19749,19148,601
financial.indicator.retained_earnings,retained_earnings,2020,not_provided_by_source,21007,20140,867
financial.indicator.retained_earnings,retained_earnings,2021,not_provided_by_source,21479,21054,425
financial.indicator.retained_earnings,retained_earnings,2022,not_provided_by_source,21544,21385,159
financial.indicator.retained_earnings,retained_earnings,2023,not_provided_by_source,14469,14427,42
financial.indicator.retained_earnings,retained_earnings,2024,not_provided_by_source,12034,11983,51
financial.indicator.retained_earnings,retained_earnings,2025,not_provided_by_source,12859,12832,27
financial.indicator.retained_earnings,retained_earnings,2026,not_provided_by_source,7907,7899,8
financial.indicator.retainedps,retainedps,1990,not_provided_by_source,98,12,86
financial.indicator.retainedps,retainedps,1991,not_provided_by_source,144,46,98
financial.indicator.retainedps,retainedps,1992,not_provided_by_source,218,120,98
financial.indicator.retainedps,retainedps,1993,not_provided_by_source,592,356,236
financial.indicator.retainedps,retainedps,1994,not_provided_by_source,949,597,352
financial.indicator.retainedps,retainedps,1995,not_provided_by_source,1096,756,340
financial.indicator.retainedps,retainedps,1996,not_provided_by_source,1378,1086,292
financial.indicator.retainedps,retainedps,1997,not_provided_by_source,1755,1581,174
financial.indicator.retainedps,retainedps,1998,not_provided_by_source,1794,1742,52
financial.indicator.retainedps,retainedps,1999,not_provided_by_source,1996,1928,68
financial.indicator.retainedps,retainedps,2000,not_provided_by_source,2042,2012,30
financial.indicator.retainedps,retainedps,2001,not_provided_by_source,2439,2165,274
financial.indicator.retainedps,retainedps,2002,not_provided_by_source,4116,3758,358
financial.indicator.retainedps,retainedps,2003,not_provided_by_source,4414,4050,364
financial.indicator.retainedps,retainedps,2004,not_provided_by_source,4808,4604,204
financial.indicator.retainedps,retainedps,2005,not_provided_by_source,5130,4868,262
financial.indicator.retainedps,retainedps,2006,not_provided_by_source,6042,5482,560
financial.indicator.retainedps,retainedps,2007,not_provided_by_source,7275,6792,483
financial.indicator.retainedps,retainedps,2008,not_provided_by_source,8085,7766,319
financial.indicator.retainedps,retainedps,2009,not_provided_by_source,9808,8658,1150
financial.indicator.retainedps,retainedps,2010,not_provided_by_source,10706,10442,264
financial.indicator.retainedps,retainedps,2011,not_provided_by_source,12606,12501,105
financial.indicator.retainedps,retainedps,2012,not_provided_by_source,13723,13574,149
financial.indicator.retainedps,retainedps,2013,not_provided_by_source,14280,14102,178
financial.indicator.retainedps,retainedps,2014,not_provided_by_source,15143,14887,256
financial.indicator.retainedps,retainedps,2015,not_provided_by_source,16225,15838,387
financial.indicator.retainedps,retainedps,2016,not_provided_by_source,17928,16885,1043
financial.indicator.retainedps,retainedps,2017,not_provided_by_source,18710,18271,439
financial.indicator.retainedps,retainedps,2018,not_provided_by_source,19035,18712,323
financial.indicator.retainedps,retainedps,2019,not_provided_by_source,19749,19148,601
financial.indicator.retainedps,retainedps,2020,not_provided_by_source,21007,20140,867
financial.indicator.retainedps,retainedps,2021,not_provided_by_source,21479,21054,425
financial.indicator.retainedps,retainedps,2022,not_provided_by_source,21544,21385,159
financial.indicator.retainedps,retainedps,2023,not_provided_by_source,14469,14427,42
financial.indicator.retainedps,retainedps,2024,not_provided_by_source,12034,11983,51
financial.indicator.retainedps,retainedps,2025,not_provided_by_source,12859,12832,27
financial.indicator.retainedps,retainedps,2026,not_provided_by_source,7907,7899,8
financial.indicator.revenue_ps,revenue_ps,1990,not_provided_by_source,98,18,80
financial.indicator.revenue_ps,revenue_ps,1991,not_provided_by_source,144,52,92
financial.indicator.revenue_ps,revenue_ps,1992,not_provided_by_source,218,130,88
financial.indicator.revenue_ps,revenue_ps,1993,not_provided_by_source,592,374,218
financial.indicator.revenue_ps,revenue_ps,1994,not_provided_by_source,949,840,109
financial.indicator.revenue_ps,revenue_ps,1995,not_provided_by_source,1096,1010,86
financial.indicator.revenue_ps,revenue_ps,1996,not_provided_by_source,1378,1272,106
financial.indicator.revenue_ps,revenue_ps,1997,not_provided_by_source,1755,1665,90
financial.indicator.revenue_ps,revenue_ps,1998,not_provided_by_source,1794,1772,22
financial.indicator.revenue_ps,revenue_ps,1999,not_provided_by_source,1996,1926,70
financial.indicator.revenue_ps,revenue_ps,2000,not_provided_by_source,2042,2004,38
financial.indicator.revenue_ps,revenue_ps,2001,not_provided_by_source,2439,2209,230
financial.indicator.revenue_ps,revenue_ps,2002,not_provided_by_source,4116,4092,24
financial.indicator.revenue_ps,revenue_ps,2003,not_provided_by_source,4414,4228,186
financial.indicator.revenue_ps,revenue_ps,2004,not_provided_by_source,4808,4586,222
financial.indicator.revenue_ps,revenue_ps,2005,not_provided_by_source,5130,4848,282
financial.indicator.revenue_ps,revenue_ps,2006,not_provided_by_source,6042,5530,512
financial.indicator.revenue_ps,revenue_ps,2007,not_provided_by_source,7275,6754,521
financial.indicator.revenue_ps,revenue_ps,2008,not_provided_by_source,8085,7738,347
financial.indicator.revenue_ps,revenue_ps,2009,not_provided_by_source,9808,8618,1190
financial.indicator.revenue_ps,revenue_ps,2010,not_provided_by_source,10706,10380,326
financial.indicator.revenue_ps,revenue_ps,2011,not_provided_by_source,12606,12445,161
financial.indicator.revenue_ps,revenue_ps,2012,not_provided_by_source,13723,13542,181
financial.indicator.revenue_ps,revenue_ps,2013,not_provided_by_source,14280,14066,214
financial.indicator.revenue_ps,revenue_ps,2014,not_provided_by_source,15143,14845,298
financial.indicator.revenue_ps,revenue_ps,2015,not_provided_by_source,16225,15802,423
financial.indicator.revenue_ps,revenue_ps,2016,not_provided_by_source,17928,16855,1073
financial.indicator.revenue_ps,revenue_ps,2017,not_provided_by_source,18710,18239,471
financial.indicator.revenue_ps,revenue_ps,2018,not_provided_by_source,19035,18670,365
financial.indicator.revenue_ps,revenue_ps,2019,not_provided_by_source,19749,19112,637
financial.indicator.revenue_ps,revenue_ps,2020,not_provided_by_source,21007,20118,889
financial.indicator.revenue_ps,revenue_ps,2021,not_provided_by_source,21479,21043,436
financial.indicator.revenue_ps,revenue_ps,2022,not_provided_by_source,21544,21375,169
financial.indicator.revenue_ps,revenue_ps,2023,not_provided_by_source,14469,14422,47
financial.indicator.revenue_ps,revenue_ps,2024,not_provided_by_source,12034,11975,59
financial.indicator.revenue_ps,revenue_ps,2025,not_provided_by_source,12859,12829,30
financial.indicator.revenue_ps,revenue_ps,2026,not_provided_by_source,7907,7897,10
financial.indicator.roa,roa,1990,not_provided_by_source,98,4,94
financial.indicator.roa,roa,1991,not_provided_by_source,144,54,90
financial.indicator.roa,roa,1992,not_provided_by_source,218,98,120
financial.indicator.roa,roa,1993,not_provided_by_source,592,226,366
financial.indicator.roa,roa,1994,not_provided_by_source,949,708,241
financial.indicator.roa,roa,1995,not_provided_by_source,1096,968,128
financial.indicator.roa,roa,1996,not_provided_by_source,1378,1270,108
financial.indicator.roa,roa,1997,not_provided_by_source,1755,1621,134
financial.indicator.roa,roa,1998,not_provided_by_source,1794,1784,10
financial.indicator.roa,roa,1999,not_provided_by_source,1996,1916,80
financial.indicator.roa,roa,2000,not_provided_by_source,2042,2004,38
financial.indicator.roa,roa,2001,not_provided_by_source,2439,2091,348
financial.indicator.roa,roa,2002,not_provided_by_source,4116,4064,52
financial.indicator.roa,roa,2003,not_provided_by_source,4414,4082,332
financial.indicator.roa,roa,2004,not_provided_by_source,4808,4600,208
financial.indicator.roa,roa,2005,not_provided_by_source,5130,4926,204
financial.indicator.roa,roa,2006,not_provided_by_source,6042,5983,59
financial.indicator.roa,roa,2007,not_provided_by_source,7275,7202,73
financial.indicator.roa,roa,2008,not_provided_by_source,8085,7972,113
financial.indicator.roa,roa,2009,not_provided_by_source,9808,9680,128
financial.indicator.roa,roa,2010,not_provided_by_source,10706,10556,150
financial.indicator.roa,roa,2011,not_provided_by_source,12606,12431,175
financial.indicator.roa,roa,2012,not_provided_by_source,13723,13478,245
financial.indicator.roa,roa,2013,not_provided_by_source,14280,14058,222
financial.indicator.roa,roa,2014,not_provided_by_source,15143,14942,201
financial.indicator.roa,roa,2015,not_provided_by_source,16225,16022,203
financial.indicator.roa,roa,2016,not_provided_by_source,17928,17709,219
financial.indicator.roa,roa,2017,not_provided_by_source,18710,18507,203
financial.indicator.roa,roa,2018,not_provided_by_source,19035,18806,229
financial.indicator.roa,roa,2019,not_provided_by_source,19749,19520,229
financial.indicator.roa,roa,2020,not_provided_by_source,21007,20792,215
financial.indicator.roa,roa,2021,not_provided_by_source,21479,21262,217
financial.indicator.roa,roa,2022,not_provided_by_source,21544,21325,219
financial.indicator.roa,roa,2023,not_provided_by_source,14469,14321,148
financial.indicator.roa,roa,2024,not_provided_by_source,12034,11918,116
financial.indicator.roa,roa,2025,not_provided_by_source,12859,12741,118
financial.indicator.roa,roa,2026,not_provided_by_source,7907,7827,80
financial.indicator.roa2_yearly,roa2_yearly,1990,not_provided_by_source,98,4,94
financial.indicator.roa2_yearly,roa2_yearly,1991,not_provided_by_source,144,54,90
financial.indicator.roa2_yearly,roa2_yearly,1992,not_provided_by_source,218,98,120
financial.indicator.roa2_yearly,roa2_yearly,1993,not_provided_by_source,592,226,366
financial.indicator.roa2_yearly,roa2_yearly,1994,not_provided_by_source,949,708,241
financial.indicator.roa2_yearly,roa2_yearly,1995,not_provided_by_source,1096,968,128
financial.indicator.roa2_yearly,roa2_yearly,1996,not_provided_by_source,1378,1270,108
financial.indicator.roa2_yearly,roa2_yearly,1997,not_provided_by_source,1755,1621,134
financial.indicator.roa2_yearly,roa2_yearly,1998,not_provided_by_source,1794,1784,10
financial.indicator.roa2_yearly,roa2_yearly,1999,not_provided_by_source,1996,1916,80
financial.indicator.roa2_yearly,roa2_yearly,2000,not_provided_by_source,2042,2004,38
financial.indicator.roa2_yearly,roa2_yearly,2001,not_provided_by_source,2439,2091,348
financial.indicator.roa2_yearly,roa2_yearly,2002,not_provided_by_source,4116,4064,52
financial.indicator.roa2_yearly,roa2_yearly,2003,not_provided_by_source,4414,4082,332
financial.indicator.roa2_yearly,roa2_yearly,2004,not_provided_by_source,4808,4600,208
financial.indicator.roa2_yearly,roa2_yearly,2005,not_provided_by_source,5130,4926,204
financial.indicator.roa2_yearly,roa2_yearly,2006,not_provided_by_source,6042,5983,59
financial.indicator.roa2_yearly,roa2_yearly,2007,not_provided_by_source,7275,7202,73
financial.indicator.roa2_yearly,roa2_yearly,2008,not_provided_by_source,8085,7972,113
financial.indicator.roa2_yearly,roa2_yearly,2009,not_provided_by_source,9808,9680,128
financial.indicator.roa2_yearly,roa2_yearly,2010,not_provided_by_source,10706,10556,150
financial.indicator.roa2_yearly,roa2_yearly,2011,not_provided_by_source,12606,12431,175
financial.indicator.roa2_yearly,roa2_yearly,2012,not_provided_by_source,13723,13478,245
financial.indicator.roa2_yearly,roa2_yearly,2013,not_provided_by_source,14280,14058,222
financial.indicator.roa2_yearly,roa2_yearly,2014,not_provided_by_source,15143,14942,201
financial.indicator.roa2_yearly,roa2_yearly,2015,not_provided_by_source,16225,16022,203
financial.indicator.roa2_yearly,roa2_yearly,2016,not_provided_by_source,17928,17709,219
financial.indicator.roa2_yearly,roa2_yearly,2017,not_provided_by_source,18710,18507,203
financial.indicator.roa2_yearly,roa2_yearly,2018,not_provided_by_source,19035,18806,229
financial.indicator.roa2_yearly,roa2_yearly,2019,not_provided_by_source,19749,19520,229
financial.indicator.roa2_yearly,roa2_yearly,2020,not_provided_by_source,21007,20792,215
financial.indicator.roa2_yearly,roa2_yearly,2021,not_provided_by_source,21479,21262,217
financial.indicator.roa2_yearly,roa2_yearly,2022,not_provided_by_source,21544,21325,219
financial.indicator.roa2_yearly,roa2_yearly,2023,not_provided_by_source,14469,14321,148
financial.indicator.roa2_yearly,roa2_yearly,2024,not_provided_by_source,12034,11918,116
financial.indicator.roa2_yearly,roa2_yearly,2025,not_provided_by_source,12859,12741,118
financial.indicator.roa2_yearly,roa2_yearly,2026,not_provided_by_source,7907,7827,80
financial.indicator.roa_dp,roa_dp,1990,not_provided_by_source,98,2,96
financial.indicator.roa_dp,roa_dp,1991,not_provided_by_source,144,58,86
financial.indicator.roa_dp,roa_dp,1992,not_provided_by_source,218,102,116
financial.indicator.roa_dp,roa_dp,1993,not_provided_by_source,592,226,366
financial.indicator.roa_dp,roa_dp,1994,not_provided_by_source,949,718,231
financial.indicator.roa_dp,roa_dp,1995,not_provided_by_source,1096,978,118
financial.indicator.roa_dp,roa_dp,1996,not_provided_by_source,1378,1280,98
financial.indicator.roa_dp,roa_dp,1997,not_provided_by_source,1755,1631,124
financial.indicator.roa_dp,roa_dp,1998,not_provided_by_source,1794,1792,2
financial.indicator.roa_dp,roa_dp,1999,not_provided_by_source,1996,1924,72
financial.indicator.roa_dp,roa_dp,2000,not_provided_by_source,2042,2012,30
financial.indicator.roa_dp,roa_dp,2001,not_provided_by_source,2439,2151,288
financial.indicator.roa_dp,roa_dp,2002,not_provided_by_source,4116,4088,28
financial.indicator.roa_dp,roa_dp,2003,not_provided_by_source,4414,4098,316
financial.indicator.roa_dp,roa_dp,2004,not_provided_by_source,4808,4418,390
financial.indicator.roa_dp,roa_dp,2005,not_provided_by_source,5130,4782,348
financial.indicator.roa_dp,roa_dp,2006,not_provided_by_source,6042,5184,858
financial.indicator.roa_dp,roa_dp,2007,not_provided_by_source,7275,6178,1097
financial.indicator.roa_dp,roa_dp,2008,not_provided_by_source,8085,7318,767
financial.indicator.roa_dp,roa_dp,2009,not_provided_by_source,9808,8452,1356
financial.indicator.roa_dp,roa_dp,2010,not_provided_by_source,10706,10432,274
financial.indicator.roa_dp,roa_dp,2011,not_provided_by_source,12606,11915,691
financial.indicator.roa_dp,roa_dp,2012,not_provided_by_source,13723,13244,479
financial.indicator.roa_dp,roa_dp,2013,not_provided_by_source,14280,13787,493
financial.indicator.roa_dp,roa_dp,2014,not_provided_by_source,15143,14707,436
financial.indicator.roa_dp,roa_dp,2015,not_provided_by_source,16225,15834,391
financial.indicator.roa_dp,roa_dp,2016,not_provided_by_source,17928,16748,1180
financial.indicator.roa_dp,roa_dp,2017,not_provided_by_source,18710,18078,632
financial.indicator.roa_dp,roa_dp,2018,not_provided_by_source,19035,18635,400
financial.indicator.roa_dp,roa_dp,2019,not_provided_by_source,19749,19131,618
financial.indicator.roa_dp,roa_dp,2020,not_provided_by_source,21007,20135,872
financial.indicator.roa_dp,roa_dp,2021,not_provided_by_source,21479,21052,427
financial.indicator.roa_dp,roa_dp,2022,not_provided_by_source,21544,21387,157
financial.indicator.roa_dp,roa_dp,2023,not_provided_by_source,14469,14457,12
financial.indicator.roa_dp,roa_dp,2024,not_provided_by_source,12034,11993,41
financial.indicator.roa_dp,roa_dp,2025,not_provided_by_source,12859,12835,24
financial.indicator.roa_dp,roa_dp,2026,not_provided_by_source,7907,7893,14
financial.indicator.roa_yearly,roa_yearly,1990,not_provided_by_source,98,2,96
financial.indicator.roa_yearly,roa_yearly,1991,not_provided_by_source,144,58,86
financial.indicator.roa_yearly,roa_yearly,1992,not_provided_by_source,218,102,116
financial.indicator.roa_yearly,roa_yearly,1993,not_provided_by_source,592,226,366
financial.indicator.roa_yearly,roa_yearly,1994,not_provided_by_source,949,718,231
financial.indicator.roa_yearly,roa_yearly,1995,not_provided_by_source,1096,978,118
financial.indicator.roa_yearly,roa_yearly,1996,not_provided_by_source,1378,1280,98
financial.indicator.roa_yearly,roa_yearly,1997,not_provided_by_source,1755,1631,124
financial.indicator.roa_yearly,roa_yearly,1998,not_provided_by_source,1794,1792,2
financial.indicator.roa_yearly,roa_yearly,1999,not_provided_by_source,1996,1924,72
financial.indicator.roa_yearly,roa_yearly,2000,not_provided_by_source,2042,2012,30
financial.indicator.roa_yearly,roa_yearly,2001,not_provided_by_source,2439,2151,288
financial.indicator.roa_yearly,roa_yearly,2002,not_provided_by_source,4116,4088,28
financial.indicator.roa_yearly,roa_yearly,2003,not_provided_by_source,4414,4098,316
financial.indicator.roa_yearly,roa_yearly,2004,not_provided_by_source,4808,4618,190
financial.indicator.roa_yearly,roa_yearly,2005,not_provided_by_source,5130,4948,182
financial.indicator.roa_yearly,roa_yearly,2006,not_provided_by_source,6042,6025,17
financial.indicator.roa_yearly,roa_yearly,2007,not_provided_by_source,7275,7266,9
financial.indicator.roa_yearly,roa_yearly,2008,not_provided_by_source,8085,8070,15
financial.indicator.roa_yearly,roa_yearly,2009,not_provided_by_source,9808,9784,24
financial.indicator.roa_yearly,roa_yearly,2010,not_provided_by_source,10706,10668,38
financial.indicator.roa_yearly,roa_yearly,2011,not_provided_by_source,12606,12557,49
financial.indicator.roa_yearly,roa_yearly,2012,not_provided_by_source,13723,13610,113
financial.indicator.roa_yearly,roa_yearly,2013,not_provided_by_source,14280,14196,84
financial.indicator.roa_yearly,roa_yearly,2014,not_provided_by_source,15143,15084,59
financial.indicator.roa_yearly,roa_yearly,2015,not_provided_by_source,16225,16161,64
financial.indicator.roa_yearly,roa_yearly,2016,not_provided_by_source,17928,17879,49
financial.indicator.roa_yearly,roa_yearly,2017,not_provided_by_source,18710,18697,13
financial.indicator.roa_yearly,roa_yearly,2018,not_provided_by_source,19035,19020,15
financial.indicator.roa_yearly,roa_yearly,2019,not_provided_by_source,19749,19740,9
financial.indicator.roa_yearly,roa_yearly,2020,not_provided_by_source,21007,21004,3
financial.indicator.roa_yearly,roa_yearly,2021,not_provided_by_source,21479,21478,1
financial.indicator.roa_yearly,roa_yearly,2022,not_provided_by_source,21544,21541,3
financial.indicator.roa_yearly,roa_yearly,2023,not_provided_by_source,14469,14465,4
financial.indicator.roa_yearly,roa_yearly,2024,not_provided_by_source,12034,12034,0
financial.indicator.roa_yearly,roa_yearly,2025,not_provided_by_source,12859,12857,2
financial.indicator.roa_yearly,roa_yearly,2026,not_provided_by_source,7907,7896,11
financial.indicator.roe,roe,1990,not_provided_by_source,98,2,96
financial.indicator.roe,roe,1991,not_provided_by_source,144,52,92
financial.indicator.roe,roe,1992,not_provided_by_source,218,100,118
financial.indicator.roe,roe,1993,not_provided_by_source,592,220,372
financial.indicator.roe,roe,1994,not_provided_by_source,949,714,235
financial.indicator.roe,roe,1995,not_provided_by_source,1096,976,120
financial.indicator.roe,roe,1996,not_provided_by_source,1378,1278,100
financial.indicator.roe,roe,1997,not_provided_by_source,1755,1631,124
financial.indicator.roe,roe,1998,not_provided_by_source,1794,1788,6
financial.indicator.roe,roe,1999,not_provided_by_source,1996,1910,86
financial.indicator.roe,roe,2000,not_provided_by_source,2042,1982,60
financial.indicator.roe,roe,2001,not_provided_by_source,2439,2081,358
financial.indicator.roe,roe,2002,not_provided_by_source,4116,3984,132
financial.indicator.roe,roe,2003,not_provided_by_source,4414,3958,456
financial.indicator.roe,roe,2004,not_provided_by_source,4808,4424,384
financial.indicator.roe,roe,2005,not_provided_by_source,5130,4654,476
financial.indicator.roe,roe,2006,not_provided_by_source,6042,5669,373
financial.indicator.roe,roe,2007,not_provided_by_source,7275,6884,391
financial.indicator.roe,roe,2008,not_provided_by_source,8085,7718,367
financial.indicator.roe,roe,2009,not_provided_by_source,9808,9488,320
financial.indicator.roe,roe,2010,not_provided_by_source,10706,10380,326
financial.indicator.roe,roe,2011,not_provided_by_source,12606,12299,307
financial.indicator.roe,roe,2012,not_provided_by_source,13723,13374,349
financial.indicator.roe,roe,2013,not_provided_by_source,14280,14020,260
financial.indicator.roe,roe,2014,not_provided_by_source,15143,14946,197
financial.indicator.roe,roe,2015,not_provided_by_source,16225,15999,226
financial.indicator.roe,roe,2016,not_provided_by_source,17928,17787,141
financial.indicator.roe,roe,2017,not_provided_by_source,18710,18591,119
financial.indicator.roe,roe,2018,not_provided_by_source,19035,18868,167
financial.indicator.roe,roe,2019,not_provided_by_source,19749,19485,264
financial.indicator.roe,roe,2020,not_provided_by_source,21007,20686,321
financial.indicator.roe,roe,2021,not_provided_by_source,21479,21136,343
financial.indicator.roe,roe,2022,not_provided_by_source,21544,21207,337
financial.indicator.roe,roe,2023,not_provided_by_source,14469,14175,294
financial.indicator.roe,roe,2024,not_provided_by_source,12034,11780,254
financial.indicator.roe,roe,2025,not_provided_by_source,12859,12569,290
financial.indicator.roe,roe,2026,not_provided_by_source,7907,7748,159
financial.indicator.roe_avg,roe_avg,1990,not_provided_by_source,98,0,98
financial.indicator.roe_avg,roe_avg,1991,not_provided_by_source,144,0,144
financial.indicator.roe_avg,roe_avg,1992,not_provided_by_source,218,0,218
financial.indicator.roe_avg,roe_avg,1993,not_provided_by_source,592,0,592
financial.indicator.roe_avg,roe_avg,1994,not_provided_by_source,949,0,949
financial.indicator.roe_avg,roe_avg,1995,not_provided_by_source,1096,0,1096
financial.indicator.roe_avg,roe_avg,1996,not_provided_by_source,1378,0,1378
financial.indicator.roe_avg,roe_avg,1997,not_provided_by_source,1755,0,1755
financial.indicator.roe_avg,roe_avg,1998,not_provided_by_source,1794,0,1794
financial.indicator.roe_avg,roe_avg,1999,not_provided_by_source,1996,52,1944
financial.indicator.roe_avg,roe_avg,2000,not_provided_by_source,2042,845,1197
financial.indicator.roe_avg,roe_avg,2001,not_provided_by_source,2439,1935,504
financial.indicator.roe_avg,roe_avg,2002,not_provided_by_source,4116,1592,2524
financial.indicator.roe_avg,roe_avg,2003,not_provided_by_source,4414,1608,2806
financial.indicator.roe_avg,roe_avg,2004,not_provided_by_source,4808,2378,2430
financial.indicator.roe_avg,roe_avg,2005,not_provided_by_source,5130,2558,2572
financial.indicator.roe_avg,roe_avg,2006,not_provided_by_source,6042,3004,3038
financial.indicator.roe_avg,roe_avg,2007,not_provided_by_source,7275,3820,3455
financial.indicator.roe_avg,roe_avg,2008,not_provided_by_source,8085,4438,3647
financial.indicator.roe_avg,roe_avg,2009,not_provided_by_source,9808,5044,4764
financial.indicator.roe_avg,roe_avg,2010,not_provided_by_source,10706,9142,1564
financial.indicator.roe_avg,roe_avg,2011,not_provided_by_source,12606,11861,745
financial.indicator.roe_avg,roe_avg,2012,not_provided_by_source,13723,13156,567
financial.indicator.roe_avg,roe_avg,2013,not_provided_by_source,14280,9180,5100
financial.indicator.roe_avg,roe_avg,2014,not_provided_by_source,15143,9887,5256
financial.indicator.roe_avg,roe_avg,2015,not_provided_by_source,16225,10697,5528
financial.indicator.roe_avg,roe_avg,2016,not_provided_by_source,17928,9748,8180
financial.indicator.roe_avg,roe_avg,2017,not_provided_by_source,18710,10168,8542
financial.indicator.roe_avg,roe_avg,2018,not_provided_by_source,19035,10099,8936
financial.indicator.roe_avg,roe_avg,2019,not_provided_by_source,19749,10367,9382
financial.indicator.roe_avg,roe_avg,2020,not_provided_by_source,21007,10906,10101
financial.indicator.roe_avg,roe_avg,2021,not_provided_by_source,21479,10940,10539
financial.indicator.roe_avg,roe_avg,2022,not_provided_by_source,21544,10736,10808
financial.indicator.roe_avg,roe_avg,2023,not_provided_by_source,14469,5942,8527
financial.indicator.roe_avg,roe_avg,2024,not_provided_by_source,12034,5660,6374
financial.indicator.roe_avg,roe_avg,2025,not_provided_by_source,12859,5739,7120
financial.indicator.roe_avg,roe_avg,2026,not_provided_by_source,7907,4606,3301
financial.indicator.roe_dt,roe_dt,1990,not_provided_by_source,98,0,98
financial.indicator.roe_dt,roe_dt,1991,not_provided_by_source,144,0,144
financial.indicator.roe_dt,roe_dt,1992,not_provided_by_source,218,0,218
financial.indicator.roe_dt,roe_dt,1993,not_provided_by_source,592,0,592
financial.indicator.roe_dt,roe_dt,1994,not_provided_by_source,949,0,949
financial.indicator.roe_dt,roe_dt,1995,not_provided_by_source,1096,0,1096
financial.indicator.roe_dt,roe_dt,1996,not_provided_by_source,1378,0,1378
financial.indicator.roe_dt,roe_dt,1997,not_provided_by_source,1755,0,1755
financial.indicator.roe_dt,roe_dt,1998,not_provided_by_source,1794,2,1792
financial.indicator.roe_dt,roe_dt,1999,not_provided_by_source,1996,8,1988
financial.indicator.roe_dt,roe_dt,2000,not_provided_by_source,2042,1815,227
financial.indicator.roe_dt,roe_dt,2001,not_provided_by_source,2439,1949,490
financial.indicator.roe_dt,roe_dt,2002,not_provided_by_source,4116,2972,1144
financial.indicator.roe_dt,roe_dt,2003,not_provided_by_source,4414,2706,1708
financial.indicator.roe_dt,roe_dt,2004,not_provided_by_source,4808,4370,438
financial.indicator.roe_dt,roe_dt,2005,not_provided_by_source,5130,4536,594
financial.indicator.roe_dt,roe_dt,2006,not_provided_by_source,6042,5102,940
financial.indicator.roe_dt,roe_dt,2007,not_provided_by_source,7275,6348,927
financial.indicator.roe_dt,roe_dt,2008,not_provided_by_source,8085,7304,781
financial.indicator.roe_dt,roe_dt,2009,not_provided_by_source,9808,8240,1568
financial.indicator.roe_dt,roe_dt,2010,not_provided_by_source,10706,10016,690
financial.indicator.roe_dt,roe_dt,2011,not_provided_by_source,12606,12075,531
financial.indicator.roe_dt,roe_dt,2012,not_provided_by_source,13723,13162,561
financial.indicator.roe_dt,roe_dt,2013,not_provided_by_source,14280,13852,428
financial.indicator.roe_dt,roe_dt,2014,not_provided_by_source,15143,14667,476
financial.indicator.roe_dt,roe_dt,2015,not_provided_by_source,16225,15712,513
financial.indicator.roe_dt,roe_dt,2016,not_provided_by_source,17928,16935,993
financial.indicator.roe_dt,roe_dt,2017,not_provided_by_source,18710,18224,486
financial.indicator.roe_dt,roe_dt,2018,not_provided_by_source,19035,18638,397
financial.indicator.roe_dt,roe_dt,2019,not_provided_by_source,19749,19073,676
financial.indicator.roe_dt,roe_dt,2020,not_provided_by_source,21007,20028,979
financial.indicator.roe_dt,roe_dt,2021,not_provided_by_source,21479,20784,695
financial.indicator.roe_dt,roe_dt,2022,not_provided_by_source,21544,21090,454
financial.indicator.roe_dt,roe_dt,2023,not_provided_by_source,14469,13956,513
financial.indicator.roe_dt,roe_dt,2024,not_provided_by_source,12034,11646,388
financial.indicator.roe_dt,roe_dt,2025,not_provided_by_source,12859,12459,400
financial.indicator.roe_dt,roe_dt,2026,not_provided_by_source,7907,7676,231
financial.indicator.roe_waa,roe_waa,1990,not_provided_by_source,98,0,98
financial.indicator.roe_waa,roe_waa,1991,not_provided_by_source,144,0,144
financial.indicator.roe_waa,roe_waa,1992,not_provided_by_source,218,0,218
financial.indicator.roe_waa,roe_waa,1993,not_provided_by_source,592,0,592
financial.indicator.roe_waa,roe_waa,1994,not_provided_by_source,949,0,949
financial.indicator.roe_waa,roe_waa,1995,not_provided_by_source,1096,4,1092
financial.indicator.roe_waa,roe_waa,1996,not_provided_by_source,1378,2,1376
financial.indicator.roe_waa,roe_waa,1997,not_provided_by_source,1755,6,1749
financial.indicator.roe_waa,roe_waa,1998,not_provided_by_source,1794,749,1045
financial.indicator.roe_waa,roe_waa,1999,not_provided_by_source,1996,236,1760
financial.indicator.roe_waa,roe_waa,2000,not_provided_by_source,2042,907,1135
financial.indicator.roe_waa,roe_waa,2001,not_provided_by_source,2439,1967,472
financial.indicator.roe_waa,roe_waa,2002,not_provided_by_source,4116,1754,2362
financial.indicator.roe_waa,roe_waa,2003,not_provided_by_source,4414,1738,2676
financial.indicator.roe_waa,roe_waa,2004,not_provided_by_source,4808,2460,2348
financial.indicator.roe_waa,roe_waa,2005,not_provided_by_source,5130,2602,2528
financial.indicator.roe_waa,roe_waa,2006,not_provided_by_source,6042,3040,3002
financial.indicator.roe_waa,roe_waa,2007,not_provided_by_source,7275,3842,3433
financial.indicator.roe_waa,roe_waa,2008,not_provided_by_source,8085,4448,3637
financial.indicator.roe_waa,roe_waa,2009,not_provided_by_source,9808,5066,4742
financial.indicator.roe_waa,roe_waa,2010,not_provided_by_source,10706,9164,1542
financial.indicator.roe_waa,roe_waa,2011,not_provided_by_source,12606,11889,717
financial.indicator.roe_waa,roe_waa,2012,not_provided_by_source,13723,13168,555
financial.indicator.roe_waa,roe_waa,2013,not_provided_by_source,14280,13792,488
financial.indicator.roe_waa,roe_waa,2014,not_provided_by_source,15143,14635,508
financial.indicator.roe_waa,roe_waa,2015,not_provided_by_source,16225,15620,605
financial.indicator.roe_waa,roe_waa,2016,not_provided_by_source,17928,16862,1066
financial.indicator.roe_waa,roe_waa,2017,not_provided_by_source,18710,18130,580
financial.indicator.roe_waa,roe_waa,2018,not_provided_by_source,19035,18568,467
financial.indicator.roe_waa,roe_waa,2019,not_provided_by_source,19749,18914,835
financial.indicator.roe_waa,roe_waa,2020,not_provided_by_source,21007,19823,1184
financial.indicator.roe_waa,roe_waa,2021,not_provided_by_source,21479,20684,795
financial.indicator.roe_waa,roe_waa,2022,not_provided_by_source,21544,21019,525
financial.indicator.roe_waa,roe_waa,2023,not_provided_by_source,14469,13897,572
financial.indicator.roe_waa,roe_waa,2024,not_provided_by_source,12034,11582,452
financial.indicator.roe_waa,roe_waa,2025,not_provided_by_source,12859,12418,441
financial.indicator.roe_waa,roe_waa,2026,not_provided_by_source,7907,7683,224
financial.indicator.roe_yearly,roe_yearly,1990,not_provided_by_source,98,2,96
financial.indicator.roe_yearly,roe_yearly,1991,not_provided_by_source,144,52,92
financial.indicator.roe_yearly,roe_yearly,1992,not_provided_by_source,218,100,118
financial.indicator.roe_yearly,roe_yearly,1993,not_provided_by_source,592,220,372
financial.indicator.roe_yearly,roe_yearly,1994,not_provided_by_source,949,714,235
financial.indicator.roe_yearly,roe_yearly,1995,not_provided_by_source,1096,976,120
financial.indicator.roe_yearly,roe_yearly,1996,not_provided_by_source,1378,1278,100
financial.indicator.roe_yearly,roe_yearly,1997,not_provided_by_source,1755,1631,124
financial.indicator.roe_yearly,roe_yearly,1998,not_provided_by_source,1794,1788,6
financial.indicator.roe_yearly,roe_yearly,1999,not_provided_by_source,1996,1910,86
financial.indicator.roe_yearly,roe_yearly,2000,not_provided_by_source,2042,1982,60
financial.indicator.roe_yearly,roe_yearly,2001,not_provided_by_source,2439,2081,358
financial.indicator.roe_yearly,roe_yearly,2002,not_provided_by_source,4116,3984,132
financial.indicator.roe_yearly,roe_yearly,2003,not_provided_by_source,4414,3958,456
financial.indicator.roe_yearly,roe_yearly,2004,not_provided_by_source,4808,4424,384
financial.indicator.roe_yearly,roe_yearly,2005,not_provided_by_source,5130,4654,476
financial.indicator.roe_yearly,roe_yearly,2006,not_provided_by_source,6042,5669,373
financial.indicator.roe_yearly,roe_yearly,2007,not_provided_by_source,7275,6884,391
financial.indicator.roe_yearly,roe_yearly,2008,not_provided_by_source,8085,7718,367
financial.indicator.roe_yearly,roe_yearly,2009,not_provided_by_source,9808,9488,320
financial.indicator.roe_yearly,roe_yearly,2010,not_provided_by_source,10706,10380,326
financial.indicator.roe_yearly,roe_yearly,2011,not_provided_by_source,12606,12299,307
financial.indicator.roe_yearly,roe_yearly,2012,not_provided_by_source,13723,13374,349
financial.indicator.roe_yearly,roe_yearly,2013,not_provided_by_source,14280,14020,260
financial.indicator.roe_yearly,roe_yearly,2014,not_provided_by_source,15143,14946,197
financial.indicator.roe_yearly,roe_yearly,2015,not_provided_by_source,16225,15999,226
financial.indicator.roe_yearly,roe_yearly,2016,not_provided_by_source,17928,17787,141
financial.indicator.roe_yearly,roe_yearly,2017,not_provided_by_source,18710,18591,119
financial.indicator.roe_yearly,roe_yearly,2018,not_provided_by_source,19035,18868,167
financial.indicator.roe_yearly,roe_yearly,2019,not_provided_by_source,19749,19485,264
financial.indicator.roe_yearly,roe_yearly,2020,not_provided_by_source,21007,20686,321
financial.indicator.roe_yearly,roe_yearly,2021,not_provided_by_source,21479,21136,343
financial.indicator.roe_yearly,roe_yearly,2022,not_provided_by_source,21544,21207,337
financial.indicator.roe_yearly,roe_yearly,2023,not_provided_by_source,14469,14175,294
financial.indicator.roe_yearly,roe_yearly,2024,not_provided_by_source,12034,11780,254
financial.indicator.roe_yearly,roe_yearly,2025,not_provided_by_source,12859,12569,290
financial.indicator.roe_yearly,roe_yearly,2026,not_provided_by_source,7907,7748,159
financial.indicator.roe_yoy,roe_yoy,1990,not_provided_by_source,98,2,96
financial.indicator.roe_yoy,roe_yoy,1991,not_provided_by_source,144,48,96
financial.indicator.roe_yoy,roe_yoy,1992,not_provided_by_source,218,100,118
financial.indicator.roe_yoy,roe_yoy,1993,not_provided_by_source,592,176,416
financial.indicator.roe_yoy,roe_yoy,1994,not_provided_by_source,949,516,433
financial.indicator.roe_yoy,roe_yoy,1995,not_provided_by_source,1096,942,154
financial.indicator.roe_yoy,roe_yoy,1996,not_provided_by_source,1378,1088,290
financial.indicator.roe_yoy,roe_yoy,1997,not_provided_by_source,1755,1339,416
financial.indicator.roe_yoy,roe_yoy,1998,not_provided_by_source,1794,1679,115
financial.indicator.roe_yoy,roe_yoy,1999,not_provided_by_source,1996,1772,224
financial.indicator.roe_yoy,roe_yoy,2000,not_provided_by_source,2042,1890,152
financial.indicator.roe_yoy,roe_yoy,2001,not_provided_by_source,2439,1953,486
financial.indicator.roe_yoy,roe_yoy,2002,not_provided_by_source,4116,2104,2012
financial.indicator.roe_yoy,roe_yoy,2003,not_provided_by_source,4414,3946,468
financial.indicator.roe_yoy,roe_yoy,2004,not_provided_by_source,4808,4042,766
financial.indicator.roe_yoy,roe_yoy,2005,not_provided_by_source,5130,4340,790
financial.indicator.roe_yoy,roe_yoy,2006,not_provided_by_source,6042,4496,1546
financial.indicator.roe_yoy,roe_yoy,2007,not_provided_by_source,7275,5690,1585
financial.indicator.roe_yoy,roe_yoy,2008,not_provided_by_source,8085,6652,1433
financial.indicator.roe_yoy,roe_yoy,2009,not_provided_by_source,9808,7365,2443
financial.indicator.roe_yoy,roe_yoy,2010,not_provided_by_source,10706,8292,2414
financial.indicator.roe_yoy,roe_yoy,2011,not_provided_by_source,12606,10113,2493
financial.indicator.roe_yoy,roe_yoy,2012,not_provided_by_source,13723,12211,1512
financial.indicator.roe_yoy,roe_yoy,2013,not_provided_by_source,14280,13344,936
financial.indicator.roe_yoy,roe_yoy,2014,not_provided_by_source,15143,13975,1168
financial.indicator.roe_yoy,roe_yoy,2015,not_provided_by_source,16225,14557,1668
financial.indicator.roe_yoy,roe_yoy,2016,not_provided_by_source,17928,15577,2351
financial.indicator.roe_yoy,roe_yoy,2017,not_provided_by_source,18710,16642,2068
financial.indicator.roe_yoy,roe_yoy,2018,not_provided_by_source,19035,17930,1105
financial.indicator.roe_yoy,roe_yoy,2019,not_provided_by_source,19749,18240,1509
financial.indicator.roe_yoy,roe_yoy,2020,not_provided_by_source,21007,18632,2375
financial.indicator.roe_yoy,roe_yoy,2021,not_provided_by_source,21479,19606,1873
financial.indicator.roe_yoy,roe_yoy,2022,not_provided_by_source,21544,20445,1099
financial.indicator.roe_yoy,roe_yoy,2023,not_provided_by_source,14469,13953,516
financial.indicator.roe_yoy,roe_yoy,2024,not_provided_by_source,12034,11646,388
financial.indicator.roe_yoy,roe_yoy,2025,not_provided_by_source,12859,12427,432
financial.indicator.roe_yoy,roe_yoy,2026,not_provided_by_source,7907,7665,242
financial.indicator.roic,roic,1990,not_provided_by_source,98,0,98
financial.indicator.roic,roic,1991,not_provided_by_source,144,52,92
financial.indicator.roic,roic,1992,not_provided_by_source,218,96,122
financial.indicator.roic,roic,1993,not_provided_by_source,592,224,368
financial.indicator.roic,roic,1994,not_provided_by_source,949,710,239
financial.indicator.roic,roic,1995,not_provided_by_source,1096,970,126
financial.indicator.roic,roic,1996,not_provided_by_source,1378,1272,106
financial.indicator.roic,roic,1997,not_provided_by_source,1755,1623,132
financial.indicator.roic,roic,1998,not_provided_by_source,1794,1784,10
financial.indicator.roic,roic,1999,not_provided_by_source,1996,1916,80
financial.indicator.roic,roic,2000,not_provided_by_source,2042,2004,38
financial.indicator.roic,roic,2001,not_provided_by_source,2439,2143,296
financial.indicator.roic,roic,2002,not_provided_by_source,4116,4052,64
financial.indicator.roic,roic,2003,not_provided_by_source,4414,4042,372
financial.indicator.roic,roic,2004,not_provided_by_source,4808,4536,272
financial.indicator.roic,roic,2005,not_provided_by_source,5130,4828,302
financial.indicator.roic,roic,2006,not_provided_by_source,6042,5831,211
financial.indicator.roic,roic,2007,not_provided_by_source,7275,6960,315
financial.indicator.roic,roic,2008,not_provided_by_source,8085,7752,333
financial.indicator.roic,roic,2009,not_provided_by_source,9808,9480,328
financial.indicator.roic,roic,2010,not_provided_by_source,10706,10368,338
financial.indicator.roic,roic,2011,not_provided_by_source,12606,12231,375
financial.indicator.roic,roic,2012,not_provided_by_source,13723,13300,423
financial.indicator.roic,roic,2013,not_provided_by_source,14280,13922,358
financial.indicator.roic,roic,2014,not_provided_by_source,15143,14832,311
financial.indicator.roic,roic,2015,not_provided_by_source,16225,15910,315
financial.indicator.roic,roic,2016,not_provided_by_source,17928,17629,299
financial.indicator.roic,roic,2017,not_provided_by_source,18710,18426,284
financial.indicator.roic,roic,2018,not_provided_by_source,19035,18714,321
financial.indicator.roic,roic,2019,not_provided_by_source,19749,19381,368
financial.indicator.roic,roic,2020,not_provided_by_source,21007,20636,371
financial.indicator.roic,roic,2021,not_provided_by_source,21479,21098,381
financial.indicator.roic,roic,2022,not_provided_by_source,21544,21169,375
financial.indicator.roic,roic,2023,not_provided_by_source,14469,14181,288
financial.indicator.roic,roic,2024,not_provided_by_source,12034,11797,237
financial.indicator.roic,roic,2025,not_provided_by_source,12859,12608,251
financial.indicator.roic,roic,2026,not_provided_by_source,7907,7784,123
financial.indicator.roic_yearly,roic_yearly,1990,not_provided_by_source,98,0,98
financial.indicator.roic_yearly,roic_yearly,1991,not_provided_by_source,144,52,92
financial.indicator.roic_yearly,roic_yearly,1992,not_provided_by_source,218,96,122
financial.indicator.roic_yearly,roic_yearly,1993,not_provided_by_source,592,224,368
financial.indicator.roic_yearly,roic_yearly,1994,not_provided_by_source,949,710,239
financial.indicator.roic_yearly,roic_yearly,1995,not_provided_by_source,1096,970,126
financial.indicator.roic_yearly,roic_yearly,1996,not_provided_by_source,1378,1272,106
financial.indicator.roic_yearly,roic_yearly,1997,not_provided_by_source,1755,1623,132
financial.indicator.roic_yearly,roic_yearly,1998,not_provided_by_source,1794,1784,10
financial.indicator.roic_yearly,roic_yearly,1999,not_provided_by_source,1996,1916,80
financial.indicator.roic_yearly,roic_yearly,2000,not_provided_by_source,2042,2004,38
financial.indicator.roic_yearly,roic_yearly,2001,not_provided_by_source,2439,2143,296
financial.indicator.roic_yearly,roic_yearly,2002,not_provided_by_source,4116,4052,64
financial.indicator.roic_yearly,roic_yearly,2003,not_provided_by_source,4414,4042,372
financial.indicator.roic_yearly,roic_yearly,2004,not_provided_by_source,4808,4536,272
financial.indicator.roic_yearly,roic_yearly,2005,not_provided_by_source,5130,4828,302
financial.indicator.roic_yearly,roic_yearly,2006,not_provided_by_source,6042,5831,211
financial.indicator.roic_yearly,roic_yearly,2007,not_provided_by_source,7275,6960,315
financial.indicator.roic_yearly,roic_yearly,2008,not_provided_by_source,8085,7752,333
financial.indicator.roic_yearly,roic_yearly,2009,not_provided_by_source,9808,9480,328
financial.indicator.roic_yearly,roic_yearly,2010,not_provided_by_source,10706,10368,338
financial.indicator.roic_yearly,roic_yearly,2011,not_provided_by_source,12606,12231,375
financial.indicator.roic_yearly,roic_yearly,2012,not_provided_by_source,13723,13300,423
financial.indicator.roic_yearly,roic_yearly,2013,not_provided_by_source,14280,13922,358
financial.indicator.roic_yearly,roic_yearly,2014,not_provided_by_source,15143,14832,311
financial.indicator.roic_yearly,roic_yearly,2015,not_provided_by_source,16225,15910,315
financial.indicator.roic_yearly,roic_yearly,2016,not_provided_by_source,17928,17629,299
financial.indicator.roic_yearly,roic_yearly,2017,not_provided_by_source,18710,18426,284
financial.indicator.roic_yearly,roic_yearly,2018,not_provided_by_source,19035,18714,321
financial.indicator.roic_yearly,roic_yearly,2019,not_provided_by_source,19749,19381,368
financial.indicator.roic_yearly,roic_yearly,2020,not_provided_by_source,21007,20636,371
financial.indicator.roic_yearly,roic_yearly,2021,not_provided_by_source,21479,21098,381
financial.indicator.roic_yearly,roic_yearly,2022,not_provided_by_source,21544,21169,375
financial.indicator.roic_yearly,roic_yearly,2023,not_provided_by_source,14469,14181,288
financial.indicator.roic_yearly,roic_yearly,2024,not_provided_by_source,12034,11797,237
financial.indicator.roic_yearly,roic_yearly,2025,not_provided_by_source,12859,12608,251
financial.indicator.roic_yearly,roic_yearly,2026,not_provided_by_source,7907,7784,123
financial.indicator.saleexp_to_gr,saleexp_to_gr,1990,not_provided_by_source,98,32,66
financial.indicator.saleexp_to_gr,saleexp_to_gr,1991,not_provided_by_source,144,60,84
financial.indicator.saleexp_to_gr,saleexp_to_gr,1992,not_provided_by_source,218,136,82
financial.indicator.saleexp_to_gr,saleexp_to_gr,1993,not_provided_by_source,592,414,178
financial.indicator.saleexp_to_gr,saleexp_to_gr,1994,not_provided_by_source,949,618,331
financial.indicator.saleexp_to_gr,saleexp_to_gr,1995,not_provided_by_source,1096,734,362
financial.indicator.saleexp_to_gr,saleexp_to_gr,1996,not_provided_by_source,1378,930,448
financial.indicator.saleexp_to_gr,saleexp_to_gr,1997,not_provided_by_source,1755,1049,706
financial.indicator.saleexp_to_gr,saleexp_to_gr,1998,not_provided_by_source,1794,1712,82
financial.indicator.saleexp_to_gr,saleexp_to_gr,1999,not_provided_by_source,1996,1890,106
financial.indicator.saleexp_to_gr,saleexp_to_gr,2000,not_provided_by_source,2042,1944,98
financial.indicator.saleexp_to_gr,saleexp_to_gr,2001,not_provided_by_source,2439,2255,184
financial.indicator.saleexp_to_gr,saleexp_to_gr,2002,not_provided_by_source,4116,3582,534
financial.indicator.saleexp_to_gr,saleexp_to_gr,2003,not_provided_by_source,4414,4205,209
financial.indicator.saleexp_to_gr,saleexp_to_gr,2004,not_provided_by_source,4808,4535,273
financial.indicator.saleexp_to_gr,saleexp_to_gr,2005,not_provided_by_source,5130,4836,294
financial.indicator.saleexp_to_gr,saleexp_to_gr,2006,not_provided_by_source,6042,5701,341
financial.indicator.saleexp_to_gr,saleexp_to_gr,2007,not_provided_by_source,7275,6856,419
financial.indicator.saleexp_to_gr,saleexp_to_gr,2008,not_provided_by_source,8085,7622,463
financial.indicator.saleexp_to_gr,saleexp_to_gr,2009,not_provided_by_source,9808,9272,536
financial.indicator.saleexp_to_gr,saleexp_to_gr,2010,not_provided_by_source,10706,10136,570
financial.indicator.saleexp_to_gr,saleexp_to_gr,2011,not_provided_by_source,12606,11981,625
financial.indicator.saleexp_to_gr,saleexp_to_gr,2012,not_provided_by_source,13723,13052,671
financial.indicator.saleexp_to_gr,saleexp_to_gr,2013,not_provided_by_source,14280,13636,644
financial.indicator.saleexp_to_gr,saleexp_to_gr,2014,not_provided_by_source,15143,14566,577
financial.indicator.saleexp_to_gr,saleexp_to_gr,2015,not_provided_by_source,16225,15643,582
financial.indicator.saleexp_to_gr,saleexp_to_gr,2016,not_provided_by_source,17928,17355,573
financial.indicator.saleexp_to_gr,saleexp_to_gr,2017,not_provided_by_source,18710,18184,526
financial.indicator.saleexp_to_gr,saleexp_to_gr,2018,not_provided_by_source,19035,18490,545
financial.indicator.saleexp_to_gr,saleexp_to_gr,2019,not_provided_by_source,19749,19180,569
financial.indicator.saleexp_to_gr,saleexp_to_gr,2020,not_provided_by_source,21007,20462,545
financial.indicator.saleexp_to_gr,saleexp_to_gr,2021,not_provided_by_source,21479,20937,542
financial.indicator.saleexp_to_gr,saleexp_to_gr,2022,not_provided_by_source,21544,20979,565
financial.indicator.saleexp_to_gr,saleexp_to_gr,2023,not_provided_by_source,14469,14077,392
financial.indicator.saleexp_to_gr,saleexp_to_gr,2024,not_provided_by_source,12034,11720,314
financial.indicator.saleexp_to_gr,saleexp_to_gr,2025,not_provided_by_source,12859,12538,321
financial.indicator.saleexp_to_gr,saleexp_to_gr,2026,not_provided_by_source,7907,7742,165
financial.indicator.salescash_to_or,salescash_to_or,1990,not_provided_by_source,98,0,98
financial.indicator.salescash_to_or,salescash_to_or,1991,not_provided_by_source,144,0,144
financial.indicator.salescash_to_or,salescash_to_or,1992,not_provided_by_source,218,0,218
financial.indicator.salescash_to_or,salescash_to_or,1993,not_provided_by_source,592,0,592
financial.indicator.salescash_to_or,salescash_to_or,1994,not_provided_by_source,949,0,949
financial.indicator.salescash_to_or,salescash_to_or,1995,not_provided_by_source,1096,0,1096
financial.indicator.salescash_to_or,salescash_to_or,1996,not_provided_by_source,1378,2,1376
financial.indicator.salescash_to_or,salescash_to_or,1997,not_provided_by_source,1755,4,1751
financial.indicator.salescash_to_or,salescash_to_or,1998,not_provided_by_source,1794,1121,673
financial.indicator.salescash_to_or,salescash_to_or,1999,not_provided_by_source,1996,1256,740
financial.indicator.salescash_to_or,salescash_to_or,2000,not_provided_by_source,2042,1986,56
financial.indicator.salescash_to_or,salescash_to_or,2001,not_provided_by_source,2439,1991,448
financial.indicator.salescash_to_or,salescash_to_or,2002,not_provided_by_source,4116,2058,2058
financial.indicator.salescash_to_or,salescash_to_or,2003,not_provided_by_source,4414,3989,425
financial.indicator.salescash_to_or,salescash_to_or,2004,not_provided_by_source,4808,4502,306
financial.indicator.salescash_to_or,salescash_to_or,2005,not_provided_by_source,5130,4746,384
financial.indicator.salescash_to_or,salescash_to_or,2006,not_provided_by_source,6042,5777,265
financial.indicator.salescash_to_or,salescash_to_or,2007,not_provided_by_source,7275,7064,211
financial.indicator.salescash_to_or,salescash_to_or,2008,not_provided_by_source,8085,7852,233
financial.indicator.salescash_to_or,salescash_to_or,2009,not_provided_by_source,9808,9538,270
financial.indicator.salescash_to_or,salescash_to_or,2010,not_provided_by_source,10706,10420,286
financial.indicator.salescash_to_or,salescash_to_or,2011,not_provided_by_source,12606,12297,309
financial.indicator.salescash_to_or,salescash_to_or,2012,not_provided_by_source,13723,13358,365
financial.indicator.salescash_to_or,salescash_to_or,2013,not_provided_by_source,14280,13940,340
financial.indicator.salescash_to_or,salescash_to_or,2014,not_provided_by_source,15143,14860,283
financial.indicator.salescash_to_or,salescash_to_or,2015,not_provided_by_source,16225,15946,279
financial.indicator.salescash_to_or,salescash_to_or,2016,not_provided_by_source,17928,17649,279
financial.indicator.salescash_to_or,salescash_to_or,2017,not_provided_by_source,18710,18447,263
financial.indicator.salescash_to_or,salescash_to_or,2018,not_provided_by_source,19035,18750,285
financial.indicator.salescash_to_or,salescash_to_or,2019,not_provided_by_source,19749,19444,305
financial.indicator.salescash_to_or,salescash_to_or,2020,not_provided_by_source,21007,20726,281
financial.indicator.salescash_to_or,salescash_to_or,2021,not_provided_by_source,21479,21215,264
financial.indicator.salescash_to_or,salescash_to_or,2022,not_provided_by_source,21544,21256,288
financial.indicator.salescash_to_or,salescash_to_or,2023,not_provided_by_source,14469,14266,203
financial.indicator.salescash_to_or,salescash_to_or,2024,not_provided_by_source,12034,11875,159
financial.indicator.salescash_to_or,salescash_to_or,2025,not_provided_by_source,12859,12713,146
financial.indicator.salescash_to_or,salescash_to_or,2026,not_provided_by_source,7907,7817,90
financial.indicator.surplus_rese_ps,surplus_rese_ps,1990,not_provided_by_source,98,8,90
financial.indicator.surplus_rese_ps,surplus_rese_ps,1991,not_provided_by_source,144,18,126
financial.indicator.surplus_rese_ps,surplus_rese_ps,1992,not_provided_by_source,218,88,130
financial.indicator.surplus_rese_ps,surplus_rese_ps,1993,not_provided_by_source,592,314,278
financial.indicator.surplus_rese_ps,surplus_rese_ps,1994,not_provided_by_source,949,587,362
financial.indicator.surplus_rese_ps,surplus_rese_ps,1995,not_provided_by_source,1096,738,358
financial.indicator.surplus_rese_ps,surplus_rese_ps,1996,not_provided_by_source,1378,1066,312
financial.indicator.surplus_rese_ps,surplus_rese_ps,1997,not_provided_by_source,1755,1485,270
financial.indicator.surplus_rese_ps,surplus_rese_ps,1998,not_provided_by_source,1794,1694,100
financial.indicator.surplus_rese_ps,surplus_rese_ps,1999,not_provided_by_source,1996,1892,104
financial.indicator.surplus_rese_ps,surplus_rese_ps,2000,not_provided_by_source,2042,2008,34
financial.indicator.surplus_rese_ps,surplus_rese_ps,2001,not_provided_by_source,2439,2147,292
financial.indicator.surplus_rese_ps,surplus_rese_ps,2002,not_provided_by_source,4116,3730,386
financial.indicator.surplus_rese_ps,surplus_rese_ps,2003,not_provided_by_source,4414,4010,404
financial.indicator.surplus_rese_ps,surplus_rese_ps,2004,not_provided_by_source,4808,4558,250
financial.indicator.surplus_rese_ps,surplus_rese_ps,2005,not_provided_by_source,5130,4822,308
financial.indicator.surplus_rese_ps,surplus_rese_ps,2006,not_provided_by_source,6042,5420,622
financial.indicator.surplus_rese_ps,surplus_rese_ps,2007,not_provided_by_source,7275,6698,577
financial.indicator.surplus_rese_ps,surplus_rese_ps,2008,not_provided_by_source,8085,7642,443
financial.indicator.surplus_rese_ps,surplus_rese_ps,2009,not_provided_by_source,9808,8508,1300
financial.indicator.surplus_rese_ps,surplus_rese_ps,2010,not_provided_by_source,10706,10314,392
financial.indicator.surplus_rese_ps,surplus_rese_ps,2011,not_provided_by_source,12606,12389,217
financial.indicator.surplus_rese_ps,surplus_rese_ps,2012,not_provided_by_source,13723,13470,253
financial.indicator.surplus_rese_ps,surplus_rese_ps,2013,not_provided_by_source,14280,13960,320
financial.indicator.surplus_rese_ps,surplus_rese_ps,2014,not_provided_by_source,15143,14737,406
financial.indicator.surplus_rese_ps,surplus_rese_ps,2015,not_provided_by_source,16225,15640,585
financial.indicator.surplus_rese_ps,surplus_rese_ps,2016,not_provided_by_source,17928,16697,1231
financial.indicator.surplus_rese_ps,surplus_rese_ps,2017,not_provided_by_source,18710,18128,582
financial.indicator.surplus_rese_ps,surplus_rese_ps,2018,not_provided_by_source,19035,18589,446
financial.indicator.surplus_rese_ps,surplus_rese_ps,2019,not_provided_by_source,19749,18996,753
financial.indicator.surplus_rese_ps,surplus_rese_ps,2020,not_provided_by_source,21007,19973,1034
financial.indicator.surplus_rese_ps,surplus_rese_ps,2021,not_provided_by_source,21479,20900,579
financial.indicator.surplus_rese_ps,surplus_rese_ps,2022,not_provided_by_source,21544,21238,306
financial.indicator.surplus_rese_ps,surplus_rese_ps,2023,not_provided_by_source,14469,14332,137
financial.indicator.surplus_rese_ps,surplus_rese_ps,2024,not_provided_by_source,12034,11911,123
financial.indicator.surplus_rese_ps,surplus_rese_ps,2025,not_provided_by_source,12859,12732,127
financial.indicator.surplus_rese_ps,surplus_rese_ps,2026,not_provided_by_source,7907,7793,114
financial.indicator.tangasset_to_intdebt,tangasset_to_intdebt,1990,not_provided_by_source,98,28,70
financial.indicator.tangasset_to_intdebt,tangasset_to_intdebt,1991,not_provided_by_source,144,62,82
financial.indicator.tangasset_to_intdebt,tangasset_to_intdebt,1992,not_provided_by_source,218,160,58
financial.indicator.tangasset_to_intdebt,tangasset_to_intdebt,1993,not_provided_by_source,592,486,106
financial.indicator.tangasset_to_intdebt,tangasset_to_intdebt,1994,not_provided_by_source,949,917,32
financial.indicator.tangasset_to_intdebt,tangasset_to_intdebt,1995,not_provided_by_source,1096,1082,14
financial.indicator.tangasset_to_intdebt,tangasset_to_intdebt,1996,not_provided_by_source,1378,1364,14
financial.indicator.tangasset_to_intdebt,tangasset_to_intdebt,1997,not_provided_by_source,1755,1705,50
financial.indicator.tangasset_to_intdebt,tangasset_to_intdebt,1998,not_provided_by_source,1794,1786,8
financial.indicator.tangasset_to_intdebt,tangasset_to_intdebt,1999,not_provided_by_source,1996,1920,76
financial.indicator.tangasset_to_intdebt,tangasset_to_intdebt,2000,not_provided_by_source,2042,2006,36
financial.indicator.tangasset_to_intdebt,tangasset_to_intdebt,2001,not_provided_by_source,2439,2221,218
financial.indicator.tangasset_to_intdebt,tangasset_to_intdebt,2002,not_provided_by_source,4116,4098,18
financial.indicator.tangasset_to_intdebt,tangasset_to_intdebt,2003,not_provided_by_source,4414,4036,378
financial.indicator.tangasset_to_intdebt,tangasset_to_intdebt,2004,not_provided_by_source,4808,4578,230
financial.indicator.tangasset_to_intdebt,tangasset_to_intdebt,2005,not_provided_by_source,5130,4802,328
financial.indicator.tangasset_to_intdebt,tangasset_to_intdebt,2006,not_provided_by_source,6042,5008,1034
financial.indicator.tangasset_to_intdebt,tangasset_to_intdebt,2007,not_provided_by_source,7275,6150,1125
financial.indicator.tangasset_to_intdebt,tangasset_to_intdebt,2008,not_provided_by_source,8085,6888,1197
financial.indicator.tangasset_to_intdebt,tangasset_to_intdebt,2009,not_provided_by_source,9808,7466,2342
financial.indicator.tangasset_to_intdebt,tangasset_to_intdebt,2010,not_provided_by_source,10706,8348,2358
financial.indicator.tangasset_to_intdebt,tangasset_to_intdebt,2011,not_provided_by_source,12606,9595,3011
financial.indicator.tangasset_to_intdebt,tangasset_to_intdebt,2012,not_provided_by_source,13723,10320,3403
financial.indicator.tangasset_to_intdebt,tangasset_to_intdebt,2013,not_provided_by_source,14280,10971,3309
financial.indicator.tangasset_to_intdebt,tangasset_to_intdebt,2014,not_provided_by_source,15143,12076,3067
financial.indicator.tangasset_to_intdebt,tangasset_to_intdebt,2015,not_provided_by_source,16225,13104,3121
financial.indicator.tangasset_to_intdebt,tangasset_to_intdebt,2016,not_provided_by_source,17928,13850,4078
financial.indicator.tangasset_to_intdebt,tangasset_to_intdebt,2017,not_provided_by_source,18710,14870,3840
financial.indicator.tangasset_to_intdebt,tangasset_to_intdebt,2018,not_provided_by_source,19035,15490,3545
financial.indicator.tangasset_to_intdebt,tangasset_to_intdebt,2019,not_provided_by_source,19749,15998,3751
financial.indicator.tangasset_to_intdebt,tangasset_to_intdebt,2020,not_provided_by_source,21007,16998,4009
financial.indicator.tangasset_to_intdebt,tangasset_to_intdebt,2021,not_provided_by_source,21479,19363,2116
financial.indicator.tangasset_to_intdebt,tangasset_to_intdebt,2022,not_provided_by_source,21544,20448,1096
financial.indicator.tangasset_to_intdebt,tangasset_to_intdebt,2023,not_provided_by_source,14469,13902,567
financial.indicator.tangasset_to_intdebt,tangasset_to_intdebt,2024,not_provided_by_source,12034,11546,488
financial.indicator.tangasset_to_intdebt,tangasset_to_intdebt,2025,not_provided_by_source,12859,12379,480
financial.indicator.tangasset_to_intdebt,tangasset_to_intdebt,2026,not_provided_by_source,7907,7646,261
financial.indicator.tangible_asset,tangible_asset,1990,not_provided_by_source,98,56,42
financial.indicator.tangible_asset,tangible_asset,1991,not_provided_by_source,144,102,42
financial.indicator.tangible_asset,tangible_asset,1992,not_provided_by_source,218,192,26
financial.indicator.tangible_asset,tangible_asset,1993,not_provided_by_source,592,530,62
financial.indicator.tangible_asset,tangible_asset,1994,not_provided_by_source,949,941,8
financial.indicator.tangible_asset,tangible_asset,1995,not_provided_by_source,1096,1086,10
financial.indicator.tangible_asset,tangible_asset,1996,not_provided_by_source,1378,1366,12
financial.indicator.tangible_asset,tangible_asset,1997,not_provided_by_source,1755,1705,50
financial.indicator.tangible_asset,tangible_asset,1998,not_provided_by_source,1794,1786,8
financial.indicator.tangible_asset,tangible_asset,1999,not_provided_by_source,1996,1920,76
financial.indicator.tangible_asset,tangible_asset,2000,not_provided_by_source,2042,2006,36
financial.indicator.tangible_asset,tangible_asset,2001,not_provided_by_source,2439,2221,218
financial.indicator.tangible_asset,tangible_asset,2002,not_provided_by_source,4116,4098,18
financial.indicator.tangible_asset,tangible_asset,2003,not_provided_by_source,4414,4238,176
financial.indicator.tangible_asset,tangible_asset,2004,not_provided_by_source,4808,4650,158
financial.indicator.tangible_asset,tangible_asset,2005,not_provided_by_source,5130,4934,196
financial.indicator.tangible_asset,tangible_asset,2006,not_provided_by_source,6042,5544,498
financial.indicator.tangible_asset,tangible_asset,2007,not_provided_by_source,7275,6748,527
financial.indicator.tangible_asset,tangible_asset,2008,not_provided_by_source,8085,7676,409
financial.indicator.tangible_asset,tangible_asset,2009,not_provided_by_source,9808,8560,1248
financial.indicator.tangible_asset,tangible_asset,2010,not_provided_by_source,10706,10336,370
financial.indicator.tangible_asset,tangible_asset,2011,not_provided_by_source,12606,12385,221
financial.indicator.tangible_asset,tangible_asset,2012,not_provided_by_source,13723,13460,263
financial.indicator.tangible_asset,tangible_asset,2013,not_provided_by_source,14280,14016,264
financial.indicator.tangible_asset,tangible_asset,2014,not_provided_by_source,15143,14775,368
financial.indicator.tangible_asset,tangible_asset,2015,not_provided_by_source,16225,15793,432
financial.indicator.tangible_asset,tangible_asset,2016,not_provided_by_source,17928,16756,1172
financial.indicator.tangible_asset,tangible_asset,2017,not_provided_by_source,18710,18150,560
financial.indicator.tangible_asset,tangible_asset,2018,not_provided_by_source,19035,18527,508
financial.indicator.tangible_asset,tangible_asset,2019,not_provided_by_source,19749,18943,806
financial.indicator.tangible_asset,tangible_asset,2020,not_provided_by_source,21007,19928,1079
financial.indicator.tangible_asset,tangible_asset,2021,not_provided_by_source,21479,20842,637
financial.indicator.tangible_asset,tangible_asset,2022,not_provided_by_source,21544,21177,367
financial.indicator.tangible_asset,tangible_asset,2023,not_provided_by_source,14469,14316,153
financial.indicator.tangible_asset,tangible_asset,2024,not_provided_by_source,12034,11876,158
financial.indicator.tangible_asset,tangible_asset,2025,not_provided_by_source,12859,12719,140
financial.indicator.tangible_asset,tangible_asset,2026,not_provided_by_source,7907,7856,51
financial.indicator.tangibleasset_to_debt,tangibleasset_to_debt,1990,not_provided_by_source,98,28,70
financial.indicator.tangibleasset_to_debt,tangibleasset_to_debt,1991,not_provided_by_source,144,64,80
financial.indicator.tangibleasset_to_debt,tangibleasset_to_debt,1992,not_provided_by_source,218,158,60
financial.indicator.tangibleasset_to_debt,tangibleasset_to_debt,1993,not_provided_by_source,592,486,106
financial.indicator.tangibleasset_to_debt,tangibleasset_to_debt,1994,not_provided_by_source,949,919,30
financial.indicator.tangibleasset_to_debt,tangibleasset_to_debt,1995,not_provided_by_source,1096,1082,14
financial.indicator.tangibleasset_to_debt,tangibleasset_to_debt,1996,not_provided_by_source,1378,1364,14
financial.indicator.tangibleasset_to_debt,tangibleasset_to_debt,1997,not_provided_by_source,1755,1705,50
financial.indicator.tangibleasset_to_debt,tangibleasset_to_debt,1998,not_provided_by_source,1794,1786,8
financial.indicator.tangibleasset_to_debt,tangibleasset_to_debt,1999,not_provided_by_source,1996,1920,76
financial.indicator.tangibleasset_to_debt,tangibleasset_to_debt,2000,not_provided_by_source,2042,2006,36
financial.indicator.tangibleasset_to_debt,tangibleasset_to_debt,2001,not_provided_by_source,2439,2221,218
financial.indicator.tangibleasset_to_debt,tangibleasset_to_debt,2002,not_provided_by_source,4116,4098,18
financial.indicator.tangibleasset_to_debt,tangibleasset_to_debt,2003,not_provided_by_source,4414,4036,378
financial.indicator.tangibleasset_to_debt,tangibleasset_to_debt,2004,not_provided_by_source,4808,4590,218
financial.indicator.tangibleasset_to_debt,tangibleasset_to_debt,2005,not_provided_by_source,5130,4846,284
financial.indicator.tangibleasset_to_debt,tangibleasset_to_debt,2006,not_provided_by_source,6042,5448,594
financial.indicator.tangibleasset_to_debt,tangibleasset_to_debt,2007,not_provided_by_source,7275,6734,541
financial.indicator.tangibleasset_to_debt,tangibleasset_to_debt,2008,not_provided_by_source,8085,7672,413
financial.indicator.tangibleasset_to_debt,tangibleasset_to_debt,2009,not_provided_by_source,9808,8556,1252
financial.indicator.tangibleasset_to_debt,tangibleasset_to_debt,2010,not_provided_by_source,10706,10330,376
financial.indicator.tangibleasset_to_debt,tangibleasset_to_debt,2011,not_provided_by_source,12606,12379,227
financial.indicator.tangibleasset_to_debt,tangibleasset_to_debt,2012,not_provided_by_source,13723,13450,273
financial.indicator.tangibleasset_to_debt,tangibleasset_to_debt,2013,not_provided_by_source,14280,13998,282
financial.indicator.tangibleasset_to_debt,tangibleasset_to_debt,2014,not_provided_by_source,15143,14767,376
financial.indicator.tangibleasset_to_debt,tangibleasset_to_debt,2015,not_provided_by_source,16225,15785,440
financial.indicator.tangibleasset_to_debt,tangibleasset_to_debt,2016,not_provided_by_source,17928,16752,1176
financial.indicator.tangibleasset_to_debt,tangibleasset_to_debt,2017,not_provided_by_source,18710,18146,564
financial.indicator.tangibleasset_to_debt,tangibleasset_to_debt,2018,not_provided_by_source,19035,18525,510
financial.indicator.tangibleasset_to_debt,tangibleasset_to_debt,2019,not_provided_by_source,19749,18938,811
financial.indicator.tangibleasset_to_debt,tangibleasset_to_debt,2020,not_provided_by_source,21007,19928,1079
financial.indicator.tangibleasset_to_debt,tangibleasset_to_debt,2021,not_provided_by_source,21479,20842,637
financial.indicator.tangibleasset_to_debt,tangibleasset_to_debt,2022,not_provided_by_source,21544,21173,371
financial.indicator.tangibleasset_to_debt,tangibleasset_to_debt,2023,not_provided_by_source,14469,14307,162
financial.indicator.tangibleasset_to_debt,tangibleasset_to_debt,2024,not_provided_by_source,12034,11872,162
financial.indicator.tangibleasset_to_debt,tangibleasset_to_debt,2025,not_provided_by_source,12859,12718,141
financial.indicator.tangibleasset_to_debt,tangibleasset_to_debt,2026,not_provided_by_source,7907,7856,51
financial.indicator.tangibleasset_to_netdebt,tangibleasset_to_netdebt,1990,not_provided_by_source,98,28,70
financial.indicator.tangibleasset_to_netdebt,tangibleasset_to_netdebt,1991,not_provided_by_source,144,54,90
financial.indicator.tangibleasset_to_netdebt,tangibleasset_to_netdebt,1992,not_provided_by_source,218,144,74
financial.indicator.tangibleasset_to_netdebt,tangibleasset_to_netdebt,1993,not_provided_by_source,592,438,154
financial.indicator.tangibleasset_to_netdebt,tangibleasset_to_netdebt,1994,not_provided_by_source,949,873,76
financial.indicator.tangibleasset_to_netdebt,tangibleasset_to_netdebt,1995,not_provided_by_source,1096,1060,36
financial.indicator.tangibleasset_to_netdebt,tangibleasset_to_netdebt,1996,not_provided_by_source,1378,1272,106
financial.indicator.tangibleasset_to_netdebt,tangibleasset_to_netdebt,1997,not_provided_by_source,1755,1539,216
financial.indicator.tangibleasset_to_netdebt,tangibleasset_to_netdebt,1998,not_provided_by_source,1794,1474,320
financial.indicator.tangibleasset_to_netdebt,tangibleasset_to_netdebt,1999,not_provided_by_source,1996,1548,448
financial.indicator.tangibleasset_to_netdebt,tangibleasset_to_netdebt,2000,not_provided_by_source,2042,1560,482
financial.indicator.tangibleasset_to_netdebt,tangibleasset_to_netdebt,2001,not_provided_by_source,2439,1743,696
financial.indicator.tangibleasset_to_netdebt,tangibleasset_to_netdebt,2002,not_provided_by_source,4116,3404,712
financial.indicator.tangibleasset_to_netdebt,tangibleasset_to_netdebt,2003,not_provided_by_source,4414,3358,1056
financial.indicator.tangibleasset_to_netdebt,tangibleasset_to_netdebt,2004,not_provided_by_source,4808,3812,996
financial.indicator.tangibleasset_to_netdebt,tangibleasset_to_netdebt,2005,not_provided_by_source,5130,3948,1182
financial.indicator.tangibleasset_to_netdebt,tangibleasset_to_netdebt,2006,not_provided_by_source,6042,3792,2250
financial.indicator.tangibleasset_to_netdebt,tangibleasset_to_netdebt,2007,not_provided_by_source,7275,4276,2999
financial.indicator.tangibleasset_to_netdebt,tangibleasset_to_netdebt,2008,not_provided_by_source,8085,4632,3453
financial.indicator.tangibleasset_to_netdebt,tangibleasset_to_netdebt,2009,not_provided_by_source,9808,4672,5136
financial.indicator.tangibleasset_to_netdebt,tangibleasset_to_netdebt,2010,not_provided_by_source,10706,4612,6094
financial.indicator.tangibleasset_to_netdebt,tangibleasset_to_netdebt,2011,not_provided_by_source,12606,4712,7894
financial.indicator.tangibleasset_to_netdebt,tangibleasset_to_netdebt,2012,not_provided_by_source,13723,5374,8349
financial.indicator.tangibleasset_to_netdebt,tangibleasset_to_netdebt,2013,not_provided_by_source,14280,6116,8164
financial.indicator.tangibleasset_to_netdebt,tangibleasset_to_netdebt,2014,not_provided_by_source,15143,7032,8111
financial.indicator.tangibleasset_to_netdebt,tangibleasset_to_netdebt,2015,not_provided_by_source,16225,7588,8637
financial.indicator.tangibleasset_to_netdebt,tangibleasset_to_netdebt,2016,not_provided_by_source,17928,7519,10409
financial.indicator.tangibleasset_to_netdebt,tangibleasset_to_netdebt,2017,not_provided_by_source,18710,8109,10601
financial.indicator.tangibleasset_to_netdebt,tangibleasset_to_netdebt,2018,not_provided_by_source,19035,9237,9798
financial.indicator.tangibleasset_to_netdebt,tangibleasset_to_netdebt,2019,not_provided_by_source,19749,9715,10034
financial.indicator.tangibleasset_to_netdebt,tangibleasset_to_netdebt,2020,not_provided_by_source,21007,9711,11296
financial.indicator.tangibleasset_to_netdebt,tangibleasset_to_netdebt,2021,not_provided_by_source,21479,10003,11476
financial.indicator.tangibleasset_to_netdebt,tangibleasset_to_netdebt,2022,not_provided_by_source,21544,10162,11382
financial.indicator.tangibleasset_to_netdebt,tangibleasset_to_netdebt,2023,not_provided_by_source,14469,6883,7586
financial.indicator.tangibleasset_to_netdebt,tangibleasset_to_netdebt,2024,not_provided_by_source,12034,6010,6024
financial.indicator.tangibleasset_to_netdebt,tangibleasset_to_netdebt,2025,not_provided_by_source,12859,6504,6355
financial.indicator.tangibleasset_to_netdebt,tangibleasset_to_netdebt,2026,not_provided_by_source,7907,4097,3810
financial.indicator.tax_to_ebt,tax_to_ebt,1990,not_provided_by_source,98,36,62
financial.indicator.tax_to_ebt,tax_to_ebt,1991,not_provided_by_source,144,62,82
financial.indicator.tax_to_ebt,tax_to_ebt,1992,not_provided_by_source,218,110,108
financial.indicator.tax_to_ebt,tax_to_ebt,1993,not_provided_by_source,592,402,190
financial.indicator.tax_to_ebt,tax_to_ebt,1994,not_provided_by_source,949,782,167
financial.indicator.tax_to_ebt,tax_to_ebt,1995,not_provided_by_source,1096,958,138
financial.indicator.tax_to_ebt,tax_to_ebt,1996,not_provided_by_source,1378,1202,176
financial.indicator.tax_to_ebt,tax_to_ebt,1997,not_provided_by_source,1755,1593,162
financial.indicator.tax_to_ebt,tax_to_ebt,1998,not_provided_by_source,1794,1554,240
financial.indicator.tax_to_ebt,tax_to_ebt,1999,not_provided_by_source,1996,1696,300
financial.indicator.tax_to_ebt,tax_to_ebt,2000,not_provided_by_source,2042,1674,368
financial.indicator.tax_to_ebt,tax_to_ebt,2001,not_provided_by_source,2439,1868,571
financial.indicator.tax_to_ebt,tax_to_ebt,2002,not_provided_by_source,4116,3062,1054
financial.indicator.tax_to_ebt,tax_to_ebt,2003,not_provided_by_source,4414,3349,1065
financial.indicator.tax_to_ebt,tax_to_ebt,2004,not_provided_by_source,4808,3740,1068
financial.indicator.tax_to_ebt,tax_to_ebt,2005,not_provided_by_source,5130,3798,1332
financial.indicator.tax_to_ebt,tax_to_ebt,2006,not_provided_by_source,6042,4837,1205
financial.indicator.tax_to_ebt,tax_to_ebt,2007,not_provided_by_source,7275,6170,1105
financial.indicator.tax_to_ebt,tax_to_ebt,2008,not_provided_by_source,8085,6806,1279
financial.indicator.tax_to_ebt,tax_to_ebt,2009,not_provided_by_source,9808,8352,1456
financial.indicator.tax_to_ebt,tax_to_ebt,2010,not_provided_by_source,10706,9584,1122
financial.indicator.tax_to_ebt,tax_to_ebt,2011,not_provided_by_source,12606,11383,1223
financial.indicator.tax_to_ebt,tax_to_ebt,2012,not_provided_by_source,13723,12022,1701
financial.indicator.tax_to_ebt,tax_to_ebt,2013,not_provided_by_source,14280,12404,1876
financial.indicator.tax_to_ebt,tax_to_ebt,2014,not_provided_by_source,15143,13185,1958
financial.indicator.tax_to_ebt,tax_to_ebt,2015,not_provided_by_source,16225,13725,2500
financial.indicator.tax_to_ebt,tax_to_ebt,2016,not_provided_by_source,17928,15815,2113
financial.indicator.tax_to_ebt,tax_to_ebt,2017,not_provided_by_source,18710,16767,1943
financial.indicator.tax_to_ebt,tax_to_ebt,2018,not_provided_by_source,19035,16616,2419
financial.indicator.tax_to_ebt,tax_to_ebt,2019,not_provided_by_source,19749,16974,2775
financial.indicator.tax_to_ebt,tax_to_ebt,2020,not_provided_by_source,21007,16601,4406
financial.indicator.tax_to_ebt,tax_to_ebt,2021,not_provided_by_source,21479,17890,3589
financial.indicator.tax_to_ebt,tax_to_ebt,2022,not_provided_by_source,21544,16617,4927
financial.indicator.tax_to_ebt,tax_to_ebt,2023,not_provided_by_source,14469,10719,3750
financial.indicator.tax_to_ebt,tax_to_ebt,2024,not_provided_by_source,12034,8616,3418
financial.indicator.tax_to_ebt,tax_to_ebt,2025,not_provided_by_source,12859,9206,3653
financial.indicator.tax_to_ebt,tax_to_ebt,2026,not_provided_by_source,7907,5424,2483
financial.indicator.tbassets_to_totalassets,tbassets_to_totalassets,1990,not_provided_by_source,98,56,42
financial.indicator.tbassets_to_totalassets,tbassets_to_totalassets,1991,not_provided_by_source,144,102,42
financial.indicator.tbassets_to_totalassets,tbassets_to_totalassets,1992,not_provided_by_source,218,192,26
financial.indicator.tbassets_to_totalassets,tbassets_to_totalassets,1993,not_provided_by_source,592,530,62
financial.indicator.tbassets_to_totalassets,tbassets_to_totalassets,1994,not_provided_by_source,949,941,8
financial.indicator.tbassets_to_totalassets,tbassets_to_totalassets,1995,not_provided_by_source,1096,1086,10
financial.indicator.tbassets_to_totalassets,tbassets_to_totalassets,1996,not_provided_by_source,1378,1366,12
financial.indicator.tbassets_to_totalassets,tbassets_to_totalassets,1997,not_provided_by_source,1755,1705,50
financial.indicator.tbassets_to_totalassets,tbassets_to_totalassets,1998,not_provided_by_source,1794,1786,8
financial.indicator.tbassets_to_totalassets,tbassets_to_totalassets,1999,not_provided_by_source,1996,1920,76
financial.indicator.tbassets_to_totalassets,tbassets_to_totalassets,2000,not_provided_by_source,2042,2006,36
financial.indicator.tbassets_to_totalassets,tbassets_to_totalassets,2001,not_provided_by_source,2439,2221,218
financial.indicator.tbassets_to_totalassets,tbassets_to_totalassets,2002,not_provided_by_source,4116,4098,18
financial.indicator.tbassets_to_totalassets,tbassets_to_totalassets,2003,not_provided_by_source,4414,4238,176
financial.indicator.tbassets_to_totalassets,tbassets_to_totalassets,2004,not_provided_by_source,4808,4650,158
financial.indicator.tbassets_to_totalassets,tbassets_to_totalassets,2005,not_provided_by_source,5130,4934,196
financial.indicator.tbassets_to_totalassets,tbassets_to_totalassets,2006,not_provided_by_source,6042,5542,500
financial.indicator.tbassets_to_totalassets,tbassets_to_totalassets,2007,not_provided_by_source,7275,6748,527
financial.indicator.tbassets_to_totalassets,tbassets_to_totalassets,2008,not_provided_by_source,8085,7676,409
financial.indicator.tbassets_to_totalassets,tbassets_to_totalassets,2009,not_provided_by_source,9808,8558,1250
financial.indicator.tbassets_to_totalassets,tbassets_to_totalassets,2010,not_provided_by_source,10706,10332,374
financial.indicator.tbassets_to_totalassets,tbassets_to_totalassets,2011,not_provided_by_source,12606,12383,223
financial.indicator.tbassets_to_totalassets,tbassets_to_totalassets,2012,not_provided_by_source,13723,13460,263
financial.indicator.tbassets_to_totalassets,tbassets_to_totalassets,2013,not_provided_by_source,14280,14016,264
financial.indicator.tbassets_to_totalassets,tbassets_to_totalassets,2014,not_provided_by_source,15143,14771,372
financial.indicator.tbassets_to_totalassets,tbassets_to_totalassets,2015,not_provided_by_source,16225,15793,432
financial.indicator.tbassets_to_totalassets,tbassets_to_totalassets,2016,not_provided_by_source,17928,16756,1172
financial.indicator.tbassets_to_totalassets,tbassets_to_totalassets,2017,not_provided_by_source,18710,18150,560
financial.indicator.tbassets_to_totalassets,tbassets_to_totalassets,2018,not_provided_by_source,19035,18527,508
financial.indicator.tbassets_to_totalassets,tbassets_to_totalassets,2019,not_provided_by_source,19749,18943,806
financial.indicator.tbassets_to_totalassets,tbassets_to_totalassets,2020,not_provided_by_source,21007,19928,1079
financial.indicator.tbassets_to_totalassets,tbassets_to_totalassets,2021,not_provided_by_source,21479,20842,637
financial.indicator.tbassets_to_totalassets,tbassets_to_totalassets,2022,not_provided_by_source,21544,21177,367
financial.indicator.tbassets_to_totalassets,tbassets_to_totalassets,2023,not_provided_by_source,14469,14316,153
financial.indicator.tbassets_to_totalassets,tbassets_to_totalassets,2024,not_provided_by_source,12034,11876,158
financial.indicator.tbassets_to_totalassets,tbassets_to_totalassets,2025,not_provided_by_source,12859,12719,140
financial.indicator.tbassets_to_totalassets,tbassets_to_totalassets,2026,not_provided_by_source,7907,7856,51
financial.indicator.total_fa_trun,total_fa_trun,1990,not_provided_by_source,98,2,96
financial.indicator.total_fa_trun,total_fa_trun,1991,not_provided_by_source,144,38,106
financial.indicator.total_fa_trun,total_fa_trun,1992,not_provided_by_source,218,78,140
financial.indicator.total_fa_trun,total_fa_trun,1993,not_provided_by_source,592,188,404
financial.indicator.total_fa_trun,total_fa_trun,1994,not_provided_by_source,949,516,433
financial.indicator.total_fa_trun,total_fa_trun,1995,not_provided_by_source,1096,966,130
financial.indicator.total_fa_trun,total_fa_trun,1996,not_provided_by_source,1378,1280,98
financial.indicator.total_fa_trun,total_fa_trun,1997,not_provided_by_source,1755,1631,124
financial.indicator.total_fa_trun,total_fa_trun,1998,not_provided_by_source,1794,1792,2
financial.indicator.total_fa_trun,total_fa_trun,1999,not_provided_by_source,1996,1922,74
financial.indicator.total_fa_trun,total_fa_trun,2000,not_provided_by_source,2042,2002,40
financial.indicator.total_fa_trun,total_fa_trun,2001,not_provided_by_source,2439,2111,328
financial.indicator.total_fa_trun,total_fa_trun,2002,not_provided_by_source,4116,3966,150
financial.indicator.total_fa_trun,total_fa_trun,2003,not_provided_by_source,4414,3876,538
financial.indicator.total_fa_trun,total_fa_trun,2004,not_provided_by_source,4808,4484,324
financial.indicator.total_fa_trun,total_fa_trun,2005,not_provided_by_source,5130,4754,376
financial.indicator.total_fa_trun,total_fa_trun,2006,not_provided_by_source,6042,5429,613
financial.indicator.total_fa_trun,total_fa_trun,2007,not_provided_by_source,7275,6746,529
financial.indicator.total_fa_trun,total_fa_trun,2008,not_provided_by_source,8085,7729,356
financial.indicator.total_fa_trun,total_fa_trun,2009,not_provided_by_source,9808,8600,1208
financial.indicator.total_fa_trun,total_fa_trun,2010,not_provided_by_source,10706,10362,344
financial.indicator.total_fa_trun,total_fa_trun,2011,not_provided_by_source,12606,12427,179
financial.indicator.total_fa_trun,total_fa_trun,2012,not_provided_by_source,13723,13538,185
financial.indicator.total_fa_trun,total_fa_trun,2013,not_provided_by_source,14280,14092,188
financial.indicator.total_fa_trun,total_fa_trun,2014,not_provided_by_source,15143,14907,236
financial.indicator.total_fa_trun,total_fa_trun,2015,not_provided_by_source,16225,15920,305
financial.indicator.total_fa_trun,total_fa_trun,2016,not_provided_by_source,17928,17613,315
financial.indicator.total_fa_trun,total_fa_trun,2017,not_provided_by_source,18710,18332,378
financial.indicator.total_fa_trun,total_fa_trun,2018,not_provided_by_source,19035,18668,367
financial.indicator.total_fa_trun,total_fa_trun,2019,not_provided_by_source,19749,19110,639
financial.indicator.total_fa_trun,total_fa_trun,2020,not_provided_by_source,21007,20108,899
financial.indicator.total_fa_trun,total_fa_trun,2021,not_provided_by_source,21479,21032,447
financial.indicator.total_fa_trun,total_fa_trun,2022,not_provided_by_source,21544,21369,175
financial.indicator.total_fa_trun,total_fa_trun,2023,not_provided_by_source,14469,14417,52
financial.indicator.total_fa_trun,total_fa_trun,2024,not_provided_by_source,12034,11969,65
financial.indicator.total_fa_trun,total_fa_trun,2025,not_provided_by_source,12859,12824,35
financial.indicator.total_fa_trun,total_fa_trun,2026,not_provided_by_source,7907,7891,16
financial.indicator.total_revenue_ps,total_revenue_ps,1990,not_provided_by_source,98,18,80
financial.indicator.total_revenue_ps,total_revenue_ps,1991,not_provided_by_source,144,52,92
financial.indicator.total_revenue_ps,total_revenue_ps,1992,not_provided_by_source,218,130,88
financial.indicator.total_revenue_ps,total_revenue_ps,1993,not_provided_by_source,592,374,218
financial.indicator.total_revenue_ps,total_revenue_ps,1994,not_provided_by_source,949,840,109
financial.indicator.total_revenue_ps,total_revenue_ps,1995,not_provided_by_source,1096,1010,86
financial.indicator.total_revenue_ps,total_revenue_ps,1996,not_provided_by_source,1378,1272,106
financial.indicator.total_revenue_ps,total_revenue_ps,1997,not_provided_by_source,1755,1665,90
financial.indicator.total_revenue_ps,total_revenue_ps,1998,not_provided_by_source,1794,1772,22
financial.indicator.total_revenue_ps,total_revenue_ps,1999,not_provided_by_source,1996,1926,70
financial.indicator.total_revenue_ps,total_revenue_ps,2000,not_provided_by_source,2042,2004,38
financial.indicator.total_revenue_ps,total_revenue_ps,2001,not_provided_by_source,2439,2209,230
financial.indicator.total_revenue_ps,total_revenue_ps,2002,not_provided_by_source,4116,4092,24
financial.indicator.total_revenue_ps,total_revenue_ps,2003,not_provided_by_source,4414,4228,186
financial.indicator.total_revenue_ps,total_revenue_ps,2004,not_provided_by_source,4808,4586,222
financial.indicator.total_revenue_ps,total_revenue_ps,2005,not_provided_by_source,5130,4848,282
financial.indicator.total_revenue_ps,total_revenue_ps,2006,not_provided_by_source,6042,5530,512
financial.indicator.total_revenue_ps,total_revenue_ps,2007,not_provided_by_source,7275,6764,511
financial.indicator.total_revenue_ps,total_revenue_ps,2008,not_provided_by_source,8085,7738,347
financial.indicator.total_revenue_ps,total_revenue_ps,2009,not_provided_by_source,9808,8620,1188
financial.indicator.total_revenue_ps,total_revenue_ps,2010,not_provided_by_source,10706,10386,320
financial.indicator.total_revenue_ps,total_revenue_ps,2011,not_provided_by_source,12606,12445,161
financial.indicator.total_revenue_ps,total_revenue_ps,2012,not_provided_by_source,13723,13544,179
financial.indicator.total_revenue_ps,total_revenue_ps,2013,not_provided_by_source,14280,14066,214
financial.indicator.total_revenue_ps,total_revenue_ps,2014,not_provided_by_source,15143,14845,298
financial.indicator.total_revenue_ps,total_revenue_ps,2015,not_provided_by_source,16225,15802,423
financial.indicator.total_revenue_ps,total_revenue_ps,2016,not_provided_by_source,17928,16855,1073
financial.indicator.total_revenue_ps,total_revenue_ps,2017,not_provided_by_source,18710,18239,471
financial.indicator.total_revenue_ps,total_revenue_ps,2018,not_provided_by_source,19035,18670,365
financial.indicator.total_revenue_ps,total_revenue_ps,2019,not_provided_by_source,19749,19114,635
financial.indicator.total_revenue_ps,total_revenue_ps,2020,not_provided_by_source,21007,20118,889
financial.indicator.total_revenue_ps,total_revenue_ps,2021,not_provided_by_source,21479,21043,436
financial.indicator.total_revenue_ps,total_revenue_ps,2022,not_provided_by_source,21544,21375,169
financial.indicator.total_revenue_ps,total_revenue_ps,2023,not_provided_by_source,14469,14422,47
financial.indicator.total_revenue_ps,total_revenue_ps,2024,not_provided_by_source,12034,11975,59
financial.indicator.total_revenue_ps,total_revenue_ps,2025,not_provided_by_source,12859,12829,30
financial.indicator.total_revenue_ps,total_revenue_ps,2026,not_provided_by_source,7907,7897,10
financial.indicator.tr_yoy,tr_yoy,1990,not_provided_by_source,98,20,78
financial.indicator.tr_yoy,tr_yoy,1991,not_provided_by_source,144,92,52
financial.indicator.tr_yoy,tr_yoy,1992,not_provided_by_source,218,140,78
financial.indicator.tr_yoy,tr_yoy,1993,not_provided_by_source,592,208,384
financial.indicator.tr_yoy,tr_yoy,1994,not_provided_by_source,949,564,385
financial.indicator.tr_yoy,tr_yoy,1995,not_provided_by_source,1096,946,150
financial.indicator.tr_yoy,tr_yoy,1996,not_provided_by_source,1378,1090,288
financial.indicator.tr_yoy,tr_yoy,1997,not_provided_by_source,1755,1343,412
financial.indicator.tr_yoy,tr_yoy,1998,not_provided_by_source,1794,1729,65
financial.indicator.tr_yoy,tr_yoy,1999,not_provided_by_source,1996,1790,206
financial.indicator.tr_yoy,tr_yoy,2000,not_provided_by_source,2042,1988,54
financial.indicator.tr_yoy,tr_yoy,2001,not_provided_by_source,2439,2025,414
financial.indicator.tr_yoy,tr_yoy,2002,not_provided_by_source,4116,2406,1710
financial.indicator.tr_yoy,tr_yoy,2003,not_provided_by_source,4414,4078,336
financial.indicator.tr_yoy,tr_yoy,2004,not_provided_by_source,4808,4350,458
financial.indicator.tr_yoy,tr_yoy,2005,not_provided_by_source,5130,4702,428
financial.indicator.tr_yoy,tr_yoy,2006,not_provided_by_source,6042,4972,1070
financial.indicator.tr_yoy,tr_yoy,2007,not_provided_by_source,7275,5936,1339
financial.indicator.tr_yoy,tr_yoy,2008,not_provided_by_source,8085,7158,927
financial.indicator.tr_yoy,tr_yoy,2009,not_provided_by_source,9808,7957,1851
financial.indicator.tr_yoy,tr_yoy,2010,not_provided_by_source,10706,9844,862
financial.indicator.tr_yoy,tr_yoy,2011,not_provided_by_source,12606,11485,1121
financial.indicator.tr_yoy,tr_yoy,2012,not_provided_by_source,13723,13069,654
financial.indicator.tr_yoy,tr_yoy,2013,not_provided_by_source,14280,13665,615
financial.indicator.tr_yoy,tr_yoy,2014,not_provided_by_source,15143,14334,809
financial.indicator.tr_yoy,tr_yoy,2015,not_provided_by_source,16225,15330,895
financial.indicator.tr_yoy,tr_yoy,2016,not_provided_by_source,17928,16364,1564
financial.indicator.tr_yoy,tr_yoy,2017,not_provided_by_source,18710,17754,956
financial.indicator.tr_yoy,tr_yoy,2018,not_provided_by_source,19035,18473,562
financial.indicator.tr_yoy,tr_yoy,2019,not_provided_by_source,19749,18877,872
financial.indicator.tr_yoy,tr_yoy,2020,not_provided_by_source,21007,19623,1384
financial.indicator.tr_yoy,tr_yoy,2021,not_provided_by_source,21479,20922,557
financial.indicator.tr_yoy,tr_yoy,2022,not_provided_by_source,21544,21336,208
financial.indicator.tr_yoy,tr_yoy,2023,not_provided_by_source,14469,14431,38
financial.indicator.tr_yoy,tr_yoy,2024,not_provided_by_source,12034,11994,40
financial.indicator.tr_yoy,tr_yoy,2025,not_provided_by_source,12859,12813,46
financial.indicator.tr_yoy,tr_yoy,2026,not_provided_by_source,7907,7896,11
financial.indicator.turn_days,turn_days,1990,not_provided_by_source,98,24,74
financial.indicator.turn_days,turn_days,1991,not_provided_by_source,144,62,82
financial.indicator.turn_days,turn_days,1992,not_provided_by_source,218,102,116
financial.indicator.turn_days,turn_days,1993,not_provided_by_source,592,392,200
financial.indicator.turn_days,turn_days,1994,not_provided_by_source,949,800,149
financial.indicator.turn_days,turn_days,1995,not_provided_by_source,1096,994,102
financial.indicator.turn_days,turn_days,1996,not_provided_by_source,1378,1034,344
financial.indicator.turn_days,turn_days,1997,not_provided_by_source,1755,1063,692
financial.indicator.turn_days,turn_days,1998,not_provided_by_source,1794,1784,10
financial.indicator.turn_days,turn_days,1999,not_provided_by_source,1996,1888,108
financial.indicator.turn_days,turn_days,2000,not_provided_by_source,2042,1998,44
financial.indicator.turn_days,turn_days,2001,not_provided_by_source,2439,2191,248
financial.indicator.turn_days,turn_days,2002,not_provided_by_source,4116,4034,82
financial.indicator.turn_days,turn_days,2003,not_provided_by_source,4414,4198,216
financial.indicator.turn_days,turn_days,2004,not_provided_by_source,4808,4553,255
financial.indicator.turn_days,turn_days,2005,not_provided_by_source,5130,4742,388
financial.indicator.turn_days,turn_days,2006,not_provided_by_source,6042,5351,691
financial.indicator.turn_days,turn_days,2007,not_provided_by_source,7275,6598,677
financial.indicator.turn_days,turn_days,2008,not_provided_by_source,8085,7528,557
financial.indicator.turn_days,turn_days,2009,not_provided_by_source,9808,8400,1408
financial.indicator.turn_days,turn_days,2010,not_provided_by_source,10706,10156,550
financial.indicator.turn_days,turn_days,2011,not_provided_by_source,12606,12228,378
financial.indicator.turn_days,turn_days,2012,not_provided_by_source,13723,13329,394
financial.indicator.turn_days,turn_days,2013,not_provided_by_source,14280,13909,371
financial.indicator.turn_days,turn_days,2014,not_provided_by_source,15143,14737,406
financial.indicator.turn_days,turn_days,2015,not_provided_by_source,16225,15767,458
financial.indicator.turn_days,turn_days,2016,not_provided_by_source,17928,17433,495
financial.indicator.turn_days,turn_days,2017,not_provided_by_source,18710,18115,595
financial.indicator.turn_days,turn_days,2018,not_provided_by_source,19035,18446,589
financial.indicator.turn_days,turn_days,2019,not_provided_by_source,19749,18870,879
financial.indicator.turn_days,turn_days,2020,not_provided_by_source,21007,19868,1139
financial.indicator.turn_days,turn_days,2021,not_provided_by_source,21479,20808,671
financial.indicator.turn_days,turn_days,2022,not_provided_by_source,21544,21133,411
financial.indicator.turn_days,turn_days,2023,not_provided_by_source,14469,14261,208
financial.indicator.turn_days,turn_days,2024,not_provided_by_source,12034,11840,194
financial.indicator.turn_days,turn_days,2025,not_provided_by_source,12859,12693,166
financial.indicator.turn_days,turn_days,2026,not_provided_by_source,7907,7819,88
financial.indicator.undist_profit_ps,undist_profit_ps,1990,not_provided_by_source,98,8,90
financial.indicator.undist_profit_ps,undist_profit_ps,1991,not_provided_by_source,144,38,106
financial.indicator.undist_profit_ps,undist_profit_ps,1992,not_provided_by_source,218,98,120
financial.indicator.undist_profit_ps,undist_profit_ps,1993,not_provided_by_source,592,298,294
financial.indicator.undist_profit_ps,undist_profit_ps,1994,not_provided_by_source,949,497,452
financial.indicator.undist_profit_ps,undist_profit_ps,1995,not_provided_by_source,1096,602,494
financial.indicator.undist_profit_ps,undist_profit_ps,1996,not_provided_by_source,1378,1018,360
financial.indicator.undist_profit_ps,undist_profit_ps,1997,not_provided_by_source,1755,1555,200
financial.indicator.undist_profit_ps,undist_profit_ps,1998,not_provided_by_source,1794,1718,76
financial.indicator.undist_profit_ps,undist_profit_ps,1999,not_provided_by_source,1996,1898,98
financial.indicator.undist_profit_ps,undist_profit_ps,2000,not_provided_by_source,2042,2008,34
financial.indicator.undist_profit_ps,undist_profit_ps,2001,not_provided_by_source,2439,2155,284
financial.indicator.undist_profit_ps,undist_profit_ps,2002,not_provided_by_source,4116,3750,366
financial.indicator.undist_profit_ps,undist_profit_ps,2003,not_provided_by_source,4414,4046,368
financial.indicator.undist_profit_ps,undist_profit_ps,2004,not_provided_by_source,4808,4604,204
financial.indicator.undist_profit_ps,undist_profit_ps,2005,not_provided_by_source,5130,4862,268
financial.indicator.undist_profit_ps,undist_profit_ps,2006,not_provided_by_source,6042,5480,562
financial.indicator.undist_profit_ps,undist_profit_ps,2007,not_provided_by_source,7275,6788,487
financial.indicator.undist_profit_ps,undist_profit_ps,2008,not_provided_by_source,8085,7766,319
financial.indicator.undist_profit_ps,undist_profit_ps,2009,not_provided_by_source,9808,8658,1150
financial.indicator.undist_profit_ps,undist_profit_ps,2010,not_provided_by_source,10706,10442,264
financial.indicator.undist_profit_ps,undist_profit_ps,2011,not_provided_by_source,12606,12501,105
financial.indicator.undist_profit_ps,undist_profit_ps,2012,not_provided_by_source,13723,13574,149
financial.indicator.undist_profit_ps,undist_profit_ps,2013,not_provided_by_source,14280,14102,178
financial.indicator.undist_profit_ps,undist_profit_ps,2014,not_provided_by_source,15143,14887,256
financial.indicator.undist_profit_ps,undist_profit_ps,2015,not_provided_by_source,16225,15836,389
financial.indicator.undist_profit_ps,undist_profit_ps,2016,not_provided_by_source,17928,16885,1043
financial.indicator.undist_profit_ps,undist_profit_ps,2017,not_provided_by_source,18710,18271,439
financial.indicator.undist_profit_ps,undist_profit_ps,2018,not_provided_by_source,19035,18710,325
financial.indicator.undist_profit_ps,undist_profit_ps,2019,not_provided_by_source,19749,19148,601
financial.indicator.undist_profit_ps,undist_profit_ps,2020,not_provided_by_source,21007,20140,867
financial.indicator.undist_profit_ps,undist_profit_ps,2021,not_provided_by_source,21479,21050,429
financial.indicator.undist_profit_ps,undist_profit_ps,2022,not_provided_by_source,21544,21383,161
financial.indicator.undist_profit_ps,undist_profit_ps,2023,not_provided_by_source,14469,14425,44
financial.indicator.undist_profit_ps,undist_profit_ps,2024,not_provided_by_source,12034,11983,51
financial.indicator.undist_profit_ps,undist_profit_ps,2025,not_provided_by_source,12859,12832,27
financial.indicator.undist_profit_ps,undist_profit_ps,2026,not_provided_by_source,7907,7899,8
financial.indicator.valuechange_income,valuechange_income,1990,not_provided_by_source,98,14,84
financial.indicator.valuechange_income,valuechange_income,1991,not_provided_by_source,144,28,116
financial.indicator.valuechange_income,valuechange_income,1992,not_provided_by_source,218,82,136
financial.indicator.valuechange_income,valuechange_income,1993,not_provided_by_source,592,318,274
financial.indicator.valuechange_income,valuechange_income,1994,not_provided_by_source,949,674,275
financial.indicator.valuechange_income,valuechange_income,1995,not_provided_by_source,1096,824,272
financial.indicator.valuechange_income,valuechange_income,1996,not_provided_by_source,1378,1058,320
financial.indicator.valuechange_income,valuechange_income,1997,not_provided_by_source,1755,1289,466
financial.indicator.valuechange_income,valuechange_income,1998,not_provided_by_source,1794,1347,447
financial.indicator.valuechange_income,valuechange_income,1999,not_provided_by_source,1996,1429,567
financial.indicator.valuechange_income,valuechange_income,2000,not_provided_by_source,2042,1656,386
financial.indicator.valuechange_income,valuechange_income,2001,not_provided_by_source,2439,2050,389
financial.indicator.valuechange_income,valuechange_income,2002,not_provided_by_source,4116,3254,862
financial.indicator.valuechange_income,valuechange_income,2003,not_provided_by_source,4414,3521,893
financial.indicator.valuechange_income,valuechange_income,2004,not_provided_by_source,4808,3835,973
financial.indicator.valuechange_income,valuechange_income,2005,not_provided_by_source,5130,3946,1184
financial.indicator.valuechange_income,valuechange_income,2006,not_provided_by_source,6042,4238,1804
financial.indicator.valuechange_income,valuechange_income,2007,not_provided_by_source,7275,4602,2673
financial.indicator.valuechange_income,valuechange_income,2008,not_provided_by_source,8085,4948,3137
financial.indicator.valuechange_income,valuechange_income,2009,not_provided_by_source,9808,5690,4118
financial.indicator.valuechange_income,valuechange_income,2010,not_provided_by_source,10706,6090,4616
financial.indicator.valuechange_income,valuechange_income,2011,not_provided_by_source,12606,7039,5567
financial.indicator.valuechange_income,valuechange_income,2012,not_provided_by_source,13723,8259,5464
financial.indicator.valuechange_income,valuechange_income,2013,not_provided_by_source,14280,9099,5181
financial.indicator.valuechange_income,valuechange_income,2014,not_provided_by_source,15143,10711,4432
financial.indicator.valuechange_income,valuechange_income,2015,not_provided_by_source,16225,12095,4130
financial.indicator.valuechange_income,valuechange_income,2016,not_provided_by_source,17928,14037,3891
financial.indicator.valuechange_income,valuechange_income,2017,not_provided_by_source,18710,15652,3058
financial.indicator.valuechange_income,valuechange_income,2018,not_provided_by_source,19035,16703,2332
financial.indicator.valuechange_income,valuechange_income,2019,not_provided_by_source,19749,17420,2329
financial.indicator.valuechange_income,valuechange_income,2020,not_provided_by_source,21007,18605,2402
financial.indicator.valuechange_income,valuechange_income,2021,not_provided_by_source,21479,19415,2064
financial.indicator.valuechange_income,valuechange_income,2022,not_provided_by_source,21544,19909,1635
financial.indicator.valuechange_income,valuechange_income,2023,not_provided_by_source,14469,13359,1110
financial.indicator.valuechange_income,valuechange_income,2024,not_provided_by_source,12034,11287,747
financial.indicator.valuechange_income,valuechange_income,2025,not_provided_by_source,12859,12199,660
financial.indicator.valuechange_income,valuechange_income,2026,not_provided_by_source,7907,7529,378
financial.indicator.working_capital,working_capital,1990,not_provided_by_source,98,54,44
financial.indicator.working_capital,working_capital,1991,not_provided_by_source,144,104,40
financial.indicator.working_capital,working_capital,1992,not_provided_by_source,218,194,24
financial.indicator.working_capital,working_capital,1993,not_provided_by_source,592,528,64
financial.indicator.working_capital,working_capital,1994,not_provided_by_source,949,939,10
financial.indicator.working_capital,working_capital,1995,not_provided_by_source,1096,1086,10
financial.indicator.working_capital,working_capital,1996,not_provided_by_source,1378,1366,12
financial.indicator.working_capital,working_capital,1997,not_provided_by_source,1755,1705,50
financial.indicator.working_capital,working_capital,1998,not_provided_by_source,1794,1786,8
financial.indicator.working_capital,working_capital,1999,not_provided_by_source,1996,1920,76
financial.indicator.working_capital,working_capital,2000,not_provided_by_source,2042,2006,36
financial.indicator.working_capital,working_capital,2001,not_provided_by_source,2439,2221,218
financial.indicator.working_capital,working_capital,2002,not_provided_by_source,4116,4098,18
financial.indicator.working_capital,working_capital,2003,not_provided_by_source,4414,4040,374
financial.indicator.working_capital,working_capital,2004,not_provided_by_source,4808,4594,214
financial.indicator.working_capital,working_capital,2005,not_provided_by_source,5130,4856,274
financial.indicator.working_capital,working_capital,2006,not_provided_by_source,6042,5452,590
financial.indicator.working_capital,working_capital,2007,not_provided_by_source,7275,6744,531
financial.indicator.working_capital,working_capital,2008,not_provided_by_source,8085,7676,409
financial.indicator.working_capital,working_capital,2009,not_provided_by_source,9808,8560,1248
financial.indicator.working_capital,working_capital,2010,not_provided_by_source,10706,10336,370
financial.indicator.working_capital,working_capital,2011,not_provided_by_source,12606,12385,221
financial.indicator.working_capital,working_capital,2012,not_provided_by_source,13723,13452,271
financial.indicator.working_capital,working_capital,2013,not_provided_by_source,14280,13994,286
financial.indicator.working_capital,working_capital,2014,not_provided_by_source,15143,14763,380
financial.indicator.working_capital,working_capital,2015,not_provided_by_source,16225,15765,460
financial.indicator.working_capital,working_capital,2016,not_provided_by_source,17928,16739,1189
financial.indicator.working_capital,working_capital,2017,not_provided_by_source,18710,18119,591
financial.indicator.working_capital,working_capital,2018,not_provided_by_source,19035,18524,511
financial.indicator.working_capital,working_capital,2019,not_provided_by_source,19749,18934,815
financial.indicator.working_capital,working_capital,2020,not_provided_by_source,21007,19926,1081
financial.indicator.working_capital,working_capital,2021,not_provided_by_source,21479,20842,637
financial.indicator.working_capital,working_capital,2022,not_provided_by_source,21544,21172,372
financial.indicator.working_capital,working_capital,2023,not_provided_by_source,14469,14286,183
financial.indicator.working_capital,working_capital,2024,not_provided_by_source,12034,11869,165
financial.indicator.working_capital,working_capital,2025,not_provided_by_source,12859,12716,143
financial.indicator.working_capital,working_capital,2026,not_provided_by_source,7907,7829,78
