field_id,year,company_type,listed_security_sessions,dsl_non_null,dsl_missing
financial.indicator.adminexp_of_gr,2010,not_provided_by_source,452712,448961,3751
financial.indicator.adminexp_of_gr,2011,not_provided_by_source,536606,532628,3978
financial.indicator.adminexp_of_gr,2012,not_provided_by_source,586712,583661,3051
financial.indicator.adminexp_of_gr,2013,not_provided_by_source,587580,586482,1098
financial.indicator.adminexp_of_gr,2014,not_provided_by_source,620068,618610,1458
financial.indicator.adminexp_of_gr,2015,not_provided_by_source,665185,664263,922
financial.indicator.adminexp_of_gr,2016,not_provided_by_source,704146,703296,850
financial.indicator.adminexp_of_gr,2017,not_provided_by_source,799069,798543,526
financial.indicator.adminexp_of_gr,2018,not_provided_by_source,856805,856183,622
financial.indicator.adminexp_of_gr,2019,not_provided_by_source,890261,889728,533
financial.indicator.adminexp_of_gr,2020,not_provided_by_source,952002,950523,1479
financial.indicator.adminexp_of_gr,2021,not_provided_by_source,1062390,1058969,3421
financial.indicator.adminexp_of_gr,2022,not_provided_by_source,1149262,1143626,5636
financial.indicator.adminexp_of_gr,2023,not_provided_by_source,1211954,1204044,7910
financial.indicator.adminexp_of_gr,2024,not_provided_by_source,1236332,1233556,2776
financial.indicator.adminexp_of_gr,2025,not_provided_by_source,1251467,1246661,4806
financial.indicator.adminexp_of_gr,2026,not_provided_by_source,868253,857425,10828
financial.indicator.ar_turn,2010,not_provided_by_source,452712,436257,16455
financial.indicator.ar_turn,2011,not_provided_by_source,536606,518075,18531
financial.indicator.ar_turn,2012,not_provided_by_source,586712,568784,17928
financial.indicator.ar_turn,2013,not_provided_by_source,587580,572100,15480
financial.indicator.ar_turn,2014,not_provided_by_source,620068,604930,15138
financial.indicator.ar_turn,2015,not_provided_by_source,665185,648880,16305
financial.indicator.ar_turn,2016,not_provided_by_source,704146,685960,18186
financial.indicator.ar_turn,2017,not_provided_by_source,799069,776799,22270
financial.indicator.ar_turn,2018,not_provided_by_source,856805,829175,27630
financial.indicator.ar_turn,2019,not_provided_by_source,890261,847356,42905
financial.indicator.ar_turn,2020,not_provided_by_source,952002,921592,30410
financial.indicator.ar_turn,2021,not_provided_by_source,1062390,1027434,34956
financial.indicator.ar_turn,2022,not_provided_by_source,1149262,1108912,40350
financial.indicator.ar_turn,2023,not_provided_by_source,1211954,1169530,42424
financial.indicator.ar_turn,2024,not_provided_by_source,1236332,1203738,32594
financial.indicator.ar_turn,2025,not_provided_by_source,1251467,1218186,33281
financial.indicator.ar_turn,2026,not_provided_by_source,868253,847495,20758
financial.indicator.arturn_days,2010,not_provided_by_source,452712,435684,17028
financial.indicator.arturn_days,2011,not_provided_by_source,536606,517616,18990
financial.indicator.arturn_days,2012,not_provided_by_source,586712,568465,18247
financial.indicator.arturn_days,2013,not_provided_by_source,587580,571935,15645
financial.indicator.arturn_days,2014,not_provided_by_source,620068,604930,15138
financial.indicator.arturn_days,2015,not_provided_by_source,665185,648801,16384
financial.indicator.arturn_days,2016,not_provided_by_source,704146,685791,18355
financial.indicator.arturn_days,2017,not_provided_by_source,799069,776714,22355
financial.indicator.arturn_days,2018,not_provided_by_source,856805,829138,27667
financial.indicator.arturn_days,2019,not_provided_by_source,890261,847356,42905
financial.indicator.arturn_days,2020,not_provided_by_source,952002,921376,30626
financial.indicator.arturn_days,2021,not_provided_by_source,1062390,1025771,36619
financial.indicator.arturn_days,2022,not_provided_by_source,1149262,1107110,42152
financial.indicator.arturn_days,2023,not_provided_by_source,1211954,1168749,43205
financial.indicator.arturn_days,2024,not_provided_by_source,1236332,1203282,33050
financial.indicator.arturn_days,2025,not_provided_by_source,1251467,1217593,33874
financial.indicator.arturn_days,2026,not_provided_by_source,868253,813771,54482
financial.indicator.assets_to_eqt,2010,not_provided_by_source,452712,439446,13266
financial.indicator.assets_to_eqt,2011,not_provided_by_source,536606,524816,11790
financial.indicator.assets_to_eqt,2012,not_provided_by_source,586712,575901,10811
financial.indicator.assets_to_eqt,2013,not_provided_by_source,587580,580991,6589
financial.indicator.assets_to_eqt,2014,not_provided_by_source,620068,616585,3483
financial.indicator.assets_to_eqt,2015,not_provided_by_source,665185,661448,3737
financial.indicator.assets_to_eqt,2016,not_provided_by_source,704146,700375,3771
financial.indicator.assets_to_eqt,2017,not_provided_by_source,799069,796294,2775
financial.indicator.assets_to_eqt,2018,not_provided_by_source,856805,852639,4166
financial.indicator.assets_to_eqt,2019,not_provided_by_source,890261,882890,7371
financial.indicator.assets_to_eqt,2020,not_provided_by_source,952002,941773,10229
financial.indicator.assets_to_eqt,2021,not_provided_by_source,1062390,1050989,11401
financial.indicator.assets_to_eqt,2022,not_provided_by_source,1149262,1136830,12432
financial.indicator.assets_to_eqt,2023,not_provided_by_source,1211954,1195551,16403
financial.indicator.assets_to_eqt,2024,not_provided_by_source,1236332,1226712,9620
financial.indicator.assets_to_eqt,2025,not_provided_by_source,1251467,1239829,11638
financial.indicator.assets_to_eqt,2026,not_provided_by_source,868253,860618,7635
financial.indicator.assets_turn,2010,not_provided_by_source,452712,450111,2601
financial.indicator.assets_turn,2011,not_provided_by_source,536606,533828,2778
financial.indicator.assets_turn,2012,not_provided_by_source,586712,584466,2246
financial.indicator.assets_turn,2013,not_provided_by_source,587580,586860,720
financial.indicator.assets_turn,2014,not_provided_by_source,620068,619657,411
financial.indicator.assets_turn,2015,not_provided_by_source,665185,664066,1119
financial.indicator.assets_turn,2016,not_provided_by_source,704146,701634,2512
financial.indicator.assets_turn,2017,not_provided_by_source,799069,795361,3708
financial.indicator.assets_turn,2018,not_provided_by_source,856805,851527,5278
financial.indicator.assets_turn,2019,not_provided_by_source,890261,882564,7697
financial.indicator.assets_turn,2020,not_provided_by_source,952002,940422,11580
financial.indicator.assets_turn,2021,not_provided_by_source,1062390,1045097,17293
financial.indicator.assets_turn,2022,not_provided_by_source,1149262,1126093,23169
financial.indicator.assets_turn,2023,not_provided_by_source,1211954,1186778,25176
financial.indicator.assets_turn,2024,not_provided_by_source,1236332,1229011,7321
financial.indicator.assets_turn,2025,not_provided_by_source,1251467,1243623,7844
financial.indicator.assets_turn,2026,not_provided_by_source,868253,865195,3058
financial.indicator.assets_ytd_growth,2010,not_provided_by_source,452712,452549,163
financial.indicator.assets_ytd_growth,2011,not_provided_by_source,536606,536499,107
financial.indicator.assets_ytd_growth,2012,not_provided_by_source,586712,586662,50
financial.indicator.assets_ytd_growth,2013,not_provided_by_source,587580,587393,187
financial.indicator.assets_ytd_growth,2014,not_provided_by_source,620068,619823,245
financial.indicator.assets_ytd_growth,2015,not_provided_by_source,665185,664374,811
financial.indicator.assets_ytd_growth,2016,not_provided_by_source,704146,702683,1463
financial.indicator.assets_ytd_growth,2017,not_provided_by_source,799069,796942,2127
financial.indicator.assets_ytd_growth,2018,not_provided_by_source,856805,853128,3677
financial.indicator.assets_ytd_growth,2019,not_provided_by_source,890261,885117,5144
financial.indicator.assets_ytd_growth,2020,not_provided_by_source,952002,943277,8725
financial.indicator.assets_ytd_growth,2021,not_provided_by_source,1062390,1047241,15149
financial.indicator.assets_ytd_growth,2022,not_provided_by_source,1149262,1128412,20850
financial.indicator.assets_ytd_growth,2023,not_provided_by_source,1211954,984673,227281
financial.indicator.assets_ytd_growth,2024,not_provided_by_source,1236332,1199740,36592
financial.indicator.assets_ytd_growth,2025,not_provided_by_source,1251467,1231318,20149
financial.indicator.assets_ytd_growth,2026,not_provided_by_source,868253,862604,5649
financial.indicator.basic_eps_yoy,2010,not_provided_by_source,452712,446779,5933
financial.indicator.basic_eps_yoy,2011,not_provided_by_source,536606,530262,6344
financial.indicator.basic_eps_yoy,2012,not_provided_by_source,586712,581987,4725
financial.indicator.basic_eps_yoy,2013,not_provided_by_source,587580,586778,802
financial.indicator.basic_eps_yoy,2014,not_provided_by_source,620068,617302,2766
financial.indicator.basic_eps_yoy,2015,not_provided_by_source,665185,660887,4298
financial.indicator.basic_eps_yoy,2016,not_provided_by_source,704146,700421,3725
financial.indicator.basic_eps_yoy,2017,not_provided_by_source,799069,791255,7814
financial.indicator.basic_eps_yoy,2018,not_provided_by_source,856805,853131,3674
financial.indicator.basic_eps_yoy,2019,not_provided_by_source,890261,887613,2648
financial.indicator.basic_eps_yoy,2020,not_provided_by_source,952002,948341,3661
financial.indicator.basic_eps_yoy,2021,not_provided_by_source,1062390,1055819,6571
financial.indicator.basic_eps_yoy,2022,not_provided_by_source,1149262,1144998,4264
financial.indicator.basic_eps_yoy,2023,not_provided_by_source,1211954,1204104,7850
financial.indicator.basic_eps_yoy,2024,not_provided_by_source,1236332,1230628,5704
financial.indicator.basic_eps_yoy,2025,not_provided_by_source,1251467,1245310,6157
financial.indicator.basic_eps_yoy,2026,not_provided_by_source,868253,863711,4542
financial.indicator.bps,2010,not_provided_by_source,452712,452530,182
financial.indicator.bps,2011,not_provided_by_source,536606,536577,29
financial.indicator.bps,2012,not_provided_by_source,586712,586712,0
financial.indicator.bps,2013,not_provided_by_source,587580,587557,23
financial.indicator.bps,2014,not_provided_by_source,620068,618850,1218
financial.indicator.bps,2015,not_provided_by_source,665185,665107,78
financial.indicator.bps,2016,not_provided_by_source,704146,703940,206
financial.indicator.bps,2017,not_provided_by_source,799069,798691,378
financial.indicator.bps,2018,not_provided_by_source,856805,856172,633
financial.indicator.bps,2019,not_provided_by_source,890261,889444,817
financial.indicator.bps,2020,not_provided_by_source,952002,950880,1122
financial.indicator.bps,2021,not_provided_by_source,1062390,1059994,2396
financial.indicator.bps,2022,not_provided_by_source,1149262,1143779,5483
financial.indicator.bps,2023,not_provided_by_source,1211954,1199511,12443
financial.indicator.bps,2024,not_provided_by_source,1236332,1226884,9448
financial.indicator.bps,2025,not_provided_by_source,1251467,1238473,12994
financial.indicator.bps,2026,not_provided_by_source,868253,861778,6475
financial.indicator.bps_ytd_growth,2010,not_provided_by_source,452712,452419,293
financial.indicator.bps_ytd_growth,2011,not_provided_by_source,536606,536408,198
financial.indicator.bps_ytd_growth,2012,not_provided_by_source,586712,586676,36
financial.indicator.bps_ytd_growth,2013,not_provided_by_source,587580,587385,195
financial.indicator.bps_ytd_growth,2014,not_provided_by_source,620068,618283,1785
financial.indicator.bps_ytd_growth,2015,not_provided_by_source,665185,664157,1028
financial.indicator.bps_ytd_growth,2016,not_provided_by_source,704146,701346,2800
financial.indicator.bps_ytd_growth,2017,not_provided_by_source,799069,794652,4417
financial.indicator.bps_ytd_growth,2018,not_provided_by_source,856805,850198,6607
financial.indicator.bps_ytd_growth,2019,not_provided_by_source,890261,881090,9171
financial.indicator.bps_ytd_growth,2020,not_provided_by_source,952002,938938,13064
financial.indicator.bps_ytd_growth,2021,not_provided_by_source,1062390,1041827,20563
financial.indicator.bps_ytd_growth,2022,not_provided_by_source,1149262,1121436,27826
financial.indicator.bps_ytd_growth,2023,not_provided_by_source,1211954,1180897,31057
financial.indicator.bps_ytd_growth,2024,not_provided_by_source,1236332,1221739,14593
financial.indicator.bps_ytd_growth,2025,not_provided_by_source,1251467,1234296,17171
financial.indicator.bps_ytd_growth,2026,not_provided_by_source,868253,823882,44371
financial.indicator.ca_to_assets,2010,not_provided_by_source,452712,444420,8292
financial.indicator.ca_to_assets,2011,not_provided_by_source,536606,527434,9172
financial.indicator.ca_to_assets,2012,not_provided_by_source,586712,576664,10048
financial.indicator.ca_to_assets,2013,not_provided_by_source,587580,577799,9781
financial.indicator.ca_to_assets,2014,not_provided_by_source,620068,609287,10781
financial.indicator.ca_to_assets,2015,not_provided_by_source,665185,654316,10869
financial.indicator.ca_to_assets,2016,not_provided_by_source,704146,691917,12229
financial.indicator.ca_to_assets,2017,not_provided_by_source,799069,784058,15011
financial.indicator.ca_to_assets,2018,not_provided_by_source,856805,839733,17072
financial.indicator.ca_to_assets,2019,not_provided_by_source,890261,870168,20093
financial.indicator.ca_to_assets,2020,not_provided_by_source,952002,930271,21731
financial.indicator.ca_to_assets,2021,not_provided_by_source,1062390,1038350,24040
financial.indicator.ca_to_assets,2022,not_provided_by_source,1149262,1122090,27172
financial.indicator.ca_to_assets,2023,not_provided_by_source,1211954,1179638,32316
financial.indicator.ca_to_assets,2024,not_provided_by_source,1236332,1208972,27360
financial.indicator.ca_to_assets,2025,not_provided_by_source,1251467,1222582,28885
financial.indicator.ca_to_assets,2026,not_provided_by_source,868253,850313,17940
financial.indicator.ca_turn,2010,not_provided_by_source,452712,441985,10727
financial.indicator.ca_turn,2011,not_provided_by_source,536606,524710,11896
financial.indicator.ca_turn,2012,not_provided_by_source,586712,574342,12370
financial.indicator.ca_turn,2013,not_provided_by_source,587580,577125,10455
financial.indicator.ca_turn,2014,not_provided_by_source,620068,608970,11098
financial.indicator.ca_turn,2015,not_provided_by_source,665185,653298,11887
financial.indicator.ca_turn,2016,not_provided_by_source,704146,689847,14299
financial.indicator.ca_turn,2017,not_provided_by_source,799069,781065,18004
financial.indicator.ca_turn,2018,not_provided_by_source,856805,835334,21471
financial.indicator.ca_turn,2019,not_provided_by_source,890261,864536,25725
financial.indicator.ca_turn,2020,not_provided_by_source,952002,921866,30136
financial.indicator.ca_turn,2021,not_provided_by_source,1062390,1025306,37084
financial.indicator.ca_turn,2022,not_provided_by_source,1149262,1106302,42960
financial.indicator.ca_turn,2023,not_provided_by_source,1211954,1167139,44815
financial.indicator.ca_turn,2024,not_provided_by_source,1236332,1205758,30574
financial.indicator.ca_turn,2025,not_provided_by_source,1251467,1219700,31767
financial.indicator.ca_turn,2026,not_provided_by_source,868253,848790,19463
financial.indicator.capital_rese_ps,2010,not_provided_by_source,452712,450152,2560
financial.indicator.capital_rese_ps,2011,not_provided_by_source,536606,534603,2003
financial.indicator.capital_rese_ps,2012,not_provided_by_source,586712,584760,1952
financial.indicator.capital_rese_ps,2013,not_provided_by_source,587580,584319,3261
financial.indicator.capital_rese_ps,2014,not_provided_by_source,620068,615991,4077
financial.indicator.capital_rese_ps,2015,not_provided_by_source,665185,662140,3045
financial.indicator.capital_rese_ps,2016,not_provided_by_source,704146,700533,3613
financial.indicator.capital_rese_ps,2017,not_provided_by_source,799069,795059,4010
financial.indicator.capital_rese_ps,2018,not_provided_by_source,856805,853613,3192
financial.indicator.capital_rese_ps,2019,not_provided_by_source,890261,886551,3710
financial.indicator.capital_rese_ps,2020,not_provided_by_source,952002,948138,3864
financial.indicator.capital_rese_ps,2021,not_provided_by_source,1062390,1057716,4674
financial.indicator.capital_rese_ps,2022,not_provided_by_source,1149262,1145007,4255
financial.indicator.capital_rese_ps,2023,not_provided_by_source,1211954,1205864,6090
financial.indicator.capital_rese_ps,2024,not_provided_by_source,1236332,1227060,9272
financial.indicator.capital_rese_ps,2025,not_provided_by_source,1251467,1240683,10784
financial.indicator.capital_rese_ps,2026,not_provided_by_source,868253,861183,7070
financial.indicator.capitalized_to_da,2010,not_provided_by_source,452712,113027,339685
financial.indicator.capitalized_to_da,2011,not_provided_by_source,536606,135384,401222
financial.indicator.capitalized_to_da,2012,not_provided_by_source,586712,142834,443878
financial.indicator.capitalized_to_da,2013,not_provided_by_source,587580,136244,451336
financial.indicator.capitalized_to_da,2014,not_provided_by_source,620068,149906,470162
financial.indicator.capitalized_to_da,2015,not_provided_by_source,665185,163104,502081
financial.indicator.capitalized_to_da,2016,not_provided_by_source,704146,161939,542207
financial.indicator.capitalized_to_da,2017,not_provided_by_source,799069,189836,609233
financial.indicator.capitalized_to_da,2018,not_provided_by_source,856805,182447,674358
financial.indicator.capitalized_to_da,2019,not_provided_by_source,890261,184614,705647
financial.indicator.capitalized_to_da,2020,not_provided_by_source,952002,191699,760303
financial.indicator.capitalized_to_da,2021,not_provided_by_source,1062390,219276,843114
financial.indicator.capitalized_to_da,2022,not_provided_by_source,1149262,232045,917217
financial.indicator.capitalized_to_da,2023,not_provided_by_source,1211954,236013,975941
financial.indicator.capitalized_to_da,2024,not_provided_by_source,1236332,230421,1005911
financial.indicator.capitalized_to_da,2025,not_provided_by_source,1251467,240155,1011312
financial.indicator.capitalized_to_da,2026,not_provided_by_source,868253,94440,773813
financial.indicator.cash_ratio,2010,not_provided_by_source,452712,444385,8327
financial.indicator.cash_ratio,2011,not_provided_by_source,536606,527186,9420
financial.indicator.cash_ratio,2012,not_provided_by_source,586712,576503,10209
financial.indicator.cash_ratio,2013,not_provided_by_source,587580,577708,9872
financial.indicator.cash_ratio,2014,not_provided_by_source,620068,608646,11422
financial.indicator.cash_ratio,2015,not_provided_by_source,665185,654265,10920
financial.indicator.cash_ratio,2016,not_provided_by_source,704146,691950,12196
financial.indicator.cash_ratio,2017,not_provided_by_source,799069,783998,15071
financial.indicator.cash_ratio,2018,not_provided_by_source,856805,839839,16966
financial.indicator.cash_ratio,2019,not_provided_by_source,890261,870299,19962
financial.indicator.cash_ratio,2020,not_provided_by_source,952002,922699,29303
financial.indicator.cash_ratio,2021,not_provided_by_source,1062390,1020301,42089
financial.indicator.cash_ratio,2022,not_provided_by_source,1149262,1093787,55475
financial.indicator.cash_ratio,2023,not_provided_by_source,1211954,1131960,79994
financial.indicator.cash_ratio,2024,not_provided_by_source,1236332,1192714,43618
financial.indicator.cash_ratio,2025,not_provided_by_source,1251467,1028288,223179
financial.indicator.cash_ratio,2026,not_provided_by_source,868253,769495,98758
financial.indicator.cash_to_liqdebt,2010,not_provided_by_source,452712,444385,8327
financial.indicator.cash_to_liqdebt,2011,not_provided_by_source,536606,527186,9420
financial.indicator.cash_to_liqdebt,2012,not_provided_by_source,586712,576503,10209
financial.indicator.cash_to_liqdebt,2013,not_provided_by_source,587580,577567,10013
financial.indicator.cash_to_liqdebt,2014,not_provided_by_source,620068,608556,11512
financial.indicator.cash_to_liqdebt,2015,not_provided_by_source,665185,654138,11047
financial.indicator.cash_to_liqdebt,2016,not_provided_by_source,704146,691733,12413
financial.indicator.cash_to_liqdebt,2017,not_provided_by_source,799069,783851,15218
financial.indicator.cash_to_liqdebt,2018,not_provided_by_source,856805,839832,16973
financial.indicator.cash_to_liqdebt,2019,not_provided_by_source,890261,870479,19782
financial.indicator.cash_to_liqdebt,2020,not_provided_by_source,952002,930564,21438
financial.indicator.cash_to_liqdebt,2021,not_provided_by_source,1062390,1039008,23382
financial.indicator.cash_to_liqdebt,2022,not_provided_by_source,1149262,1123591,25671
financial.indicator.cash_to_liqdebt,2023,not_provided_by_source,1211954,1183088,28866
financial.indicator.cash_to_liqdebt,2024,not_provided_by_source,1236332,1209798,26534
financial.indicator.cash_to_liqdebt,2025,not_provided_by_source,1251467,1224465,27002
financial.indicator.cash_to_liqdebt,2026,not_provided_by_source,868253,850625,17628
financial.indicator.cash_to_liqdebt_withinterest,2010,not_provided_by_source,452712,378302,74410
financial.indicator.cash_to_liqdebt_withinterest,2011,not_provided_by_source,536606,423245,113361
financial.indicator.cash_to_liqdebt_withinterest,2012,not_provided_by_source,586712,460434,126278
financial.indicator.cash_to_liqdebt_withinterest,2013,not_provided_by_source,587580,463907,123673
financial.indicator.cash_to_liqdebt_withinterest,2014,not_provided_by_source,620068,500937,119131
financial.indicator.cash_to_liqdebt_withinterest,2015,not_provided_by_source,665185,544827,120358
financial.indicator.cash_to_liqdebt_withinterest,2016,not_provided_by_source,704146,577433,126713
financial.indicator.cash_to_liqdebt_withinterest,2017,not_provided_by_source,799069,639586,159483
financial.indicator.cash_to_liqdebt_withinterest,2018,not_provided_by_source,856805,687105,169700
financial.indicator.cash_to_liqdebt_withinterest,2019,not_provided_by_source,890261,729580,160681
financial.indicator.cash_to_liqdebt_withinterest,2020,not_provided_by_source,952002,780990,171012
financial.indicator.cash_to_liqdebt_withinterest,2021,not_provided_by_source,1062390,885049,177341
financial.indicator.cash_to_liqdebt_withinterest,2022,not_provided_by_source,1149262,1040908,108354
financial.indicator.cash_to_liqdebt_withinterest,2023,not_provided_by_source,1211954,1136951,75003
financial.indicator.cash_to_liqdebt_withinterest,2024,not_provided_by_source,1236332,1167982,68350
financial.indicator.cash_to_liqdebt_withinterest,2025,not_provided_by_source,1251467,1188032,63435
financial.indicator.cash_to_liqdebt_withinterest,2026,not_provided_by_source,868253,826355,41898
financial.indicator.cfps,2010,not_provided_by_source,452712,452570,142
financial.indicator.cfps,2011,not_provided_by_source,536606,536495,111
financial.indicator.cfps,2012,not_provided_by_source,586712,586712,0
financial.indicator.cfps,2013,not_provided_by_source,587580,587580,0
financial.indicator.cfps,2014,not_provided_by_source,620068,618730,1338
financial.indicator.cfps,2015,not_provided_by_source,665185,665185,0
financial.indicator.cfps,2016,not_provided_by_source,704146,704146,0
financial.indicator.cfps,2017,not_provided_by_source,799069,798874,195
financial.indicator.cfps,2018,not_provided_by_source,856805,856748,57
financial.indicator.cfps,2019,not_provided_by_source,890261,890250,11
financial.indicator.cfps,2020,not_provided_by_source,952002,951949,53
financial.indicator.cfps,2021,not_provided_by_source,1062390,1062345,45
financial.indicator.cfps,2022,not_provided_by_source,1149262,1148846,416
financial.indicator.cfps,2023,not_provided_by_source,1211954,1209469,2485
financial.indicator.cfps,2024,not_provided_by_source,1236332,1230738,5594
financial.indicator.cfps,2025,not_provided_by_source,1251467,1245585,5882
financial.indicator.cfps,2026,not_provided_by_source,868253,863954,4299
financial.indicator.cogs_of_sales,2010,not_provided_by_source,452712,440608,12104
financial.indicator.cogs_of_sales,2011,not_provided_by_source,536606,523208,13398
financial.indicator.cogs_of_sales,2012,not_provided_by_source,586712,573547,13165
financial.indicator.cogs_of_sales,2013,not_provided_by_source,587580,576584,10996
financial.indicator.cogs_of_sales,2014,not_provided_by_source,620068,608596,11472
financial.indicator.cogs_of_sales,2015,not_provided_by_source,665185,652869,12316
financial.indicator.cogs_of_sales,2016,not_provided_by_source,704146,690916,13230
financial.indicator.cogs_of_sales,2017,not_provided_by_source,799069,783686,15383
financial.indicator.cogs_of_sales,2018,not_provided_by_source,856805,839246,17559
financial.indicator.cogs_of_sales,2019,not_provided_by_source,890261,869318,20943
financial.indicator.cogs_of_sales,2020,not_provided_by_source,952002,928533,23469
financial.indicator.cogs_of_sales,2021,not_provided_by_source,1062390,1036605,25785
financial.indicator.cogs_of_sales,2022,not_provided_by_source,1149262,1120790,28472
financial.indicator.cogs_of_sales,2023,not_provided_by_source,1211954,1179408,32546
financial.indicator.cogs_of_sales,2024,not_provided_by_source,1236332,1208600,27732
financial.indicator.cogs_of_sales,2025,not_provided_by_source,1251467,1222317,29150
financial.indicator.cogs_of_sales,2026,not_provided_by_source,868253,849799,18454
financial.indicator.current_exint,2010,not_provided_by_source,452712,444725,7987
financial.indicator.current_exint,2011,not_provided_by_source,536606,527617,8989
financial.indicator.current_exint,2012,not_provided_by_source,586712,576714,9998
financial.indicator.current_exint,2013,not_provided_by_source,587580,577822,9758
financial.indicator.current_exint,2014,not_provided_by_source,620068,609198,10870
financial.indicator.current_exint,2015,not_provided_by_source,665185,654375,10810
financial.indicator.current_exint,2016,not_provided_by_source,704146,691950,12196
financial.indicator.current_exint,2017,not_provided_by_source,799069,783973,15096
financial.indicator.current_exint,2018,not_provided_by_source,856805,839900,16905
financial.indicator.current_exint,2019,not_provided_by_source,890261,870479,19782
financial.indicator.current_exint,2020,not_provided_by_source,952002,930486,21516
financial.indicator.current_exint,2021,not_provided_by_source,1062390,1038752,23638
financial.indicator.current_exint,2022,not_provided_by_source,1149262,1123732,25530
financial.indicator.current_exint,2023,not_provided_by_source,1211954,1182822,29132
financial.indicator.current_exint,2024,not_provided_by_source,1236332,1209919,26413
financial.indicator.current_exint,2025,not_provided_by_source,1251467,1223743,27724
financial.indicator.current_exint,2026,not_provided_by_source,868253,849513,18740
financial.indicator.current_ratio,2010,not_provided_by_source,452712,444420,8292
financial.indicator.current_ratio,2011,not_provided_by_source,536606,527212,9394
financial.indicator.current_ratio,2012,not_provided_by_source,586712,576655,10057
financial.indicator.current_ratio,2013,not_provided_by_source,587580,577722,9858
financial.indicator.current_ratio,2014,not_provided_by_source,620068,608856,11212
financial.indicator.current_ratio,2015,not_provided_by_source,665185,654270,10915
financial.indicator.current_ratio,2016,not_provided_by_source,704146,693289,10857
financial.indicator.current_ratio,2017,not_provided_by_source,799069,785799,13270
financial.indicator.current_ratio,2018,not_provided_by_source,856805,841648,15157
financial.indicator.current_ratio,2019,not_provided_by_source,890261,872519,17742
financial.indicator.current_ratio,2020,not_provided_by_source,952002,932553,19449
financial.indicator.current_ratio,2021,not_provided_by_source,1062390,1040951,21439
financial.indicator.current_ratio,2022,not_provided_by_source,1149262,1125036,24226
financial.indicator.current_ratio,2023,not_provided_by_source,1211954,1183267,28687
financial.indicator.current_ratio,2024,not_provided_by_source,1236332,1211258,25074
financial.indicator.current_ratio,2025,not_provided_by_source,1251467,1224289,27178
financial.indicator.current_ratio,2026,not_provided_by_source,868253,851151,17102
financial.indicator.currentdebt_to_debt,2010,not_provided_by_source,452712,444548,8164
financial.indicator.currentdebt_to_debt,2011,not_provided_by_source,536606,527379,9227
financial.indicator.currentdebt_to_debt,2012,not_provided_by_source,586712,576553,10159
financial.indicator.currentdebt_to_debt,2013,not_provided_by_source,587580,577721,9859
financial.indicator.currentdebt_to_debt,2014,not_provided_by_source,620068,608945,11123
financial.indicator.currentdebt_to_debt,2015,not_provided_by_source,665185,654357,10828
financial.indicator.currentdebt_to_debt,2016,not_provided_by_source,704146,691950,12196
financial.indicator.currentdebt_to_debt,2017,not_provided_by_source,799069,784116,14953
financial.indicator.currentdebt_to_debt,2018,not_provided_by_source,856805,839943,16862
financial.indicator.currentdebt_to_debt,2019,not_provided_by_source,890261,870464,19797
financial.indicator.currentdebt_to_debt,2020,not_provided_by_source,952002,930564,21438
financial.indicator.currentdebt_to_debt,2021,not_provided_by_source,1062390,1039000,23390
financial.indicator.currentdebt_to_debt,2022,not_provided_by_source,1149262,1123716,25546
financial.indicator.currentdebt_to_debt,2023,not_provided_by_source,1211954,1182384,29570
financial.indicator.currentdebt_to_debt,2024,not_provided_by_source,1236332,1209892,26440
financial.indicator.currentdebt_to_debt,2025,not_provided_by_source,1251467,1223842,27625
financial.indicator.currentdebt_to_debt,2026,not_provided_by_source,868253,850609,17644
financial.indicator.daa,2010,not_provided_by_source,452712,113964,338748
financial.indicator.daa,2011,not_provided_by_source,536606,136246,400360
financial.indicator.daa,2012,not_provided_by_source,586712,143896,442816
financial.indicator.daa,2013,not_provided_by_source,587580,137047,450533
financial.indicator.daa,2014,not_provided_by_source,620068,150353,469715
financial.indicator.daa,2015,not_provided_by_source,665185,163900,501285
financial.indicator.daa,2016,not_provided_by_source,704146,162551,541595
financial.indicator.daa,2017,not_provided_by_source,799069,190365,608704
financial.indicator.daa,2018,not_provided_by_source,856805,183157,673648
financial.indicator.daa,2019,not_provided_by_source,890261,185770,704491
financial.indicator.daa,2020,not_provided_by_source,952002,193172,758830
financial.indicator.daa,2021,not_provided_by_source,1062390,220490,841900
financial.indicator.daa,2022,not_provided_by_source,1149262,233353,915909
financial.indicator.daa,2023,not_provided_by_source,1211954,236719,975235
financial.indicator.daa,2024,not_provided_by_source,1236332,230951,1005381
financial.indicator.daa,2025,not_provided_by_source,1251467,240838,1010629
financial.indicator.daa,2026,not_provided_by_source,868253,94878,773375
financial.indicator.debt_to_assets,2010,not_provided_by_source,452712,452513,199
financial.indicator.debt_to_assets,2011,not_provided_by_source,536606,536500,106
financial.indicator.debt_to_assets,2012,not_provided_by_source,586712,586551,161
financial.indicator.debt_to_assets,2013,not_provided_by_source,587580,587557,23
financial.indicator.debt_to_assets,2014,not_provided_by_source,620068,619557,511
financial.indicator.debt_to_assets,2015,not_provided_by_source,665185,665107,78
financial.indicator.debt_to_assets,2016,not_provided_by_source,704146,703940,206
financial.indicator.debt_to_assets,2017,not_provided_by_source,799069,798886,183
financial.indicator.debt_to_assets,2018,not_provided_by_source,856805,856327,478
financial.indicator.debt_to_assets,2019,not_provided_by_source,890261,889688,573
financial.indicator.debt_to_assets,2020,not_provided_by_source,952002,951368,634
financial.indicator.debt_to_assets,2021,not_provided_by_source,1062390,1060584,1806
financial.indicator.debt_to_assets,2022,not_provided_by_source,1149262,1145241,4021
financial.indicator.debt_to_assets,2023,not_provided_by_source,1211954,1203222,8732
financial.indicator.debt_to_assets,2024,not_provided_by_source,1236332,1232851,3481
financial.indicator.debt_to_assets,2025,not_provided_by_source,1251467,1246053,5414
financial.indicator.debt_to_assets,2026,not_provided_by_source,868253,866879,1374
financial.indicator.debt_to_eqt,2010,not_provided_by_source,452712,439133,13579
financial.indicator.debt_to_eqt,2011,not_provided_by_source,536606,524720,11886
financial.indicator.debt_to_eqt,2012,not_provided_by_source,586712,576172,10540
financial.indicator.debt_to_eqt,2013,not_provided_by_source,587580,580392,7188
financial.indicator.debt_to_eqt,2014,not_provided_by_source,620068,616233,3835
financial.indicator.debt_to_eqt,2015,not_provided_by_source,665185,661507,3678
financial.indicator.debt_to_eqt,2016,not_provided_by_source,704146,700242,3904
financial.indicator.debt_to_eqt,2017,not_provided_by_source,799069,796368,2701
financial.indicator.debt_to_eqt,2018,not_provided_by_source,856805,852836,3969
financial.indicator.debt_to_eqt,2019,not_provided_by_source,890261,882168,8093
financial.indicator.debt_to_eqt,2020,not_provided_by_source,952002,940889,11113
financial.indicator.debt_to_eqt,2021,not_provided_by_source,1062390,1050081,12309
financial.indicator.debt_to_eqt,2022,not_provided_by_source,1149262,1136067,13195
financial.indicator.debt_to_eqt,2023,not_provided_by_source,1211954,1194673,17281
financial.indicator.debt_to_eqt,2024,not_provided_by_source,1236332,1225434,10898
financial.indicator.debt_to_eqt,2025,not_provided_by_source,1251467,1238558,12909
financial.indicator.debt_to_eqt,2026,not_provided_by_source,868253,860793,7460
financial.indicator.diluted2_eps,2010,not_provided_by_source,452712,452656,56
financial.indicator.diluted2_eps,2011,not_provided_by_source,536606,536589,17
financial.indicator.diluted2_eps,2012,not_provided_by_source,586712,586675,37
financial.indicator.diluted2_eps,2013,not_provided_by_source,587580,587544,36
financial.indicator.diluted2_eps,2014,not_provided_by_source,620068,618825,1243
financial.indicator.diluted2_eps,2015,not_provided_by_source,665185,665086,99
financial.indicator.diluted2_eps,2016,not_provided_by_source,704146,703906,240
financial.indicator.diluted2_eps,2017,not_provided_by_source,799069,798722,347
financial.indicator.diluted2_eps,2018,not_provided_by_source,856805,856453,352
financial.indicator.diluted2_eps,2019,not_provided_by_source,890261,889931,330
financial.indicator.diluted2_eps,2020,not_provided_by_source,952002,951569,433
financial.indicator.diluted2_eps,2021,not_provided_by_source,1062390,1060862,1528
financial.indicator.diluted2_eps,2022,not_provided_by_source,1149262,1145945,3317
financial.indicator.diluted2_eps,2023,not_provided_by_source,1211954,1204420,7534
financial.indicator.diluted2_eps,2024,not_provided_by_source,1236332,1229485,6847
financial.indicator.diluted2_eps,2025,not_provided_by_source,1251467,1242519,8948
financial.indicator.diluted2_eps,2026,not_provided_by_source,868253,863203,5050
financial.indicator.dp_assets_to_eqt,2010,not_provided_by_source,452712,438882,13830
financial.indicator.dp_assets_to_eqt,2011,not_provided_by_source,536606,524049,12557
financial.indicator.dp_assets_to_eqt,2012,not_provided_by_source,586712,575705,11007
financial.indicator.dp_assets_to_eqt,2013,not_provided_by_source,587580,580168,7412
financial.indicator.dp_assets_to_eqt,2014,not_provided_by_source,620068,616195,3873
financial.indicator.dp_assets_to_eqt,2015,not_provided_by_source,665185,660481,4704
financial.indicator.dp_assets_to_eqt,2016,not_provided_by_source,704146,697903,6243
financial.indicator.dp_assets_to_eqt,2017,not_provided_by_source,799069,792333,6736
financial.indicator.dp_assets_to_eqt,2018,not_provided_by_source,856805,846950,9855
financial.indicator.dp_assets_to_eqt,2019,not_provided_by_source,890261,874418,15843
financial.indicator.dp_assets_to_eqt,2020,not_provided_by_source,952002,928897,23105
financial.indicator.dp_assets_to_eqt,2021,not_provided_by_source,1062390,1033405,28985
financial.indicator.dp_assets_to_eqt,2022,not_provided_by_source,1149262,1115736,33526
financial.indicator.dp_assets_to_eqt,2023,not_provided_by_source,1211954,1177097,34857
financial.indicator.dp_assets_to_eqt,2024,not_provided_by_source,1236332,1222660,13672
financial.indicator.dp_assets_to_eqt,2025,not_provided_by_source,1251467,1236676,14791
financial.indicator.dp_assets_to_eqt,2026,not_provided_by_source,868253,860479,7774
financial.indicator.dt_eps,2010,not_provided_by_source,452712,439034,13678
financial.indicator.dt_eps,2011,not_provided_by_source,536606,521792,14814
financial.indicator.dt_eps,2012,not_provided_by_source,586712,571165,15547
financial.indicator.dt_eps,2013,not_provided_by_source,587580,575722,11858
financial.indicator.dt_eps,2014,not_provided_by_source,620068,606632,13436
financial.indicator.dt_eps,2015,not_provided_by_source,665185,649282,15903
financial.indicator.dt_eps,2016,not_provided_by_source,704146,688154,15992
financial.indicator.dt_eps,2017,not_provided_by_source,799069,779683,19386
financial.indicator.dt_eps,2018,not_provided_by_source,856805,837416,19389
financial.indicator.dt_eps,2019,not_provided_by_source,890261,871103,19158
financial.indicator.dt_eps,2020,not_provided_by_source,952002,928861,23141
financial.indicator.dt_eps,2021,not_provided_by_source,1062390,1037471,24919
financial.indicator.dt_eps,2022,not_provided_by_source,1149262,1125953,23309
financial.indicator.dt_eps,2023,not_provided_by_source,1211954,1167025,44929
financial.indicator.dt_eps,2024,not_provided_by_source,1236332,1172814,63518
financial.indicator.dt_eps,2025,not_provided_by_source,1251467,1210763,40704
financial.indicator.dt_eps,2026,not_provided_by_source,868253,838798,29455
financial.indicator.dt_eps_yoy,2010,not_provided_by_source,452712,434121,18591
financial.indicator.dt_eps_yoy,2011,not_provided_by_source,536606,517288,19318
financial.indicator.dt_eps_yoy,2012,not_provided_by_source,586712,568079,18633
financial.indicator.dt_eps_yoy,2013,not_provided_by_source,587580,574018,13562
financial.indicator.dt_eps_yoy,2014,not_provided_by_source,620068,604809,15259
financial.indicator.dt_eps_yoy,2015,not_provided_by_source,665185,645106,20079
financial.indicator.dt_eps_yoy,2016,not_provided_by_source,704146,683607,20539
financial.indicator.dt_eps_yoy,2017,not_provided_by_source,799069,771214,27855
financial.indicator.dt_eps_yoy,2018,not_provided_by_source,856805,832466,24339
financial.indicator.dt_eps_yoy,2019,not_provided_by_source,890261,867167,23094
financial.indicator.dt_eps_yoy,2020,not_provided_by_source,952002,924064,27938
financial.indicator.dt_eps_yoy,2021,not_provided_by_source,1062390,1029309,33081
financial.indicator.dt_eps_yoy,2022,not_provided_by_source,1149262,1120987,28275
financial.indicator.dt_eps_yoy,2023,not_provided_by_source,1211954,1182955,28999
financial.indicator.dt_eps_yoy,2024,not_provided_by_source,1236332,1212084,24248
financial.indicator.dt_eps_yoy,2025,not_provided_by_source,1251467,1227389,24078
financial.indicator.dt_eps_yoy,2026,not_provided_by_source,868253,851931,16322
financial.indicator.dt_netprofit_yoy,2010,not_provided_by_source,452712,418612,34100
financial.indicator.dt_netprofit_yoy,2011,not_provided_by_source,536606,489994,46612
financial.indicator.dt_netprofit_yoy,2012,not_provided_by_source,586712,551700,35012
financial.indicator.dt_netprofit_yoy,2013,not_provided_by_source,587580,575567,12013
financial.indicator.dt_netprofit_yoy,2014,not_provided_by_source,620068,614884,5184
financial.indicator.dt_netprofit_yoy,2015,not_provided_by_source,665185,653597,11588
financial.indicator.dt_netprofit_yoy,2016,not_provided_by_source,704146,697317,6829
financial.indicator.dt_netprofit_yoy,2017,not_provided_by_source,799069,794054,5015
financial.indicator.dt_netprofit_yoy,2018,not_provided_by_source,856805,854849,1956
financial.indicator.dt_netprofit_yoy,2019,not_provided_by_source,890261,889106,1155
financial.indicator.dt_netprofit_yoy,2020,not_provided_by_source,952002,949192,2810
financial.indicator.dt_netprofit_yoy,2021,not_provided_by_source,1062390,1050110,12280
financial.indicator.dt_netprofit_yoy,2022,not_provided_by_source,1149262,1138772,10490
financial.indicator.dt_netprofit_yoy,2023,not_provided_by_source,1211954,1179314,32640
financial.indicator.dt_netprofit_yoy,2024,not_provided_by_source,1236332,1188588,47744
financial.indicator.dt_netprofit_yoy,2025,not_provided_by_source,1251467,1225971,25496
financial.indicator.dt_netprofit_yoy,2026,not_provided_by_source,868253,845780,22473
financial.indicator.dtprofit_to_profit,2010,not_provided_by_source,452712,387582,65130
financial.indicator.dtprofit_to_profit,2011,not_provided_by_source,536606,475688,60918
financial.indicator.dtprofit_to_profit,2012,not_provided_by_source,586712,506121,80591
financial.indicator.dtprofit_to_profit,2013,not_provided_by_source,587580,503280,84300
financial.indicator.dtprofit_to_profit,2014,not_provided_by_source,620068,528044,92024
financial.indicator.dtprofit_to_profit,2015,not_provided_by_source,665185,556341,108844
financial.indicator.dtprofit_to_profit,2016,not_provided_by_source,704146,594060,110086
financial.indicator.dtprofit_to_profit,2017,not_provided_by_source,799069,709392,89677
financial.indicator.dtprofit_to_profit,2018,not_provided_by_source,856805,765738,91067
financial.indicator.dtprofit_to_profit,2019,not_provided_by_source,890261,779114,111147
financial.indicator.dtprofit_to_profit,2020,not_provided_by_source,952002,759976,192026
financial.indicator.dtprofit_to_profit,2021,not_provided_by_source,1062390,908995,153395
financial.indicator.dtprofit_to_profit,2022,not_provided_by_source,1149262,942001,207261
financial.indicator.dtprofit_to_profit,2023,not_provided_by_source,1211954,946925,265029
financial.indicator.dtprofit_to_profit,2024,not_provided_by_source,1236332,923376,312956
financial.indicator.dtprofit_to_profit,2025,not_provided_by_source,1251467,934366,317101
financial.indicator.dtprofit_to_profit,2026,not_provided_by_source,868253,634172,234081
financial.indicator.ebit,2010,not_provided_by_source,452712,444782,7930
financial.indicator.ebit,2011,not_provided_by_source,536606,527600,9006
financial.indicator.ebit,2012,not_provided_by_source,586712,576788,9924
financial.indicator.ebit,2013,not_provided_by_source,587580,577786,9794
financial.indicator.ebit,2014,not_provided_by_source,620068,609980,10088
financial.indicator.ebit,2015,not_provided_by_source,665185,654304,10881
financial.indicator.ebit,2016,not_provided_by_source,704146,691892,12254
financial.indicator.ebit,2017,not_provided_by_source,799069,784137,14932
financial.indicator.ebit,2018,not_provided_by_source,856805,839868,16937
financial.indicator.ebit,2019,not_provided_by_source,890261,869692,20569
financial.indicator.ebit,2020,not_provided_by_source,952002,928525,23477
financial.indicator.ebit,2021,not_provided_by_source,1062390,1036876,25514
financial.indicator.ebit,2022,not_provided_by_source,1149262,1119173,30089
financial.indicator.ebit,2023,not_provided_by_source,1211954,1181605,30349
financial.indicator.ebit,2024,not_provided_by_source,1236332,1209850,26482
financial.indicator.ebit,2025,not_provided_by_source,1251467,1223458,28009
financial.indicator.ebit,2026,not_provided_by_source,868253,850844,17409
financial.indicator.ebit_of_gr,2010,not_provided_by_source,452712,441031,11681
financial.indicator.ebit_of_gr,2011,not_provided_by_source,536606,523639,12967
financial.indicator.ebit_of_gr,2012,not_provided_by_source,586712,573909,12803
financial.indicator.ebit_of_gr,2013,not_provided_by_source,587580,576952,10628
financial.indicator.ebit_of_gr,2014,not_provided_by_source,620068,609686,10382
financial.indicator.ebit_of_gr,2015,not_provided_by_source,665185,653439,11746
financial.indicator.ebit_of_gr,2016,not_provided_by_source,704146,691249,12897
financial.indicator.ebit_of_gr,2017,not_provided_by_source,799069,783726,15343
financial.indicator.ebit_of_gr,2018,not_provided_by_source,856805,839535,17270
financial.indicator.ebit_of_gr,2019,not_provided_by_source,890261,869325,20936
financial.indicator.ebit_of_gr,2020,not_provided_by_source,952002,927380,24622
financial.indicator.ebit_of_gr,2021,not_provided_by_source,1062390,1035299,27091
financial.indicator.ebit_of_gr,2022,not_provided_by_source,1149262,1116711,32551
financial.indicator.ebit_of_gr,2023,not_provided_by_source,1211954,1177992,33962
financial.indicator.ebit_of_gr,2024,not_provided_by_source,1236332,1208305,28027
financial.indicator.ebit_of_gr,2025,not_provided_by_source,1251467,1221345,30122
financial.indicator.ebit_of_gr,2026,not_provided_by_source,868253,849894,18359
financial.indicator.ebit_ps,2010,not_provided_by_source,452712,444726,7986
financial.indicator.ebit_ps,2011,not_provided_by_source,536606,527600,9006
financial.indicator.ebit_ps,2012,not_provided_by_source,586712,576788,9924
financial.indicator.ebit_ps,2013,not_provided_by_source,587580,577786,9794
financial.indicator.ebit_ps,2014,not_provided_by_source,620068,608777,11291
financial.indicator.ebit_ps,2015,not_provided_by_source,665185,654304,10881
financial.indicator.ebit_ps,2016,not_provided_by_source,704146,691892,12254
financial.indicator.ebit_ps,2017,not_provided_by_source,799069,783942,15127
financial.indicator.ebit_ps,2018,not_provided_by_source,856805,839829,16976
financial.indicator.ebit_ps,2019,not_provided_by_source,890261,869692,20569
financial.indicator.ebit_ps,2020,not_provided_by_source,952002,928569,23433
financial.indicator.ebit_ps,2021,not_provided_by_source,1062390,1036930,25460
financial.indicator.ebit_ps,2022,not_provided_by_source,1149262,1119181,30081
financial.indicator.ebit_ps,2023,not_provided_by_source,1211954,1180345,31609
financial.indicator.ebit_ps,2024,not_provided_by_source,1236332,1205288,31044
financial.indicator.ebit_ps,2025,not_provided_by_source,1251467,1218256,33211
financial.indicator.ebit_ps,2026,not_provided_by_source,868253,846827,21426
financial.indicator.ebit_to_interest,2010,not_provided_by_source,452712,354600,98112
financial.indicator.ebit_to_interest,2011,not_provided_by_source,536606,376537,160069
financial.indicator.ebit_to_interest,2012,not_provided_by_source,586712,386783,199929
financial.indicator.ebit_to_interest,2013,not_provided_by_source,587580,391749,195831
financial.indicator.ebit_to_interest,2014,not_provided_by_source,620068,425365,194703
financial.indicator.ebit_to_interest,2015,not_provided_by_source,665185,462679,202506
financial.indicator.ebit_to_interest,2016,not_provided_by_source,704146,496516,207630
financial.indicator.ebit_to_interest,2017,not_provided_by_source,799069,571048,228021
financial.indicator.ebit_to_interest,2018,not_provided_by_source,856805,625312,231493
financial.indicator.ebit_to_interest,2019,not_provided_by_source,890261,631099,259162
financial.indicator.ebit_to_interest,2020,not_provided_by_source,952002,639043,312959
financial.indicator.ebit_to_interest,2021,not_provided_by_source,1062390,702102,360288
financial.indicator.ebit_to_interest,2022,not_provided_by_source,1149262,718441,430821
financial.indicator.ebit_to_interest,2023,not_provided_by_source,1211954,685849,526105
financial.indicator.ebit_to_interest,2024,not_provided_by_source,1236332,685286,551046
financial.indicator.ebit_to_interest,2025,not_provided_by_source,1251467,738790,512677
financial.indicator.ebit_to_interest,2026,not_provided_by_source,868253,607767,260486
financial.indicator.ebitda,2010,not_provided_by_source,452712,111911,340801
financial.indicator.ebitda,2011,not_provided_by_source,536606,133963,402643
financial.indicator.ebitda,2012,not_provided_by_source,586712,141275,445437
financial.indicator.ebitda,2013,not_provided_by_source,587580,134656,452924
financial.indicator.ebitda,2014,not_provided_by_source,620068,147795,472273
financial.indicator.ebitda,2015,not_provided_by_source,665185,160944,504241
financial.indicator.ebitda,2016,not_provided_by_source,704146,159326,544820
financial.indicator.ebitda,2017,not_provided_by_source,799069,186601,612468
financial.indicator.ebitda,2018,not_provided_by_source,856805,179185,677620
financial.indicator.ebitda,2019,not_provided_by_source,890261,181250,709011
financial.indicator.ebitda,2020,not_provided_by_source,952002,188437,763565
financial.indicator.ebitda,2021,not_provided_by_source,1062390,215176,847214
financial.indicator.ebitda,2022,not_provided_by_source,1149262,223918,925344
financial.indicator.ebitda,2023,not_provided_by_source,1211954,230064,981890
financial.indicator.ebitda,2024,not_provided_by_source,1236332,225267,1011065
financial.indicator.ebitda,2025,not_provided_by_source,1251467,234716,1016751
financial.indicator.ebitda,2026,not_provided_by_source,868253,92406,775847
financial.indicator.ebitda_to_debt,2010,not_provided_by_source,452712,111840,340872
financial.indicator.ebitda_to_debt,2011,not_provided_by_source,536606,133924,402682
financial.indicator.ebitda_to_debt,2012,not_provided_by_source,586712,141221,445491
financial.indicator.ebitda_to_debt,2013,not_provided_by_source,587580,134656,452924
financial.indicator.ebitda_to_debt,2014,not_provided_by_source,620068,147755,472313
financial.indicator.ebitda_to_debt,2015,not_provided_by_source,665185,160938,504247
financial.indicator.ebitda_to_debt,2016,not_provided_by_source,704146,159297,544849
financial.indicator.ebitda_to_debt,2017,not_provided_by_source,799069,186594,612475
financial.indicator.ebitda_to_debt,2018,not_provided_by_source,856805,179185,677620
financial.indicator.ebitda_to_debt,2019,not_provided_by_source,890261,181219,709042
financial.indicator.ebitda_to_debt,2020,not_provided_by_source,952002,188506,763496
financial.indicator.ebitda_to_debt,2021,not_provided_by_source,1062390,215158,847232
financial.indicator.ebitda_to_debt,2022,not_provided_by_source,1149262,223884,925378
financial.indicator.ebitda_to_debt,2023,not_provided_by_source,1211954,230005,981949
financial.indicator.ebitda_to_debt,2024,not_provided_by_source,1236332,225179,1011153
financial.indicator.ebitda_to_debt,2025,not_provided_by_source,1251467,234514,1016953
financial.indicator.ebitda_to_debt,2026,not_provided_by_source,868253,92112,776141
financial.indicator.ebt_yoy,2010,not_provided_by_source,452712,449282,3430
financial.indicator.ebt_yoy,2011,not_provided_by_source,536606,533404,3202
financial.indicator.ebt_yoy,2012,not_provided_by_source,586712,585456,1256
financial.indicator.ebt_yoy,2013,not_provided_by_source,587580,587535,45
financial.indicator.ebt_yoy,2014,not_provided_by_source,620068,619413,655
financial.indicator.ebt_yoy,2015,not_provided_by_source,665185,663001,2184
financial.indicator.ebt_yoy,2016,not_provided_by_source,704146,701705,2441
financial.indicator.ebt_yoy,2017,not_provided_by_source,799069,793932,5137
financial.indicator.ebt_yoy,2018,not_provided_by_source,856805,854977,1828
financial.indicator.ebt_yoy,2019,not_provided_by_source,890261,889350,911
financial.indicator.ebt_yoy,2020,not_provided_by_source,952002,950795,1207
financial.indicator.ebt_yoy,2021,not_provided_by_source,1062390,1059152,3238
financial.indicator.ebt_yoy,2022,not_provided_by_source,1149262,1145577,3685
financial.indicator.ebt_yoy,2023,not_provided_by_source,1211954,1205820,6134
financial.indicator.ebt_yoy,2024,not_provided_by_source,1236332,1234171,2161
financial.indicator.ebt_yoy,2025,not_provided_by_source,1251467,1247133,4334
financial.indicator.ebt_yoy,2026,not_provided_by_source,868253,866224,2029
financial.indicator.eps,2010,not_provided_by_source,452712,452504,208
financial.indicator.eps,2011,not_provided_by_source,536606,536461,145
financial.indicator.eps,2012,not_provided_by_source,586712,586531,181
financial.indicator.eps,2013,not_provided_by_source,587580,587557,23
financial.indicator.eps,2014,not_provided_by_source,620068,618748,1320
financial.indicator.eps,2015,not_provided_by_source,665185,664364,821
financial.indicator.eps,2016,not_provided_by_source,704146,703667,479
financial.indicator.eps,2017,not_provided_by_source,799069,798377,692
financial.indicator.eps,2018,not_provided_by_source,856805,856300,505
financial.indicator.eps,2019,not_provided_by_source,890261,889878,383
financial.indicator.eps,2020,not_provided_by_source,952002,951240,762
financial.indicator.eps,2021,not_provided_by_source,1062390,1060786,1604
financial.indicator.eps,2022,not_provided_by_source,1149262,1146833,2429
financial.indicator.eps,2023,not_provided_by_source,1211954,1185781,26173
financial.indicator.eps,2024,not_provided_by_source,1236332,1189551,46781
financial.indicator.eps,2025,not_provided_by_source,1251467,1227498,23969
financial.indicator.eps,2026,not_provided_by_source,868253,849477,18776
financial.indicator.eqt_to_debt,2010,not_provided_by_source,452712,452409,303
financial.indicator.eqt_to_debt,2011,not_provided_by_source,536606,536339,267
financial.indicator.eqt_to_debt,2012,not_provided_by_source,586712,586440,272
financial.indicator.eqt_to_debt,2013,not_provided_by_source,587580,587456,124
financial.indicator.eqt_to_debt,2014,not_provided_by_source,620068,619260,808
financial.indicator.eqt_to_debt,2015,not_provided_by_source,665185,665107,78
financial.indicator.eqt_to_debt,2016,not_provided_by_source,704146,703940,206
financial.indicator.eqt_to_debt,2017,not_provided_by_source,799069,798886,183
financial.indicator.eqt_to_debt,2018,not_provided_by_source,856805,856351,454
financial.indicator.eqt_to_debt,2019,not_provided_by_source,890261,889688,573
financial.indicator.eqt_to_debt,2020,not_provided_by_source,952002,951368,634
financial.indicator.eqt_to_debt,2021,not_provided_by_source,1062390,1060599,1791
financial.indicator.eqt_to_debt,2022,not_provided_by_source,1149262,1145343,3919
financial.indicator.eqt_to_debt,2023,not_provided_by_source,1211954,1203305,8649
financial.indicator.eqt_to_debt,2024,not_provided_by_source,1236332,1232793,3539
financial.indicator.eqt_to_debt,2025,not_provided_by_source,1251467,1245922,5545
financial.indicator.eqt_to_debt,2026,not_provided_by_source,868253,866853,1400
financial.indicator.eqt_to_interestdebt,2010,not_provided_by_source,452712,389731,62981
financial.indicator.eqt_to_interestdebt,2011,not_provided_by_source,536606,439057,97549
financial.indicator.eqt_to_interestdebt,2012,not_provided_by_source,586712,474726,111986
financial.indicator.eqt_to_interestdebt,2013,not_provided_by_source,587580,477724,109856
financial.indicator.eqt_to_interestdebt,2014,not_provided_by_source,620068,516894,103174
financial.indicator.eqt_to_interestdebt,2015,not_provided_by_source,665185,561250,103935
financial.indicator.eqt_to_interestdebt,2016,not_provided_by_source,704146,593626,110520
financial.indicator.eqt_to_interestdebt,2017,not_provided_by_source,799069,656928,142141
financial.indicator.eqt_to_interestdebt,2018,not_provided_by_source,856805,702967,153838
financial.indicator.eqt_to_interestdebt,2019,not_provided_by_source,890261,743465,146796
financial.indicator.eqt_to_interestdebt,2020,not_provided_by_source,952002,794569,157433
financial.indicator.eqt_to_interestdebt,2021,not_provided_by_source,1062390,927431,134959
financial.indicator.eqt_to_interestdebt,2022,not_provided_by_source,1149262,1066653,82609
financial.indicator.eqt_to_interestdebt,2023,not_provided_by_source,1211954,1140655,71299
financial.indicator.eqt_to_interestdebt,2024,not_provided_by_source,1236332,1173735,62597
financial.indicator.eqt_to_interestdebt,2025,not_provided_by_source,1251467,1189243,62224
financial.indicator.eqt_to_interestdebt,2026,not_provided_by_source,868253,828735,39518
financial.indicator.eqt_to_talcapital,2010,not_provided_by_source,452712,437649,15063
financial.indicator.eqt_to_talcapital,2011,not_provided_by_source,536606,520164,16442
financial.indicator.eqt_to_talcapital,2012,not_provided_by_source,586712,570752,15960
financial.indicator.eqt_to_talcapital,2013,not_provided_by_source,587580,573828,13752
financial.indicator.eqt_to_talcapital,2014,not_provided_by_source,620068,608634,11434
financial.indicator.eqt_to_talcapital,2015,not_provided_by_source,665185,653048,12137
financial.indicator.eqt_to_talcapital,2016,not_provided_by_source,704146,690581,13565
financial.indicator.eqt_to_talcapital,2017,not_provided_by_source,799069,783058,16011
financial.indicator.eqt_to_talcapital,2018,not_provided_by_source,856805,838570,18235
financial.indicator.eqt_to_talcapital,2019,not_provided_by_source,890261,867337,22924
financial.indicator.eqt_to_talcapital,2020,not_provided_by_source,952002,926341,25661
financial.indicator.eqt_to_talcapital,2021,not_provided_by_source,1062390,1034421,27969
financial.indicator.eqt_to_talcapital,2022,not_provided_by_source,1149262,1119185,30077
financial.indicator.eqt_to_talcapital,2023,not_provided_by_source,1211954,1177801,34153
financial.indicator.eqt_to_talcapital,2024,not_provided_by_source,1236332,1207187,29145
financial.indicator.eqt_to_talcapital,2025,not_provided_by_source,1251467,1220682,30785
financial.indicator.eqt_to_talcapital,2026,not_provided_by_source,868253,848240,20013
financial.indicator.equity_parent_ytd_growth,2010,not_provided_by_source,452712,452480,232
financial.indicator.equity_parent_ytd_growth,2011,not_provided_by_source,536606,536506,100
financial.indicator.equity_parent_ytd_growth,2012,not_provided_by_source,586712,586712,0
financial.indicator.equity_parent_ytd_growth,2013,not_provided_by_source,587580,587393,187
financial.indicator.equity_parent_ytd_growth,2014,not_provided_by_source,620068,619609,459
financial.indicator.equity_parent_ytd_growth,2015,not_provided_by_source,665185,664130,1055
financial.indicator.equity_parent_ytd_growth,2016,not_provided_by_source,704146,702439,1707
financial.indicator.equity_parent_ytd_growth,2017,not_provided_by_source,799069,796684,2385
financial.indicator.equity_parent_ytd_growth,2018,not_provided_by_source,856805,852884,3921
financial.indicator.equity_parent_ytd_growth,2019,not_provided_by_source,890261,884979,5282
financial.indicator.equity_parent_ytd_growth,2020,not_provided_by_source,952002,943143,8859
financial.indicator.equity_parent_ytd_growth,2021,not_provided_by_source,1062390,1047286,15104
financial.indicator.equity_parent_ytd_growth,2022,not_provided_by_source,1149262,1127141,22121
financial.indicator.equity_parent_ytd_growth,2023,not_provided_by_source,1211954,998547,213407
financial.indicator.equity_parent_ytd_growth,2024,not_provided_by_source,1236332,1199331,37001
financial.indicator.equity_parent_ytd_growth,2025,not_provided_by_source,1251467,1230720,20747
financial.indicator.equity_parent_ytd_growth,2026,not_provided_by_source,868253,862066,6187
financial.indicator.equity_yoy,2010,not_provided_by_source,452712,406277,46435
financial.indicator.equity_yoy,2011,not_provided_by_source,536606,479383,57223
financial.indicator.equity_yoy,2012,not_provided_by_source,586712,548623,38089
financial.indicator.equity_yoy,2013,not_provided_by_source,587580,576594,10986
financial.indicator.equity_yoy,2014,not_provided_by_source,620068,610001,10067
financial.indicator.equity_yoy,2015,not_provided_by_source,665185,634502,30683
financial.indicator.equity_yoy,2016,not_provided_by_source,704146,678538,25608
financial.indicator.equity_yoy,2017,not_provided_by_source,799069,731674,67395
financial.indicator.equity_yoy,2018,not_provided_by_source,856805,814402,42403
financial.indicator.equity_yoy,2019,not_provided_by_source,890261,869326,20935
financial.indicator.equity_yoy,2020,not_provided_by_source,952002,908992,43010
financial.indicator.equity_yoy,2021,not_provided_by_source,1062390,986654,75736
financial.indicator.equity_yoy,2022,not_provided_by_source,1149262,1082888,66374
financial.indicator.equity_yoy,2023,not_provided_by_source,1211954,1159045,52909
financial.indicator.equity_yoy,2024,not_provided_by_source,1236332,1215507,20825
financial.indicator.equity_yoy,2025,not_provided_by_source,1251467,1233688,17779
financial.indicator.equity_yoy,2026,not_provided_by_source,868253,857405,10848
financial.indicator.expense_of_sales,2010,not_provided_by_source,452712,441031,11681
financial.indicator.expense_of_sales,2011,not_provided_by_source,536606,523639,12967
financial.indicator.expense_of_sales,2012,not_provided_by_source,586712,573818,12894
financial.indicator.expense_of_sales,2013,not_provided_by_source,587580,576962,10618
financial.indicator.expense_of_sales,2014,not_provided_by_source,620068,608766,11302
financial.indicator.expense_of_sales,2015,not_provided_by_source,665185,653481,11704
financial.indicator.expense_of_sales,2016,not_provided_by_source,704146,691244,12902
financial.indicator.expense_of_sales,2017,not_provided_by_source,799069,783743,15326
financial.indicator.expense_of_sales,2018,not_provided_by_source,856805,839601,17204
financial.indicator.expense_of_sales,2019,not_provided_by_source,890261,870071,20190
financial.indicator.expense_of_sales,2020,not_provided_by_source,952002,929160,22842
financial.indicator.expense_of_sales,2021,not_provided_by_source,1062390,1037018,25372
financial.indicator.expense_of_sales,2022,not_provided_by_source,1149262,1120831,28431
financial.indicator.expense_of_sales,2023,not_provided_by_source,1211954,1179902,32052
financial.indicator.expense_of_sales,2024,not_provided_by_source,1236332,1209432,26900
financial.indicator.expense_of_sales,2025,not_provided_by_source,1251467,1222463,29004
financial.indicator.expense_of_sales,2026,not_provided_by_source,868253,850397,17856
financial.indicator.extra_item,2010,not_provided_by_source,452712,451212,1500
financial.indicator.extra_item,2011,not_provided_by_source,536606,534029,2577
financial.indicator.extra_item,2012,not_provided_by_source,586712,584196,2516
financial.indicator.extra_item,2013,not_provided_by_source,587580,586912,668
financial.indicator.extra_item,2014,not_provided_by_source,620068,619800,268
financial.indicator.extra_item,2015,not_provided_by_source,665185,664318,867
financial.indicator.extra_item,2016,not_provided_by_source,704146,703698,448
financial.indicator.extra_item,2017,not_provided_by_source,799069,798820,249
financial.indicator.extra_item,2018,not_provided_by_source,856805,856534,271
financial.indicator.extra_item,2019,not_provided_by_source,890261,890170,91
financial.indicator.extra_item,2020,not_provided_by_source,952002,951534,468
financial.indicator.extra_item,2021,not_provided_by_source,1062390,1061822,568
financial.indicator.extra_item,2022,not_provided_by_source,1149262,1148215,1047
financial.indicator.extra_item,2023,not_provided_by_source,1211954,1188928,23026
financial.indicator.extra_item,2024,not_provided_by_source,1236332,1190434,45898
financial.indicator.extra_item,2025,not_provided_by_source,1251467,1229599,21868
financial.indicator.extra_item,2026,not_provided_by_source,868253,847724,20529
financial.indicator.fa_turn,2010,not_provided_by_source,452712,442307,10405
financial.indicator.fa_turn,2011,not_provided_by_source,536606,524686,11920
financial.indicator.fa_turn,2012,not_provided_by_source,586712,574896,11816
financial.indicator.fa_turn,2013,not_provided_by_source,587580,577474,10106
financial.indicator.fa_turn,2014,not_provided_by_source,620068,610183,9885
financial.indicator.fa_turn,2015,not_provided_by_source,665185,654035,11150
financial.indicator.fa_turn,2016,not_provided_by_source,704146,691913,12233
financial.indicator.fa_turn,2017,not_provided_by_source,799069,784216,14853
financial.indicator.fa_turn,2018,not_provided_by_source,856805,839642,17163
financial.indicator.fa_turn,2019,not_provided_by_source,890261,869730,20531
financial.indicator.fa_turn,2020,not_provided_by_source,952002,928214,23788
financial.indicator.fa_turn,2021,not_provided_by_source,1062390,1035108,27282
financial.indicator.fa_turn,2022,not_provided_by_source,1149262,1119299,29963
financial.indicator.fa_turn,2023,not_provided_by_source,1211954,1178687,33267
financial.indicator.fa_turn,2024,not_provided_by_source,1236332,1208737,27595
financial.indicator.fa_turn,2025,not_provided_by_source,1251467,1222418,29049
financial.indicator.fa_turn,2026,not_provided_by_source,868253,849458,18795
financial.indicator.fcfe,2010,not_provided_by_source,452712,415771,36941
financial.indicator.fcfe,2011,not_provided_by_source,536606,496461,40145
financial.indicator.fcfe,2012,not_provided_by_source,586712,546447,40265
financial.indicator.fcfe,2013,not_provided_by_source,587580,547744,39836
financial.indicator.fcfe,2014,not_provided_by_source,620068,577052,43016
financial.indicator.fcfe,2015,not_provided_by_source,665185,621236,43949
financial.indicator.fcfe,2016,not_provided_by_source,704146,652438,51708
financial.indicator.fcfe,2017,not_provided_by_source,799069,745069,54000
financial.indicator.fcfe,2018,not_provided_by_source,856805,795724,61081
financial.indicator.fcfe,2019,not_provided_by_source,890261,797174,93087
financial.indicator.fcfe,2020,not_provided_by_source,952002,816030,135972
financial.indicator.fcfe,2021,not_provided_by_source,1062390,870111,192279
financial.indicator.fcfe,2022,not_provided_by_source,1149262,766681,382581
financial.indicator.fcfe,2023,not_provided_by_source,1211954,687245,524709
financial.indicator.fcfe,2024,not_provided_by_source,1236332,1037230,199102
financial.indicator.fcfe,2025,not_provided_by_source,1251467,873901,377566
financial.indicator.fcfe,2026,not_provided_by_source,868253,648578,219675
financial.indicator.fcfe_ps,2010,not_provided_by_source,452712,415799,36913
financial.indicator.fcfe_ps,2011,not_provided_by_source,536606,496494,40112
financial.indicator.fcfe_ps,2012,not_provided_by_source,586712,546447,40265
financial.indicator.fcfe_ps,2013,not_provided_by_source,587580,547921,39659
financial.indicator.fcfe_ps,2014,not_provided_by_source,620068,576942,43126
financial.indicator.fcfe_ps,2015,not_provided_by_source,665185,621436,43749
financial.indicator.fcfe_ps,2016,not_provided_by_source,704146,652958,51188
financial.indicator.fcfe_ps,2017,not_provided_by_source,799069,745868,53201
financial.indicator.fcfe_ps,2018,not_provided_by_source,856805,796888,59917
financial.indicator.fcfe_ps,2019,not_provided_by_source,890261,798520,91741
financial.indicator.fcfe_ps,2020,not_provided_by_source,952002,817177,134825
financial.indicator.fcfe_ps,2021,not_provided_by_source,1062390,871462,190928
financial.indicator.fcfe_ps,2022,not_provided_by_source,1149262,769808,379454
financial.indicator.fcfe_ps,2023,not_provided_by_source,1211954,693333,518621
financial.indicator.fcfe_ps,2024,not_provided_by_source,1236332,1037230,199102
financial.indicator.fcfe_ps,2025,not_provided_by_source,1251467,874086,377381
financial.indicator.fcfe_ps,2026,not_provided_by_source,868253,648533,219720
financial.indicator.fcff,2010,not_provided_by_source,452712,415837,36875
financial.indicator.fcff,2011,not_provided_by_source,536606,496522,40084
financial.indicator.fcff,2012,not_provided_by_source,586712,546504,40208
financial.indicator.fcff,2013,not_provided_by_source,587580,547795,39785
financial.indicator.fcff,2014,not_provided_by_source,620068,577104,42964
financial.indicator.fcff,2015,not_provided_by_source,665185,621236,43949
financial.indicator.fcff,2016,not_provided_by_source,704146,652518,51628
financial.indicator.fcff,2017,not_provided_by_source,799069,745107,53962
financial.indicator.fcff,2018,not_provided_by_source,856805,795760,61045
financial.indicator.fcff,2019,not_provided_by_source,890261,797212,93049
financial.indicator.fcff,2020,not_provided_by_source,952002,816069,135933
financial.indicator.fcff,2021,not_provided_by_source,1062390,870160,192230
financial.indicator.fcff,2022,not_provided_by_source,1149262,766681,382581
financial.indicator.fcff,2023,not_provided_by_source,1211954,687245,524709
financial.indicator.fcff,2024,not_provided_by_source,1236332,1037237,199095
financial.indicator.fcff,2025,not_provided_by_source,1251467,873901,377566
financial.indicator.fcff,2026,not_provided_by_source,868253,648586,219667
financial.indicator.fcff_ps,2010,not_provided_by_source,452712,415795,36917
financial.indicator.fcff_ps,2011,not_provided_by_source,536606,496550,40056
financial.indicator.fcff_ps,2012,not_provided_by_source,586712,546447,40265
financial.indicator.fcff_ps,2013,not_provided_by_source,587580,547921,39659
financial.indicator.fcff_ps,2014,not_provided_by_source,620068,576942,43126
financial.indicator.fcff_ps,2015,not_provided_by_source,665185,621436,43749
financial.indicator.fcff_ps,2016,not_provided_by_source,704146,653003,51143
financial.indicator.fcff_ps,2017,not_provided_by_source,799069,745861,53208
financial.indicator.fcff_ps,2018,not_provided_by_source,856805,796841,59964
financial.indicator.fcff_ps,2019,not_provided_by_source,890261,798312,91949
financial.indicator.fcff_ps,2020,not_provided_by_source,952002,817078,134924
financial.indicator.fcff_ps,2021,not_provided_by_source,1062390,871613,190777
financial.indicator.fcff_ps,2022,not_provided_by_source,1149262,769958,379304
financial.indicator.fcff_ps,2023,not_provided_by_source,1211954,693628,518326
financial.indicator.fcff_ps,2024,not_provided_by_source,1236332,1037237,199095
financial.indicator.fcff_ps,2025,not_provided_by_source,1251467,874052,377415
financial.indicator.fcff_ps,2026,not_provided_by_source,868253,648523,219730
financial.indicator.finaexp_of_gr,2010,not_provided_by_source,452712,440968,11744
financial.indicator.finaexp_of_gr,2011,not_provided_by_source,536606,523639,12967
financial.indicator.finaexp_of_gr,2012,not_provided_by_source,586712,573689,13023
financial.indicator.finaexp_of_gr,2013,not_provided_by_source,587580,576835,10745
financial.indicator.finaexp_of_gr,2014,not_provided_by_source,620068,608664,11404
financial.indicator.finaexp_of_gr,2015,not_provided_by_source,665185,653481,11704
financial.indicator.finaexp_of_gr,2016,not_provided_by_source,704146,691245,12901
financial.indicator.finaexp_of_gr,2017,not_provided_by_source,799069,783672,15397
financial.indicator.finaexp_of_gr,2018,not_provided_by_source,856805,839620,17185
financial.indicator.finaexp_of_gr,2019,not_provided_by_source,890261,869939,20322
financial.indicator.finaexp_of_gr,2020,not_provided_by_source,952002,929083,22919
financial.indicator.finaexp_of_gr,2021,not_provided_by_source,1062390,1036919,25471
financial.indicator.finaexp_of_gr,2022,not_provided_by_source,1149262,1121060,28202
financial.indicator.finaexp_of_gr,2023,not_provided_by_source,1211954,1180301,31653
financial.indicator.finaexp_of_gr,2024,not_provided_by_source,1236332,1209351,26981
financial.indicator.finaexp_of_gr,2025,not_provided_by_source,1251467,1222675,28792
financial.indicator.finaexp_of_gr,2026,not_provided_by_source,868253,850026,18227
financial.indicator.fixed_assets,2010,not_provided_by_source,452712,451467,1245
financial.indicator.fixed_assets,2011,not_provided_by_source,536606,534845,1761
financial.indicator.fixed_assets,2012,not_provided_by_source,586712,585733,979
financial.indicator.fixed_assets,2013,not_provided_by_source,587580,587061,519
financial.indicator.fixed_assets,2014,not_provided_by_source,620068,618760,1308
financial.indicator.fixed_assets,2015,not_provided_by_source,665185,664941,244
financial.indicator.fixed_assets,2016,not_provided_by_source,704146,703887,259
financial.indicator.fixed_assets,2017,not_provided_by_source,799069,798795,274
financial.indicator.fixed_assets,2018,not_provided_by_source,856805,856728,77
financial.indicator.fixed_assets,2019,not_provided_by_source,890261,890193,68
financial.indicator.fixed_assets,2020,not_provided_by_source,952002,951795,207
financial.indicator.fixed_assets,2021,not_provided_by_source,1062390,1061665,725
financial.indicator.fixed_assets,2022,not_provided_by_source,1149262,1148854,408
financial.indicator.fixed_assets,2023,not_provided_by_source,1211954,1210073,1881
financial.indicator.fixed_assets,2024,not_provided_by_source,1236332,1234942,1390
financial.indicator.fixed_assets,2025,not_provided_by_source,1251467,1249492,1975
financial.indicator.fixed_assets,2026,not_provided_by_source,868253,867256,997
financial.indicator.gc_of_gr,2010,not_provided_by_source,452712,441031,11681
financial.indicator.gc_of_gr,2011,not_provided_by_source,536606,523639,12967
financial.indicator.gc_of_gr,2012,not_provided_by_source,586712,573798,12914
financial.indicator.gc_of_gr,2013,not_provided_by_source,587580,576952,10628
financial.indicator.gc_of_gr,2014,not_provided_by_source,620068,608952,11116
financial.indicator.gc_of_gr,2015,not_provided_by_source,665185,653448,11737
financial.indicator.gc_of_gr,2016,not_provided_by_source,704146,691250,12896
financial.indicator.gc_of_gr,2017,not_provided_by_source,799069,783724,15345
financial.indicator.gc_of_gr,2018,not_provided_by_source,856805,839556,17249
financial.indicator.gc_of_gr,2019,not_provided_by_source,890261,870007,20254
financial.indicator.gc_of_gr,2020,not_provided_by_source,952002,929350,22652
financial.indicator.gc_of_gr,2021,not_provided_by_source,1062390,1036987,25403
financial.indicator.gc_of_gr,2022,not_provided_by_source,1149262,1120683,28579
financial.indicator.gc_of_gr,2023,not_provided_by_source,1211954,1178701,33253
financial.indicator.gc_of_gr,2024,not_provided_by_source,1236332,1208977,27355
financial.indicator.gc_of_gr,2025,not_provided_by_source,1251467,1222437,29030
financial.indicator.gc_of_gr,2026,not_provided_by_source,868253,850475,17778
financial.indicator.gross_profit,2010,not_provided_by_source,452712,441884,10828
financial.indicator.gross_profit,2011,not_provided_by_source,536606,524325,12281
financial.indicator.gross_profit,2012,not_provided_by_source,586712,574193,12519
financial.indicator.gross_profit,2013,not_provided_by_source,587580,576818,10762
financial.indicator.gross_profit,2014,not_provided_by_source,620068,609744,10324
financial.indicator.gross_profit,2015,not_provided_by_source,665185,653192,11993
financial.indicator.gross_profit,2016,not_provided_by_source,704146,691189,12957
financial.indicator.gross_profit,2017,not_provided_by_source,799069,783771,15298
financial.indicator.gross_profit,2018,not_provided_by_source,856805,839283,17522
financial.indicator.gross_profit,2019,not_provided_by_source,890261,869364,20897
financial.indicator.gross_profit,2020,not_provided_by_source,952002,929373,22629
financial.indicator.gross_profit,2021,not_provided_by_source,1062390,1037799,24591
financial.indicator.gross_profit,2022,not_provided_by_source,1149262,1122499,26763
financial.indicator.gross_profit,2023,not_provided_by_source,1211954,1182525,29429
financial.indicator.gross_profit,2024,not_provided_by_source,1236332,1209907,26425
financial.indicator.gross_profit,2025,not_provided_by_source,1251467,1224142,27325
financial.indicator.gross_profit,2026,not_provided_by_source,868253,850613,17640
financial.indicator.gross_profit_margin,2010,not_provided_by_source,452712,440608,12104
financial.indicator.gross_profit_margin,2011,not_provided_by_source,536606,523208,13398
financial.indicator.gross_profit_margin,2012,not_provided_by_source,586712,573547,13165
financial.indicator.gross_profit_margin,2013,not_provided_by_source,587580,576584,10996
financial.indicator.gross_profit_margin,2014,not_provided_by_source,620068,608596,11472
financial.indicator.gross_profit_margin,2015,not_provided_by_source,665185,652869,12316
financial.indicator.gross_profit_margin,2016,not_provided_by_source,704146,690916,13230
financial.indicator.gross_profit_margin,2017,not_provided_by_source,799069,783686,15383
financial.indicator.gross_profit_margin,2018,not_provided_by_source,856805,839246,17559
financial.indicator.gross_profit_margin,2019,not_provided_by_source,890261,869318,20943
financial.indicator.gross_profit_margin,2020,not_provided_by_source,952002,928533,23469
financial.indicator.gross_profit_margin,2021,not_provided_by_source,1062390,1036605,25785
financial.indicator.gross_profit_margin,2022,not_provided_by_source,1149262,1120742,28520
financial.indicator.gross_profit_margin,2023,not_provided_by_source,1211954,1179349,32605
financial.indicator.gross_profit_margin,2024,not_provided_by_source,1236332,1208600,27732
financial.indicator.gross_profit_margin,2025,not_provided_by_source,1251467,1222317,29150
financial.indicator.gross_profit_margin,2026,not_provided_by_source,868253,849873,18380
financial.indicator.impai_ttm,2010,not_provided_by_source,452712,376260,76452
financial.indicator.impai_ttm,2011,not_provided_by_source,536606,453161,83445
financial.indicator.impai_ttm,2012,not_provided_by_source,586712,500182,86530
financial.indicator.impai_ttm,2013,not_provided_by_source,587580,515098,72482
financial.indicator.impai_ttm,2014,not_provided_by_source,620068,554374,65694
financial.indicator.impai_ttm,2015,not_provided_by_source,665185,606177,59008
financial.indicator.impai_ttm,2016,not_provided_by_source,704146,653390,50756
financial.indicator.impai_ttm,2017,not_provided_by_source,799069,748990,50079
financial.indicator.impai_ttm,2018,not_provided_by_source,856805,811056,45749
financial.indicator.impai_ttm,2019,not_provided_by_source,890261,704009,186252
financial.indicator.impai_ttm,2020,not_provided_by_source,952002,530806,421196
financial.indicator.impai_ttm,2021,not_provided_by_source,1062390,670575,391815
financial.indicator.impai_ttm,2022,not_provided_by_source,1149262,802013,347249
financial.indicator.impai_ttm,2023,not_provided_by_source,1211954,898734,313220
financial.indicator.impai_ttm,2024,not_provided_by_source,1236332,963387,272945
financial.indicator.impai_ttm,2025,not_provided_by_source,1251467,1012066,239401
financial.indicator.impai_ttm,2026,not_provided_by_source,868253,671644,196609
financial.indicator.int_to_talcap,2010,not_provided_by_source,452712,437649,15063
financial.indicator.int_to_talcap,2011,not_provided_by_source,536606,520164,16442
financial.indicator.int_to_talcap,2012,not_provided_by_source,586712,570752,15960
financial.indicator.int_to_talcap,2013,not_provided_by_source,587580,573828,13752
financial.indicator.int_to_talcap,2014,not_provided_by_source,620068,608403,11665
financial.indicator.int_to_talcap,2015,not_provided_by_source,665185,653048,12137
financial.indicator.int_to_talcap,2016,not_provided_by_source,704146,690600,13546
financial.indicator.int_to_talcap,2017,not_provided_by_source,799069,783058,16011
financial.indicator.int_to_talcap,2018,not_provided_by_source,856805,838579,18226
financial.indicator.int_to_talcap,2019,not_provided_by_source,890261,867361,22900
financial.indicator.int_to_talcap,2020,not_provided_by_source,952002,926389,25613
financial.indicator.int_to_talcap,2021,not_provided_by_source,1062390,1034554,27836
financial.indicator.int_to_talcap,2022,not_provided_by_source,1149262,1119118,30144
financial.indicator.int_to_talcap,2023,not_provided_by_source,1211954,1177937,34017
financial.indicator.int_to_talcap,2024,not_provided_by_source,1236332,1207281,29051
financial.indicator.int_to_talcap,2025,not_provided_by_source,1251467,1220821,30646
financial.indicator.int_to_talcap,2026,not_provided_by_source,868253,848172,20081
financial.indicator.interest_expense,2010,not_provided_by_source,452712,65716,386996
financial.indicator.interest_expense,2011,not_provided_by_source,536606,128627,407979
financial.indicator.interest_expense,2012,not_provided_by_source,586712,98528,488184
financial.indicator.interest_expense,2013,not_provided_by_source,587580,134008,453572
financial.indicator.interest_expense,2014,not_provided_by_source,620068,147179,472889
financial.indicator.interest_expense,2015,not_provided_by_source,665185,160764,504421
financial.indicator.interest_expense,2016,not_provided_by_source,704146,159437,544709
financial.indicator.interest_expense,2017,not_provided_by_source,799069,186468,612601
financial.indicator.interest_expense,2018,not_provided_by_source,856805,309907,546898
financial.indicator.interest_expense,2019,not_provided_by_source,890261,758289,131972
financial.indicator.interest_expense,2020,not_provided_by_source,952002,814730,137272
financial.indicator.interest_expense,2021,not_provided_by_source,1062390,920010,142380
financial.indicator.interest_expense,2022,not_provided_by_source,1149262,1023122,126140
financial.indicator.interest_expense,2023,not_provided_by_source,1211954,1100374,111580
financial.indicator.interest_expense,2024,not_provided_by_source,1236332,1135271,101061
financial.indicator.interest_expense,2025,not_provided_by_source,1251467,1157678,93789
financial.indicator.interest_expense,2026,not_provided_by_source,868253,803494,64759
financial.indicator.interestdebt,2010,not_provided_by_source,452712,444725,7987
financial.indicator.interestdebt,2011,not_provided_by_source,536606,527617,8989
financial.indicator.interestdebt,2012,not_provided_by_source,586712,576714,9998
financial.indicator.interestdebt,2013,not_provided_by_source,587580,577822,9758
financial.indicator.interestdebt,2014,not_provided_by_source,620068,609749,10319
financial.indicator.interestdebt,2015,not_provided_by_source,665185,654403,10782
financial.indicator.interestdebt,2016,not_provided_by_source,704146,692113,12033
financial.indicator.interestdebt,2017,not_provided_by_source,799069,784268,14801
financial.indicator.interestdebt,2018,not_provided_by_source,856805,840149,16656
financial.indicator.interestdebt,2019,not_provided_by_source,890261,870658,19603
financial.indicator.interestdebt,2020,not_provided_by_source,952002,930755,21247
financial.indicator.interestdebt,2021,not_provided_by_source,1062390,1038860,23530
financial.indicator.interestdebt,2022,not_provided_by_source,1149262,1124611,24651
financial.indicator.interestdebt,2023,not_provided_by_source,1211954,1186974,24980
financial.indicator.interestdebt,2024,not_provided_by_source,1236332,1211183,25149
financial.indicator.interestdebt,2025,not_provided_by_source,1251467,1225916,25551
financial.indicator.interestdebt,2026,not_provided_by_source,868253,849951,18302
financial.indicator.inv_turn,2010,not_provided_by_source,452712,433770,18942
financial.indicator.inv_turn,2011,not_provided_by_source,536606,513630,22976
financial.indicator.inv_turn,2012,not_provided_by_source,586712,562637,24075
financial.indicator.inv_turn,2013,not_provided_by_source,587580,566681,20899
financial.indicator.inv_turn,2014,not_provided_by_source,620068,599156,20912
financial.indicator.inv_turn,2015,not_provided_by_source,665185,642747,22438
financial.indicator.inv_turn,2016,not_provided_by_source,704146,678363,25783
financial.indicator.inv_turn,2017,not_provided_by_source,799069,766716,32353
financial.indicator.inv_turn,2018,not_provided_by_source,856805,820952,35853
financial.indicator.inv_turn,2019,not_provided_by_source,890261,851694,38567
financial.indicator.inv_turn,2020,not_provided_by_source,952002,908619,43383
financial.indicator.inv_turn,2021,not_provided_by_source,1062390,1013053,49337
financial.indicator.inv_turn,2022,not_provided_by_source,1149262,1097873,51389
financial.indicator.inv_turn,2023,not_provided_by_source,1211954,1159273,52681
financial.indicator.inv_turn,2024,not_provided_by_source,1236332,1195766,40566
financial.indicator.inv_turn,2025,not_provided_by_source,1251467,1209328,42139
financial.indicator.inv_turn,2026,not_provided_by_source,868253,825470,42783
financial.indicator.invest_capital,2010,not_provided_by_source,452712,444725,7987
financial.indicator.invest_capital,2011,not_provided_by_source,536606,527617,8989
financial.indicator.invest_capital,2012,not_provided_by_source,586712,576825,9887
financial.indicator.invest_capital,2013,not_provided_by_source,587580,577799,9781
financial.indicator.invest_capital,2014,not_provided_by_source,620068,609965,10103
financial.indicator.invest_capital,2015,not_provided_by_source,665185,654325,10860
financial.indicator.invest_capital,2016,not_provided_by_source,704146,691907,12239
financial.indicator.invest_capital,2017,not_provided_by_source,799069,784090,14979
financial.indicator.invest_capital,2018,not_provided_by_source,856805,839703,17102
financial.indicator.invest_capital,2019,not_provided_by_source,890261,870096,20165
financial.indicator.invest_capital,2020,not_provided_by_source,952002,930125,21877
financial.indicator.invest_capital,2021,not_provided_by_source,1062390,1037248,25142
financial.indicator.invest_capital,2022,not_provided_by_source,1149262,1121114,28148
financial.indicator.invest_capital,2023,not_provided_by_source,1211954,1179220,32734
financial.indicator.invest_capital,2024,not_provided_by_source,1236332,1208698,27634
financial.indicator.invest_capital,2025,not_provided_by_source,1251467,1221738,29729
financial.indicator.invest_capital,2026,not_provided_by_source,868253,849354,18899
financial.indicator.investincome_of_ebt,2010,not_provided_by_source,452712,278897,173815
financial.indicator.investincome_of_ebt,2011,not_provided_by_source,536606,323368,213238
financial.indicator.investincome_of_ebt,2012,not_provided_by_source,586712,347320,239392
financial.indicator.investincome_of_ebt,2013,not_provided_by_source,587580,362380,225200
financial.indicator.investincome_of_ebt,2014,not_provided_by_source,620068,410311,209757
financial.indicator.investincome_of_ebt,2015,not_provided_by_source,665185,447881,217304
financial.indicator.investincome_of_ebt,2016,not_provided_by_source,704146,497742,206404
financial.indicator.investincome_of_ebt,2017,not_provided_by_source,799069,606687,192382
financial.indicator.investincome_of_ebt,2018,not_provided_by_source,856805,684297,172508
financial.indicator.investincome_of_ebt,2019,not_provided_by_source,890261,709697,180564
financial.indicator.investincome_of_ebt,2020,not_provided_by_source,952002,698645,253357
financial.indicator.investincome_of_ebt,2021,not_provided_by_source,1062390,834824,227566
financial.indicator.investincome_of_ebt,2022,not_provided_by_source,1149262,876733,272529
financial.indicator.investincome_of_ebt,2023,not_provided_by_source,1211954,904806,307148
financial.indicator.investincome_of_ebt,2024,not_provided_by_source,1236332,900482,335850
financial.indicator.investincome_of_ebt,2025,not_provided_by_source,1251467,906071,345396
financial.indicator.investincome_of_ebt,2026,not_provided_by_source,868253,622835,245418
financial.indicator.invturn_days,2010,not_provided_by_source,452712,433687,19025
financial.indicator.invturn_days,2011,not_provided_by_source,536606,513630,22976
financial.indicator.invturn_days,2012,not_provided_by_source,586712,562637,24075
financial.indicator.invturn_days,2013,not_provided_by_source,587580,566531,21049
financial.indicator.invturn_days,2014,not_provided_by_source,620068,599074,20994
financial.indicator.invturn_days,2015,not_provided_by_source,665185,642747,22438
financial.indicator.invturn_days,2016,not_provided_by_source,704146,678363,25783
financial.indicator.invturn_days,2017,not_provided_by_source,799069,766716,32353
financial.indicator.invturn_days,2018,not_provided_by_source,856805,820909,35896
financial.indicator.invturn_days,2019,not_provided_by_source,890261,851615,38646
financial.indicator.invturn_days,2020,not_provided_by_source,952002,908619,43383
financial.indicator.invturn_days,2021,not_provided_by_source,1062390,1012205,50185
financial.indicator.invturn_days,2022,not_provided_by_source,1149262,1096631,52631
financial.indicator.invturn_days,2023,not_provided_by_source,1211954,1158759,53195
financial.indicator.invturn_days,2024,not_provided_by_source,1236332,1195276,41056
financial.indicator.invturn_days,2025,not_provided_by_source,1251467,1208723,42744
financial.indicator.invturn_days,2026,not_provided_by_source,868253,804018,64235
financial.indicator.longdeb_to_debt,2010,not_provided_by_source,452712,396354,56358
financial.indicator.longdeb_to_debt,2011,not_provided_by_source,536606,467525,69081
financial.indicator.longdeb_to_debt,2012,not_provided_by_source,586712,527458,59254
financial.indicator.longdeb_to_debt,2013,not_provided_by_source,587580,539762,47818
financial.indicator.longdeb_to_debt,2014,not_provided_by_source,620068,571918,48150
financial.indicator.longdeb_to_debt,2015,not_provided_by_source,665185,624698,40487
financial.indicator.longdeb_to_debt,2016,not_provided_by_source,704146,666271,37875
financial.indicator.longdeb_to_debt,2017,not_provided_by_source,799069,756436,42633
financial.indicator.longdeb_to_debt,2018,not_provided_by_source,856805,811542,45263
financial.indicator.longdeb_to_debt,2019,not_provided_by_source,890261,847673,42588
financial.indicator.longdeb_to_debt,2020,not_provided_by_source,952002,911585,40417
financial.indicator.longdeb_to_debt,2021,not_provided_by_source,1062390,1023747,38643
financial.indicator.longdeb_to_debt,2022,not_provided_by_source,1149262,1116373,32889
financial.indicator.longdeb_to_debt,2023,not_provided_by_source,1211954,1178544,33410
financial.indicator.longdeb_to_debt,2024,not_provided_by_source,1236332,1208356,27976
financial.indicator.longdeb_to_debt,2025,not_provided_by_source,1251467,1221741,29726
financial.indicator.longdeb_to_debt,2026,not_provided_by_source,868253,849300,18953
financial.indicator.longdebt_to_workingcapital,2010,not_provided_by_source,452712,284509,168203
financial.indicator.longdebt_to_workingcapital,2011,not_provided_by_source,536606,361548,175058
financial.indicator.longdebt_to_workingcapital,2012,not_provided_by_source,586712,418940,167772
financial.indicator.longdebt_to_workingcapital,2013,not_provided_by_source,587580,428109,159471
financial.indicator.longdebt_to_workingcapital,2014,not_provided_by_source,620068,452127,167941
financial.indicator.longdebt_to_workingcapital,2015,not_provided_by_source,665185,500615,164570
financial.indicator.longdebt_to_workingcapital,2016,not_provided_by_source,704146,539619,164527
financial.indicator.longdebt_to_workingcapital,2017,not_provided_by_source,799069,634351,164718
financial.indicator.longdebt_to_workingcapital,2018,not_provided_by_source,856805,689301,167504
financial.indicator.longdebt_to_workingcapital,2019,not_provided_by_source,890261,712201,178060
financial.indicator.longdebt_to_workingcapital,2020,not_provided_by_source,952002,761984,190018
financial.indicator.longdebt_to_workingcapital,2021,not_provided_by_source,1062390,872584,189806
financial.indicator.longdebt_to_workingcapital,2022,not_provided_by_source,1149262,962790,186472
financial.indicator.longdebt_to_workingcapital,2023,not_provided_by_source,1211954,1018307,193647
financial.indicator.longdebt_to_workingcapital,2024,not_provided_by_source,1236332,1038791,197541
financial.indicator.longdebt_to_workingcapital,2025,not_provided_by_source,1251467,1040988,210479
financial.indicator.longdebt_to_workingcapital,2026,not_provided_by_source,868253,717581,150672
financial.indicator.n_op_profit_of_ebt,2010,not_provided_by_source,452712,388293,64419
financial.indicator.n_op_profit_of_ebt,2011,not_provided_by_source,536606,476910,59696
financial.indicator.n_op_profit_of_ebt,2012,not_provided_by_source,586712,506509,80203
financial.indicator.n_op_profit_of_ebt,2013,not_provided_by_source,587580,501726,85854
financial.indicator.n_op_profit_of_ebt,2014,not_provided_by_source,620068,525846,94222
financial.indicator.n_op_profit_of_ebt,2015,not_provided_by_source,665185,554454,110731
financial.indicator.n_op_profit_of_ebt,2016,not_provided_by_source,704146,593071,111075
financial.indicator.n_op_profit_of_ebt,2017,not_provided_by_source,799069,708449,90620
financial.indicator.n_op_profit_of_ebt,2018,not_provided_by_source,856805,761098,95707
financial.indicator.n_op_profit_of_ebt,2019,not_provided_by_source,890261,771823,118438
financial.indicator.n_op_profit_of_ebt,2020,not_provided_by_source,952002,756591,195411
financial.indicator.n_op_profit_of_ebt,2021,not_provided_by_source,1062390,902939,159451
financial.indicator.n_op_profit_of_ebt,2022,not_provided_by_source,1149262,935270,213992
financial.indicator.n_op_profit_of_ebt,2023,not_provided_by_source,1211954,956308,255646
financial.indicator.n_op_profit_of_ebt,2024,not_provided_by_source,1236332,947580,288752
financial.indicator.n_op_profit_of_ebt,2025,not_provided_by_source,1251467,944631,306836
financial.indicator.n_op_profit_of_ebt,2026,not_provided_by_source,868253,646073,222180
financial.indicator.nca_to_assets,2010,not_provided_by_source,452712,443827,8885
financial.indicator.nca_to_assets,2011,not_provided_by_source,536606,526319,10287
financial.indicator.nca_to_assets,2012,not_provided_by_source,586712,576412,10300
financial.indicator.nca_to_assets,2013,not_provided_by_source,587580,577632,9948
financial.indicator.nca_to_assets,2014,not_provided_by_source,620068,608965,11103
financial.indicator.nca_to_assets,2015,not_provided_by_source,665185,654072,11113
financial.indicator.nca_to_assets,2016,not_provided_by_source,704146,691773,12373
financial.indicator.nca_to_assets,2017,not_provided_by_source,799069,784000,15069
financial.indicator.nca_to_assets,2018,not_provided_by_source,856805,839733,17072
financial.indicator.nca_to_assets,2019,not_provided_by_source,890261,870168,20093
financial.indicator.nca_to_assets,2020,not_provided_by_source,952002,930271,21731
financial.indicator.nca_to_assets,2021,not_provided_by_source,1062390,1038350,24040
financial.indicator.nca_to_assets,2022,not_provided_by_source,1149262,1122090,27172
financial.indicator.nca_to_assets,2023,not_provided_by_source,1211954,1179678,32276
financial.indicator.nca_to_assets,2024,not_provided_by_source,1236332,1208972,27360
financial.indicator.nca_to_assets,2025,not_provided_by_source,1251467,1222582,28885
financial.indicator.nca_to_assets,2026,not_provided_by_source,868253,850242,18011
financial.indicator.net_profit_margin,2010,not_provided_by_source,452712,448961,3751
financial.indicator.net_profit_margin,2011,not_provided_by_source,536606,532628,3978
financial.indicator.net_profit_margin,2012,not_provided_by_source,586712,583641,3071
financial.indicator.net_profit_margin,2013,not_provided_by_source,587580,586636,944
financial.indicator.net_profit_margin,2014,not_provided_by_source,620068,619734,334
financial.indicator.net_profit_margin,2015,not_provided_by_source,665185,664221,964
financial.indicator.net_profit_margin,2016,not_provided_by_source,704146,703263,883
financial.indicator.net_profit_margin,2017,not_provided_by_source,799069,798506,563
financial.indicator.net_profit_margin,2018,not_provided_by_source,856805,856159,646
financial.indicator.net_profit_margin,2019,not_provided_by_source,890261,889519,742
financial.indicator.net_profit_margin,2020,not_provided_by_source,952002,950220,1782
financial.indicator.net_profit_margin,2021,not_provided_by_source,1062390,1058985,3405
financial.indicator.net_profit_margin,2022,not_provided_by_source,1149262,1142938,6324
financial.indicator.net_profit_margin,2023,not_provided_by_source,1211954,1201851,10103
financial.indicator.net_profit_margin,2024,not_provided_by_source,1236332,1232370,3962
financial.indicator.net_profit_margin,2025,not_provided_by_source,1251467,1245667,5800
financial.indicator.net_profit_margin,2026,not_provided_by_source,868253,866428,1825
financial.indicator.netdebt,2010,not_provided_by_source,452712,444725,7987
financial.indicator.netdebt,2011,not_provided_by_source,536606,527617,8989
financial.indicator.netdebt,2012,not_provided_by_source,586712,576714,9998
financial.indicator.netdebt,2013,not_provided_by_source,587580,577822,9758
financial.indicator.netdebt,2014,not_provided_by_source,620068,609749,10319
financial.indicator.netdebt,2015,not_provided_by_source,665185,654403,10782
financial.indicator.netdebt,2016,not_provided_by_source,704146,692113,12033
financial.indicator.netdebt,2017,not_provided_by_source,799069,784268,14801
financial.indicator.netdebt,2018,not_provided_by_source,856805,840149,16656
financial.indicator.netdebt,2019,not_provided_by_source,890261,870658,19603
financial.indicator.netdebt,2020,not_provided_by_source,952002,930741,21261
financial.indicator.netdebt,2021,not_provided_by_source,1062390,1038819,23571
financial.indicator.netdebt,2022,not_provided_by_source,1149262,1124307,24955
financial.indicator.netdebt,2023,not_provided_by_source,1211954,1186392,25562
financial.indicator.netdebt,2024,not_provided_by_source,1236332,1210909,25423
financial.indicator.netdebt,2025,not_provided_by_source,1251467,1225830,25637
financial.indicator.netdebt,2026,not_provided_by_source,868253,849941,18312
financial.indicator.netprofit_yoy,2010,not_provided_by_source,452712,449282,3430
financial.indicator.netprofit_yoy,2011,not_provided_by_source,536606,533404,3202
financial.indicator.netprofit_yoy,2012,not_provided_by_source,586712,585456,1256
financial.indicator.netprofit_yoy,2013,not_provided_by_source,587580,587535,45
financial.indicator.netprofit_yoy,2014,not_provided_by_source,620068,619413,655
financial.indicator.netprofit_yoy,2015,not_provided_by_source,665185,663001,2184
financial.indicator.netprofit_yoy,2016,not_provided_by_source,704146,701705,2441
financial.indicator.netprofit_yoy,2017,not_provided_by_source,799069,793932,5137
financial.indicator.netprofit_yoy,2018,not_provided_by_source,856805,854977,1828
financial.indicator.netprofit_yoy,2019,not_provided_by_source,890261,889350,911
financial.indicator.netprofit_yoy,2020,not_provided_by_source,952002,950795,1207
financial.indicator.netprofit_yoy,2021,not_provided_by_source,1062390,1059110,3280
financial.indicator.netprofit_yoy,2022,not_provided_by_source,1149262,1145603,3659
financial.indicator.netprofit_yoy,2023,not_provided_by_source,1211954,1205224,6730
financial.indicator.netprofit_yoy,2024,not_provided_by_source,1236332,1232680,3652
financial.indicator.netprofit_yoy,2025,not_provided_by_source,1251467,1246736,4731
financial.indicator.netprofit_yoy,2026,not_provided_by_source,868253,866117,2136
financial.indicator.networking_capital,2010,not_provided_by_source,452712,444725,7987
financial.indicator.networking_capital,2011,not_provided_by_source,536606,527617,8989
financial.indicator.networking_capital,2012,not_provided_by_source,586712,576714,9998
financial.indicator.networking_capital,2013,not_provided_by_source,587580,577809,9771
financial.indicator.networking_capital,2014,not_provided_by_source,620068,608888,11180
financial.indicator.networking_capital,2015,not_provided_by_source,665185,654077,11108
financial.indicator.networking_capital,2016,not_provided_by_source,704146,691679,12467
financial.indicator.networking_capital,2017,not_provided_by_source,799069,783520,15549
financial.indicator.networking_capital,2018,not_provided_by_source,856805,838766,18039
financial.indicator.networking_capital,2019,not_provided_by_source,890261,865527,24734
financial.indicator.networking_capital,2020,not_provided_by_source,952002,919763,32239
financial.indicator.networking_capital,2021,not_provided_by_source,1062390,1020337,42053
financial.indicator.networking_capital,2022,not_provided_by_source,1149262,1092804,56458
financial.indicator.networking_capital,2023,not_provided_by_source,1211954,1134079,77875
financial.indicator.networking_capital,2024,not_provided_by_source,1236332,1193025,43307
financial.indicator.networking_capital,2025,not_provided_by_source,1251467,1033926,217541
financial.indicator.networking_capital,2026,not_provided_by_source,868253,770367,97886
financial.indicator.non_op_profit,2010,not_provided_by_source,452712,452712,0
financial.indicator.non_op_profit,2011,not_provided_by_source,536606,536606,0
financial.indicator.non_op_profit,2012,not_provided_by_source,586712,586712,0
financial.indicator.non_op_profit,2013,not_provided_by_source,587580,587580,0
financial.indicator.non_op_profit,2014,not_provided_by_source,620068,620063,5
financial.indicator.non_op_profit,2015,not_provided_by_source,665185,665176,9
financial.indicator.non_op_profit,2016,not_provided_by_source,704146,704119,27
financial.indicator.non_op_profit,2017,not_provided_by_source,799069,799030,39
financial.indicator.non_op_profit,2018,not_provided_by_source,856805,856719,86
financial.indicator.non_op_profit,2019,not_provided_by_source,890261,890207,54
financial.indicator.non_op_profit,2020,not_provided_by_source,952002,951889,113
financial.indicator.non_op_profit,2021,not_provided_by_source,1062390,1062147,243
financial.indicator.non_op_profit,2022,not_provided_by_source,1149262,1149089,173
financial.indicator.non_op_profit,2023,not_provided_by_source,1211954,1211347,607
financial.indicator.non_op_profit,2024,not_provided_by_source,1236332,1236119,213
financial.indicator.non_op_profit,2025,not_provided_by_source,1251467,1251268,199
financial.indicator.non_op_profit,2026,not_provided_by_source,868253,867971,282
financial.indicator.noncurrent_exint,2010,not_provided_by_source,452712,396421,56291
financial.indicator.noncurrent_exint,2011,not_provided_by_source,536606,467693,68913
financial.indicator.noncurrent_exint,2012,not_provided_by_source,586712,527637,59075
financial.indicator.noncurrent_exint,2013,not_provided_by_source,587580,539994,47586
financial.indicator.noncurrent_exint,2014,not_provided_by_source,620068,572223,47845
financial.indicator.noncurrent_exint,2015,not_provided_by_source,665185,624824,40361
financial.indicator.noncurrent_exint,2016,not_provided_by_source,704146,666565,37581
financial.indicator.noncurrent_exint,2017,not_provided_by_source,799069,756676,42393
financial.indicator.noncurrent_exint,2018,not_provided_by_source,856805,811725,45080
financial.indicator.noncurrent_exint,2019,not_provided_by_source,890261,847825,42436
financial.indicator.noncurrent_exint,2020,not_provided_by_source,952002,911625,40377
financial.indicator.noncurrent_exint,2021,not_provided_by_source,1062390,1023497,38893
financial.indicator.noncurrent_exint,2022,not_provided_by_source,1149262,1117252,32010
financial.indicator.noncurrent_exint,2023,not_provided_by_source,1211954,1182081,29873
financial.indicator.noncurrent_exint,2024,not_provided_by_source,1236332,1209287,27045
financial.indicator.noncurrent_exint,2025,not_provided_by_source,1251467,1223948,27519
financial.indicator.noncurrent_exint,2026,not_provided_by_source,868253,849826,18427
financial.indicator.nop_to_ebt,2010,not_provided_by_source,452712,390411,62301
financial.indicator.nop_to_ebt,2011,not_provided_by_source,536606,479867,56739
financial.indicator.nop_to_ebt,2012,not_provided_by_source,586712,508913,77799
financial.indicator.nop_to_ebt,2013,not_provided_by_source,587580,504313,83267
financial.indicator.nop_to_ebt,2014,not_provided_by_source,620068,528662,91406
financial.indicator.nop_to_ebt,2015,not_provided_by_source,665185,555956,109229
financial.indicator.nop_to_ebt,2016,not_provided_by_source,704146,594151,109995
financial.indicator.nop_to_ebt,2017,not_provided_by_source,799069,710555,88514
financial.indicator.nop_to_ebt,2018,not_provided_by_source,856805,766934,89871
financial.indicator.nop_to_ebt,2019,not_provided_by_source,890261,779903,110358
financial.indicator.nop_to_ebt,2020,not_provided_by_source,952002,762330,189672
financial.indicator.nop_to_ebt,2021,not_provided_by_source,1062390,910074,152316
financial.indicator.nop_to_ebt,2022,not_provided_by_source,1149262,942586,206676
financial.indicator.nop_to_ebt,2023,not_provided_by_source,1211954,961780,250174
financial.indicator.nop_to_ebt,2024,not_provided_by_source,1236332,952821,283511
financial.indicator.nop_to_ebt,2025,not_provided_by_source,1251467,949034,302433
financial.indicator.nop_to_ebt,2026,not_provided_by_source,868253,649549,218704
financial.indicator.npta,2010,not_provided_by_source,452712,452307,405
financial.indicator.npta,2011,not_provided_by_source,536606,536350,256
financial.indicator.npta,2012,not_provided_by_source,586712,586321,391
financial.indicator.npta,2013,not_provided_by_source,587580,587155,425
financial.indicator.npta,2014,not_provided_by_source,620068,619538,530
financial.indicator.npta,2015,not_provided_by_source,665185,664208,977
financial.indicator.npta,2016,not_provided_by_source,704146,701416,2730
financial.indicator.npta,2017,not_provided_by_source,799069,795324,3745
financial.indicator.npta,2018,not_provided_by_source,856805,851342,5463
financial.indicator.npta,2019,not_provided_by_source,890261,882251,8010
financial.indicator.npta,2020,not_provided_by_source,952002,940619,11383
financial.indicator.npta,2021,not_provided_by_source,1062390,1045282,17108
financial.indicator.npta,2022,not_provided_by_source,1149262,1126319,22943
financial.indicator.npta,2023,not_provided_by_source,1211954,1187583,24371
financial.indicator.npta,2024,not_provided_by_source,1236332,1229871,6461
financial.indicator.npta,2025,not_provided_by_source,1251467,1243682,7785
financial.indicator.npta,2026,not_provided_by_source,868253,865718,2535
financial.indicator.ocf_to_debt,2010,not_provided_by_source,452712,452383,329
financial.indicator.ocf_to_debt,2011,not_provided_by_source,536606,536205,401
financial.indicator.ocf_to_debt,2012,not_provided_by_source,586712,586368,344
financial.indicator.ocf_to_debt,2013,not_provided_by_source,587580,587479,101
financial.indicator.ocf_to_debt,2014,not_provided_by_source,620068,619260,808
financial.indicator.ocf_to_debt,2015,not_provided_by_source,665185,665157,28
financial.indicator.ocf_to_debt,2016,not_provided_by_source,704146,704034,112
financial.indicator.ocf_to_debt,2017,not_provided_by_source,799069,798977,92
financial.indicator.ocf_to_debt,2018,not_provided_by_source,856805,856547,258
financial.indicator.ocf_to_debt,2019,not_provided_by_source,890261,890031,230
financial.indicator.ocf_to_debt,2020,not_provided_by_source,952002,951651,351
financial.indicator.ocf_to_debt,2021,not_provided_by_source,1062390,1061263,1127
financial.indicator.ocf_to_debt,2022,not_provided_by_source,1149262,1146313,2949
financial.indicator.ocf_to_debt,2023,not_provided_by_source,1211954,1206318,5636
financial.indicator.ocf_to_debt,2024,not_provided_by_source,1236332,1233269,3063
financial.indicator.ocf_to_debt,2025,not_provided_by_source,1251467,1248036,3431
financial.indicator.ocf_to_debt,2026,not_provided_by_source,868253,866697,1556
financial.indicator.ocf_to_interestdebt,2010,not_provided_by_source,452712,389675,63037
financial.indicator.ocf_to_interestdebt,2011,not_provided_by_source,536606,438972,97634
financial.indicator.ocf_to_interestdebt,2012,not_provided_by_source,586712,474654,112058
financial.indicator.ocf_to_interestdebt,2013,not_provided_by_source,587580,477747,109833
financial.indicator.ocf_to_interestdebt,2014,not_provided_by_source,620068,516909,103159
financial.indicator.ocf_to_interestdebt,2015,not_provided_by_source,665185,561328,103857
financial.indicator.ocf_to_interestdebt,2016,not_provided_by_source,704146,593812,110334
financial.indicator.ocf_to_interestdebt,2017,not_provided_by_source,799069,657106,141963
financial.indicator.ocf_to_interestdebt,2018,not_provided_by_source,856805,703352,153453
financial.indicator.ocf_to_interestdebt,2019,not_provided_by_source,890261,743977,146284
financial.indicator.ocf_to_interestdebt,2020,not_provided_by_source,952002,795108,156894
financial.indicator.ocf_to_interestdebt,2021,not_provided_by_source,1062390,928677,133713
financial.indicator.ocf_to_interestdebt,2022,not_provided_by_source,1149262,1069202,80060
financial.indicator.ocf_to_interestdebt,2023,not_provided_by_source,1211954,1146994,64960
financial.indicator.ocf_to_interestdebt,2024,not_provided_by_source,1236332,1175603,60729
financial.indicator.ocf_to_interestdebt,2025,not_provided_by_source,1251467,1192887,58580
financial.indicator.ocf_to_interestdebt,2026,not_provided_by_source,868253,829151,39102
financial.indicator.ocf_to_netdebt,2010,not_provided_by_source,452712,255614,197098
financial.indicator.ocf_to_netdebt,2011,not_provided_by_source,536606,257875,278731
financial.indicator.ocf_to_netdebt,2012,not_provided_by_source,586712,281672,305040
financial.indicator.ocf_to_netdebt,2013,not_provided_by_source,587580,293885,293695
financial.indicator.ocf_to_netdebt,2014,not_provided_by_source,620068,331281,288787
financial.indicator.ocf_to_netdebt,2015,not_provided_by_source,665185,357996,307189
financial.indicator.ocf_to_netdebt,2016,not_provided_by_source,704146,361292,342854
financial.indicator.ocf_to_netdebt,2017,not_provided_by_source,799069,376044,423025
financial.indicator.ocf_to_netdebt,2018,not_provided_by_source,856805,424876,431929
financial.indicator.ocf_to_netdebt,2019,not_provided_by_source,890261,466641,423620
financial.indicator.ocf_to_netdebt,2020,not_provided_by_source,952002,473935,478067
financial.indicator.ocf_to_netdebt,2021,not_provided_by_source,1062390,495899,566491
financial.indicator.ocf_to_netdebt,2022,not_provided_by_source,1149262,523628,625634
financial.indicator.ocf_to_netdebt,2023,not_provided_by_source,1211954,538035,673919
financial.indicator.ocf_to_netdebt,2024,not_provided_by_source,1236332,570592,665740
financial.indicator.ocf_to_netdebt,2025,not_provided_by_source,1251467,601838,649629
financial.indicator.ocf_to_netdebt,2026,not_provided_by_source,868253,420314,447939
financial.indicator.ocf_to_opincome,2010,not_provided_by_source,452712,356100,96612
financial.indicator.ocf_to_opincome,2011,not_provided_by_source,536606,446198,90408
financial.indicator.ocf_to_opincome,2012,not_provided_by_source,586712,469016,117696
financial.indicator.ocf_to_opincome,2013,not_provided_by_source,587580,455559,132021
financial.indicator.ocf_to_opincome,2014,not_provided_by_source,620068,472266,147802
financial.indicator.ocf_to_opincome,2015,not_provided_by_source,665185,495569,169616
financial.indicator.ocf_to_opincome,2016,not_provided_by_source,704146,536082,168064
financial.indicator.ocf_to_opincome,2017,not_provided_by_source,799069,649783,149286
financial.indicator.ocf_to_opincome,2018,not_provided_by_source,856805,701089,155716
financial.indicator.ocf_to_opincome,2019,not_provided_by_source,890261,703433,186828
financial.indicator.ocf_to_opincome,2020,not_provided_by_source,952002,686975,265027
financial.indicator.ocf_to_opincome,2021,not_provided_by_source,1062390,836589,225801
financial.indicator.ocf_to_opincome,2022,not_provided_by_source,1149262,874441,274821
financial.indicator.ocf_to_opincome,2023,not_provided_by_source,1211954,875113,336841
financial.indicator.ocf_to_opincome,2024,not_provided_by_source,1236332,858837,377495
financial.indicator.ocf_to_opincome,2025,not_provided_by_source,1251467,853855,397612
financial.indicator.ocf_to_opincome,2026,not_provided_by_source,868253,586901,281352
financial.indicator.ocf_to_or,2010,not_provided_by_source,452712,448905,3807
financial.indicator.ocf_to_or,2011,not_provided_by_source,536606,532645,3961
financial.indicator.ocf_to_or,2012,not_provided_by_source,586712,583772,2940
financial.indicator.ocf_to_or,2013,not_provided_by_source,587580,586659,921
financial.indicator.ocf_to_or,2014,not_provided_by_source,620068,619739,329
financial.indicator.ocf_to_or,2015,not_provided_by_source,665185,664263,922
financial.indicator.ocf_to_or,2016,not_provided_by_source,704146,703342,804
financial.indicator.ocf_to_or,2017,not_provided_by_source,799069,798592,477
financial.indicator.ocf_to_or,2018,not_provided_by_source,856805,856306,499
financial.indicator.ocf_to_or,2019,not_provided_by_source,890261,889728,533
financial.indicator.ocf_to_or,2020,not_provided_by_source,952002,950273,1729
financial.indicator.ocf_to_or,2021,not_provided_by_source,1062390,1059734,2656
financial.indicator.ocf_to_or,2022,not_provided_by_source,1149262,1144445,4817
financial.indicator.ocf_to_or,2023,not_provided_by_source,1211954,1204005,7949
financial.indicator.ocf_to_or,2024,not_provided_by_source,1236332,1232703,3629
financial.indicator.ocf_to_or,2025,not_provided_by_source,1251467,1246924,4543
financial.indicator.ocf_to_or,2026,not_provided_by_source,868253,866369,1884
financial.indicator.ocf_to_profit,2010,not_provided_by_source,452712,375539,77173
financial.indicator.ocf_to_profit,2011,not_provided_by_source,536606,465865,70741
financial.indicator.ocf_to_profit,2012,not_provided_by_source,586712,489492,97220
financial.indicator.ocf_to_profit,2013,not_provided_by_source,587580,479170,108410
financial.indicator.ocf_to_profit,2014,not_provided_by_source,620068,500853,119215
financial.indicator.ocf_to_profit,2015,not_provided_by_source,665185,529914,135271
financial.indicator.ocf_to_profit,2016,not_provided_by_source,704146,567341,136805
financial.indicator.ocf_to_profit,2017,not_provided_by_source,799069,685932,113137
financial.indicator.ocf_to_profit,2018,not_provided_by_source,856805,757530,99275
financial.indicator.ocf_to_profit,2019,not_provided_by_source,890261,774781,115480
financial.indicator.ocf_to_profit,2020,not_provided_by_source,952002,758473,193529
financial.indicator.ocf_to_profit,2021,not_provided_by_source,1062390,904885,157505
financial.indicator.ocf_to_profit,2022,not_provided_by_source,1149262,939569,209693
financial.indicator.ocf_to_profit,2023,not_provided_by_source,1211954,957912,254042
financial.indicator.ocf_to_profit,2024,not_provided_by_source,1236332,949536,286796
financial.indicator.ocf_to_profit,2025,not_provided_by_source,1251467,946999,304468
financial.indicator.ocf_to_profit,2026,not_provided_by_source,868253,647232,221021
financial.indicator.ocf_to_shortdebt,2010,not_provided_by_source,452712,444453,8259
financial.indicator.ocf_to_shortdebt,2011,not_provided_by_source,536606,527136,9470
financial.indicator.ocf_to_shortdebt,2012,not_provided_by_source,586712,576481,10231
financial.indicator.ocf_to_shortdebt,2013,not_provided_by_source,587580,577721,9859
financial.indicator.ocf_to_shortdebt,2014,not_provided_by_source,620068,608856,11212
financial.indicator.ocf_to_shortdebt,2015,not_provided_by_source,665185,654294,10891
financial.indicator.ocf_to_shortdebt,2016,not_provided_by_source,704146,692001,12145
financial.indicator.ocf_to_shortdebt,2017,not_provided_by_source,799069,784135,14934
financial.indicator.ocf_to_shortdebt,2018,not_provided_by_source,856805,839911,16894
financial.indicator.ocf_to_shortdebt,2019,not_provided_by_source,890261,870461,19800
financial.indicator.ocf_to_shortdebt,2020,not_provided_by_source,952002,930610,21392
financial.indicator.ocf_to_shortdebt,2021,not_provided_by_source,1062390,1038936,23454
financial.indicator.ocf_to_shortdebt,2022,not_provided_by_source,1149262,1123223,26039
financial.indicator.ocf_to_shortdebt,2023,not_provided_by_source,1211954,1183068,28886
financial.indicator.ocf_to_shortdebt,2024,not_provided_by_source,1236332,1209542,26790
financial.indicator.ocf_to_shortdebt,2025,not_provided_by_source,1251467,1224266,27201
financial.indicator.ocf_to_shortdebt,2026,not_provided_by_source,868253,850274,17979
financial.indicator.ocf_yoy,2010,not_provided_by_source,452712,448993,3719
financial.indicator.ocf_yoy,2011,not_provided_by_source,536606,532996,3610
financial.indicator.ocf_yoy,2012,not_provided_by_source,586712,585210,1502
financial.indicator.ocf_yoy,2013,not_provided_by_source,587580,587497,83
financial.indicator.ocf_yoy,2014,not_provided_by_source,620068,619339,729
financial.indicator.ocf_yoy,2015,not_provided_by_source,665185,662779,2406
financial.indicator.ocf_yoy,2016,not_provided_by_source,704146,701864,2282
financial.indicator.ocf_yoy,2017,not_provided_by_source,799069,793926,5143
financial.indicator.ocf_yoy,2018,not_provided_by_source,856805,855231,1574
financial.indicator.ocf_yoy,2019,not_provided_by_source,890261,888895,1366
financial.indicator.ocf_yoy,2020,not_provided_by_source,952002,951002,1000
financial.indicator.ocf_yoy,2021,not_provided_by_source,1062390,1060334,2056
financial.indicator.ocf_yoy,2022,not_provided_by_source,1149262,1147838,1424
financial.indicator.ocf_yoy,2023,not_provided_by_source,1211954,1209797,2157
financial.indicator.ocf_yoy,2024,not_provided_by_source,1236332,1234545,1787
financial.indicator.ocf_yoy,2025,not_provided_by_source,1251467,1249982,1485
financial.indicator.ocf_yoy,2026,not_provided_by_source,868253,866868,1385
financial.indicator.ocfps,2010,not_provided_by_source,452712,452617,95
financial.indicator.ocfps,2011,not_provided_by_source,536606,536606,0
financial.indicator.ocfps,2012,not_provided_by_source,586712,586712,0
financial.indicator.ocfps,2013,not_provided_by_source,587580,587580,0
financial.indicator.ocfps,2014,not_provided_by_source,620068,618907,1161
financial.indicator.ocfps,2015,not_provided_by_source,665185,665185,0
financial.indicator.ocfps,2016,not_provided_by_source,704146,704146,0
financial.indicator.ocfps,2017,not_provided_by_source,799069,798869,200
financial.indicator.ocfps,2018,not_provided_by_source,856805,856706,99
financial.indicator.ocfps,2019,not_provided_by_source,890261,890224,37
financial.indicator.ocfps,2020,not_provided_by_source,952002,951920,82
financial.indicator.ocfps,2021,not_provided_by_source,1062390,1062124,266
financial.indicator.ocfps,2022,not_provided_by_source,1149262,1148223,1039
financial.indicator.ocfps,2023,not_provided_by_source,1211954,1208424,3530
financial.indicator.ocfps,2024,not_provided_by_source,1236332,1230019,6313
financial.indicator.ocfps,2025,not_provided_by_source,1251467,1244757,6710
financial.indicator.ocfps,2026,not_provided_by_source,868253,863621,4632
financial.indicator.ocfps_yoy,2010,not_provided_by_source,452712,446856,5856
financial.indicator.ocfps_yoy,2011,not_provided_by_source,536606,530320,6286
financial.indicator.ocfps_yoy,2012,not_provided_by_source,586712,581768,4944
financial.indicator.ocfps_yoy,2013,not_provided_by_source,587580,584442,3138
financial.indicator.ocfps_yoy,2014,not_provided_by_source,620068,612774,7294
financial.indicator.ocfps_yoy,2015,not_provided_by_source,665185,643662,21523
financial.indicator.ocfps_yoy,2016,not_provided_by_source,704146,679767,24379
financial.indicator.ocfps_yoy,2017,not_provided_by_source,799069,736718,62351
financial.indicator.ocfps_yoy,2018,not_provided_by_source,856805,813108,43697
financial.indicator.ocfps_yoy,2019,not_provided_by_source,890261,871425,18836
financial.indicator.ocfps_yoy,2020,not_provided_by_source,952002,912689,39313
financial.indicator.ocfps_yoy,2021,not_provided_by_source,1062390,992188,70202
financial.indicator.ocfps_yoy,2022,not_provided_by_source,1149262,1088371,60891
financial.indicator.ocfps_yoy,2023,not_provided_by_source,1211954,1161501,50453
financial.indicator.ocfps_yoy,2024,not_provided_by_source,1236332,1205111,31221
financial.indicator.ocfps_yoy,2025,not_provided_by_source,1251467,1230187,21280
financial.indicator.ocfps_yoy,2026,not_provided_by_source,868253,813347,54906
financial.indicator.op_income,2010,not_provided_by_source,452712,452712,0
financial.indicator.op_income,2011,not_provided_by_source,536606,536589,17
financial.indicator.op_income,2012,not_provided_by_source,586712,586583,129
financial.indicator.op_income,2013,not_provided_by_source,587580,587355,225
financial.indicator.op_income,2014,not_provided_by_source,620068,619957,111
financial.indicator.op_income,2015,not_provided_by_source,665185,665051,134
financial.indicator.op_income,2016,not_provided_by_source,704146,703850,296
financial.indicator.op_income,2017,not_provided_by_source,799069,798925,144
financial.indicator.op_income,2018,not_provided_by_source,856805,856513,292
financial.indicator.op_income,2019,not_provided_by_source,890261,889808,453
financial.indicator.op_income,2020,not_provided_by_source,952002,951085,917
financial.indicator.op_income,2021,not_provided_by_source,1062390,1060261,2129
financial.indicator.op_income,2022,not_provided_by_source,1149262,1145334,3928
financial.indicator.op_income,2023,not_provided_by_source,1211954,1205136,6818
financial.indicator.op_income,2024,not_provided_by_source,1236332,1233409,2923
financial.indicator.op_income,2025,not_provided_by_source,1251467,1247409,4058
financial.indicator.op_income,2026,not_provided_by_source,868253,866535,1718
financial.indicator.op_of_gr,2010,not_provided_by_source,452712,448961,3751
financial.indicator.op_of_gr,2011,not_provided_by_source,536606,532628,3978
financial.indicator.op_of_gr,2012,not_provided_by_source,586712,583752,2960
financial.indicator.op_of_gr,2013,not_provided_by_source,587580,586636,944
financial.indicator.op_of_gr,2014,not_provided_by_source,620068,619739,329
financial.indicator.op_of_gr,2015,not_provided_by_source,665185,664230,955
financial.indicator.op_of_gr,2016,not_provided_by_source,704146,703263,883
financial.indicator.op_of_gr,2017,not_provided_by_source,799069,798506,563
financial.indicator.op_of_gr,2018,not_provided_by_source,856805,856164,641
financial.indicator.op_of_gr,2019,not_provided_by_source,890261,889600,661
financial.indicator.op_of_gr,2020,not_provided_by_source,952002,950468,1534
financial.indicator.op_of_gr,2021,not_provided_by_source,1062390,1059313,3077
financial.indicator.op_of_gr,2022,not_provided_by_source,1149262,1143285,5977
financial.indicator.op_of_gr,2023,not_provided_by_source,1211954,1202298,9656
financial.indicator.op_of_gr,2024,not_provided_by_source,1236332,1232766,3566
financial.indicator.op_of_gr,2025,not_provided_by_source,1251467,1245990,5477
financial.indicator.op_of_gr,2026,not_provided_by_source,868253,866361,1892
financial.indicator.op_to_debt,2010,not_provided_by_source,452712,452513,199
financial.indicator.op_to_debt,2011,not_provided_by_source,536606,536519,87
financial.indicator.op_to_debt,2012,not_provided_by_source,586712,586564,148
financial.indicator.op_to_debt,2013,not_provided_by_source,587580,587557,23
financial.indicator.op_to_debt,2014,not_provided_by_source,620068,619522,546
financial.indicator.op_to_debt,2015,not_provided_by_source,665185,665080,105
financial.indicator.op_to_debt,2016,not_provided_by_source,704146,703896,250
financial.indicator.op_to_debt,2017,not_provided_by_source,799069,798909,160
financial.indicator.op_to_debt,2018,not_provided_by_source,856805,856492,313
financial.indicator.op_to_debt,2019,not_provided_by_source,890261,889926,335
financial.indicator.op_to_debt,2020,not_provided_by_source,952002,951560,442
financial.indicator.op_to_debt,2021,not_provided_by_source,1062390,1060913,1477
financial.indicator.op_to_debt,2022,not_provided_by_source,1149262,1145567,3695
financial.indicator.op_to_debt,2023,not_provided_by_source,1211954,1204480,7474
financial.indicator.op_to_debt,2024,not_provided_by_source,1236332,1233046,3286
financial.indicator.op_to_debt,2025,not_provided_by_source,1251467,1246913,4554
financial.indicator.op_to_debt,2026,not_provided_by_source,868253,866737,1516
financial.indicator.op_to_ebt,2010,not_provided_by_source,452712,390411,62301
financial.indicator.op_to_ebt,2011,not_provided_by_source,536606,479867,56739
financial.indicator.op_to_ebt,2012,not_provided_by_source,586712,508913,77799
financial.indicator.op_to_ebt,2013,not_provided_by_source,587580,504313,83267
financial.indicator.op_to_ebt,2014,not_provided_by_source,620068,528662,91406
financial.indicator.op_to_ebt,2015,not_provided_by_source,665185,555956,109229
financial.indicator.op_to_ebt,2016,not_provided_by_source,704146,594151,109995
financial.indicator.op_to_ebt,2017,not_provided_by_source,799069,710555,88514
financial.indicator.op_to_ebt,2018,not_provided_by_source,856805,766934,89871
financial.indicator.op_to_ebt,2019,not_provided_by_source,890261,779903,110358
financial.indicator.op_to_ebt,2020,not_provided_by_source,952002,762330,189672
financial.indicator.op_to_ebt,2021,not_provided_by_source,1062390,910074,152316
financial.indicator.op_to_ebt,2022,not_provided_by_source,1149262,942586,206676
financial.indicator.op_to_ebt,2023,not_provided_by_source,1211954,961780,250174
financial.indicator.op_to_ebt,2024,not_provided_by_source,1236332,952821,283511
financial.indicator.op_to_ebt,2025,not_provided_by_source,1251467,949034,302433
financial.indicator.op_to_ebt,2026,not_provided_by_source,868253,649524,218729
financial.indicator.op_to_liqdebt,2010,not_provided_by_source,452712,444583,8129
financial.indicator.op_to_liqdebt,2011,not_provided_by_source,536606,527530,9076
financial.indicator.op_to_liqdebt,2012,not_provided_by_source,586712,576677,10035
financial.indicator.op_to_liqdebt,2013,not_provided_by_source,587580,577786,9794
financial.indicator.op_to_liqdebt,2014,not_provided_by_source,620068,609207,10861
financial.indicator.op_to_liqdebt,2015,not_provided_by_source,665185,654280,10905
financial.indicator.op_to_liqdebt,2016,not_provided_by_source,704146,691863,12283
financial.indicator.op_to_liqdebt,2017,not_provided_by_source,799069,784059,15010
financial.indicator.op_to_liqdebt,2018,not_provided_by_source,856805,839868,16937
financial.indicator.op_to_liqdebt,2019,not_provided_by_source,890261,870356,19905
financial.indicator.op_to_liqdebt,2020,not_provided_by_source,952002,930434,21568
financial.indicator.op_to_liqdebt,2021,not_provided_by_source,1062390,1038554,23836
financial.indicator.op_to_liqdebt,2022,not_provided_by_source,1149262,1122311,26951
financial.indicator.op_to_liqdebt,2023,not_provided_by_source,1211954,1180823,31131
financial.indicator.op_to_liqdebt,2024,not_provided_by_source,1236332,1209226,27106
financial.indicator.op_to_liqdebt,2025,not_provided_by_source,1251467,1223133,28334
financial.indicator.op_to_liqdebt,2026,not_provided_by_source,868253,850125,18128
financial.indicator.op_yoy,2010,not_provided_by_source,452712,449282,3430
financial.indicator.op_yoy,2011,not_provided_by_source,536606,533404,3202
financial.indicator.op_yoy,2012,not_provided_by_source,586712,585456,1256
financial.indicator.op_yoy,2013,not_provided_by_source,587580,587535,45
financial.indicator.op_yoy,2014,not_provided_by_source,620068,619418,650
financial.indicator.op_yoy,2015,not_provided_by_source,665185,663010,2175
financial.indicator.op_yoy,2016,not_provided_by_source,704146,701715,2431
financial.indicator.op_yoy,2017,not_provided_by_source,799069,793932,5137
financial.indicator.op_yoy,2018,not_provided_by_source,856805,854982,1823
financial.indicator.op_yoy,2019,not_provided_by_source,890261,889393,868
financial.indicator.op_yoy,2020,not_provided_by_source,952002,950752,1250
financial.indicator.op_yoy,2021,not_provided_by_source,1062390,1059220,3170
financial.indicator.op_yoy,2022,not_provided_by_source,1149262,1145622,3640
financial.indicator.op_yoy,2023,not_provided_by_source,1211954,1205869,6085
financial.indicator.op_yoy,2024,not_provided_by_source,1236332,1234177,2155
financial.indicator.op_yoy,2025,not_provided_by_source,1251467,1247564,3903
financial.indicator.op_yoy,2026,not_provided_by_source,868253,866865,1388
financial.indicator.opincome_of_ebt,2010,not_provided_by_source,452712,390411,62301
financial.indicator.opincome_of_ebt,2011,not_provided_by_source,536606,479867,56739
financial.indicator.opincome_of_ebt,2012,not_provided_by_source,586712,508821,77891
financial.indicator.opincome_of_ebt,2013,not_provided_by_source,587580,504124,83456
financial.indicator.opincome_of_ebt,2014,not_provided_by_source,620068,528586,91482
financial.indicator.opincome_of_ebt,2015,not_provided_by_source,665185,555912,109273
financial.indicator.opincome_of_ebt,2016,not_provided_by_source,704146,594075,110071
financial.indicator.opincome_of_ebt,2017,not_provided_by_source,799069,710555,88514
financial.indicator.opincome_of_ebt,2018,not_provided_by_source,856805,766934,89871
financial.indicator.opincome_of_ebt,2019,not_provided_by_source,890261,779743,110518
financial.indicator.opincome_of_ebt,2020,not_provided_by_source,952002,761844,190158
financial.indicator.opincome_of_ebt,2021,not_provided_by_source,1062390,909530,152860
financial.indicator.opincome_of_ebt,2022,not_provided_by_source,1149262,941614,207648
financial.indicator.opincome_of_ebt,2023,not_provided_by_source,1211954,960675,251279
financial.indicator.opincome_of_ebt,2024,not_provided_by_source,1236332,951858,284474
financial.indicator.opincome_of_ebt,2025,not_provided_by_source,1251467,947928,303539
financial.indicator.opincome_of_ebt,2026,not_provided_by_source,868253,648576,219677
financial.indicator.or_yoy,2010,not_provided_by_source,452712,445402,7310
financial.indicator.or_yoy,2011,not_provided_by_source,536606,529109,7497
financial.indicator.or_yoy,2012,not_provided_by_source,586712,581739,4973
financial.indicator.or_yoy,2013,not_provided_by_source,587580,585518,2062
financial.indicator.or_yoy,2014,not_provided_by_source,620068,618961,1107
financial.indicator.or_yoy,2015,not_provided_by_source,665185,662481,2704
financial.indicator.or_yoy,2016,not_provided_by_source,704146,701027,3119
financial.indicator.or_yoy,2017,not_provided_by_source,799069,793366,5703
financial.indicator.or_yoy,2018,not_provided_by_source,856805,854544,2261
financial.indicator.or_yoy,2019,not_provided_by_source,890261,889197,1064
financial.indicator.or_yoy,2020,not_provided_by_source,952002,949557,2445
financial.indicator.or_yoy,2021,not_provided_by_source,1062390,1057776,4614
financial.indicator.or_yoy,2022,not_provided_by_source,1149262,1143868,5394
financial.indicator.or_yoy,2023,not_provided_by_source,1211954,1204586,7368
financial.indicator.or_yoy,2024,not_provided_by_source,1236332,1233166,3166
financial.indicator.or_yoy,2025,not_provided_by_source,1251467,1246873,4594
financial.indicator.or_yoy,2026,not_provided_by_source,868253,866403,1850
financial.indicator.profit_dedt,2010,not_provided_by_source,452712,451022,1690
financial.indicator.profit_dedt,2011,not_provided_by_source,536606,533942,2664
financial.indicator.profit_dedt,2012,not_provided_by_source,586712,584159,2553
financial.indicator.profit_dedt,2013,not_provided_by_source,587580,586876,704
financial.indicator.profit_dedt,2014,not_provided_by_source,620068,619770,298
financial.indicator.profit_dedt,2015,not_provided_by_source,665185,664342,843
financial.indicator.profit_dedt,2016,not_provided_by_source,704146,703463,683
financial.indicator.profit_dedt,2017,not_provided_by_source,799069,798699,370
financial.indicator.profit_dedt,2018,not_provided_by_source,856805,856287,518
financial.indicator.profit_dedt,2019,not_provided_by_source,890261,889890,371
financial.indicator.profit_dedt,2020,not_provided_by_source,952002,951130,872
financial.indicator.profit_dedt,2021,not_provided_by_source,1062390,1060371,2019
financial.indicator.profit_dedt,2022,not_provided_by_source,1149262,1145583,3679
financial.indicator.profit_dedt,2023,not_provided_by_source,1211954,1184005,27949
financial.indicator.profit_dedt,2024,not_provided_by_source,1236332,1189275,47057
financial.indicator.profit_dedt,2025,not_provided_by_source,1251467,1226721,24746
financial.indicator.profit_dedt,2026,not_provided_by_source,868253,847185,21068
financial.indicator.profit_prefin_exp,2010,not_provided_by_source,452712,444782,7930
financial.indicator.profit_prefin_exp,2011,not_provided_by_source,536606,527600,9006
financial.indicator.profit_prefin_exp,2012,not_provided_by_source,586712,576788,9924
financial.indicator.profit_prefin_exp,2013,not_provided_by_source,587580,577786,9794
financial.indicator.profit_prefin_exp,2014,not_provided_by_source,620068,609985,10083
financial.indicator.profit_prefin_exp,2015,not_provided_by_source,665185,654313,10872
financial.indicator.profit_prefin_exp,2016,not_provided_by_source,704146,691892,12254
financial.indicator.profit_prefin_exp,2017,not_provided_by_source,799069,784137,14932
financial.indicator.profit_prefin_exp,2018,not_provided_by_source,856805,839873,16932
financial.indicator.profit_prefin_exp,2019,not_provided_by_source,890261,870397,19864
financial.indicator.profit_prefin_exp,2020,not_provided_by_source,952002,930449,21553
financial.indicator.profit_prefin_exp,2021,not_provided_by_source,1062390,1038711,23679
financial.indicator.profit_prefin_exp,2022,not_provided_by_source,1149262,1123164,26098
financial.indicator.profit_prefin_exp,2023,not_provided_by_source,1211954,1182294,29660
financial.indicator.profit_prefin_exp,2024,not_provided_by_source,1236332,1210384,25948
financial.indicator.profit_prefin_exp,2025,not_provided_by_source,1251467,1224304,27163
financial.indicator.profit_prefin_exp,2026,not_provided_by_source,868253,850998,17255
financial.indicator.profit_to_gr,2010,not_provided_by_source,452712,448961,3751
financial.indicator.profit_to_gr,2011,not_provided_by_source,536606,532628,3978
financial.indicator.profit_to_gr,2012,not_provided_by_source,586712,583641,3071
financial.indicator.profit_to_gr,2013,not_provided_by_source,587580,586636,944
financial.indicator.profit_to_gr,2014,not_provided_by_source,620068,619734,334
financial.indicator.profit_to_gr,2015,not_provided_by_source,665185,664221,964
financial.indicator.profit_to_gr,2016,not_provided_by_source,704146,703263,883
financial.indicator.profit_to_gr,2017,not_provided_by_source,799069,798506,563
financial.indicator.profit_to_gr,2018,not_provided_by_source,856805,856159,646
financial.indicator.profit_to_gr,2019,not_provided_by_source,890261,889562,699
financial.indicator.profit_to_gr,2020,not_provided_by_source,952002,950463,1539
financial.indicator.profit_to_gr,2021,not_provided_by_source,1062390,1059228,3162
financial.indicator.profit_to_gr,2022,not_provided_by_source,1149262,1143180,6082
financial.indicator.profit_to_gr,2023,not_provided_by_source,1211954,1202093,9861
financial.indicator.profit_to_gr,2024,not_provided_by_source,1236332,1232612,3720
financial.indicator.profit_to_gr,2025,not_provided_by_source,1251467,1245871,5596
financial.indicator.profit_to_gr,2026,not_provided_by_source,868253,866609,1644
financial.indicator.profit_to_op,2010,not_provided_by_source,452712,448961,3751
financial.indicator.profit_to_op,2011,not_provided_by_source,536606,532628,3978
financial.indicator.profit_to_op,2012,not_provided_by_source,586712,583752,2960
financial.indicator.profit_to_op,2013,not_provided_by_source,587580,586636,944
financial.indicator.profit_to_op,2014,not_provided_by_source,620068,619734,334
financial.indicator.profit_to_op,2015,not_provided_by_source,665185,664221,964
financial.indicator.profit_to_op,2016,not_provided_by_source,704146,703263,883
financial.indicator.profit_to_op,2017,not_provided_by_source,799069,798506,563
financial.indicator.profit_to_op,2018,not_provided_by_source,856805,856159,646
financial.indicator.profit_to_op,2019,not_provided_by_source,890261,889562,699
financial.indicator.profit_to_op,2020,not_provided_by_source,952002,950463,1539
financial.indicator.profit_to_op,2021,not_provided_by_source,1062390,1059228,3162
financial.indicator.profit_to_op,2022,not_provided_by_source,1149262,1143198,6064
financial.indicator.profit_to_op,2023,not_provided_by_source,1211954,1202249,9705
financial.indicator.profit_to_op,2024,not_provided_by_source,1236332,1232688,3644
financial.indicator.profit_to_op,2025,not_provided_by_source,1251467,1245871,5596
financial.indicator.profit_to_op,2026,not_provided_by_source,868253,866102,2151
financial.indicator.q_adminexp_to_gr,2010,not_provided_by_source,452712,448147,4565
financial.indicator.q_adminexp_to_gr,2011,not_provided_by_source,536606,532064,4542
financial.indicator.q_adminexp_to_gr,2012,not_provided_by_source,586712,582993,3719
financial.indicator.q_adminexp_to_gr,2013,not_provided_by_source,587580,585946,1634
financial.indicator.q_adminexp_to_gr,2014,not_provided_by_source,620068,618246,1822
financial.indicator.q_adminexp_to_gr,2015,not_provided_by_source,665185,663884,1301
financial.indicator.q_adminexp_to_gr,2016,not_provided_by_source,704146,702894,1252
financial.indicator.q_adminexp_to_gr,2017,not_provided_by_source,799069,798376,693
financial.indicator.q_adminexp_to_gr,2018,not_provided_by_source,856805,855795,1010
financial.indicator.q_adminexp_to_gr,2019,not_provided_by_source,890261,889195,1066
financial.indicator.q_adminexp_to_gr,2020,not_provided_by_source,952002,949911,2091
financial.indicator.q_adminexp_to_gr,2021,not_provided_by_source,1062390,1056977,5413
financial.indicator.q_adminexp_to_gr,2022,not_provided_by_source,1149262,1141077,8185
financial.indicator.q_adminexp_to_gr,2023,not_provided_by_source,1211954,1202443,9511
financial.indicator.q_adminexp_to_gr,2024,not_provided_by_source,1236332,1232592,3740
financial.indicator.q_adminexp_to_gr,2025,not_provided_by_source,1251467,1245461,6006
financial.indicator.q_adminexp_to_gr,2026,not_provided_by_source,868253,825637,42616
financial.indicator.q_dt_roe,2010,not_provided_by_source,452712,432484,20228
financial.indicator.q_dt_roe,2011,not_provided_by_source,536606,515561,21045
financial.indicator.q_dt_roe,2012,not_provided_by_source,586712,568985,17727
financial.indicator.q_dt_roe,2013,not_provided_by_source,587580,579504,8076
financial.indicator.q_dt_roe,2014,not_provided_by_source,620068,614975,5093
financial.indicator.q_dt_roe,2015,not_provided_by_source,665185,655353,9832
financial.indicator.q_dt_roe,2016,not_provided_by_source,704146,696390,7756
financial.indicator.q_dt_roe,2017,not_provided_by_source,799069,786788,12281
financial.indicator.q_dt_roe,2018,not_provided_by_source,856805,848129,8676
financial.indicator.q_dt_roe,2019,not_provided_by_source,890261,876875,13386
financial.indicator.q_dt_roe,2020,not_provided_by_source,952002,932152,19850
financial.indicator.q_dt_roe,2021,not_provided_by_source,1062390,1038702,23688
financial.indicator.q_dt_roe,2022,not_provided_by_source,1149262,1123110,26152
financial.indicator.q_dt_roe,2023,not_provided_by_source,1211954,1162227,49727
financial.indicator.q_dt_roe,2024,not_provided_by_source,1236332,1180797,55535
financial.indicator.q_dt_roe,2025,not_provided_by_source,1251467,1215703,35764
financial.indicator.q_dt_roe,2026,not_provided_by_source,868253,801942,66311
financial.indicator.q_dtprofit,2010,not_provided_by_source,452712,445454,7258
financial.indicator.q_dtprofit,2011,not_provided_by_source,536606,526471,10135
financial.indicator.q_dtprofit,2012,not_provided_by_source,586712,578570,8142
financial.indicator.q_dtprofit,2013,not_provided_by_source,587580,586554,1026
financial.indicator.q_dtprofit,2014,not_provided_by_source,620068,618587,1481
financial.indicator.q_dtprofit,2015,not_provided_by_source,665185,659384,5801
financial.indicator.q_dtprofit,2016,not_provided_by_source,704146,700968,3178
financial.indicator.q_dtprofit,2017,not_provided_by_source,799069,790952,8117
financial.indicator.q_dtprofit,2018,not_provided_by_source,856805,853988,2817
financial.indicator.q_dtprofit,2019,not_provided_by_source,890261,887287,2974
financial.indicator.q_dtprofit,2020,not_provided_by_source,952002,946758,5244
financial.indicator.q_dtprofit,2021,not_provided_by_source,1062390,1056757,5633
financial.indicator.q_dtprofit,2022,not_provided_by_source,1149262,1142765,6497
financial.indicator.q_dtprofit,2023,not_provided_by_source,1211954,1182511,29443
financial.indicator.q_dtprofit,2024,not_provided_by_source,1236332,1188893,47439
financial.indicator.q_dtprofit,2025,not_provided_by_source,1251467,1226274,25193
financial.indicator.q_dtprofit,2026,not_provided_by_source,868253,843489,24764
financial.indicator.q_dtprofit_to_profit,2010,not_provided_by_source,452712,379176,73536
financial.indicator.q_dtprofit_to_profit,2011,not_provided_by_source,536606,458836,77770
financial.indicator.q_dtprofit_to_profit,2012,not_provided_by_source,586712,485867,100845
financial.indicator.q_dtprofit_to_profit,2013,not_provided_by_source,587580,489698,97882
financial.indicator.q_dtprofit_to_profit,2014,not_provided_by_source,620068,512823,107245
financial.indicator.q_dtprofit_to_profit,2015,not_provided_by_source,665185,534295,130890
financial.indicator.q_dtprofit_to_profit,2016,not_provided_by_source,704146,575395,128751
financial.indicator.q_dtprofit_to_profit,2017,not_provided_by_source,799069,691334,107735
financial.indicator.q_dtprofit_to_profit,2018,not_provided_by_source,856805,749150,107655
financial.indicator.q_dtprofit_to_profit,2019,not_provided_by_source,890261,755285,134976
financial.indicator.q_dtprofit_to_profit,2020,not_provided_by_source,952002,751420,200582
financial.indicator.q_dtprofit_to_profit,2021,not_provided_by_source,1062390,894953,167437
financial.indicator.q_dtprofit_to_profit,2022,not_provided_by_source,1149262,913698,235564
financial.indicator.q_dtprofit_to_profit,2023,not_provided_by_source,1211954,922044,289910
financial.indicator.q_dtprofit_to_profit,2024,not_provided_by_source,1236332,899827,336505
financial.indicator.q_dtprofit_to_profit,2025,not_provided_by_source,1251467,913858,337609
financial.indicator.q_dtprofit_to_profit,2026,not_provided_by_source,868253,619692,248561
financial.indicator.q_eps,2010,not_provided_by_source,452712,452535,177
financial.indicator.q_eps,2011,not_provided_by_source,536606,536519,87
financial.indicator.q_eps,2012,not_provided_by_source,586712,586675,37
financial.indicator.q_eps,2013,not_provided_by_source,587580,587544,36
financial.indicator.q_eps,2014,not_provided_by_source,620068,618825,1243
financial.indicator.q_eps,2015,not_provided_by_source,665185,665081,104
financial.indicator.q_eps,2016,not_provided_by_source,704146,703901,245
financial.indicator.q_eps,2017,not_provided_by_source,799069,798722,347
financial.indicator.q_eps,2018,not_provided_by_source,856805,856453,352
financial.indicator.q_eps,2019,not_provided_by_source,890261,889931,330
financial.indicator.q_eps,2020,not_provided_by_source,952002,951657,345
financial.indicator.q_eps,2021,not_provided_by_source,1062390,1060974,1416
financial.indicator.q_eps,2022,not_provided_by_source,1149262,1145798,3464
financial.indicator.q_eps,2023,not_provided_by_source,1211954,1204612,7342
financial.indicator.q_eps,2024,not_provided_by_source,1236332,1229812,6520
financial.indicator.q_eps,2025,not_provided_by_source,1251467,1242691,8776
financial.indicator.q_eps,2026,not_provided_by_source,868253,858158,10095
financial.indicator.q_exp_to_sales,2010,not_provided_by_source,452712,440227,12485
financial.indicator.q_exp_to_sales,2011,not_provided_by_source,536606,523123,13483
financial.indicator.q_exp_to_sales,2012,not_provided_by_source,586712,573200,13512
financial.indicator.q_exp_to_sales,2013,not_provided_by_source,587580,576426,11154
financial.indicator.q_exp_to_sales,2014,not_provided_by_source,620068,608218,11850
financial.indicator.q_exp_to_sales,2015,not_provided_by_source,665185,653093,12092
financial.indicator.q_exp_to_sales,2016,not_provided_by_source,704146,690839,13307
financial.indicator.q_exp_to_sales,2017,not_provided_by_source,799069,783576,15493
financial.indicator.q_exp_to_sales,2018,not_provided_by_source,856805,839255,17550
financial.indicator.q_exp_to_sales,2019,not_provided_by_source,890261,869652,20609
financial.indicator.q_exp_to_sales,2020,not_provided_by_source,952002,928573,23429
financial.indicator.q_exp_to_sales,2021,not_provided_by_source,1062390,1034561,27829
financial.indicator.q_exp_to_sales,2022,not_provided_by_source,1149262,1117696,31566
financial.indicator.q_exp_to_sales,2023,not_provided_by_source,1211954,1177973,33981
financial.indicator.q_exp_to_sales,2024,not_provided_by_source,1236332,1208212,28120
financial.indicator.q_exp_to_sales,2025,not_provided_by_source,1251467,1221107,30360
financial.indicator.q_exp_to_sales,2026,not_provided_by_source,868253,810037,58216
financial.indicator.q_finaexp_to_gr,2010,not_provided_by_source,452712,440119,12593
financial.indicator.q_finaexp_to_gr,2011,not_provided_by_source,536606,523002,13604
financial.indicator.q_finaexp_to_gr,2012,not_provided_by_source,586712,573008,13704
financial.indicator.q_finaexp_to_gr,2013,not_provided_by_source,587580,576299,11281
financial.indicator.q_finaexp_to_gr,2014,not_provided_by_source,620068,608173,11895
financial.indicator.q_finaexp_to_gr,2015,not_provided_by_source,665185,653102,12083
financial.indicator.q_finaexp_to_gr,2016,not_provided_by_source,704146,690843,13303
financial.indicator.q_finaexp_to_gr,2017,not_provided_by_source,799069,783505,15564
financial.indicator.q_finaexp_to_gr,2018,not_provided_by_source,856805,839274,17531
financial.indicator.q_finaexp_to_gr,2019,not_provided_by_source,890261,869523,20738
financial.indicator.q_finaexp_to_gr,2020,not_provided_by_source,952002,928554,23448
financial.indicator.q_finaexp_to_gr,2021,not_provided_by_source,1062390,1036190,26200
financial.indicator.q_finaexp_to_gr,2022,not_provided_by_source,1149262,1119908,29354
financial.indicator.q_finaexp_to_gr,2023,not_provided_by_source,1211954,1179336,32618
financial.indicator.q_finaexp_to_gr,2024,not_provided_by_source,1236332,1208506,27826
financial.indicator.q_finaexp_to_gr,2025,not_provided_by_source,1251467,1222009,29458
financial.indicator.q_finaexp_to_gr,2026,not_provided_by_source,868253,845692,22561
financial.indicator.q_gc_to_gr,2010,not_provided_by_source,452712,440227,12485
financial.indicator.q_gc_to_gr,2011,not_provided_by_source,536606,523123,13483
financial.indicator.q_gc_to_gr,2012,not_provided_by_source,586712,573180,13532
financial.indicator.q_gc_to_gr,2013,not_provided_by_source,587580,576416,11164
financial.indicator.q_gc_to_gr,2014,not_provided_by_source,620068,608421,11647
financial.indicator.q_gc_to_gr,2015,not_provided_by_source,665185,653069,12116
financial.indicator.q_gc_to_gr,2016,not_provided_by_source,704146,690803,13343
financial.indicator.q_gc_to_gr,2017,not_provided_by_source,799069,783508,15561
financial.indicator.q_gc_to_gr,2018,not_provided_by_source,856805,839210,17595
financial.indicator.q_gc_to_gr,2019,not_provided_by_source,890261,869592,20669
financial.indicator.q_gc_to_gr,2020,not_provided_by_source,952002,928766,23236
financial.indicator.q_gc_to_gr,2021,not_provided_by_source,1062390,1036143,26247
financial.indicator.q_gc_to_gr,2022,not_provided_by_source,1149262,1119626,29636
financial.indicator.q_gc_to_gr,2023,not_provided_by_source,1211954,1177993,33961
financial.indicator.q_gc_to_gr,2024,not_provided_by_source,1236332,1208320,28012
financial.indicator.q_gc_to_gr,2025,not_provided_by_source,1251467,1221753,29714
financial.indicator.q_gc_to_gr,2026,not_provided_by_source,868253,845989,22264
financial.indicator.q_gr_qoq,2010,not_provided_by_source,452712,447780,4932
financial.indicator.q_gr_qoq,2011,not_provided_by_source,536606,531759,4847
financial.indicator.q_gr_qoq,2012,not_provided_by_source,586712,582926,3786
financial.indicator.q_gr_qoq,2013,not_provided_by_source,587580,586110,1470
financial.indicator.q_gr_qoq,2014,not_provided_by_source,620068,619397,671
financial.indicator.q_gr_qoq,2015,not_provided_by_source,665185,663952,1233
financial.indicator.q_gr_qoq,2016,not_provided_by_source,704146,702728,1418
financial.indicator.q_gr_qoq,2017,not_provided_by_source,799069,797722,1347
financial.indicator.q_gr_qoq,2018,not_provided_by_source,856805,854904,1901
financial.indicator.q_gr_qoq,2019,not_provided_by_source,890261,888084,2177
financial.indicator.q_gr_qoq,2020,not_provided_by_source,952002,948100,3902
financial.indicator.q_gr_qoq,2021,not_provided_by_source,1062390,1055771,6619
financial.indicator.q_gr_qoq,2022,not_provided_by_source,1149262,1139018,10244
financial.indicator.q_gr_qoq,2023,not_provided_by_source,1211954,1197642,14312
financial.indicator.q_gr_qoq,2024,not_provided_by_source,1236332,1231323,5009
financial.indicator.q_gr_qoq,2025,not_provided_by_source,1251467,1244452,7015
financial.indicator.q_gr_qoq,2026,not_provided_by_source,868253,862040,6213
financial.indicator.q_gr_yoy,2010,not_provided_by_source,452712,441290,11422
financial.indicator.q_gr_yoy,2011,not_provided_by_source,536606,523895,12711
financial.indicator.q_gr_yoy,2012,not_provided_by_source,586712,578172,8540
financial.indicator.q_gr_yoy,2013,not_provided_by_source,587580,585307,2273
financial.indicator.q_gr_yoy,2014,not_provided_by_source,620068,617364,2704
financial.indicator.q_gr_yoy,2015,not_provided_by_source,665185,655490,9695
financial.indicator.q_gr_yoy,2016,not_provided_by_source,704146,697441,6705
financial.indicator.q_gr_yoy,2017,not_provided_by_source,799069,783071,15998
financial.indicator.q_gr_yoy,2018,not_provided_by_source,856805,850850,5955
financial.indicator.q_gr_yoy,2019,not_provided_by_source,890261,885086,5175
financial.indicator.q_gr_yoy,2020,not_provided_by_source,952002,943810,8192
financial.indicator.q_gr_yoy,2021,not_provided_by_source,1062390,1053179,9211
financial.indicator.q_gr_yoy,2022,not_provided_by_source,1149262,1140368,8894
financial.indicator.q_gr_yoy,2023,not_provided_by_source,1211954,1201999,9955
financial.indicator.q_gr_yoy,2024,not_provided_by_source,1236332,1231979,4353
financial.indicator.q_gr_yoy,2025,not_provided_by_source,1251467,1245181,6286
financial.indicator.q_gr_yoy,2026,not_provided_by_source,868253,860743,7510
financial.indicator.q_gross_profit_margin,2010,not_provided_by_source,452712,440227,12485
financial.indicator.q_gross_profit_margin,2011,not_provided_by_source,536606,523123,13483
financial.indicator.q_gross_profit_margin,2012,not_provided_by_source,586712,573291,13421
financial.indicator.q_gross_profit_margin,2013,not_provided_by_source,587580,576439,11141
financial.indicator.q_gross_profit_margin,2014,not_provided_by_source,620068,609210,10858
financial.indicator.q_gross_profit_margin,2015,not_provided_by_source,665185,653060,12125
financial.indicator.q_gross_profit_margin,2016,not_provided_by_source,704146,690854,13292
financial.indicator.q_gross_profit_margin,2017,not_provided_by_source,799069,783555,15514
financial.indicator.q_gross_profit_margin,2018,not_provided_by_source,856805,839284,17521
financial.indicator.q_gross_profit_margin,2019,not_provided_by_source,890261,869632,20629
financial.indicator.q_gross_profit_margin,2020,not_provided_by_source,952002,928599,23403
financial.indicator.q_gross_profit_margin,2021,not_provided_by_source,1062390,1036351,26039
financial.indicator.q_gross_profit_margin,2022,not_provided_by_source,1149262,1120443,28819
financial.indicator.q_gross_profit_margin,2023,not_provided_by_source,1211954,1179308,32646
financial.indicator.q_gross_profit_margin,2024,not_provided_by_source,1236332,1208550,27782
financial.indicator.q_gross_profit_margin,2025,not_provided_by_source,1251467,1222087,29380
financial.indicator.q_gross_profit_margin,2026,not_provided_by_source,868253,845132,23121
financial.indicator.q_impair_to_gr_ttm,2010,not_provided_by_source,452712,344582,108130
financial.indicator.q_impair_to_gr_ttm,2011,not_provided_by_source,536606,419903,116703
financial.indicator.q_impair_to_gr_ttm,2012,not_provided_by_source,586712,466121,120591
financial.indicator.q_impair_to_gr_ttm,2013,not_provided_by_source,587580,481622,105958
financial.indicator.q_impair_to_gr_ttm,2014,not_provided_by_source,620068,524424,95644
financial.indicator.q_impair_to_gr_ttm,2015,not_provided_by_source,665185,579055,86130
financial.indicator.q_impair_to_gr_ttm,2016,not_provided_by_source,704146,628406,75740
financial.indicator.q_impair_to_gr_ttm,2017,not_provided_by_source,799069,726817,72252
financial.indicator.q_impair_to_gr_ttm,2018,not_provided_by_source,856805,788786,68019
financial.indicator.q_impair_to_gr_ttm,2019,not_provided_by_source,890261,676701,213560
financial.indicator.q_impair_to_gr_ttm,2020,not_provided_by_source,952002,496172,455830
financial.indicator.q_impair_to_gr_ttm,2021,not_provided_by_source,1062390,651628,410762
financial.indicator.q_impair_to_gr_ttm,2022,not_provided_by_source,1149262,801612,347650
financial.indicator.q_impair_to_gr_ttm,2023,not_provided_by_source,1211954,898353,313601
financial.indicator.q_impair_to_gr_ttm,2024,not_provided_by_source,1236332,962866,273466
financial.indicator.q_impair_to_gr_ttm,2025,not_provided_by_source,1251467,1011649,239818
financial.indicator.q_impair_to_gr_ttm,2026,not_provided_by_source,868253,670109,198144
financial.indicator.q_investincome,2010,not_provided_by_source,452712,301785,150927
financial.indicator.q_investincome,2011,not_provided_by_source,536606,341358,195248
financial.indicator.q_investincome,2012,not_provided_by_source,586712,380238,206474
financial.indicator.q_investincome,2013,not_provided_by_source,587580,398103,189477
financial.indicator.q_investincome,2014,not_provided_by_source,620068,455470,164598
financial.indicator.q_investincome,2015,not_provided_by_source,665185,507973,157212
financial.indicator.q_investincome,2016,not_provided_by_source,704146,560773,143373
financial.indicator.q_investincome,2017,not_provided_by_source,799069,657858,141211
financial.indicator.q_investincome,2018,not_provided_by_source,856805,738615,118190
financial.indicator.q_investincome,2019,not_provided_by_source,890261,783363,106898
financial.indicator.q_investincome,2020,not_provided_by_source,952002,840942,111060
financial.indicator.q_investincome,2021,not_provided_by_source,1062390,954455,107935
financial.indicator.q_investincome,2022,not_provided_by_source,1149262,1056577,92685
financial.indicator.q_investincome,2023,not_provided_by_source,1211954,1125834,86120
financial.indicator.q_investincome,2024,not_provided_by_source,1236332,1156220,80112
financial.indicator.q_investincome,2025,not_provided_by_source,1251467,1184391,67076
financial.indicator.q_investincome,2026,not_provided_by_source,868253,822191,46062
financial.indicator.q_investincome_to_ebt,2010,not_provided_by_source,452712,263757,188955
financial.indicator.q_investincome_to_ebt,2011,not_provided_by_source,536606,301968,234638
financial.indicator.q_investincome_to_ebt,2012,not_provided_by_source,586712,322159,264553
financial.indicator.q_investincome_to_ebt,2013,not_provided_by_source,587580,340363,247217
financial.indicator.q_investincome_to_ebt,2014,not_provided_by_source,620068,389055,231013
financial.indicator.q_investincome_to_ebt,2015,not_provided_by_source,665185,422732,242453
financial.indicator.q_investincome_to_ebt,2016,not_provided_by_source,704146,471031,233115
financial.indicator.q_investincome_to_ebt,2017,not_provided_by_source,799069,582367,216702
financial.indicator.q_investincome_to_ebt,2018,not_provided_by_source,856805,655304,201501
financial.indicator.q_investincome_to_ebt,2019,not_provided_by_source,890261,675415,214846
financial.indicator.q_investincome_to_ebt,2020,not_provided_by_source,952002,680699,271303
financial.indicator.q_investincome_to_ebt,2021,not_provided_by_source,1062390,816661,245729
financial.indicator.q_investincome_to_ebt,2022,not_provided_by_source,1149262,850195,299067
financial.indicator.q_investincome_to_ebt,2023,not_provided_by_source,1211954,879726,332228
financial.indicator.q_investincome_to_ebt,2024,not_provided_by_source,1236332,876489,359843
financial.indicator.q_investincome_to_ebt,2025,not_provided_by_source,1251467,885292,366175
financial.indicator.q_investincome_to_ebt,2026,not_provided_by_source,868253,607826,260427
financial.indicator.q_net_profit_margin,2010,not_provided_by_source,452712,448147,4565
financial.indicator.q_net_profit_margin,2011,not_provided_by_source,536606,532064,4542
financial.indicator.q_net_profit_margin,2012,not_provided_by_source,586712,582973,3739
financial.indicator.q_net_profit_margin,2013,not_provided_by_source,587580,586100,1480
financial.indicator.q_net_profit_margin,2014,not_provided_by_source,620068,619253,815
financial.indicator.q_net_profit_margin,2015,not_provided_by_source,665185,663833,1352
financial.indicator.q_net_profit_margin,2016,not_provided_by_source,704146,702813,1333
financial.indicator.q_net_profit_margin,2017,not_provided_by_source,799069,798290,779
financial.indicator.q_net_profit_margin,2018,not_provided_by_source,856805,855771,1034
financial.indicator.q_net_profit_margin,2019,not_provided_by_source,890261,888983,1278
financial.indicator.q_net_profit_margin,2020,not_provided_by_source,952002,949594,2408
financial.indicator.q_net_profit_margin,2021,not_provided_by_source,1062390,1056895,5495
financial.indicator.q_net_profit_margin,2022,not_provided_by_source,1149262,1140195,9067
financial.indicator.q_net_profit_margin,2023,not_provided_by_source,1211954,1200174,11780
financial.indicator.q_net_profit_margin,2024,not_provided_by_source,1236332,1231215,5117
financial.indicator.q_net_profit_margin,2025,not_provided_by_source,1251467,1244241,7226
financial.indicator.q_net_profit_margin,2026,not_provided_by_source,868253,830734,37519
financial.indicator.q_netprofit_qoq,2010,not_provided_by_source,452712,451913,799
financial.indicator.q_netprofit_qoq,2011,not_provided_by_source,536606,536164,442
financial.indicator.q_netprofit_qoq,2012,not_provided_by_source,586712,586430,282
financial.indicator.q_netprofit_qoq,2013,not_provided_by_source,587580,587229,351
financial.indicator.q_netprofit_qoq,2014,not_provided_by_source,620068,619691,377
financial.indicator.q_netprofit_qoq,2015,not_provided_by_source,665185,664500,685
financial.indicator.q_netprofit_qoq,2016,not_provided_by_source,704146,702700,1446
financial.indicator.q_netprofit_qoq,2017,not_provided_by_source,799069,797558,1511
financial.indicator.q_netprofit_qoq,2018,not_provided_by_source,856805,854043,2762
financial.indicator.q_netprofit_qoq,2019,not_provided_by_source,890261,886588,3673
financial.indicator.q_netprofit_qoq,2020,not_provided_by_source,952002,947323,4679
financial.indicator.q_netprofit_qoq,2021,not_provided_by_source,1062390,1054503,7887
financial.indicator.q_netprofit_qoq,2022,not_provided_by_source,1149262,1137153,12109
financial.indicator.q_netprofit_qoq,2023,not_provided_by_source,1211954,1193506,18448
financial.indicator.q_netprofit_qoq,2024,not_provided_by_source,1236332,1231670,4662
financial.indicator.q_netprofit_qoq,2025,not_provided_by_source,1251467,1244330,7137
financial.indicator.q_netprofit_qoq,2026,not_provided_by_source,868253,862633,5620
financial.indicator.q_netprofit_yoy,2010,not_provided_by_source,452712,445724,6988
financial.indicator.q_netprofit_yoy,2011,not_provided_by_source,536606,528674,7932
financial.indicator.q_netprofit_yoy,2012,not_provided_by_source,586712,582020,4692
financial.indicator.q_netprofit_yoy,2013,not_provided_by_source,587580,587535,45
financial.indicator.q_netprofit_yoy,2014,not_provided_by_source,620068,618112,1956
financial.indicator.q_netprofit_yoy,2015,not_provided_by_source,665185,656301,8884
financial.indicator.q_netprofit_yoy,2016,not_provided_by_source,704146,698405,5741
financial.indicator.q_netprofit_yoy,2017,not_provided_by_source,799069,783773,15296
financial.indicator.q_netprofit_yoy,2018,not_provided_by_source,856805,851422,5383
financial.indicator.q_netprofit_yoy,2019,not_provided_by_source,890261,885520,4741
financial.indicator.q_netprofit_yoy,2020,not_provided_by_source,952002,944952,7050
financial.indicator.q_netprofit_yoy,2021,not_provided_by_source,1062390,1054606,7784
financial.indicator.q_netprofit_yoy,2022,not_provided_by_source,1149262,1142283,6979
financial.indicator.q_netprofit_yoy,2023,not_provided_by_source,1211954,1203040,8914
financial.indicator.q_netprofit_yoy,2024,not_provided_by_source,1236332,1232635,3697
financial.indicator.q_netprofit_yoy,2025,not_provided_by_source,1251467,1245389,6078
financial.indicator.q_netprofit_yoy,2026,not_provided_by_source,868253,861556,6697
financial.indicator.q_npta,2010,not_provided_by_source,452712,452291,421
financial.indicator.q_npta,2011,not_provided_by_source,536606,536488,118
financial.indicator.q_npta,2012,not_provided_by_source,586712,586480,232
financial.indicator.q_npta,2013,not_provided_by_source,587580,587387,193
financial.indicator.q_npta,2014,not_provided_by_source,620068,619852,216
financial.indicator.q_npta,2015,not_provided_by_source,665185,664747,438
financial.indicator.q_npta,2016,not_provided_by_source,704146,702955,1191
financial.indicator.q_npta,2017,not_provided_by_source,799069,797705,1364
financial.indicator.q_npta,2018,not_provided_by_source,856805,854530,2275
financial.indicator.q_npta,2019,not_provided_by_source,890261,886798,3463
financial.indicator.q_npta,2020,not_provided_by_source,952002,947816,4186
financial.indicator.q_npta,2021,not_provided_by_source,1062390,1054171,8219
financial.indicator.q_npta,2022,not_provided_by_source,1149262,1135961,13301
financial.indicator.q_npta,2023,not_provided_by_source,1211954,1193602,18352
financial.indicator.q_npta,2024,not_provided_by_source,1236332,1230848,5484
financial.indicator.q_npta,2025,not_provided_by_source,1251467,1243594,7873
financial.indicator.q_npta,2026,not_provided_by_source,868253,831409,36844
financial.indicator.q_ocf_to_or,2010,not_provided_by_source,452712,355210,97502
financial.indicator.q_ocf_to_or,2011,not_provided_by_source,536606,436255,100351
financial.indicator.q_ocf_to_or,2012,not_provided_by_source,586712,457262,129450
financial.indicator.q_ocf_to_or,2013,not_provided_by_source,587580,445227,142353
financial.indicator.q_ocf_to_or,2014,not_provided_by_source,620068,463242,156826
financial.indicator.q_ocf_to_or,2015,not_provided_by_source,665185,483951,181234
financial.indicator.q_ocf_to_or,2016,not_provided_by_source,704146,525232,178914
financial.indicator.q_ocf_to_or,2017,not_provided_by_source,799069,642273,156796
financial.indicator.q_ocf_to_or,2018,not_provided_by_source,856805,689406,167399
financial.indicator.q_ocf_to_or,2019,not_provided_by_source,890261,687236,203025
financial.indicator.q_ocf_to_or,2020,not_provided_by_source,952002,691755,260247
financial.indicator.q_ocf_to_or,2021,not_provided_by_source,1062390,830804,231586
financial.indicator.q_ocf_to_or,2022,not_provided_by_source,1149262,849782,299480
financial.indicator.q_ocf_to_or,2023,not_provided_by_source,1211954,855321,356633
financial.indicator.q_ocf_to_or,2024,not_provided_by_source,1236332,837893,398439
financial.indicator.q_ocf_to_or,2025,not_provided_by_source,1251467,827937,423530
financial.indicator.q_ocf_to_or,2026,not_provided_by_source,868253,570471,297782
financial.indicator.q_ocf_to_sales,2010,not_provided_by_source,452712,448147,4565
financial.indicator.q_ocf_to_sales,2011,not_provided_by_source,536606,532064,4542
financial.indicator.q_ocf_to_sales,2012,not_provided_by_source,586712,583104,3608
financial.indicator.q_ocf_to_sales,2013,not_provided_by_source,587580,586123,1457
financial.indicator.q_ocf_to_sales,2014,not_provided_by_source,620068,619214,854
financial.indicator.q_ocf_to_sales,2015,not_provided_by_source,665185,663875,1310
financial.indicator.q_ocf_to_sales,2016,not_provided_by_source,704146,702892,1254
financial.indicator.q_ocf_to_sales,2017,not_provided_by_source,799069,798376,693
financial.indicator.q_ocf_to_sales,2018,not_provided_by_source,856805,855891,914
financial.indicator.q_ocf_to_sales,2019,not_provided_by_source,890261,889180,1081
financial.indicator.q_ocf_to_sales,2020,not_provided_by_source,952002,949702,2300
financial.indicator.q_ocf_to_sales,2021,not_provided_by_source,1062390,1058956,3434
financial.indicator.q_ocf_to_sales,2022,not_provided_by_source,1149262,1143384,5878
financial.indicator.q_ocf_to_sales,2023,not_provided_by_source,1211954,1203069,8885
financial.indicator.q_ocf_to_sales,2024,not_provided_by_source,1236332,1231816,4516
financial.indicator.q_ocf_to_sales,2025,not_provided_by_source,1251467,1245961,5506
financial.indicator.q_ocf_to_sales,2026,not_provided_by_source,868253,861424,6829
financial.indicator.q_op_qoq,2010,not_provided_by_source,452712,451913,799
financial.indicator.q_op_qoq,2011,not_provided_by_source,536606,536164,442
financial.indicator.q_op_qoq,2012,not_provided_by_source,586712,586430,282
financial.indicator.q_op_qoq,2013,not_provided_by_source,587580,587229,351
financial.indicator.q_op_qoq,2014,not_provided_by_source,620068,619731,337
financial.indicator.q_op_qoq,2015,not_provided_by_source,665185,664588,597
financial.indicator.q_op_qoq,2016,not_provided_by_source,704146,702700,1446
financial.indicator.q_op_qoq,2017,not_provided_by_source,799069,797558,1511
financial.indicator.q_op_qoq,2018,not_provided_by_source,856805,854216,2589
financial.indicator.q_op_qoq,2019,not_provided_by_source,890261,886872,3389
financial.indicator.q_op_qoq,2020,not_provided_by_source,952002,947358,4644
financial.indicator.q_op_qoq,2021,not_provided_by_source,1062390,1054702,7688
financial.indicator.q_op_qoq,2022,not_provided_by_source,1149262,1137425,11837
financial.indicator.q_op_qoq,2023,not_provided_by_source,1211954,1195322,16632
financial.indicator.q_op_qoq,2024,not_provided_by_source,1236332,1231687,4645
financial.indicator.q_op_qoq,2025,not_provided_by_source,1251467,1244573,6894
financial.indicator.q_op_qoq,2026,not_provided_by_source,868253,862396,5857
financial.indicator.q_op_to_gr,2010,not_provided_by_source,452712,448147,4565
financial.indicator.q_op_to_gr,2011,not_provided_by_source,536606,532064,4542
financial.indicator.q_op_to_gr,2012,not_provided_by_source,586712,583084,3628
financial.indicator.q_op_to_gr,2013,not_provided_by_source,587580,586100,1480
financial.indicator.q_op_to_gr,2014,not_provided_by_source,620068,619275,793
financial.indicator.q_op_to_gr,2015,not_provided_by_source,665185,663851,1334
financial.indicator.q_op_to_gr,2016,not_provided_by_source,704146,702816,1330
financial.indicator.q_op_to_gr,2017,not_provided_by_source,799069,798290,779
financial.indicator.q_op_to_gr,2018,not_provided_by_source,856805,855776,1029
financial.indicator.q_op_to_gr,2019,not_provided_by_source,890261,889067,1194
financial.indicator.q_op_to_gr,2020,not_provided_by_source,952002,949845,2157
financial.indicator.q_op_to_gr,2021,not_provided_by_source,1062390,1058553,3837
financial.indicator.q_op_to_gr,2022,not_provided_by_source,1149262,1142457,6805
financial.indicator.q_op_to_gr,2023,not_provided_by_source,1211954,1201638,10316
financial.indicator.q_op_to_gr,2024,not_provided_by_source,1236332,1232107,4225
financial.indicator.q_op_to_gr,2025,not_provided_by_source,1251467,1245296,6171
financial.indicator.q_op_to_gr,2026,not_provided_by_source,868253,861951,6302
financial.indicator.q_op_yoy,2010,not_provided_by_source,452712,445724,6988
financial.indicator.q_op_yoy,2011,not_provided_by_source,536606,528674,7932
financial.indicator.q_op_yoy,2012,not_provided_by_source,586712,582020,4692
financial.indicator.q_op_yoy,2013,not_provided_by_source,587580,587535,45
financial.indicator.q_op_yoy,2014,not_provided_by_source,620068,618038,2030
financial.indicator.q_op_yoy,2015,not_provided_by_source,665185,656310,8875
financial.indicator.q_op_yoy,2016,not_provided_by_source,704146,698415,5731
financial.indicator.q_op_yoy,2017,not_provided_by_source,799069,783773,15296
financial.indicator.q_op_yoy,2018,not_provided_by_source,856805,851427,5378
financial.indicator.q_op_yoy,2019,not_provided_by_source,890261,885563,4698
financial.indicator.q_op_yoy,2020,not_provided_by_source,952002,944909,7093
financial.indicator.q_op_yoy,2021,not_provided_by_source,1062390,1054658,7732
financial.indicator.q_op_yoy,2022,not_provided_by_source,1149262,1142395,6867
financial.indicator.q_op_yoy,2023,not_provided_by_source,1211954,1203359,8595
financial.indicator.q_op_yoy,2024,not_provided_by_source,1236332,1233005,3327
financial.indicator.q_op_yoy,2025,not_provided_by_source,1251467,1245890,5577
financial.indicator.q_op_yoy,2026,not_provided_by_source,868253,862053,6200
financial.indicator.q_opincome,2010,not_provided_by_source,452712,452535,177
financial.indicator.q_opincome,2011,not_provided_by_source,536606,536558,48
financial.indicator.q_opincome,2012,not_provided_by_source,586712,586565,147
financial.indicator.q_opincome,2013,not_provided_by_source,587580,587281,299
financial.indicator.q_opincome,2014,not_provided_by_source,620068,619957,111
financial.indicator.q_opincome,2015,not_provided_by_source,665185,665046,139
financial.indicator.q_opincome,2016,not_provided_by_source,704146,703805,341
financial.indicator.q_opincome,2017,not_provided_by_source,799069,798878,191
financial.indicator.q_opincome,2018,not_provided_by_source,856805,856465,340
financial.indicator.q_opincome,2019,not_provided_by_source,890261,889809,452
financial.indicator.q_opincome,2020,not_provided_by_source,952002,951173,829
financial.indicator.q_opincome,2021,not_provided_by_source,1062390,1060306,2084
financial.indicator.q_opincome,2022,not_provided_by_source,1149262,1145166,4096
financial.indicator.q_opincome,2023,not_provided_by_source,1211954,1205062,6892
financial.indicator.q_opincome,2024,not_provided_by_source,1236332,1233081,3251
financial.indicator.q_opincome,2025,not_provided_by_source,1251467,1246987,4480
financial.indicator.q_opincome,2026,not_provided_by_source,868253,862235,6018
financial.indicator.q_opincome_to_ebt,2010,not_provided_by_source,452712,386934,65778
financial.indicator.q_opincome_to_ebt,2011,not_provided_by_source,536606,469780,66826
financial.indicator.q_opincome_to_ebt,2012,not_provided_by_source,586712,495524,91188
financial.indicator.q_opincome_to_ebt,2013,not_provided_by_source,587580,493018,94562
financial.indicator.q_opincome_to_ebt,2014,not_provided_by_source,620068,516793,103275
financial.indicator.q_opincome_to_ebt,2015,not_provided_by_source,665185,541908,123277
financial.indicator.q_opincome_to_ebt,2016,not_provided_by_source,704146,580258,123888
financial.indicator.q_opincome_to_ebt,2017,not_provided_by_source,799069,701444,97625
financial.indicator.q_opincome_to_ebt,2018,not_provided_by_source,856805,753410,103395
financial.indicator.q_opincome_to_ebt,2019,not_provided_by_source,890261,758154,132107
financial.indicator.q_opincome_to_ebt,2020,not_provided_by_source,952002,758567,193435
financial.indicator.q_opincome_to_ebt,2021,not_provided_by_source,1062390,899020,163370
financial.indicator.q_opincome_to_ebt,2022,not_provided_by_source,1149262,913832,235430
financial.indicator.q_opincome_to_ebt,2023,not_provided_by_source,1211954,935328,276626
financial.indicator.q_opincome_to_ebt,2024,not_provided_by_source,1236332,927115,309217
financial.indicator.q_opincome_to_ebt,2025,not_provided_by_source,1251467,925879,325588
financial.indicator.q_opincome_to_ebt,2026,not_provided_by_source,868253,633172,235081
financial.indicator.q_profit_qoq,2010,not_provided_by_source,452712,451913,799
financial.indicator.q_profit_qoq,2011,not_provided_by_source,536606,536164,442
financial.indicator.q_profit_qoq,2012,not_provided_by_source,586712,586222,490
financial.indicator.q_profit_qoq,2013,not_provided_by_source,587580,587157,423
financial.indicator.q_profit_qoq,2014,not_provided_by_source,620068,619691,377
financial.indicator.q_profit_qoq,2015,not_provided_by_source,665185,664500,685
financial.indicator.q_profit_qoq,2016,not_provided_by_source,704146,702700,1446
financial.indicator.q_profit_qoq,2017,not_provided_by_source,799069,797558,1511
financial.indicator.q_profit_qoq,2018,not_provided_by_source,856805,854043,2762
financial.indicator.q_profit_qoq,2019,not_provided_by_source,890261,886669,3592
financial.indicator.q_profit_qoq,2020,not_provided_by_source,952002,947323,4679
financial.indicator.q_profit_qoq,2021,not_provided_by_source,1062390,1054503,7887
financial.indicator.q_profit_qoq,2022,not_provided_by_source,1149262,1137010,12252
financial.indicator.q_profit_qoq,2023,not_provided_by_source,1211954,1193471,18483
financial.indicator.q_profit_qoq,2024,not_provided_by_source,1236332,1231585,4747
financial.indicator.q_profit_qoq,2025,not_provided_by_source,1251467,1244341,7126
financial.indicator.q_profit_qoq,2026,not_provided_by_source,868253,862721,5532
financial.indicator.q_profit_to_gr,2010,not_provided_by_source,452712,448147,4565
financial.indicator.q_profit_to_gr,2011,not_provided_by_source,536606,532064,4542
financial.indicator.q_profit_to_gr,2012,not_provided_by_source,586712,582973,3739
financial.indicator.q_profit_to_gr,2013,not_provided_by_source,587580,586100,1480
financial.indicator.q_profit_to_gr,2014,not_provided_by_source,620068,619310,758
financial.indicator.q_profit_to_gr,2015,not_provided_by_source,665185,663842,1343
financial.indicator.q_profit_to_gr,2016,not_provided_by_source,704146,702816,1330
financial.indicator.q_profit_to_gr,2017,not_provided_by_source,799069,798290,779
financial.indicator.q_profit_to_gr,2018,not_provided_by_source,856805,855771,1034
financial.indicator.q_profit_to_gr,2019,not_provided_by_source,890261,889029,1232
financial.indicator.q_profit_to_gr,2020,not_provided_by_source,952002,949840,2162
financial.indicator.q_profit_to_gr,2021,not_provided_by_source,1062390,1058488,3902
financial.indicator.q_profit_to_gr,2022,not_provided_by_source,1149262,1142419,6843
financial.indicator.q_profit_to_gr,2023,not_provided_by_source,1211954,1201386,10568
financial.indicator.q_profit_to_gr,2024,not_provided_by_source,1236332,1232005,4327
financial.indicator.q_profit_to_gr,2025,not_provided_by_source,1251467,1245212,6255
financial.indicator.q_profit_to_gr,2026,not_provided_by_source,868253,862040,6213
financial.indicator.q_profit_yoy,2010,not_provided_by_source,452712,445724,6988
financial.indicator.q_profit_yoy,2011,not_provided_by_source,536606,528674,7932
financial.indicator.q_profit_yoy,2012,not_provided_by_source,586712,582020,4692
financial.indicator.q_profit_yoy,2013,not_provided_by_source,587580,587535,45
financial.indicator.q_profit_yoy,2014,not_provided_by_source,620068,618112,1956
financial.indicator.q_profit_yoy,2015,not_provided_by_source,665185,656301,8884
financial.indicator.q_profit_yoy,2016,not_provided_by_source,704146,698405,5741
financial.indicator.q_profit_yoy,2017,not_provided_by_source,799069,783773,15296
financial.indicator.q_profit_yoy,2018,not_provided_by_source,856805,851422,5383
financial.indicator.q_profit_yoy,2019,not_provided_by_source,890261,885520,4741
financial.indicator.q_profit_yoy,2020,not_provided_by_source,952002,944952,7050
financial.indicator.q_profit_yoy,2021,not_provided_by_source,1062390,1054606,7784
financial.indicator.q_profit_yoy,2022,not_provided_by_source,1149262,1142337,6925
financial.indicator.q_profit_yoy,2023,not_provided_by_source,1211954,1203086,8868
financial.indicator.q_profit_yoy,2024,not_provided_by_source,1236332,1232903,3429
financial.indicator.q_profit_yoy,2025,not_provided_by_source,1251467,1245774,5693
financial.indicator.q_profit_yoy,2026,not_provided_by_source,868253,861921,6332
financial.indicator.q_roe,2010,not_provided_by_source,452712,438751,13961
financial.indicator.q_roe,2011,not_provided_by_source,536606,524304,12302
financial.indicator.q_roe,2012,not_provided_by_source,586712,576050,10662
financial.indicator.q_roe,2013,not_provided_by_source,587580,580193,7387
financial.indicator.q_roe,2014,not_provided_by_source,620068,616421,3647
financial.indicator.q_roe,2015,not_provided_by_source,665185,661239,3946
financial.indicator.q_roe,2016,not_provided_by_source,704146,699107,5039
financial.indicator.q_roe,2017,not_provided_by_source,799069,794753,4316
financial.indicator.q_roe,2018,not_provided_by_source,856805,850432,6373
financial.indicator.q_roe,2019,not_provided_by_source,890261,879440,10821
financial.indicator.q_roe,2020,not_provided_by_source,952002,937050,14952
financial.indicator.q_roe,2021,not_provided_by_source,1062390,1042594,19796
financial.indicator.q_roe,2022,not_provided_by_source,1149262,1126260,23002
financial.indicator.q_roe,2023,not_provided_by_source,1211954,1184638,27316
financial.indicator.q_roe,2024,not_provided_by_source,1236332,1223097,13235
financial.indicator.q_roe,2025,not_provided_by_source,1251467,1235921,15546
financial.indicator.q_roe,2026,not_provided_by_source,868253,819653,48600
financial.indicator.q_saleexp_to_gr,2010,not_provided_by_source,452712,422959,29753
financial.indicator.q_saleexp_to_gr,2011,not_provided_by_source,536606,503750,32856
financial.indicator.q_saleexp_to_gr,2012,not_provided_by_source,586712,554526,32186
financial.indicator.q_saleexp_to_gr,2013,not_provided_by_source,587580,557606,29974
financial.indicator.q_saleexp_to_gr,2014,not_provided_by_source,620068,589460,30608
financial.indicator.q_saleexp_to_gr,2015,not_provided_by_source,665185,635461,29724
financial.indicator.q_saleexp_to_gr,2016,not_provided_by_source,704146,674476,29670
financial.indicator.q_saleexp_to_gr,2017,not_provided_by_source,799069,765861,33208
financial.indicator.q_saleexp_to_gr,2018,not_provided_by_source,856805,821461,35344
financial.indicator.q_saleexp_to_gr,2019,not_provided_by_source,890261,851853,38408
financial.indicator.q_saleexp_to_gr,2020,not_provided_by_source,952002,909962,42040
financial.indicator.q_saleexp_to_gr,2021,not_provided_by_source,1062390,1018087,44303
financial.indicator.q_saleexp_to_gr,2022,not_provided_by_source,1149262,1102687,46575
financial.indicator.q_saleexp_to_gr,2023,not_provided_by_source,1211954,1163726,48228
financial.indicator.q_saleexp_to_gr,2024,not_provided_by_source,1236332,1192823,43509
financial.indicator.q_saleexp_to_gr,2025,not_provided_by_source,1251467,1206723,44744
financial.indicator.q_saleexp_to_gr,2026,not_provided_by_source,868253,835305,32948
financial.indicator.q_sales_qoq,2010,not_provided_by_source,452712,447780,4932
financial.indicator.q_sales_qoq,2011,not_provided_by_source,536606,531759,4847
financial.indicator.q_sales_qoq,2012,not_provided_by_source,586712,582926,3786
financial.indicator.q_sales_qoq,2013,not_provided_by_source,587580,586110,1470
financial.indicator.q_sales_qoq,2014,not_provided_by_source,620068,619397,671
financial.indicator.q_sales_qoq,2015,not_provided_by_source,665185,663952,1233
financial.indicator.q_sales_qoq,2016,not_provided_by_source,704146,702728,1418
financial.indicator.q_sales_qoq,2017,not_provided_by_source,799069,797722,1347
financial.indicator.q_sales_qoq,2018,not_provided_by_source,856805,854904,1901
financial.indicator.q_sales_qoq,2019,not_provided_by_source,890261,888041,2220
financial.indicator.q_sales_qoq,2020,not_provided_by_source,952002,947857,4145
financial.indicator.q_sales_qoq,2021,not_provided_by_source,1062390,1053869,8521
financial.indicator.q_sales_qoq,2022,not_provided_by_source,1149262,1136724,12538
financial.indicator.q_sales_qoq,2023,not_provided_by_source,1211954,1196572,15382
financial.indicator.q_sales_qoq,2024,not_provided_by_source,1236332,1230578,5754
financial.indicator.q_sales_qoq,2025,not_provided_by_source,1251467,1243474,7993
financial.indicator.q_sales_qoq,2026,not_provided_by_source,868253,823985,44268
financial.indicator.q_sales_yoy,2010,not_provided_by_source,452712,441290,11422
financial.indicator.q_sales_yoy,2011,not_provided_by_source,536606,523895,12711
financial.indicator.q_sales_yoy,2012,not_provided_by_source,586712,578172,8540
financial.indicator.q_sales_yoy,2013,not_provided_by_source,587580,585307,2273
financial.indicator.q_sales_yoy,2014,not_provided_by_source,620068,617364,2704
financial.indicator.q_sales_yoy,2015,not_provided_by_source,665185,655490,9695
financial.indicator.q_sales_yoy,2016,not_provided_by_source,704146,697441,6705
financial.indicator.q_sales_yoy,2017,not_provided_by_source,799069,783071,15998
financial.indicator.q_sales_yoy,2018,not_provided_by_source,856805,850850,5955
financial.indicator.q_sales_yoy,2019,not_provided_by_source,890261,885043,5218
financial.indicator.q_sales_yoy,2020,not_provided_by_source,952002,943648,8354
financial.indicator.q_sales_yoy,2021,not_provided_by_source,1062390,1052936,9454
financial.indicator.q_sales_yoy,2022,not_provided_by_source,1149262,1140005,9257
financial.indicator.q_sales_yoy,2023,not_provided_by_source,1211954,1201574,10380
financial.indicator.q_sales_yoy,2024,not_provided_by_source,1236332,1231433,4899
financial.indicator.q_sales_yoy,2025,not_provided_by_source,1251467,1244571,6896
financial.indicator.q_sales_yoy,2026,not_provided_by_source,868253,860822,7431
financial.indicator.q_salescash_to_or,2010,not_provided_by_source,452712,439631,13081
financial.indicator.q_salescash_to_or,2011,not_provided_by_source,536606,522224,14382
financial.indicator.q_salescash_to_or,2012,not_provided_by_source,586712,572414,14298
financial.indicator.q_salescash_to_or,2013,not_provided_by_source,587580,575932,11648
financial.indicator.q_salescash_to_or,2014,not_provided_by_source,620068,607566,12502
financial.indicator.q_salescash_to_or,2015,not_provided_by_source,665185,652695,12490
financial.indicator.q_salescash_to_or,2016,not_provided_by_source,704146,690435,13711
financial.indicator.q_salescash_to_or,2017,not_provided_by_source,799069,783137,15932
financial.indicator.q_salescash_to_or,2018,not_provided_by_source,856805,839038,17767
financial.indicator.q_salescash_to_or,2019,not_provided_by_source,890261,869067,21194
financial.indicator.q_salescash_to_or,2020,not_provided_by_source,952002,927906,24096
financial.indicator.q_salescash_to_or,2021,not_provided_by_source,1062390,1035896,26494
financial.indicator.q_salescash_to_or,2022,not_provided_by_source,1149262,1120106,29156
financial.indicator.q_salescash_to_or,2023,not_provided_by_source,1211954,1179386,32568
financial.indicator.q_salescash_to_or,2024,not_provided_by_source,1236332,1207667,28665
financial.indicator.q_salescash_to_or,2025,not_provided_by_source,1251467,1221807,29660
financial.indicator.q_salescash_to_or,2026,not_provided_by_source,868253,844878,23375
financial.indicator.quick_ratio,2010,not_provided_by_source,452712,444385,8327
financial.indicator.quick_ratio,2011,not_provided_by_source,536606,527186,9420
financial.indicator.quick_ratio,2012,not_provided_by_source,586712,576503,10209
financial.indicator.quick_ratio,2013,not_provided_by_source,587580,577708,9872
financial.indicator.quick_ratio,2014,not_provided_by_source,620068,608856,11212
financial.indicator.quick_ratio,2015,not_provided_by_source,665185,654291,10894
financial.indicator.quick_ratio,2016,not_provided_by_source,704146,693111,11035
financial.indicator.quick_ratio,2017,not_provided_by_source,799069,785665,13404
financial.indicator.quick_ratio,2018,not_provided_by_source,856805,841612,15193
financial.indicator.quick_ratio,2019,not_provided_by_source,890261,872365,17896
financial.indicator.quick_ratio,2020,not_provided_by_source,952002,932593,19409
financial.indicator.quick_ratio,2021,not_provided_by_source,1062390,1040942,21448
financial.indicator.quick_ratio,2022,not_provided_by_source,1149262,1125039,24223
financial.indicator.quick_ratio,2023,not_provided_by_source,1211954,1183264,28690
financial.indicator.quick_ratio,2024,not_provided_by_source,1236332,1211262,25070
financial.indicator.quick_ratio,2025,not_provided_by_source,1251467,1224307,27160
financial.indicator.quick_ratio,2026,not_provided_by_source,868253,851075,17178
financial.indicator.rd_exp,2010,not_provided_by_source,452712,31225,421487
financial.indicator.rd_exp,2011,not_provided_by_source,536606,73537,463069
financial.indicator.rd_exp,2012,not_provided_by_source,586712,71264,515448
financial.indicator.rd_exp,2013,not_provided_by_source,587580,100872,486708
financial.indicator.rd_exp,2014,not_provided_by_source,620068,117708,502360
financial.indicator.rd_exp,2015,not_provided_by_source,665185,132288,532897
financial.indicator.rd_exp,2016,not_provided_by_source,704146,136593,567553
financial.indicator.rd_exp,2017,not_provided_by_source,799069,163024,636045
financial.indicator.rd_exp,2018,not_provided_by_source,856805,283104,573701
financial.indicator.rd_exp,2019,not_provided_by_source,890261,744203,146058
financial.indicator.rd_exp,2020,not_provided_by_source,952002,822859,129143
financial.indicator.rd_exp,2021,not_provided_by_source,1062390,941792,120598
financial.indicator.rd_exp,2022,not_provided_by_source,1149262,1039491,109771
financial.indicator.rd_exp,2023,not_provided_by_source,1211954,1090135,121819
financial.indicator.rd_exp,2024,not_provided_by_source,1236332,568350,667982
financial.indicator.rd_exp,2025,not_provided_by_source,1251467,265058,986409
financial.indicator.rd_exp,2026,not_provided_by_source,868253,162407,705846
financial.indicator.retained_earnings,2010,not_provided_by_source,452712,452656,56
financial.indicator.retained_earnings,2011,not_provided_by_source,536606,536589,17
financial.indicator.retained_earnings,2012,not_provided_by_source,586712,586584,128
financial.indicator.retained_earnings,2013,not_provided_by_source,587580,587514,66
financial.indicator.retained_earnings,2014,not_provided_by_source,620068,618815,1253
financial.indicator.retained_earnings,2015,not_provided_by_source,665185,665092,93
financial.indicator.retained_earnings,2016,not_provided_by_source,704146,703913,233
financial.indicator.retained_earnings,2017,not_provided_by_source,799069,798691,378
financial.indicator.retained_earnings,2018,not_provided_by_source,856805,856284,521
financial.indicator.retained_earnings,2019,not_provided_by_source,890261,889685,576
financial.indicator.retained_earnings,2020,not_provided_by_source,952002,951112,890
financial.indicator.retained_earnings,2021,not_provided_by_source,1062390,1060367,2023
financial.indicator.retained_earnings,2022,not_provided_by_source,1149262,1145432,3830
financial.indicator.retained_earnings,2023,not_provided_by_source,1211954,1203663,8291
financial.indicator.retained_earnings,2024,not_provided_by_source,1236332,1232532,3800
financial.indicator.retained_earnings,2025,not_provided_by_source,1251467,1245983,5484
financial.indicator.retained_earnings,2026,not_provided_by_source,868253,866867,1386
financial.indicator.retainedps,2010,not_provided_by_source,452712,452656,56
financial.indicator.retainedps,2011,not_provided_by_source,536606,536589,17
financial.indicator.retainedps,2012,not_provided_by_source,586712,586584,128
financial.indicator.retainedps,2013,not_provided_by_source,587580,587514,66
financial.indicator.retainedps,2014,not_provided_by_source,620068,618815,1253
financial.indicator.retainedps,2015,not_provided_by_source,665185,665092,93
financial.indicator.retainedps,2016,not_provided_by_source,704146,703913,233
financial.indicator.retainedps,2017,not_provided_by_source,799069,798691,378
financial.indicator.retainedps,2018,not_provided_by_source,856805,856284,521
financial.indicator.retainedps,2019,not_provided_by_source,890261,889685,576
financial.indicator.retainedps,2020,not_provided_by_source,952002,951073,929
financial.indicator.retainedps,2021,not_provided_by_source,1062390,1060367,2023
financial.indicator.retainedps,2022,not_provided_by_source,1149262,1145377,3885
financial.indicator.retainedps,2023,not_provided_by_source,1211954,1201910,10044
financial.indicator.retainedps,2024,not_provided_by_source,1236332,1227650,8682
financial.indicator.retainedps,2025,not_provided_by_source,1251467,1239763,11704
financial.indicator.retainedps,2026,not_provided_by_source,868253,862338,5915
financial.indicator.revenue_ps,2010,not_provided_by_source,452712,450264,2448
financial.indicator.revenue_ps,2011,not_provided_by_source,536606,533977,2629
financial.indicator.revenue_ps,2012,not_provided_by_source,586712,584544,2168
financial.indicator.revenue_ps,2013,not_provided_by_source,587580,587047,533
financial.indicator.revenue_ps,2014,not_provided_by_source,620068,618783,1285
financial.indicator.revenue_ps,2015,not_provided_by_source,665185,664753,432
financial.indicator.revenue_ps,2016,not_provided_by_source,704146,703731,415
financial.indicator.revenue_ps,2017,not_provided_by_source,799069,798567,502
financial.indicator.revenue_ps,2018,not_provided_by_source,856805,856365,440
financial.indicator.revenue_ps,2019,not_provided_by_source,890261,889855,406
financial.indicator.revenue_ps,2020,not_provided_by_source,952002,950710,1292
financial.indicator.revenue_ps,2021,not_provided_by_source,1062390,1060044,2346
financial.indicator.revenue_ps,2022,not_provided_by_source,1149262,1145070,4192
financial.indicator.revenue_ps,2023,not_provided_by_source,1211954,1203042,8912
financial.indicator.revenue_ps,2024,not_provided_by_source,1236332,1227737,8595
financial.indicator.revenue_ps,2025,not_provided_by_source,1251467,1240615,10852
financial.indicator.revenue_ps,2026,not_provided_by_source,868253,861848,6405
financial.indicator.roa,2010,not_provided_by_source,452712,444377,8335
financial.indicator.roa,2011,not_provided_by_source,536606,527286,9320
financial.indicator.roa,2012,not_provided_by_source,586712,576545,10167
financial.indicator.roa,2013,not_provided_by_source,587580,577397,10183
financial.indicator.roa,2014,not_provided_by_source,620068,609490,10578
financial.indicator.roa,2015,not_provided_by_source,665185,653385,11800
financial.indicator.roa,2016,not_provided_by_source,704146,689300,14846
financial.indicator.roa,2017,not_provided_by_source,799069,780536,18533
financial.indicator.roa,2018,not_provided_by_source,856805,834390,22415
financial.indicator.roa,2019,not_provided_by_source,890261,861971,28290
financial.indicator.roa,2020,not_provided_by_source,952002,917993,34009
financial.indicator.roa,2021,not_provided_by_source,1062390,1021870,40520
financial.indicator.roa,2022,not_provided_by_source,1149262,1099361,49901
financial.indicator.roa,2023,not_provided_by_source,1211954,1163128,48826
financial.indicator.roa,2024,not_provided_by_source,1236332,1205466,30866
financial.indicator.roa,2025,not_provided_by_source,1251467,1218994,32473
financial.indicator.roa,2026,not_provided_by_source,868253,848910,19343
financial.indicator.roa2_yearly,2010,not_provided_by_source,452712,444377,8335
financial.indicator.roa2_yearly,2011,not_provided_by_source,536606,527286,9320
financial.indicator.roa2_yearly,2012,not_provided_by_source,586712,576545,10167
financial.indicator.roa2_yearly,2013,not_provided_by_source,587580,577397,10183
financial.indicator.roa2_yearly,2014,not_provided_by_source,620068,609490,10578
financial.indicator.roa2_yearly,2015,not_provided_by_source,665185,653385,11800
financial.indicator.roa2_yearly,2016,not_provided_by_source,704146,689300,14846
financial.indicator.roa2_yearly,2017,not_provided_by_source,799069,780536,18533
financial.indicator.roa2_yearly,2018,not_provided_by_source,856805,834390,22415
financial.indicator.roa2_yearly,2019,not_provided_by_source,890261,861971,28290
financial.indicator.roa2_yearly,2020,not_provided_by_source,952002,917993,34009
financial.indicator.roa2_yearly,2021,not_provided_by_source,1062390,1021607,40783
financial.indicator.roa2_yearly,2022,not_provided_by_source,1149262,1098780,50482
financial.indicator.roa2_yearly,2023,not_provided_by_source,1211954,1162950,49004
financial.indicator.roa2_yearly,2024,not_provided_by_source,1236332,1205267,31065
financial.indicator.roa2_yearly,2025,not_provided_by_source,1251467,1218877,32590
financial.indicator.roa2_yearly,2026,not_provided_by_source,868253,829361,38892
financial.indicator.roa_dp,2010,not_provided_by_source,452712,452462,250
financial.indicator.roa_dp,2011,not_provided_by_source,536606,536145,461
financial.indicator.roa_dp,2012,not_provided_by_source,586712,586396,316
financial.indicator.roa_dp,2013,not_provided_by_source,587580,587238,342
financial.indicator.roa_dp,2014,not_provided_by_source,620068,619538,530
financial.indicator.roa_dp,2015,not_provided_by_source,665185,664335,850
financial.indicator.roa_dp,2016,not_provided_by_source,704146,701490,2656
financial.indicator.roa_dp,2017,not_provided_by_source,799069,795324,3745
financial.indicator.roa_dp,2018,not_provided_by_source,856805,851220,5585
financial.indicator.roa_dp,2019,not_provided_by_source,890261,882242,8019
financial.indicator.roa_dp,2020,not_provided_by_source,952002,940569,11433
financial.indicator.roa_dp,2021,not_provided_by_source,1062390,1045274,17116
financial.indicator.roa_dp,2022,not_provided_by_source,1149262,1126250,23012
financial.indicator.roa_dp,2023,not_provided_by_source,1211954,1187496,24458
financial.indicator.roa_dp,2024,not_provided_by_source,1236332,1229752,6580
financial.indicator.roa_dp,2025,not_provided_by_source,1251467,1243638,7829
financial.indicator.roa_dp,2026,not_provided_by_source,868253,865423,2830
financial.indicator.roa_yearly,2010,not_provided_by_source,452712,452307,405
financial.indicator.roa_yearly,2011,not_provided_by_source,536606,536350,256
financial.indicator.roa_yearly,2012,not_provided_by_source,586712,586321,391
financial.indicator.roa_yearly,2013,not_provided_by_source,587580,587155,425
financial.indicator.roa_yearly,2014,not_provided_by_source,620068,619538,530
financial.indicator.roa_yearly,2015,not_provided_by_source,665185,664208,977
financial.indicator.roa_yearly,2016,not_provided_by_source,704146,701416,2730
financial.indicator.roa_yearly,2017,not_provided_by_source,799069,795324,3745
financial.indicator.roa_yearly,2018,not_provided_by_source,856805,851342,5463
financial.indicator.roa_yearly,2019,not_provided_by_source,890261,882251,8010
financial.indicator.roa_yearly,2020,not_provided_by_source,952002,940619,11383
financial.indicator.roa_yearly,2021,not_provided_by_source,1062390,1045110,17280
financial.indicator.roa_yearly,2022,not_provided_by_source,1149262,1125623,23639
financial.indicator.roa_yearly,2023,not_provided_by_source,1211954,1187289,24665
financial.indicator.roa_yearly,2024,not_provided_by_source,1236332,1229584,6748
financial.indicator.roa_yearly,2025,not_provided_by_source,1251467,1243320,8147
financial.indicator.roa_yearly,2026,not_provided_by_source,868253,845236,23017
financial.indicator.roe,2010,not_provided_by_source,452712,438882,13830
financial.indicator.roe,2011,not_provided_by_source,536606,524068,12538
financial.indicator.roe,2012,not_provided_by_source,586712,575797,10915
financial.indicator.roe,2013,not_provided_by_source,587580,580155,7425
financial.indicator.roe,2014,not_provided_by_source,620068,616200,3868
financial.indicator.roe,2015,not_provided_by_source,665185,660618,4567
financial.indicator.roe,2016,not_provided_by_source,704146,697684,6462
financial.indicator.roe,2017,not_provided_by_source,799069,792260,6809
financial.indicator.roe,2018,not_provided_by_source,856805,847026,9779
financial.indicator.roe,2019,not_provided_by_source,890261,874832,15429
financial.indicator.roe,2020,not_provided_by_source,952002,929567,22435
financial.indicator.roe,2021,not_provided_by_source,1062390,1034594,27796
financial.indicator.roe,2022,not_provided_by_source,1149262,1116065,33197
financial.indicator.roe,2023,not_provided_by_source,1211954,1178213,33741
financial.indicator.roe,2024,not_provided_by_source,1236332,1222458,13874
financial.indicator.roe,2025,not_provided_by_source,1251467,1236542,14925
financial.indicator.roe,2026,not_provided_by_source,868253,860560,7693
financial.indicator.roe_avg,2010,not_provided_by_source,452712,319312,133400
financial.indicator.roe_avg,2011,not_provided_by_source,536606,502084,34522
financial.indicator.roe_avg,2012,not_provided_by_source,586712,571266,15446
financial.indicator.roe_avg,2013,not_provided_by_source,587580,399197,188383
financial.indicator.roe_avg,2014,not_provided_by_source,620068,239706,380362
financial.indicator.roe_avg,2015,not_provided_by_source,665185,257706,407479
financial.indicator.roe_avg,2016,not_provided_by_source,704146,204262,499884
financial.indicator.roe_avg,2017,not_provided_by_source,799069,206654,592415
financial.indicator.roe_avg,2018,not_provided_by_source,856805,194304,662501
financial.indicator.roe_avg,2019,not_provided_by_source,890261,197987,692274
financial.indicator.roe_avg,2020,not_provided_by_source,952002,209086,742916
financial.indicator.roe_avg,2021,not_provided_by_source,1062390,235488,826902
financial.indicator.roe_avg,2022,not_provided_by_source,1149262,245152,904110
financial.indicator.roe_avg,2023,not_provided_by_source,1211954,240603,971351
financial.indicator.roe_avg,2024,not_provided_by_source,1236332,232536,1003796
financial.indicator.roe_avg,2025,not_provided_by_source,1251467,230593,1020874
financial.indicator.roe_avg,2026,not_provided_by_source,868253,95322,772931
financial.indicator.roe_dt,2010,not_provided_by_source,452712,437835,14877
financial.indicator.roe_dt,2011,not_provided_by_source,536606,522349,14257
financial.indicator.roe_dt,2012,not_provided_by_source,586712,573956,12756
financial.indicator.roe_dt,2013,not_provided_by_source,587580,579645,7935
financial.indicator.roe_dt,2014,not_provided_by_source,620068,615937,4131
financial.indicator.roe_dt,2015,not_provided_by_source,665185,659701,5484
financial.indicator.roe_dt,2016,not_provided_by_source,704146,697433,6713
financial.indicator.roe_dt,2017,not_provided_by_source,799069,792094,6975
financial.indicator.roe_dt,2018,not_provided_by_source,856805,847018,9787
financial.indicator.roe_dt,2019,not_provided_by_source,890261,874791,15470
financial.indicator.roe_dt,2020,not_provided_by_source,952002,929265,22737
financial.indicator.roe_dt,2021,not_provided_by_source,1062390,1034449,27941
financial.indicator.roe_dt,2022,not_provided_by_source,1149262,1115636,33626
financial.indicator.roe_dt,2023,not_provided_by_source,1211954,1157721,54233
financial.indicator.roe_dt,2024,not_provided_by_source,1236332,1180884,55448
financial.indicator.roe_dt,2025,not_provided_by_source,1251467,1216304,35163
financial.indicator.roe_dt,2026,not_provided_by_source,868253,841119,27134
financial.indicator.roe_waa,2010,not_provided_by_source,452712,321111,131601
financial.indicator.roe_waa,2011,not_provided_by_source,536606,504154,32452
financial.indicator.roe_waa,2012,not_provided_by_source,586712,572181,14531
financial.indicator.roe_waa,2013,not_provided_by_source,587580,578818,8762
financial.indicator.roe_waa,2014,not_provided_by_source,620068,612129,7939
financial.indicator.roe_waa,2015,not_provided_by_source,665185,658763,6422
financial.indicator.roe_waa,2016,not_provided_by_source,704146,698597,5549
financial.indicator.roe_waa,2017,not_provided_by_source,799069,793579,5490
financial.indicator.roe_waa,2018,not_provided_by_source,856805,851539,5266
financial.indicator.roe_waa,2019,not_provided_by_source,890261,881635,8626
financial.indicator.roe_waa,2020,not_provided_by_source,952002,939235,12767
financial.indicator.roe_waa,2021,not_provided_by_source,1062390,1049016,13374
financial.indicator.roe_waa,2022,not_provided_by_source,1149262,1136474,12788
financial.indicator.roe_waa,2023,not_provided_by_source,1211954,1176459,35495
financial.indicator.roe_waa,2024,not_provided_by_source,1236332,1182308,54024
financial.indicator.roe_waa,2025,not_provided_by_source,1251467,1219340,32127
financial.indicator.roe_waa,2026,not_provided_by_source,868253,840302,27951
financial.indicator.roe_yearly,2010,not_provided_by_source,452712,438882,13830
financial.indicator.roe_yearly,2011,not_provided_by_source,536606,524068,12538
financial.indicator.roe_yearly,2012,not_provided_by_source,586712,575797,10915
financial.indicator.roe_yearly,2013,not_provided_by_source,587580,580155,7425
financial.indicator.roe_yearly,2014,not_provided_by_source,620068,616200,3868
financial.indicator.roe_yearly,2015,not_provided_by_source,665185,660618,4567
financial.indicator.roe_yearly,2016,not_provided_by_source,704146,697684,6462
financial.indicator.roe_yearly,2017,not_provided_by_source,799069,792260,6809
financial.indicator.roe_yearly,2018,not_provided_by_source,856805,847026,9779
financial.indicator.roe_yearly,2019,not_provided_by_source,890261,874832,15429
financial.indicator.roe_yearly,2020,not_provided_by_source,952002,929567,22435
financial.indicator.roe_yearly,2021,not_provided_by_source,1062390,1033687,28703
financial.indicator.roe_yearly,2022,not_provided_by_source,1149262,1115436,33826
financial.indicator.roe_yearly,2023,not_provided_by_source,1211954,1177769,34185
financial.indicator.roe_yearly,2024,not_provided_by_source,1236332,1222300,14032
financial.indicator.roe_yearly,2025,not_provided_by_source,1251467,1236273,15194
financial.indicator.roe_yearly,2026,not_provided_by_source,868253,840745,27508
financial.indicator.roe_yoy,2010,not_provided_by_source,452712,389929,62783
financial.indicator.roe_yoy,2011,not_provided_by_source,536606,464637,71969
financial.indicator.roe_yoy,2012,not_provided_by_source,586712,535093,51619
financial.indicator.roe_yoy,2013,not_provided_by_source,587580,564658,22922
financial.indicator.roe_yoy,2014,not_provided_by_source,620068,601508,18560
financial.indicator.roe_yoy,2015,not_provided_by_source,665185,628577,36608
financial.indicator.roe_yoy,2016,not_provided_by_source,704146,672382,31764
financial.indicator.roe_yoy,2017,not_provided_by_source,799069,726383,72686
financial.indicator.roe_yoy,2018,not_provided_by_source,856805,808958,47847
financial.indicator.roe_yoy,2019,not_provided_by_source,890261,860241,30020
financial.indicator.roe_yoy,2020,not_provided_by_source,952002,895348,56654
financial.indicator.roe_yoy,2021,not_provided_by_source,1062390,971521,90869
financial.indicator.roe_yoy,2022,not_provided_by_source,1149262,1068090,81172
financial.indicator.roe_yoy,2023,not_provided_by_source,1211954,1145989,65965
financial.indicator.roe_yoy,2024,not_provided_by_source,1236332,1204324,32008
financial.indicator.roe_yoy,2025,not_provided_by_source,1251467,1222479,28988
financial.indicator.roe_yoy,2026,not_provided_by_source,868253,847295,20958
financial.indicator.roic,2010,not_provided_by_source,452712,437329,15383
financial.indicator.roic,2011,not_provided_by_source,536606,519598,17008
financial.indicator.roic,2012,not_provided_by_source,586712,570347,16365
financial.indicator.roic,2013,not_provided_by_source,587580,573515,14065
financial.indicator.roic,2014,not_provided_by_source,620068,608156,11912
financial.indicator.roic,2015,not_provided_by_source,665185,652142,13043
financial.indicator.roic,2016,not_provided_by_source,704146,688137,16009
financial.indicator.roic,2017,not_provided_by_source,799069,779594,19475
financial.indicator.roic,2018,not_provided_by_source,856805,832690,24115
financial.indicator.roic,2019,not_provided_by_source,890261,858615,31646
financial.indicator.roic,2020,not_provided_by_source,952002,913361,38641
financial.indicator.roic,2021,not_provided_by_source,1062390,1017159,45231
financial.indicator.roic,2022,not_provided_by_source,1149262,1094854,54408
financial.indicator.roic,2023,not_provided_by_source,1211954,1159162,52792
financial.indicator.roic,2024,not_provided_by_source,1236332,1202875,33457
financial.indicator.roic,2025,not_provided_by_source,1251467,1216422,35045
financial.indicator.roic,2026,not_provided_by_source,868253,842011,26242
financial.indicator.roic_yearly,2010,not_provided_by_source,452712,437329,15383
financial.indicator.roic_yearly,2011,not_provided_by_source,536606,519598,17008
financial.indicator.roic_yearly,2012,not_provided_by_source,586712,570347,16365
financial.indicator.roic_yearly,2013,not_provided_by_source,587580,573515,14065
financial.indicator.roic_yearly,2014,not_provided_by_source,620068,608156,11912
financial.indicator.roic_yearly,2015,not_provided_by_source,665185,652142,13043
financial.indicator.roic_yearly,2016,not_provided_by_source,704146,688137,16009
financial.indicator.roic_yearly,2017,not_provided_by_source,799069,779594,19475
financial.indicator.roic_yearly,2018,not_provided_by_source,856805,832690,24115
financial.indicator.roic_yearly,2019,not_provided_by_source,890261,858615,31646
financial.indicator.roic_yearly,2020,not_provided_by_source,952002,913361,38641
financial.indicator.roic_yearly,2021,not_provided_by_source,1062390,1016950,45440
financial.indicator.roic_yearly,2022,not_provided_by_source,1149262,1094462,54800
financial.indicator.roic_yearly,2023,not_provided_by_source,1211954,1158924,53030
financial.indicator.roic_yearly,2024,not_provided_by_source,1236332,1202594,33738
financial.indicator.roic_yearly,2025,not_provided_by_source,1251467,1216311,35156
financial.indicator.roic_yearly,2026,not_provided_by_source,868253,825244,43009
financial.indicator.saleexp_to_gr,2010,not_provided_by_source,452712,423690,29022
financial.indicator.saleexp_to_gr,2011,not_provided_by_source,536606,504159,32447
financial.indicator.saleexp_to_gr,2012,not_provided_by_source,586712,555214,31498
financial.indicator.saleexp_to_gr,2013,not_provided_by_source,587580,558446,29134
financial.indicator.saleexp_to_gr,2014,not_provided_by_source,620068,590164,29904
financial.indicator.saleexp_to_gr,2015,not_provided_by_source,665185,635972,29213
financial.indicator.saleexp_to_gr,2016,not_provided_by_source,704146,674699,29447
financial.indicator.saleexp_to_gr,2017,not_provided_by_source,799069,766099,32970
financial.indicator.saleexp_to_gr,2018,not_provided_by_source,856805,822101,34704
financial.indicator.saleexp_to_gr,2019,not_provided_by_source,890261,852479,37782
financial.indicator.saleexp_to_gr,2020,not_provided_by_source,952002,911068,40934
financial.indicator.saleexp_to_gr,2021,not_provided_by_source,1062390,1019185,43205
financial.indicator.saleexp_to_gr,2022,not_provided_by_source,1149262,1103547,45715
financial.indicator.saleexp_to_gr,2023,not_provided_by_source,1211954,1164270,47684
financial.indicator.saleexp_to_gr,2024,not_provided_by_source,1236332,1193538,42794
financial.indicator.saleexp_to_gr,2025,not_provided_by_source,1251467,1207185,44282
financial.indicator.saleexp_to_gr,2026,not_provided_by_source,868253,839467,28786
financial.indicator.salescash_to_or,2010,not_provided_by_source,452712,440257,12455
financial.indicator.salescash_to_or,2011,not_provided_by_source,536606,522513,14093
financial.indicator.salescash_to_or,2012,not_provided_by_source,586712,572889,13823
financial.indicator.salescash_to_or,2013,not_provided_by_source,587580,576468,11112
financial.indicator.salescash_to_or,2014,not_provided_by_source,620068,607992,12076
financial.indicator.salescash_to_or,2015,not_provided_by_source,665185,653005,12180
financial.indicator.salescash_to_or,2016,not_provided_by_source,704146,690840,13306
financial.indicator.salescash_to_or,2017,not_provided_by_source,799069,783304,15765
financial.indicator.salescash_to_or,2018,not_provided_by_source,856805,839342,17463
financial.indicator.salescash_to_or,2019,not_provided_by_source,890261,869403,20858
financial.indicator.salescash_to_or,2020,not_provided_by_source,952002,928503,23499
financial.indicator.salescash_to_or,2021,not_provided_by_source,1062390,1036816,25574
financial.indicator.salescash_to_or,2022,not_provided_by_source,1149262,1121095,28167
financial.indicator.salescash_to_or,2023,not_provided_by_source,1211954,1180190,31764
financial.indicator.salescash_to_or,2024,not_provided_by_source,1236332,1208485,27847
financial.indicator.salescash_to_or,2025,not_provided_by_source,1251467,1222534,28933
financial.indicator.salescash_to_or,2026,not_provided_by_source,868253,849566,18687
financial.indicator.surplus_rese_ps,2010,not_provided_by_source,452712,443530,9182
financial.indicator.surplus_rese_ps,2011,not_provided_by_source,536606,528646,7960
financial.indicator.surplus_rese_ps,2012,not_provided_by_source,586712,580199,6513
financial.indicator.surplus_rese_ps,2013,not_provided_by_source,587580,580693,6887
financial.indicator.surplus_rese_ps,2014,not_provided_by_source,620068,612267,7801
financial.indicator.surplus_rese_ps,2015,not_provided_by_source,665185,657787,7398
financial.indicator.surplus_rese_ps,2016,not_provided_by_source,704146,696775,7371
financial.indicator.surplus_rese_ps,2017,not_provided_by_source,799069,792104,6965
financial.indicator.surplus_rese_ps,2018,not_provided_by_source,856805,850447,6358
financial.indicator.surplus_rese_ps,2019,not_provided_by_source,890261,883743,6518
financial.indicator.surplus_rese_ps,2020,not_provided_by_source,952002,942485,9517
financial.indicator.surplus_rese_ps,2021,not_provided_by_source,1062390,1049779,12611
financial.indicator.surplus_rese_ps,2022,not_provided_by_source,1149262,1132455,16807
financial.indicator.surplus_rese_ps,2023,not_provided_by_source,1211954,1191753,20201
financial.indicator.surplus_rese_ps,2024,not_provided_by_source,1236332,1214919,21413
financial.indicator.surplus_rese_ps,2025,not_provided_by_source,1251467,1228565,22902
financial.indicator.surplus_rese_ps,2026,not_provided_by_source,868253,849094,19159
financial.indicator.tangasset_to_intdebt,2010,not_provided_by_source,452712,389731,62981
financial.indicator.tangasset_to_intdebt,2011,not_provided_by_source,536606,439057,97549
financial.indicator.tangasset_to_intdebt,2012,not_provided_by_source,586712,474726,111986
financial.indicator.tangasset_to_intdebt,2013,not_provided_by_source,587580,477724,109856
financial.indicator.tangasset_to_intdebt,2014,not_provided_by_source,620068,516894,103174
financial.indicator.tangasset_to_intdebt,2015,not_provided_by_source,665185,561250,103935
financial.indicator.tangasset_to_intdebt,2016,not_provided_by_source,704146,593626,110520
financial.indicator.tangasset_to_intdebt,2017,not_provided_by_source,799069,656928,142141
financial.indicator.tangasset_to_intdebt,2018,not_provided_by_source,856805,703135,153670
financial.indicator.tangasset_to_intdebt,2019,not_provided_by_source,890261,743711,146550
financial.indicator.tangasset_to_intdebt,2020,not_provided_by_source,952002,794861,157141
financial.indicator.tangasset_to_intdebt,2021,not_provided_by_source,1062390,927495,134895
financial.indicator.tangasset_to_intdebt,2022,not_provided_by_source,1149262,1066322,82940
financial.indicator.tangasset_to_intdebt,2023,not_provided_by_source,1211954,1140547,71407
financial.indicator.tangasset_to_intdebt,2024,not_provided_by_source,1236332,1173909,62423
financial.indicator.tangasset_to_intdebt,2025,not_provided_by_source,1251467,1189232,62235
financial.indicator.tangasset_to_intdebt,2026,not_provided_by_source,868253,828579,39674
financial.indicator.tangible_asset,2010,not_provided_by_source,452712,444656,8056
financial.indicator.tangible_asset,2011,not_provided_by_source,536606,527588,9018
financial.indicator.tangible_asset,2012,not_provided_by_source,586712,576825,9887
financial.indicator.tangible_asset,2013,not_provided_by_source,587580,577799,9781
financial.indicator.tangible_asset,2014,not_provided_by_source,620068,609965,10103
financial.indicator.tangible_asset,2015,not_provided_by_source,665185,654325,10860
financial.indicator.tangible_asset,2016,not_provided_by_source,704146,691907,12239
financial.indicator.tangible_asset,2017,not_provided_by_source,799069,784096,14973
financial.indicator.tangible_asset,2018,not_provided_by_source,856805,839895,16910
financial.indicator.tangible_asset,2019,not_provided_by_source,890261,870342,19919
financial.indicator.tangible_asset,2020,not_provided_by_source,952002,930495,21507
financial.indicator.tangible_asset,2021,not_provided_by_source,1062390,1038334,24056
financial.indicator.tangible_asset,2022,not_provided_by_source,1149262,1121914,27348
financial.indicator.tangible_asset,2023,not_provided_by_source,1211954,1179714,32240
financial.indicator.tangible_asset,2024,not_provided_by_source,1236332,1208973,27359
financial.indicator.tangible_asset,2025,not_provided_by_source,1251467,1222234,29233
financial.indicator.tangible_asset,2026,not_provided_by_source,868253,850903,17350
financial.indicator.tangibleasset_to_debt,2010,not_provided_by_source,452712,444479,8233
financial.indicator.tangibleasset_to_debt,2011,not_provided_by_source,536606,527350,9256
financial.indicator.tangibleasset_to_debt,2012,not_provided_by_source,586712,576553,10159
financial.indicator.tangibleasset_to_debt,2013,not_provided_by_source,587580,577698,9882
financial.indicator.tangibleasset_to_debt,2014,not_provided_by_source,620068,609212,10856
financial.indicator.tangibleasset_to_debt,2015,not_provided_by_source,665185,654325,10860
financial.indicator.tangibleasset_to_debt,2016,not_provided_by_source,704146,691907,12239
financial.indicator.tangibleasset_to_debt,2017,not_provided_by_source,799069,784096,14973
financial.indicator.tangibleasset_to_debt,2018,not_provided_by_source,856805,839895,16910
financial.indicator.tangibleasset_to_debt,2019,not_provided_by_source,890261,870342,19919
financial.indicator.tangibleasset_to_debt,2020,not_provided_by_source,952002,930491,21511
financial.indicator.tangibleasset_to_debt,2021,not_provided_by_source,1062390,1038308,24082
financial.indicator.tangibleasset_to_debt,2022,not_provided_by_source,1149262,1121905,27357
financial.indicator.tangibleasset_to_debt,2023,not_provided_by_source,1211954,1179458,32496
financial.indicator.tangibleasset_to_debt,2024,not_provided_by_source,1236332,1209009,27323
financial.indicator.tangibleasset_to_debt,2025,not_provided_by_source,1251467,1221992,29475
financial.indicator.tangibleasset_to_debt,2026,not_provided_by_source,868253,850743,17510
financial.indicator.tangibleasset_to_netdebt,2010,not_provided_by_source,452712,255614,197098
financial.indicator.tangibleasset_to_netdebt,2011,not_provided_by_source,536606,257960,278646
financial.indicator.tangibleasset_to_netdebt,2012,not_provided_by_source,586712,281744,304968
financial.indicator.tangibleasset_to_netdebt,2013,not_provided_by_source,587580,293862,293718
financial.indicator.tangibleasset_to_netdebt,2014,not_provided_by_source,620068,331276,288792
financial.indicator.tangibleasset_to_netdebt,2015,not_provided_by_source,665185,357924,307261
financial.indicator.tangibleasset_to_netdebt,2016,not_provided_by_source,704146,361194,342952
financial.indicator.tangibleasset_to_netdebt,2017,not_provided_by_source,799069,375945,423124
financial.indicator.tangibleasset_to_netdebt,2018,not_provided_by_source,856805,424806,431999
financial.indicator.tangibleasset_to_netdebt,2019,not_provided_by_source,890261,466467,423794
financial.indicator.tangibleasset_to_netdebt,2020,not_provided_by_source,952002,473656,478346
financial.indicator.tangibleasset_to_netdebt,2021,not_provided_by_source,1062390,495207,567183
financial.indicator.tangibleasset_to_netdebt,2022,not_provided_by_source,1149262,522069,627193
financial.indicator.tangibleasset_to_netdebt,2023,not_provided_by_source,1211954,533883,678071
financial.indicator.tangibleasset_to_netdebt,2024,not_provided_by_source,1236332,569709,666623
financial.indicator.tangibleasset_to_netdebt,2025,not_provided_by_source,1251467,600074,651393
financial.indicator.tangibleasset_to_netdebt,2026,not_provided_by_source,868253,420055,448198
financial.indicator.tax_to_ebt,2010,not_provided_by_source,452712,380167,72545
financial.indicator.tax_to_ebt,2011,not_provided_by_source,536606,469651,66955
financial.indicator.tax_to_ebt,2012,not_provided_by_source,586712,500057,86655
financial.indicator.tax_to_ebt,2013,not_provided_by_source,587580,495769,91811
financial.indicator.tax_to_ebt,2014,not_provided_by_source,620068,519945,100123
financial.indicator.tax_to_ebt,2015,not_provided_by_source,665185,549202,115983
financial.indicator.tax_to_ebt,2016,not_provided_by_source,704146,587277,116869
financial.indicator.tax_to_ebt,2017,not_provided_by_source,799069,702104,96965
financial.indicator.tax_to_ebt,2018,not_provided_by_source,856805,759189,97616
financial.indicator.tax_to_ebt,2019,not_provided_by_source,890261,773446,116815
financial.indicator.tax_to_ebt,2020,not_provided_by_source,952002,756460,195542
financial.indicator.tax_to_ebt,2021,not_provided_by_source,1062390,901753,160637
financial.indicator.tax_to_ebt,2022,not_provided_by_source,1149262,935239,214023
financial.indicator.tax_to_ebt,2023,not_provided_by_source,1211954,954583,257371
financial.indicator.tax_to_ebt,2024,not_provided_by_source,1236332,947359,288973
financial.indicator.tax_to_ebt,2025,not_provided_by_source,1251467,943341,308126
financial.indicator.tax_to_ebt,2026,not_provided_by_source,868253,641962,226291
financial.indicator.tbassets_to_totalassets,2010,not_provided_by_source,452712,444514,8198
financial.indicator.tbassets_to_totalassets,2011,not_provided_by_source,536606,527482,9124
financial.indicator.tbassets_to_totalassets,2012,not_provided_by_source,586712,576775,9937
financial.indicator.tbassets_to_totalassets,2013,not_provided_by_source,587580,577799,9781
financial.indicator.tbassets_to_totalassets,2014,not_provided_by_source,620068,609965,10103
financial.indicator.tbassets_to_totalassets,2015,not_provided_by_source,665185,654325,10860
financial.indicator.tbassets_to_totalassets,2016,not_provided_by_source,704146,691907,12239
financial.indicator.tbassets_to_totalassets,2017,not_provided_by_source,799069,784096,14973
financial.indicator.tbassets_to_totalassets,2018,not_provided_by_source,856805,839703,17102
financial.indicator.tbassets_to_totalassets,2019,not_provided_by_source,890261,870096,20165
financial.indicator.tbassets_to_totalassets,2020,not_provided_by_source,952002,930248,21754
financial.indicator.tbassets_to_totalassets,2021,not_provided_by_source,1062390,1038079,24311
financial.indicator.tbassets_to_totalassets,2022,not_provided_by_source,1149262,1121661,27601
financial.indicator.tbassets_to_totalassets,2023,not_provided_by_source,1211954,1179085,32869
financial.indicator.tbassets_to_totalassets,2024,not_provided_by_source,1236332,1208759,27573
financial.indicator.tbassets_to_totalassets,2025,not_provided_by_source,1251467,1222036,29431
financial.indicator.tbassets_to_totalassets,2026,not_provided_by_source,868253,850687,17566
financial.indicator.total_fa_trun,2010,not_provided_by_source,452712,449647,3065
financial.indicator.total_fa_trun,2011,not_provided_by_source,536606,532821,3785
financial.indicator.total_fa_trun,2012,not_provided_by_source,586712,583747,2965
financial.indicator.total_fa_trun,2013,not_provided_by_source,587580,586404,1176
financial.indicator.total_fa_trun,2014,not_provided_by_source,620068,618599,1469
financial.indicator.total_fa_trun,2015,not_provided_by_source,665185,664509,676
financial.indicator.total_fa_trun,2016,not_provided_by_source,704146,703135,1011
financial.indicator.total_fa_trun,2017,not_provided_by_source,799069,798188,881
financial.indicator.total_fa_trun,2018,not_provided_by_source,856805,855508,1297
financial.indicator.total_fa_trun,2019,not_provided_by_source,890261,888082,2179
financial.indicator.total_fa_trun,2020,not_provided_by_source,952002,948733,3269
financial.indicator.total_fa_trun,2021,not_provided_by_source,1062390,1057086,5304
financial.indicator.total_fa_trun,2022,not_provided_by_source,1149262,1141609,7653
financial.indicator.total_fa_trun,2023,not_provided_by_source,1211954,1201166,10788
financial.indicator.total_fa_trun,2024,not_provided_by_source,1236332,1232282,4050
financial.indicator.total_fa_trun,2025,not_provided_by_source,1251467,1245864,5603
financial.indicator.total_fa_trun,2026,not_provided_by_source,868253,865409,2844
financial.indicator.total_revenue_ps,2010,not_provided_by_source,452712,450264,2448
financial.indicator.total_revenue_ps,2011,not_provided_by_source,536606,534049,2557
financial.indicator.total_revenue_ps,2012,not_provided_by_source,586712,584589,2123
financial.indicator.total_revenue_ps,2013,not_provided_by_source,587580,587047,533
financial.indicator.total_revenue_ps,2014,not_provided_by_source,620068,618783,1285
financial.indicator.total_revenue_ps,2015,not_provided_by_source,665185,664753,432
financial.indicator.total_revenue_ps,2016,not_provided_by_source,704146,703731,415
financial.indicator.total_revenue_ps,2017,not_provided_by_source,799069,798567,502
financial.indicator.total_revenue_ps,2018,not_provided_by_source,856805,856365,440
financial.indicator.total_revenue_ps,2019,not_provided_by_source,890261,889898,363
financial.indicator.total_revenue_ps,2020,not_provided_by_source,952002,950953,1049
financial.indicator.total_revenue_ps,2021,not_provided_by_source,1062390,1060287,2103
financial.indicator.total_revenue_ps,2022,not_provided_by_source,1149262,1145312,3950
financial.indicator.total_revenue_ps,2023,not_provided_by_source,1211954,1203284,8670
financial.indicator.total_revenue_ps,2024,not_provided_by_source,1236332,1227979,8353
financial.indicator.total_revenue_ps,2025,not_provided_by_source,1251467,1240819,10648
financial.indicator.total_revenue_ps,2026,not_provided_by_source,868253,862007,6246
financial.indicator.tr_yoy,2010,not_provided_by_source,452712,445402,7310
financial.indicator.tr_yoy,2011,not_provided_by_source,536606,529109,7497
financial.indicator.tr_yoy,2012,not_provided_by_source,586712,581784,4928
financial.indicator.tr_yoy,2013,not_provided_by_source,587580,585518,2062
financial.indicator.tr_yoy,2014,not_provided_by_source,620068,618961,1107
financial.indicator.tr_yoy,2015,not_provided_by_source,665185,662481,2704
financial.indicator.tr_yoy,2016,not_provided_by_source,704146,701027,3119
financial.indicator.tr_yoy,2017,not_provided_by_source,799069,793366,5703
financial.indicator.tr_yoy,2018,not_provided_by_source,856805,854544,2261
financial.indicator.tr_yoy,2019,not_provided_by_source,890261,889240,1021
financial.indicator.tr_yoy,2020,not_provided_by_source,952002,949719,2283
financial.indicator.tr_yoy,2021,not_provided_by_source,1062390,1058019,4371
financial.indicator.tr_yoy,2022,not_provided_by_source,1149262,1144110,5152
financial.indicator.tr_yoy,2023,not_provided_by_source,1211954,1204828,7126
financial.indicator.tr_yoy,2024,not_provided_by_source,1236332,1233408,2924
financial.indicator.tr_yoy,2025,not_provided_by_source,1251467,1247148,4319
financial.indicator.tr_yoy,2026,not_provided_by_source,868253,866593,1660
financial.indicator.turn_days,2010,not_provided_by_source,452712,438394,14318
financial.indicator.turn_days,2011,not_provided_by_source,536606,519868,16738
financial.indicator.turn_days,2012,not_provided_by_source,586712,570636,16076
financial.indicator.turn_days,2013,not_provided_by_source,587580,574683,12897
financial.indicator.turn_days,2014,not_provided_by_source,620068,607233,12835
financial.indicator.turn_days,2015,not_provided_by_source,665185,651747,13438
financial.indicator.turn_days,2016,not_provided_by_source,704146,688543,15603
financial.indicator.turn_days,2017,not_provided_by_source,799069,779655,19414
financial.indicator.turn_days,2018,not_provided_by_source,856805,835665,21140
financial.indicator.turn_days,2019,not_provided_by_source,890261,865477,24784
financial.indicator.turn_days,2020,not_provided_by_source,952002,922713,29289
financial.indicator.turn_days,2021,not_provided_by_source,1062390,1025322,37068
financial.indicator.turn_days,2022,not_provided_by_source,1149262,1106132,43130
financial.indicator.turn_days,2023,not_provided_by_source,1211954,1167640,44314
financial.indicator.turn_days,2024,not_provided_by_source,1236332,1205452,30880
financial.indicator.turn_days,2025,not_provided_by_source,1251467,1218545,32922
financial.indicator.turn_days,2026,not_provided_by_source,868253,809219,59034
financial.indicator.undist_profit_ps,2010,not_provided_by_source,452712,452656,56
financial.indicator.undist_profit_ps,2011,not_provided_by_source,536606,536589,17
financial.indicator.undist_profit_ps,2012,not_provided_by_source,586712,586505,207
financial.indicator.undist_profit_ps,2013,not_provided_by_source,587580,587467,113
financial.indicator.undist_profit_ps,2014,not_provided_by_source,620068,618639,1429
financial.indicator.undist_profit_ps,2015,not_provided_by_source,665185,664967,218
financial.indicator.undist_profit_ps,2016,not_provided_by_source,704146,703856,290
financial.indicator.undist_profit_ps,2017,not_provided_by_source,799069,798691,378
financial.indicator.undist_profit_ps,2018,not_provided_by_source,856805,856284,521
financial.indicator.undist_profit_ps,2019,not_provided_by_source,890261,889685,576
financial.indicator.undist_profit_ps,2020,not_provided_by_source,952002,951073,929
financial.indicator.undist_profit_ps,2021,not_provided_by_source,1062390,1060295,2095
financial.indicator.undist_profit_ps,2022,not_provided_by_source,1149262,1145332,3930
financial.indicator.undist_profit_ps,2023,not_provided_by_source,1211954,1201541,10413
financial.indicator.undist_profit_ps,2024,not_provided_by_source,1236332,1227447,8885
financial.indicator.undist_profit_ps,2025,not_provided_by_source,1251467,1239607,11860
financial.indicator.undist_profit_ps,2026,not_provided_by_source,868253,862348,5905
financial.indicator.valuechange_income,2010,not_provided_by_source,452712,316655,136057
financial.indicator.valuechange_income,2011,not_provided_by_source,536606,357255,179351
financial.indicator.valuechange_income,2012,not_provided_by_source,586712,398148,188564
financial.indicator.valuechange_income,2013,not_provided_by_source,587580,417279,170301
financial.indicator.valuechange_income,2014,not_provided_by_source,620068,472319,147749
financial.indicator.valuechange_income,2015,not_provided_by_source,665185,525759,139426
financial.indicator.valuechange_income,2016,not_provided_by_source,704146,580378,123768
financial.indicator.valuechange_income,2017,not_provided_by_source,799069,677148,121921
financial.indicator.valuechange_income,2018,not_provided_by_source,856805,757755,99050
financial.indicator.valuechange_income,2019,not_provided_by_source,890261,800888,89373
financial.indicator.valuechange_income,2020,not_provided_by_source,952002,859327,92675
financial.indicator.valuechange_income,2021,not_provided_by_source,1062390,965221,97169
financial.indicator.valuechange_income,2022,not_provided_by_source,1149262,1056942,92320
financial.indicator.valuechange_income,2023,not_provided_by_source,1211954,1126000,85954
financial.indicator.valuechange_income,2024,not_provided_by_source,1236332,1156623,79709
financial.indicator.valuechange_income,2025,not_provided_by_source,1251467,1184546,66921
financial.indicator.valuechange_income,2026,not_provided_by_source,868253,826746,41507
financial.indicator.working_capital,2010,not_provided_by_source,452712,444725,7987
financial.indicator.working_capital,2011,not_provided_by_source,536606,527617,8989
financial.indicator.working_capital,2012,not_provided_by_source,586712,576714,9998
financial.indicator.working_capital,2013,not_provided_by_source,587580,577809,9771
financial.indicator.working_capital,2014,not_provided_by_source,620068,609282,10786
financial.indicator.working_capital,2015,not_provided_by_source,665185,654307,10878
financial.indicator.working_capital,2016,not_provided_by_source,704146,691945,12201
financial.indicator.working_capital,2017,not_provided_by_source,799069,784083,14986
financial.indicator.working_capital,2018,not_provided_by_source,856805,839888,16917
financial.indicator.working_capital,2019,not_provided_by_source,890261,870403,19858
financial.indicator.working_capital,2020,not_provided_by_source,952002,930510,21492
financial.indicator.working_capital,2021,not_provided_by_source,1062390,1038855,23535
financial.indicator.working_capital,2022,not_provided_by_source,1149262,1122926,26336
financial.indicator.working_capital,2023,not_provided_by_source,1211954,1181252,30702
financial.indicator.working_capital,2024,not_provided_by_source,1236332,1209232,27100
financial.indicator.working_capital,2025,not_provided_by_source,1251467,1222816,28651
financial.indicator.working_capital,2026,not_provided_by_source,868253,850558,17695
