field_id,report_year,company_type,retained_observation_rows,unavailable_source_fact,out_of_reporting_scope,inapplicable_company_type,out_of_period_scope,eligible_source_null,eligible_source_non_null
financial.balance_sheet.accounts_payable.latest_reported,1989,1,9,0,0,0,0,5,4
financial.balance_sheet.accounts_payable.latest_reported,1989,2,1,0,0,0,0,1,0
financial.balance_sheet.accounts_payable.latest_reported,1990,1,94,0,0,0,0,55,39
financial.balance_sheet.accounts_payable.latest_reported,1990,2,1,0,0,0,0,1,0
financial.balance_sheet.accounts_payable.latest_reported,1991,1,140,0,0,0,0,79,61
financial.balance_sheet.accounts_payable.latest_reported,1991,2,1,0,0,0,0,1,0
financial.balance_sheet.accounts_payable.latest_reported,1992,1,293,0,0,0,0,89,204
financial.balance_sheet.accounts_payable.latest_reported,1992,2,1,0,0,0,0,1,0
financial.balance_sheet.accounts_payable.latest_reported,1993,1,638,0,0,0,0,166,472
financial.balance_sheet.accounts_payable.latest_reported,1993,2,1,0,0,0,0,0,1
financial.balance_sheet.accounts_payable.latest_reported,1993,4,2,0,0,0,0,0,2
financial.balance_sheet.accounts_payable.latest_reported,1994,1,1013,0,0,0,0,395,618
financial.balance_sheet.accounts_payable.latest_reported,1994,2,2,0,0,0,0,0,2
financial.balance_sheet.accounts_payable.latest_reported,1994,4,2,0,0,0,0,1,1
financial.balance_sheet.accounts_payable.latest_reported,1995,1,1159,0,0,0,0,352,807
financial.balance_sheet.accounts_payable.latest_reported,1995,2,2,0,0,0,0,0,2
financial.balance_sheet.accounts_payable.latest_reported,1995,4,2,0,0,0,0,1,1
financial.balance_sheet.accounts_payable.latest_reported,1996,1,1434,0,0,0,0,462,972
financial.balance_sheet.accounts_payable.latest_reported,1996,2,3,0,0,0,0,0,3
financial.balance_sheet.accounts_payable.latest_reported,1996,4,2,0,0,0,0,1,1
financial.balance_sheet.accounts_payable.latest_reported,1997,1,1812,0,0,0,0,696,1116
financial.balance_sheet.accounts_payable.latest_reported,1997,2,4,0,0,0,0,0,4
financial.balance_sheet.accounts_payable.latest_reported,1997,4,2,0,0,0,0,1,1
financial.balance_sheet.accounts_payable.latest_reported,1998,1,1952,0,0,0,0,26,1926
financial.balance_sheet.accounts_payable.latest_reported,1998,2,4,0,0,0,0,0,4
financial.balance_sheet.accounts_payable.latest_reported,1998,4,2,0,0,0,0,0,2
financial.balance_sheet.accounts_payable.latest_reported,1999,1,2136,0,0,0,0,25,2111
financial.balance_sheet.accounts_payable.latest_reported,1999,2,6,0,0,0,0,1,5
financial.balance_sheet.accounts_payable.latest_reported,1999,4,3,0,0,0,0,1,2
financial.balance_sheet.accounts_payable.latest_reported,2000,1,2351,0,0,0,0,23,2328
financial.balance_sheet.accounts_payable.latest_reported,2000,2,9,0,0,0,0,5,4
financial.balance_sheet.accounts_payable.latest_reported,2000,4,3,0,0,0,0,2,1
financial.balance_sheet.accounts_payable.latest_reported,2001,1,2671,0,0,0,0,60,2611
financial.balance_sheet.accounts_payable.latest_reported,2001,2,14,0,0,0,0,11,3
financial.balance_sheet.accounts_payable.latest_reported,2001,4,3,0,0,0,0,2,1
financial.balance_sheet.accounts_payable.latest_reported,2002,1,4946,0,0,0,0,220,4726
financial.balance_sheet.accounts_payable.latest_reported,2002,2,24,0,0,0,0,19,5
financial.balance_sheet.accounts_payable.latest_reported,2002,4,8,0,0,0,0,8,0
financial.balance_sheet.accounts_payable.latest_reported,2003,1,5232,0,0,0,0,128,5104
financial.balance_sheet.accounts_payable.latest_reported,2003,2,29,0,0,0,0,24,5
financial.balance_sheet.accounts_payable.latest_reported,2003,3,2,0,0,0,0,2,0
financial.balance_sheet.accounts_payable.latest_reported,2003,4,10,0,0,0,0,7,3
financial.balance_sheet.accounts_payable.latest_reported,2004,1,5648,0,0,0,0,77,5571
financial.balance_sheet.accounts_payable.latest_reported,2004,2,33,0,0,0,0,27,6
financial.balance_sheet.accounts_payable.latest_reported,2004,3,3,0,0,0,0,3,0
financial.balance_sheet.accounts_payable.latest_reported,2004,4,11,0,0,0,0,10,1
financial.balance_sheet.accounts_payable.latest_reported,2005,1,7518,0,0,0,0,104,7414
financial.balance_sheet.accounts_payable.latest_reported,2005,2,68,0,0,0,0,61,7
financial.balance_sheet.accounts_payable.latest_reported,2005,3,10,0,0,0,0,10,0
financial.balance_sheet.accounts_payable.latest_reported,2005,4,20,0,0,0,0,19,1
financial.balance_sheet.accounts_payable.latest_reported,2006,1,9031,0,0,0,0,138,8893
financial.balance_sheet.accounts_payable.latest_reported,2006,2,71,0,0,0,0,67,4
financial.balance_sheet.accounts_payable.latest_reported,2006,3,9,0,0,0,0,9,0
financial.balance_sheet.accounts_payable.latest_reported,2006,4,28,0,0,0,0,28,0
financial.balance_sheet.accounts_payable.latest_reported,2007,1,12166,0,0,0,0,167,11999
financial.balance_sheet.accounts_payable.latest_reported,2007,2,134,4,0,0,0,130,0
financial.balance_sheet.accounts_payable.latest_reported,2007,3,22,0,0,0,0,22,0
financial.balance_sheet.accounts_payable.latest_reported,2007,4,98,0,0,0,0,95,3
financial.balance_sheet.accounts_payable.latest_reported,2008,1,13106,0,0,0,0,168,12938
financial.balance_sheet.accounts_payable.latest_reported,2008,2,146,6,0,0,0,138,2
financial.balance_sheet.accounts_payable.latest_reported,2008,3,25,2,0,0,0,23,0
financial.balance_sheet.accounts_payable.latest_reported,2008,4,161,0,0,0,0,159,2
financial.balance_sheet.accounts_payable.latest_reported,2009,1,10534,0,0,0,0,159,10375
financial.balance_sheet.accounts_payable.latest_reported,2009,2,125,4,0,0,0,116,5
financial.balance_sheet.accounts_payable.latest_reported,2009,3,19,2,0,0,0,17,0
financial.balance_sheet.accounts_payable.latest_reported,2009,4,134,0,0,0,0,134,0
financial.balance_sheet.accounts_payable.latest_reported,2010,1,13659,0,0,0,0,208,13451
financial.balance_sheet.accounts_payable.latest_reported,2010,2,151,12,0,0,0,133,6
financial.balance_sheet.accounts_payable.latest_reported,2010,3,19,6,0,0,0,11,2
financial.balance_sheet.accounts_payable.latest_reported,2010,4,182,0,0,0,0,182,0
financial.balance_sheet.accounts_payable.latest_reported,2011,1,15788,0,0,0,0,209,15579
financial.balance_sheet.accounts_payable.latest_reported,2011,2,156,14,0,0,0,136,6
financial.balance_sheet.accounts_payable.latest_reported,2011,3,23,10,0,0,0,8,5
financial.balance_sheet.accounts_payable.latest_reported,2011,4,170,0,0,0,0,156,14
financial.balance_sheet.accounts_payable.latest_reported,2012,1,19490,0,0,0,0,279,19211
financial.balance_sheet.accounts_payable.latest_reported,2012,2,177,8,0,0,0,162,7
financial.balance_sheet.accounts_payable.latest_reported,2012,3,29,18,0,0,0,4,7
financial.balance_sheet.accounts_payable.latest_reported,2012,4,220,2,0,0,0,204,14
financial.balance_sheet.accounts_payable.latest_reported,2012,7,1,0,0,1,0,0,0
financial.balance_sheet.accounts_payable.latest_reported,2013,1,17719,0,0,0,0,270,17449
financial.balance_sheet.accounts_payable.latest_reported,2013,2,155,10,0,0,0,139,6
financial.balance_sheet.accounts_payable.latest_reported,2013,3,28,16,0,0,0,6,6
financial.balance_sheet.accounts_payable.latest_reported,2013,4,196,4,0,0,0,138,54
financial.balance_sheet.accounts_payable.latest_reported,2013,7,1,0,0,1,0,0,0
financial.balance_sheet.accounts_payable.latest_reported,2014,1,18669,0,0,0,0,256,18413
financial.balance_sheet.accounts_payable.latest_reported,2014,2,160,10,0,0,0,144,6
financial.balance_sheet.accounts_payable.latest_reported,2014,3,28,14,0,0,0,8,6
financial.balance_sheet.accounts_payable.latest_reported,2014,4,189,2,0,0,0,87,100
financial.balance_sheet.accounts_payable.latest_reported,2014,7,2,0,0,2,0,0,0
financial.balance_sheet.accounts_payable.latest_reported,2015,1,16787,0,0,0,0,254,16533
financial.balance_sheet.accounts_payable.latest_reported,2015,2,159,4,0,0,0,152,3
financial.balance_sheet.accounts_payable.latest_reported,2015,3,23,2,0,0,0,18,3
financial.balance_sheet.accounts_payable.latest_reported,2015,4,171,0,0,0,0,171,0
financial.balance_sheet.accounts_payable.latest_reported,2015,7,2,0,0,2,0,0,0
financial.balance_sheet.accounts_payable.latest_reported,2016,1,21094,0,0,0,0,257,20837
financial.balance_sheet.accounts_payable.latest_reported,2016,2,222,6,0,0,0,216,0
financial.balance_sheet.accounts_payable.latest_reported,2016,3,29,0,0,0,0,28,1
financial.balance_sheet.accounts_payable.latest_reported,2016,4,199,0,0,0,0,199,0
financial.balance_sheet.accounts_payable.latest_reported,2016,7,3,0,0,3,0,0,0
financial.balance_sheet.accounts_payable.latest_reported,2017,1,22766,0,0,0,0,206,22560
financial.balance_sheet.accounts_payable.latest_reported,2017,2,236,4,0,0,0,232,0
financial.balance_sheet.accounts_payable.latest_reported,2017,3,31,0,0,0,0,31,0
financial.balance_sheet.accounts_payable.latest_reported,2017,4,215,0,0,0,0,215,0
financial.balance_sheet.accounts_payable.latest_reported,2017,7,3,0,0,3,0,0,0
financial.balance_sheet.accounts_payable.latest_reported,2018,1,26849,6,0,0,0,7191,19652
financial.balance_sheet.accounts_payable.latest_reported,2018,2,283,4,0,0,0,279,0
financial.balance_sheet.accounts_payable.latest_reported,2018,3,40,0,0,0,0,40,0
financial.balance_sheet.accounts_payable.latest_reported,2018,4,270,0,0,0,0,270,0
financial.balance_sheet.accounts_payable.latest_reported,2018,7,2,0,0,2,0,0,0
financial.balance_sheet.accounts_payable.latest_reported,2019,1,24846,74,0,0,0,6694,18078
financial.balance_sheet.accounts_payable.latest_reported,2019,2,253,0,0,0,0,253,0
financial.balance_sheet.accounts_payable.latest_reported,2019,3,31,0,0,0,0,31,0
financial.balance_sheet.accounts_payable.latest_reported,2019,4,243,0,0,0,0,243,0
financial.balance_sheet.accounts_payable.latest_reported,2019,7,4,0,0,4,0,0,0
financial.balance_sheet.accounts_payable.latest_reported,2020,1,27645,92,0,0,0,96,27457
financial.balance_sheet.accounts_payable.latest_reported,2020,2,280,0,0,0,0,280,0
financial.balance_sheet.accounts_payable.latest_reported,2020,3,36,0,0,0,0,36,0
financial.balance_sheet.accounts_payable.latest_reported,2020,4,254,0,0,0,0,254,0
financial.balance_sheet.accounts_payable.latest_reported,2020,7,3,0,0,3,0,0,0
financial.balance_sheet.accounts_payable.latest_reported,2021,1,27375,68,0,0,0,72,27235
financial.balance_sheet.accounts_payable.latest_reported,2021,2,315,18,0,0,0,297,0
financial.balance_sheet.accounts_payable.latest_reported,2021,3,41,0,0,0,0,41,0
financial.balance_sheet.accounts_payable.latest_reported,2021,4,261,2,0,0,0,259,0
financial.balance_sheet.accounts_payable.latest_reported,2021,7,4,0,0,4,0,0,0
financial.balance_sheet.accounts_payable.latest_reported,2022,1,26394,2128,0,0,0,116,24150
financial.balance_sheet.accounts_payable.latest_reported,2022,2,307,122,0,0,0,185,0
financial.balance_sheet.accounts_payable.latest_reported,2022,3,35,14,0,0,0,21,0
financial.balance_sheet.accounts_payable.latest_reported,2022,4,229,6,0,0,0,223,0
financial.balance_sheet.accounts_payable.latest_reported,2022,7,7,0,0,7,0,0,0
financial.balance_sheet.accounts_payable.latest_reported,2023,1,32691,558,0,0,0,87,32046
financial.balance_sheet.accounts_payable.latest_reported,2023,2,335,128,0,0,0,207,0
financial.balance_sheet.accounts_payable.latest_reported,2023,3,37,24,0,0,0,13,0
financial.balance_sheet.accounts_payable.latest_reported,2023,4,278,4,0,0,0,274,0
financial.balance_sheet.accounts_payable.latest_reported,2023,7,8,0,0,8,0,0,0
financial.balance_sheet.accounts_payable.latest_reported,2024,1,21760,1854,0,0,0,42,19864
financial.balance_sheet.accounts_payable.latest_reported,2024,2,260,134,0,0,0,126,0
financial.balance_sheet.accounts_payable.latest_reported,2024,3,29,14,0,0,0,15,0
financial.balance_sheet.accounts_payable.latest_reported,2024,4,186,6,0,0,0,180,0
financial.balance_sheet.accounts_payable.latest_reported,2024,7,8,0,0,8,0,0,0
financial.balance_sheet.accounts_payable.latest_reported,2025,1,22233,2244,0,0,0,55,19934
financial.balance_sheet.accounts_payable.latest_reported,2025,2,257,132,0,0,0,125,0
financial.balance_sheet.accounts_payable.latest_reported,2025,3,31,22,0,0,0,9,0
financial.balance_sheet.accounts_payable.latest_reported,2025,4,182,0,0,0,0,182,0
financial.balance_sheet.accounts_payable.latest_reported,2025,7,13,0,0,13,0,0,0
financial.balance_sheet.accounts_payable.latest_reported,2026,1,10082,3695,0,0,0,13,6374
financial.balance_sheet.accounts_payable.latest_reported,2026,2,116,84,0,0,0,32,0
financial.balance_sheet.accounts_payable.latest_reported,2026,3,13,10,0,0,0,3,0
financial.balance_sheet.accounts_payable.latest_reported,2026,4,86,32,0,0,0,54,0
financial.balance_sheet.accounts_payable.latest_reported,2026,7,6,0,0,6,0,0,0
financial.balance_sheet.accounts_receivable.latest_reported,1989,1,9,0,0,0,0,6,3
financial.balance_sheet.accounts_receivable.latest_reported,1989,2,1,0,0,0,0,1,0
financial.balance_sheet.accounts_receivable.latest_reported,1990,1,94,0,0,0,0,72,22
financial.balance_sheet.accounts_receivable.latest_reported,1990,2,1,0,0,0,0,1,0
financial.balance_sheet.accounts_receivable.latest_reported,1991,1,140,0,0,0,0,101,39
financial.balance_sheet.accounts_receivable.latest_reported,1991,2,1,0,0,0,0,1,0
financial.balance_sheet.accounts_receivable.latest_reported,1992,1,293,0,0,0,0,132,161
financial.balance_sheet.accounts_receivable.latest_reported,1992,2,1,0,0,0,0,1,0
financial.balance_sheet.accounts_receivable.latest_reported,1993,1,638,0,0,0,0,202,436
financial.balance_sheet.accounts_receivable.latest_reported,1993,2,1,0,0,0,0,1,0
financial.balance_sheet.accounts_receivable.latest_reported,1993,4,2,0,0,0,0,1,1
financial.balance_sheet.accounts_receivable.latest_reported,1994,1,1013,0,0,0,0,596,417
financial.balance_sheet.accounts_receivable.latest_reported,1994,2,2,0,0,0,0,0,2
financial.balance_sheet.accounts_receivable.latest_reported,1994,4,2,0,0,0,0,1,1
financial.balance_sheet.accounts_receivable.latest_reported,1995,1,1159,0,0,0,0,398,761
financial.balance_sheet.accounts_receivable.latest_reported,1995,2,2,0,0,0,0,0,2
financial.balance_sheet.accounts_receivable.latest_reported,1995,4,2,0,0,0,0,1,1
financial.balance_sheet.accounts_receivable.latest_reported,1996,1,1434,0,0,0,0,523,911
financial.balance_sheet.accounts_receivable.latest_reported,1996,2,3,0,0,0,0,1,2
financial.balance_sheet.accounts_receivable.latest_reported,1996,4,2,0,0,0,0,1,1
financial.balance_sheet.accounts_receivable.latest_reported,1997,1,1812,0,0,0,0,864,948
financial.balance_sheet.accounts_receivable.latest_reported,1997,2,4,0,0,0,0,2,2
financial.balance_sheet.accounts_receivable.latest_reported,1997,4,2,0,0,0,0,1,1
financial.balance_sheet.accounts_receivable.latest_reported,1998,1,1952,0,0,0,0,219,1733
financial.balance_sheet.accounts_receivable.latest_reported,1998,2,4,0,0,0,0,2,2
financial.balance_sheet.accounts_receivable.latest_reported,1998,4,2,0,0,0,0,0,2
financial.balance_sheet.accounts_receivable.latest_reported,1999,1,2136,0,0,0,0,2050,86
financial.balance_sheet.accounts_receivable.latest_reported,1999,2,6,0,0,0,0,5,1
financial.balance_sheet.accounts_receivable.latest_reported,1999,4,3,0,0,0,0,2,1
financial.balance_sheet.accounts_receivable.latest_reported,2000,1,2351,0,0,0,0,2199,152
financial.balance_sheet.accounts_receivable.latest_reported,2000,2,9,0,0,0,0,9,0
financial.balance_sheet.accounts_receivable.latest_reported,2000,4,3,0,0,0,0,3,0
financial.balance_sheet.accounts_receivable.latest_reported,2001,1,2671,0,0,0,0,93,2578
financial.balance_sheet.accounts_receivable.latest_reported,2001,2,14,0,0,0,0,11,3
financial.balance_sheet.accounts_receivable.latest_reported,2001,4,3,0,0,0,0,2,1
financial.balance_sheet.accounts_receivable.latest_reported,2002,1,4946,0,0,0,0,247,4699
financial.balance_sheet.accounts_receivable.latest_reported,2002,2,24,0,0,0,0,21,3
financial.balance_sheet.accounts_receivable.latest_reported,2002,4,8,0,0,0,0,6,2
financial.balance_sheet.accounts_receivable.latest_reported,2003,1,5232,0,0,0,0,184,5048
financial.balance_sheet.accounts_receivable.latest_reported,2003,2,29,0,0,0,0,27,2
financial.balance_sheet.accounts_receivable.latest_reported,2003,3,2,0,0,0,0,1,1
financial.balance_sheet.accounts_receivable.latest_reported,2003,4,10,0,0,0,0,6,4
financial.balance_sheet.accounts_receivable.latest_reported,2004,1,5648,0,0,0,0,139,5509
financial.balance_sheet.accounts_receivable.latest_reported,2004,2,33,0,0,0,0,29,4
financial.balance_sheet.accounts_receivable.latest_reported,2004,3,3,0,0,0,0,2,1
financial.balance_sheet.accounts_receivable.latest_reported,2004,4,11,0,0,0,0,11,0
financial.balance_sheet.accounts_receivable.latest_reported,2005,1,7518,0,0,0,0,175,7343
financial.balance_sheet.accounts_receivable.latest_reported,2005,2,68,0,0,0,0,59,9
financial.balance_sheet.accounts_receivable.latest_reported,2005,3,10,0,0,0,0,8,2
financial.balance_sheet.accounts_receivable.latest_reported,2005,4,20,0,0,0,0,20,0
financial.balance_sheet.accounts_receivable.latest_reported,2006,1,9031,0,0,0,0,207,8824
financial.balance_sheet.accounts_receivable.latest_reported,2006,2,71,0,0,0,0,62,9
financial.balance_sheet.accounts_receivable.latest_reported,2006,3,9,0,0,0,0,7,2
financial.balance_sheet.accounts_receivable.latest_reported,2006,4,28,0,0,0,0,28,0
financial.balance_sheet.accounts_receivable.latest_reported,2007,1,12166,0,0,0,0,248,11918
financial.balance_sheet.accounts_receivable.latest_reported,2007,2,134,4,0,0,0,124,6
financial.balance_sheet.accounts_receivable.latest_reported,2007,3,22,0,0,0,0,21,1
financial.balance_sheet.accounts_receivable.latest_reported,2007,4,98,0,0,0,0,93,5
financial.balance_sheet.accounts_receivable.latest_reported,2008,1,13106,0,0,0,0,270,12836
financial.balance_sheet.accounts_receivable.latest_reported,2008,2,146,6,0,0,0,137,3
financial.balance_sheet.accounts_receivable.latest_reported,2008,3,25,2,0,0,0,23,0
financial.balance_sheet.accounts_receivable.latest_reported,2008,4,161,0,0,0,0,159,2
financial.balance_sheet.accounts_receivable.latest_reported,2009,1,10534,0,0,0,0,244,10290
financial.balance_sheet.accounts_receivable.latest_reported,2009,2,125,4,0,0,0,119,2
financial.balance_sheet.accounts_receivable.latest_reported,2009,3,19,2,0,0,0,17,0
financial.balance_sheet.accounts_receivable.latest_reported,2009,4,134,0,0,0,0,134,0
financial.balance_sheet.accounts_receivable.latest_reported,2010,1,13659,0,0,0,0,324,13335
financial.balance_sheet.accounts_receivable.latest_reported,2010,2,151,12,0,0,0,137,2
financial.balance_sheet.accounts_receivable.latest_reported,2010,3,19,6,0,0,0,11,2
financial.balance_sheet.accounts_receivable.latest_reported,2010,4,182,0,0,0,0,180,2
financial.balance_sheet.accounts_receivable.latest_reported,2011,1,15788,0,0,0,0,341,15447
financial.balance_sheet.accounts_receivable.latest_reported,2011,2,156,14,0,0,0,141,1
financial.balance_sheet.accounts_receivable.latest_reported,2011,3,23,10,0,0,0,9,4
financial.balance_sheet.accounts_receivable.latest_reported,2011,4,170,0,0,0,0,154,16
financial.balance_sheet.accounts_receivable.latest_reported,2012,1,19490,0,0,0,0,397,19093
financial.balance_sheet.accounts_receivable.latest_reported,2012,2,177,8,0,0,0,169,0
financial.balance_sheet.accounts_receivable.latest_reported,2012,3,29,18,0,0,0,4,7
financial.balance_sheet.accounts_receivable.latest_reported,2012,4,220,2,0,0,0,202,16
financial.balance_sheet.accounts_receivable.latest_reported,2012,7,1,0,0,1,0,0,0
financial.balance_sheet.accounts_receivable.latest_reported,2013,1,17719,0,0,0,0,362,17357
financial.balance_sheet.accounts_receivable.latest_reported,2013,2,155,10,0,0,0,145,0
financial.balance_sheet.accounts_receivable.latest_reported,2013,3,28,16,0,0,0,6,6
financial.balance_sheet.accounts_receivable.latest_reported,2013,4,196,4,0,0,0,139,53
financial.balance_sheet.accounts_receivable.latest_reported,2013,7,1,0,0,1,0,0,0
financial.balance_sheet.accounts_receivable.latest_reported,2014,1,18669,0,0,0,0,358,18311
financial.balance_sheet.accounts_receivable.latest_reported,2014,2,160,10,0,0,0,150,0
financial.balance_sheet.accounts_receivable.latest_reported,2014,3,28,14,0,0,0,8,6
financial.balance_sheet.accounts_receivable.latest_reported,2014,4,189,2,0,0,0,87,100
financial.balance_sheet.accounts_receivable.latest_reported,2014,7,2,0,0,2,0,0,0
financial.balance_sheet.accounts_receivable.latest_reported,2015,1,16787,0,0,0,0,350,16437
financial.balance_sheet.accounts_receivable.latest_reported,2015,2,159,4,0,0,0,154,1
financial.balance_sheet.accounts_receivable.latest_reported,2015,3,23,2,0,0,0,18,3
financial.balance_sheet.accounts_receivable.latest_reported,2015,4,171,0,0,0,0,171,0
financial.balance_sheet.accounts_receivable.latest_reported,2015,7,2,0,0,2,0,0,0
financial.balance_sheet.accounts_receivable.latest_reported,2016,1,21094,0,0,0,0,361,20733
financial.balance_sheet.accounts_receivable.latest_reported,2016,2,222,6,0,0,0,215,1
financial.balance_sheet.accounts_receivable.latest_reported,2016,3,29,0,0,0,0,28,1
financial.balance_sheet.accounts_receivable.latest_reported,2016,4,199,0,0,0,0,199,0
financial.balance_sheet.accounts_receivable.latest_reported,2016,7,3,0,0,3,0,0,0
financial.balance_sheet.accounts_receivable.latest_reported,2017,1,22766,0,0,0,0,318,22448
financial.balance_sheet.accounts_receivable.latest_reported,2017,2,236,4,0,0,0,232,0
financial.balance_sheet.accounts_receivable.latest_reported,2017,3,31,0,0,0,0,31,0
financial.balance_sheet.accounts_receivable.latest_reported,2017,4,215,0,0,0,0,213,2
financial.balance_sheet.accounts_receivable.latest_reported,2017,7,3,0,0,3,0,0,0
financial.balance_sheet.accounts_receivable.latest_reported,2018,1,26849,6,0,0,0,580,26263
financial.balance_sheet.accounts_receivable.latest_reported,2018,2,283,4,0,0,0,279,0
financial.balance_sheet.accounts_receivable.latest_reported,2018,3,40,0,0,0,0,40,0
financial.balance_sheet.accounts_receivable.latest_reported,2018,4,270,0,0,0,0,270,0
financial.balance_sheet.accounts_receivable.latest_reported,2018,7,2,0,0,2,0,0,0
financial.balance_sheet.accounts_receivable.latest_reported,2019,1,24846,74,0,0,0,514,24258
financial.balance_sheet.accounts_receivable.latest_reported,2019,2,253,0,0,0,0,253,0
financial.balance_sheet.accounts_receivable.latest_reported,2019,3,31,0,0,0,0,31,0
financial.balance_sheet.accounts_receivable.latest_reported,2019,4,243,0,0,0,0,243,0
financial.balance_sheet.accounts_receivable.latest_reported,2019,7,4,0,0,4,0,0,0
financial.balance_sheet.accounts_receivable.latest_reported,2020,1,27645,92,0,0,0,187,27366
financial.balance_sheet.accounts_receivable.latest_reported,2020,2,280,0,0,0,0,280,0
financial.balance_sheet.accounts_receivable.latest_reported,2020,3,36,0,0,0,0,36,0
financial.balance_sheet.accounts_receivable.latest_reported,2020,4,254,0,0,0,0,254,0
financial.balance_sheet.accounts_receivable.latest_reported,2020,7,3,0,0,3,0,0,0
financial.balance_sheet.accounts_receivable.latest_reported,2021,1,27375,68,0,0,0,135,27172
financial.balance_sheet.accounts_receivable.latest_reported,2021,2,315,18,0,0,0,297,0
financial.balance_sheet.accounts_receivable.latest_reported,2021,3,41,0,0,0,0,41,0
financial.balance_sheet.accounts_receivable.latest_reported,2021,4,261,2,0,0,0,259,0
financial.balance_sheet.accounts_receivable.latest_reported,2021,7,4,0,0,4,0,0,0
financial.balance_sheet.accounts_receivable.latest_reported,2022,1,26394,2128,0,0,0,203,24063
financial.balance_sheet.accounts_receivable.latest_reported,2022,2,307,122,0,0,0,185,0
financial.balance_sheet.accounts_receivable.latest_reported,2022,3,35,14,0,0,0,21,0
financial.balance_sheet.accounts_receivable.latest_reported,2022,4,229,6,0,0,0,223,0
financial.balance_sheet.accounts_receivable.latest_reported,2022,7,7,0,0,7,0,0,0
financial.balance_sheet.accounts_receivable.latest_reported,2023,1,32691,558,0,0,0,178,31955
financial.balance_sheet.accounts_receivable.latest_reported,2023,2,335,128,0,0,0,207,0
financial.balance_sheet.accounts_receivable.latest_reported,2023,3,37,24,0,0,0,13,0
financial.balance_sheet.accounts_receivable.latest_reported,2023,4,278,4,0,0,0,274,0
financial.balance_sheet.accounts_receivable.latest_reported,2023,7,8,0,0,8,0,0,0
financial.balance_sheet.accounts_receivable.latest_reported,2024,1,21760,1854,0,0,0,106,19800
financial.balance_sheet.accounts_receivable.latest_reported,2024,2,260,134,0,0,0,126,0
financial.balance_sheet.accounts_receivable.latest_reported,2024,3,29,14,0,0,0,15,0
financial.balance_sheet.accounts_receivable.latest_reported,2024,4,186,6,0,0,0,180,0
financial.balance_sheet.accounts_receivable.latest_reported,2024,7,8,0,0,8,0,0,0
financial.balance_sheet.accounts_receivable.latest_reported,2025,1,22233,2244,0,0,0,106,19883
financial.balance_sheet.accounts_receivable.latest_reported,2025,2,257,132,0,0,0,125,0
financial.balance_sheet.accounts_receivable.latest_reported,2025,3,31,22,0,0,0,9,0
financial.balance_sheet.accounts_receivable.latest_reported,2025,4,182,0,0,0,0,182,0
financial.balance_sheet.accounts_receivable.latest_reported,2025,7,13,0,0,13,0,0,0
financial.balance_sheet.accounts_receivable.latest_reported,2026,1,10082,3695,0,0,0,23,6364
financial.balance_sheet.accounts_receivable.latest_reported,2026,2,116,84,0,0,0,32,0
financial.balance_sheet.accounts_receivable.latest_reported,2026,3,13,10,0,0,0,3,0
financial.balance_sheet.accounts_receivable.latest_reported,2026,4,86,32,0,0,0,54,0
financial.balance_sheet.accounts_receivable.latest_reported,2026,7,6,0,0,6,0,0,0
financial.balance_sheet.bonds_payable.latest_reported,1989,1,9,0,0,0,0,9,0
financial.balance_sheet.bonds_payable.latest_reported,1989,2,1,0,0,0,0,1,0
financial.balance_sheet.bonds_payable.latest_reported,1990,1,94,0,0,0,0,93,1
financial.balance_sheet.bonds_payable.latest_reported,1990,2,1,0,0,0,0,1,0
financial.balance_sheet.bonds_payable.latest_reported,1991,1,140,0,0,0,0,138,2
financial.balance_sheet.bonds_payable.latest_reported,1991,2,1,0,0,0,0,1,0
financial.balance_sheet.bonds_payable.latest_reported,1992,1,293,0,0,0,0,261,32
financial.balance_sheet.bonds_payable.latest_reported,1992,2,1,0,0,0,0,1,0
financial.balance_sheet.bonds_payable.latest_reported,1993,1,638,0,0,0,0,571,67
financial.balance_sheet.bonds_payable.latest_reported,1993,2,1,0,0,0,0,1,0
financial.balance_sheet.bonds_payable.latest_reported,1993,4,2,0,0,0,0,2,0
financial.balance_sheet.bonds_payable.latest_reported,1994,1,1013,0,0,0,0,966,47
financial.balance_sheet.bonds_payable.latest_reported,1994,2,2,0,0,0,0,2,0
financial.balance_sheet.bonds_payable.latest_reported,1994,4,2,0,0,0,0,2,0
financial.balance_sheet.bonds_payable.latest_reported,1995,1,1159,0,0,0,0,1107,52
financial.balance_sheet.bonds_payable.latest_reported,1995,2,2,0,0,0,0,2,0
financial.balance_sheet.bonds_payable.latest_reported,1995,4,2,0,0,0,0,2,0
financial.balance_sheet.bonds_payable.latest_reported,1996,1,1434,0,0,0,0,1384,50
financial.balance_sheet.bonds_payable.latest_reported,1996,2,3,0,0,0,0,3,0
financial.balance_sheet.bonds_payable.latest_reported,1996,4,2,0,0,0,0,2,0
financial.balance_sheet.bonds_payable.latest_reported,1997,1,1812,0,0,0,0,1753,59
financial.balance_sheet.bonds_payable.latest_reported,1997,2,4,0,0,0,0,4,0
financial.balance_sheet.bonds_payable.latest_reported,1997,4,2,0,0,0,0,2,0
financial.balance_sheet.bonds_payable.latest_reported,1998,1,1952,0,0,0,0,1858,94
financial.balance_sheet.bonds_payable.latest_reported,1998,2,4,0,0,0,0,4,0
financial.balance_sheet.bonds_payable.latest_reported,1998,4,2,0,0,0,0,2,0
financial.balance_sheet.bonds_payable.latest_reported,1999,1,2136,0,0,0,0,2047,89
financial.balance_sheet.bonds_payable.latest_reported,1999,2,6,0,0,0,0,6,0
financial.balance_sheet.bonds_payable.latest_reported,1999,4,3,0,0,0,0,3,0
financial.balance_sheet.bonds_payable.latest_reported,2000,1,2351,0,0,0,0,2260,91
financial.balance_sheet.bonds_payable.latest_reported,2000,2,9,0,0,0,0,9,0
financial.balance_sheet.bonds_payable.latest_reported,2000,4,3,0,0,0,0,3,0
financial.balance_sheet.bonds_payable.latest_reported,2001,1,2671,0,0,0,0,2625,46
financial.balance_sheet.bonds_payable.latest_reported,2001,2,14,0,0,0,0,14,0
financial.balance_sheet.bonds_payable.latest_reported,2001,4,3,0,0,0,0,3,0
financial.balance_sheet.bonds_payable.latest_reported,2002,1,4946,0,0,0,0,4874,72
financial.balance_sheet.bonds_payable.latest_reported,2002,2,24,0,0,0,0,24,0
financial.balance_sheet.bonds_payable.latest_reported,2002,4,8,0,0,0,0,8,0
financial.balance_sheet.bonds_payable.latest_reported,2003,1,5232,0,0,0,0,5126,106
financial.balance_sheet.bonds_payable.latest_reported,2003,2,29,0,0,0,0,27,2
financial.balance_sheet.bonds_payable.latest_reported,2003,3,2,0,0,0,0,2,0
financial.balance_sheet.bonds_payable.latest_reported,2003,4,10,0,0,0,0,10,0
financial.balance_sheet.bonds_payable.latest_reported,2004,1,5648,0,0,0,0,5504,144
financial.balance_sheet.bonds_payable.latest_reported,2004,2,33,0,0,0,0,22,11
financial.balance_sheet.bonds_payable.latest_reported,2004,3,3,0,0,0,0,3,0
financial.balance_sheet.bonds_payable.latest_reported,2004,4,11,0,0,0,0,6,5
financial.balance_sheet.bonds_payable.latest_reported,2005,1,7518,0,0,0,0,7321,197
financial.balance_sheet.bonds_payable.latest_reported,2005,2,68,0,0,0,0,36,32
financial.balance_sheet.bonds_payable.latest_reported,2005,3,10,0,0,0,0,8,2
financial.balance_sheet.bonds_payable.latest_reported,2005,4,20,0,0,0,0,11,9
financial.balance_sheet.bonds_payable.latest_reported,2006,1,9031,0,0,0,0,8759,272
financial.balance_sheet.bonds_payable.latest_reported,2006,2,71,0,0,0,0,37,34
financial.balance_sheet.bonds_payable.latest_reported,2006,3,9,0,0,0,0,6,3
financial.balance_sheet.bonds_payable.latest_reported,2006,4,28,0,0,0,0,17,11
financial.balance_sheet.bonds_payable.latest_reported,2007,1,12166,0,0,0,0,11586,580
financial.balance_sheet.bonds_payable.latest_reported,2007,2,134,4,0,0,0,41,89
financial.balance_sheet.bonds_payable.latest_reported,2007,3,22,0,0,0,0,14,8
financial.balance_sheet.bonds_payable.latest_reported,2007,4,98,0,0,0,0,80,18
financial.balance_sheet.bonds_payable.latest_reported,2008,1,13106,0,0,0,0,12363,743
financial.balance_sheet.bonds_payable.latest_reported,2008,2,146,6,0,0,0,29,111
financial.balance_sheet.bonds_payable.latest_reported,2008,3,25,2,0,0,0,14,9
financial.balance_sheet.bonds_payable.latest_reported,2008,4,161,0,0,0,0,133,28
financial.balance_sheet.bonds_payable.latest_reported,2009,1,10534,0,0,0,0,9873,661
financial.balance_sheet.bonds_payable.latest_reported,2009,2,125,4,0,0,0,28,93
financial.balance_sheet.bonds_payable.latest_reported,2009,3,19,2,0,0,0,5,12
financial.balance_sheet.bonds_payable.latest_reported,2009,4,134,0,0,0,0,115,19
financial.balance_sheet.bonds_payable.latest_reported,2010,1,13659,0,0,0,0,12555,1104
financial.balance_sheet.bonds_payable.latest_reported,2010,2,151,12,0,0,0,22,117
financial.balance_sheet.bonds_payable.latest_reported,2010,3,19,6,0,0,0,3,10
financial.balance_sheet.bonds_payable.latest_reported,2010,4,182,0,0,0,0,163,19
financial.balance_sheet.bonds_payable.latest_reported,2011,1,15788,0,0,0,0,14134,1654
financial.balance_sheet.bonds_payable.latest_reported,2011,2,156,14,0,0,0,15,127
financial.balance_sheet.bonds_payable.latest_reported,2011,3,23,10,0,0,0,3,10
financial.balance_sheet.bonds_payable.latest_reported,2011,4,170,0,0,0,0,151,19
financial.balance_sheet.bonds_payable.latest_reported,2012,1,19490,0,0,0,0,15803,3687
financial.balance_sheet.bonds_payable.latest_reported,2012,2,177,8,0,0,0,22,147
financial.balance_sheet.bonds_payable.latest_reported,2012,3,29,18,0,0,0,0,11
financial.balance_sheet.bonds_payable.latest_reported,2012,4,220,2,0,0,0,193,25
financial.balance_sheet.bonds_payable.latest_reported,2012,7,1,0,0,1,0,0,0
financial.balance_sheet.bonds_payable.latest_reported,2013,1,17719,0,0,0,0,14421,3298
financial.balance_sheet.bonds_payable.latest_reported,2013,2,155,10,0,0,0,20,125
financial.balance_sheet.bonds_payable.latest_reported,2013,3,28,16,0,0,0,0,12
financial.balance_sheet.bonds_payable.latest_reported,2013,4,196,4,0,0,0,124,68
financial.balance_sheet.bonds_payable.latest_reported,2013,7,1,0,0,1,0,0,0
financial.balance_sheet.bonds_payable.latest_reported,2014,1,18669,0,0,0,0,15281,3388
financial.balance_sheet.bonds_payable.latest_reported,2014,2,160,10,0,0,0,20,130
financial.balance_sheet.bonds_payable.latest_reported,2014,3,28,14,0,0,0,0,14
financial.balance_sheet.bonds_payable.latest_reported,2014,4,189,2,0,0,0,46,141
financial.balance_sheet.bonds_payable.latest_reported,2014,7,2,0,0,2,0,0,0
financial.balance_sheet.bonds_payable.latest_reported,2015,1,16787,0,0,0,0,13829,2958
financial.balance_sheet.bonds_payable.latest_reported,2015,2,159,4,0,0,0,15,140
financial.balance_sheet.bonds_payable.latest_reported,2015,3,23,2,0,0,0,0,21
financial.balance_sheet.bonds_payable.latest_reported,2015,4,171,0,0,0,0,5,166
financial.balance_sheet.bonds_payable.latest_reported,2015,7,2,0,0,2,0,0,0
financial.balance_sheet.bonds_payable.latest_reported,2016,1,21094,0,0,0,0,17231,3863
financial.balance_sheet.bonds_payable.latest_reported,2016,2,222,6,0,0,0,15,201
financial.balance_sheet.bonds_payable.latest_reported,2016,3,29,0,0,0,0,0,29
financial.balance_sheet.bonds_payable.latest_reported,2016,4,199,0,0,0,0,6,193
financial.balance_sheet.bonds_payable.latest_reported,2016,7,3,0,0,3,0,0,0
financial.balance_sheet.bonds_payable.latest_reported,2017,1,22766,0,0,0,0,18875,3891
financial.balance_sheet.bonds_payable.latest_reported,2017,2,236,4,0,0,0,12,220
financial.balance_sheet.bonds_payable.latest_reported,2017,3,31,0,0,0,0,2,29
financial.balance_sheet.bonds_payable.latest_reported,2017,4,215,0,0,0,0,3,212
financial.balance_sheet.bonds_payable.latest_reported,2017,7,3,0,0,3,0,0,0
financial.balance_sheet.bonds_payable.latest_reported,2018,1,26849,6,0,0,0,22154,4689
financial.balance_sheet.bonds_payable.latest_reported,2018,2,283,4,0,0,0,20,259
financial.balance_sheet.bonds_payable.latest_reported,2018,3,40,0,0,0,0,8,32
financial.balance_sheet.bonds_payable.latest_reported,2018,4,270,0,0,0,0,9,261
financial.balance_sheet.bonds_payable.latest_reported,2018,7,2,0,0,2,0,0,0
financial.balance_sheet.bonds_payable.latest_reported,2019,1,24846,74,0,0,0,20756,4016
financial.balance_sheet.bonds_payable.latest_reported,2019,2,253,0,0,0,0,16,237
financial.balance_sheet.bonds_payable.latest_reported,2019,3,31,0,0,0,0,2,29
financial.balance_sheet.bonds_payable.latest_reported,2019,4,243,0,0,0,0,12,231
financial.balance_sheet.bonds_payable.latest_reported,2019,7,4,0,0,4,0,0,0
financial.balance_sheet.bonds_payable.latest_reported,2020,1,27645,92,0,0,0,22962,4591
financial.balance_sheet.bonds_payable.latest_reported,2020,2,280,0,0,0,0,22,258
financial.balance_sheet.bonds_payable.latest_reported,2020,3,36,0,0,0,0,4,32
financial.balance_sheet.bonds_payable.latest_reported,2020,4,254,0,0,0,0,12,242
financial.balance_sheet.bonds_payable.latest_reported,2020,7,3,0,0,3,0,0,0
financial.balance_sheet.bonds_payable.latest_reported,2021,1,27375,68,0,0,0,22794,4513
financial.balance_sheet.bonds_payable.latest_reported,2021,2,315,18,0,0,0,16,281
financial.balance_sheet.bonds_payable.latest_reported,2021,3,41,0,0,0,0,6,35
financial.balance_sheet.bonds_payable.latest_reported,2021,4,261,2,0,0,0,17,242
financial.balance_sheet.bonds_payable.latest_reported,2021,7,4,0,0,4,0,0,0
financial.balance_sheet.bonds_payable.latest_reported,2022,1,26394,2128,0,0,0,20269,3997
financial.balance_sheet.bonds_payable.latest_reported,2022,2,307,122,0,0,0,18,167
financial.balance_sheet.bonds_payable.latest_reported,2022,3,35,14,0,0,0,1,20
financial.balance_sheet.bonds_payable.latest_reported,2022,4,229,6,0,0,0,7,216
financial.balance_sheet.bonds_payable.latest_reported,2022,7,7,0,0,7,0,0,0
financial.balance_sheet.bonds_payable.latest_reported,2023,1,32691,558,0,0,0,26720,5413
financial.balance_sheet.bonds_payable.latest_reported,2023,2,335,128,0,0,0,18,189
financial.balance_sheet.bonds_payable.latest_reported,2023,3,37,24,0,0,0,0,13
financial.balance_sheet.bonds_payable.latest_reported,2023,4,278,4,0,0,0,6,268
financial.balance_sheet.bonds_payable.latest_reported,2023,7,8,0,0,8,0,0,0
financial.balance_sheet.bonds_payable.latest_reported,2024,1,21760,1854,0,0,0,16637,3269
financial.balance_sheet.bonds_payable.latest_reported,2024,2,260,134,0,0,0,12,114
financial.balance_sheet.bonds_payable.latest_reported,2024,3,29,14,0,0,0,2,13
financial.balance_sheet.bonds_payable.latest_reported,2024,4,186,6,0,0,0,4,176
financial.balance_sheet.bonds_payable.latest_reported,2024,7,8,0,0,8,0,0,0
financial.balance_sheet.bonds_payable.latest_reported,2025,1,22233,2244,0,0,0,16947,3042
financial.balance_sheet.bonds_payable.latest_reported,2025,2,257,132,0,0,0,10,115
financial.balance_sheet.bonds_payable.latest_reported,2025,3,31,22,0,0,0,0,9
financial.balance_sheet.bonds_payable.latest_reported,2025,4,182,0,0,0,0,4,178
financial.balance_sheet.bonds_payable.latest_reported,2025,7,13,0,0,13,0,0,0
financial.balance_sheet.bonds_payable.latest_reported,2026,1,10082,3695,0,0,0,5470,917
financial.balance_sheet.bonds_payable.latest_reported,2026,2,116,84,0,0,0,1,31
financial.balance_sheet.bonds_payable.latest_reported,2026,3,13,10,0,0,0,0,3
financial.balance_sheet.bonds_payable.latest_reported,2026,4,86,32,0,0,0,1,53
financial.balance_sheet.bonds_payable.latest_reported,2026,7,6,0,0,6,0,0,0
financial.balance_sheet.contract_assets.latest_reported,1989,1,9,0,0,0,0,9,0
financial.balance_sheet.contract_assets.latest_reported,1989,2,1,0,0,0,0,1,0
financial.balance_sheet.contract_assets.latest_reported,1990,1,94,0,0,0,0,94,0
financial.balance_sheet.contract_assets.latest_reported,1990,2,1,0,0,0,0,1,0
financial.balance_sheet.contract_assets.latest_reported,1991,1,140,0,0,0,0,140,0
financial.balance_sheet.contract_assets.latest_reported,1991,2,1,0,0,0,0,1,0
financial.balance_sheet.contract_assets.latest_reported,1992,1,293,0,0,0,0,293,0
financial.balance_sheet.contract_assets.latest_reported,1992,2,1,0,0,0,0,1,0
financial.balance_sheet.contract_assets.latest_reported,1993,1,638,0,0,0,0,638,0
financial.balance_sheet.contract_assets.latest_reported,1993,2,1,0,0,0,0,1,0
financial.balance_sheet.contract_assets.latest_reported,1993,4,2,0,0,0,0,2,0
financial.balance_sheet.contract_assets.latest_reported,1994,1,1013,0,0,0,0,1013,0
financial.balance_sheet.contract_assets.latest_reported,1994,2,2,0,0,0,0,2,0
financial.balance_sheet.contract_assets.latest_reported,1994,4,2,0,0,0,0,2,0
financial.balance_sheet.contract_assets.latest_reported,1995,1,1159,0,0,0,0,1159,0
financial.balance_sheet.contract_assets.latest_reported,1995,2,2,0,0,0,0,2,0
financial.balance_sheet.contract_assets.latest_reported,1995,4,2,0,0,0,0,2,0
financial.balance_sheet.contract_assets.latest_reported,1996,1,1434,0,0,0,0,1434,0
financial.balance_sheet.contract_assets.latest_reported,1996,2,3,0,0,0,0,3,0
financial.balance_sheet.contract_assets.latest_reported,1996,4,2,0,0,0,0,2,0
financial.balance_sheet.contract_assets.latest_reported,1997,1,1812,0,0,0,0,1812,0
financial.balance_sheet.contract_assets.latest_reported,1997,2,4,0,0,0,0,4,0
financial.balance_sheet.contract_assets.latest_reported,1997,4,2,0,0,0,0,2,0
financial.balance_sheet.contract_assets.latest_reported,1998,1,1952,0,0,0,0,1952,0
financial.balance_sheet.contract_assets.latest_reported,1998,2,4,0,0,0,0,4,0
financial.balance_sheet.contract_assets.latest_reported,1998,4,2,0,0,0,0,2,0
financial.balance_sheet.contract_assets.latest_reported,1999,1,2136,0,0,0,0,2136,0
financial.balance_sheet.contract_assets.latest_reported,1999,2,6,0,0,0,0,6,0
financial.balance_sheet.contract_assets.latest_reported,1999,4,3,0,0,0,0,3,0
financial.balance_sheet.contract_assets.latest_reported,2000,1,2351,0,0,0,0,2351,0
financial.balance_sheet.contract_assets.latest_reported,2000,2,9,0,0,0,0,9,0
financial.balance_sheet.contract_assets.latest_reported,2000,4,3,0,0,0,0,3,0
financial.balance_sheet.contract_assets.latest_reported,2001,1,2671,0,0,0,0,2671,0
financial.balance_sheet.contract_assets.latest_reported,2001,2,14,0,0,0,0,14,0
financial.balance_sheet.contract_assets.latest_reported,2001,4,3,0,0,0,0,3,0
financial.balance_sheet.contract_assets.latest_reported,2002,1,4946,0,0,0,0,4946,0
financial.balance_sheet.contract_assets.latest_reported,2002,2,24,0,0,0,0,24,0
financial.balance_sheet.contract_assets.latest_reported,2002,4,8,0,0,0,0,8,0
financial.balance_sheet.contract_assets.latest_reported,2003,1,5232,0,0,0,0,5232,0
financial.balance_sheet.contract_assets.latest_reported,2003,2,29,0,0,0,0,29,0
financial.balance_sheet.contract_assets.latest_reported,2003,3,2,0,0,0,0,2,0
financial.balance_sheet.contract_assets.latest_reported,2003,4,10,0,0,0,0,10,0
financial.balance_sheet.contract_assets.latest_reported,2004,1,5648,0,0,0,0,5648,0
financial.balance_sheet.contract_assets.latest_reported,2004,2,33,0,0,0,0,33,0
financial.balance_sheet.contract_assets.latest_reported,2004,3,3,0,0,0,0,3,0
financial.balance_sheet.contract_assets.latest_reported,2004,4,11,0,0,0,0,11,0
financial.balance_sheet.contract_assets.latest_reported,2005,1,7518,0,0,0,0,7518,0
financial.balance_sheet.contract_assets.latest_reported,2005,2,68,0,0,0,0,68,0
financial.balance_sheet.contract_assets.latest_reported,2005,3,10,0,0,0,0,10,0
financial.balance_sheet.contract_assets.latest_reported,2005,4,20,0,0,0,0,20,0
financial.balance_sheet.contract_assets.latest_reported,2006,1,9031,0,0,0,0,9031,0
financial.balance_sheet.contract_assets.latest_reported,2006,2,71,0,0,0,0,71,0
financial.balance_sheet.contract_assets.latest_reported,2006,3,9,0,0,0,0,9,0
financial.balance_sheet.contract_assets.latest_reported,2006,4,28,0,0,0,0,28,0
financial.balance_sheet.contract_assets.latest_reported,2007,1,12166,0,0,0,0,12166,0
financial.balance_sheet.contract_assets.latest_reported,2007,2,134,4,0,0,0,130,0
financial.balance_sheet.contract_assets.latest_reported,2007,3,22,0,0,0,0,22,0
financial.balance_sheet.contract_assets.latest_reported,2007,4,98,0,0,0,0,98,0
financial.balance_sheet.contract_assets.latest_reported,2008,1,13106,0,0,0,0,13106,0
financial.balance_sheet.contract_assets.latest_reported,2008,2,146,6,0,0,0,140,0
financial.balance_sheet.contract_assets.latest_reported,2008,3,25,2,0,0,0,23,0
financial.balance_sheet.contract_assets.latest_reported,2008,4,161,0,0,0,0,161,0
financial.balance_sheet.contract_assets.latest_reported,2009,1,10534,0,0,0,0,10534,0
financial.balance_sheet.contract_assets.latest_reported,2009,2,125,4,0,0,0,121,0
financial.balance_sheet.contract_assets.latest_reported,2009,3,19,2,0,0,0,17,0
financial.balance_sheet.contract_assets.latest_reported,2009,4,134,0,0,0,0,134,0
financial.balance_sheet.contract_assets.latest_reported,2010,1,13659,0,0,0,0,13659,0
financial.balance_sheet.contract_assets.latest_reported,2010,2,151,12,0,0,0,139,0
financial.balance_sheet.contract_assets.latest_reported,2010,3,19,6,0,0,0,13,0
financial.balance_sheet.contract_assets.latest_reported,2010,4,182,0,0,0,0,182,0
financial.balance_sheet.contract_assets.latest_reported,2011,1,15788,0,0,0,0,15788,0
financial.balance_sheet.contract_assets.latest_reported,2011,2,156,14,0,0,0,142,0
financial.balance_sheet.contract_assets.latest_reported,2011,3,23,10,0,0,0,13,0
financial.balance_sheet.contract_assets.latest_reported,2011,4,170,0,0,0,0,170,0
financial.balance_sheet.contract_assets.latest_reported,2012,1,19490,0,0,0,0,19490,0
financial.balance_sheet.contract_assets.latest_reported,2012,2,177,8,0,0,0,169,0
financial.balance_sheet.contract_assets.latest_reported,2012,3,29,18,0,0,0,11,0
financial.balance_sheet.contract_assets.latest_reported,2012,4,220,2,0,0,0,218,0
financial.balance_sheet.contract_assets.latest_reported,2012,7,1,0,0,1,0,0,0
financial.balance_sheet.contract_assets.latest_reported,2013,1,17719,0,0,0,0,17719,0
financial.balance_sheet.contract_assets.latest_reported,2013,2,155,10,0,0,0,145,0
financial.balance_sheet.contract_assets.latest_reported,2013,3,28,16,0,0,0,12,0
financial.balance_sheet.contract_assets.latest_reported,2013,4,196,4,0,0,0,192,0
financial.balance_sheet.contract_assets.latest_reported,2013,7,1,0,0,1,0,0,0
financial.balance_sheet.contract_assets.latest_reported,2014,1,18669,0,0,0,0,18669,0
financial.balance_sheet.contract_assets.latest_reported,2014,2,160,10,0,0,0,150,0
financial.balance_sheet.contract_assets.latest_reported,2014,3,28,14,0,0,0,14,0
financial.balance_sheet.contract_assets.latest_reported,2014,4,189,2,0,0,0,187,0
financial.balance_sheet.contract_assets.latest_reported,2014,7,2,0,0,2,0,0,0
financial.balance_sheet.contract_assets.latest_reported,2015,1,16787,0,0,0,0,16787,0
financial.balance_sheet.contract_assets.latest_reported,2015,2,159,4,0,0,0,155,0
financial.balance_sheet.contract_assets.latest_reported,2015,3,23,2,0,0,0,21,0
financial.balance_sheet.contract_assets.latest_reported,2015,4,171,0,0,0,0,171,0
financial.balance_sheet.contract_assets.latest_reported,2015,7,2,0,0,2,0,0,0
financial.balance_sheet.contract_assets.latest_reported,2016,1,21094,0,0,0,0,21094,0
financial.balance_sheet.contract_assets.latest_reported,2016,2,222,6,0,0,0,216,0
financial.balance_sheet.contract_assets.latest_reported,2016,3,29,0,0,0,0,29,0
financial.balance_sheet.contract_assets.latest_reported,2016,4,199,0,0,0,0,199,0
financial.balance_sheet.contract_assets.latest_reported,2016,7,3,0,0,3,0,0,0
financial.balance_sheet.contract_assets.latest_reported,2017,1,22766,0,0,0,0,22766,0
financial.balance_sheet.contract_assets.latest_reported,2017,2,236,4,0,0,0,232,0
financial.balance_sheet.contract_assets.latest_reported,2017,3,31,0,0,0,0,31,0
financial.balance_sheet.contract_assets.latest_reported,2017,4,215,0,0,0,0,215,0
financial.balance_sheet.contract_assets.latest_reported,2017,7,3,0,0,3,0,0,0
financial.balance_sheet.contract_assets.latest_reported,2018,1,26849,6,0,0,0,26605,238
financial.balance_sheet.contract_assets.latest_reported,2018,2,283,4,0,0,0,279,0
financial.balance_sheet.contract_assets.latest_reported,2018,3,40,0,0,0,0,40,0
financial.balance_sheet.contract_assets.latest_reported,2018,4,270,0,0,0,0,268,2
financial.balance_sheet.contract_assets.latest_reported,2018,7,2,0,0,2,0,0,0
financial.balance_sheet.contract_assets.latest_reported,2019,1,24846,74,0,0,0,24322,450
financial.balance_sheet.contract_assets.latest_reported,2019,2,253,0,0,0,0,253,0
financial.balance_sheet.contract_assets.latest_reported,2019,3,31,0,0,0,0,31,0
financial.balance_sheet.contract_assets.latest_reported,2019,4,243,0,0,0,0,238,5
financial.balance_sheet.contract_assets.latest_reported,2019,7,4,0,0,4,0,0,0
financial.balance_sheet.contract_assets.latest_reported,2020,1,27645,92,0,0,0,20818,6735
financial.balance_sheet.contract_assets.latest_reported,2020,2,280,0,0,0,0,280,0
financial.balance_sheet.contract_assets.latest_reported,2020,3,36,0,0,0,0,36,0
financial.balance_sheet.contract_assets.latest_reported,2020,4,254,0,0,0,0,241,13
financial.balance_sheet.contract_assets.latest_reported,2020,7,3,0,0,3,0,0,0
financial.balance_sheet.contract_assets.latest_reported,2021,1,27375,68,0,0,0,18414,8893
financial.balance_sheet.contract_assets.latest_reported,2021,2,315,18,0,0,0,297,0
financial.balance_sheet.contract_assets.latest_reported,2021,3,41,0,0,0,0,41,0
financial.balance_sheet.contract_assets.latest_reported,2021,4,261,2,0,0,0,256,3
financial.balance_sheet.contract_assets.latest_reported,2021,7,4,0,0,4,0,0,0
financial.balance_sheet.contract_assets.latest_reported,2022,1,26394,2128,0,0,0,15538,8728
financial.balance_sheet.contract_assets.latest_reported,2022,2,307,122,0,0,0,185,0
financial.balance_sheet.contract_assets.latest_reported,2022,3,35,14,0,0,0,21,0
financial.balance_sheet.contract_assets.latest_reported,2022,4,229,6,0,0,0,214,9
financial.balance_sheet.contract_assets.latest_reported,2022,7,7,0,0,7,0,0,0
financial.balance_sheet.contract_assets.latest_reported,2023,1,32691,558,0,0,0,20094,12039
financial.balance_sheet.contract_assets.latest_reported,2023,2,335,128,0,0,0,206,1
financial.balance_sheet.contract_assets.latest_reported,2023,3,37,24,0,0,0,10,3
financial.balance_sheet.contract_assets.latest_reported,2023,4,278,4,0,0,0,266,8
financial.balance_sheet.contract_assets.latest_reported,2023,7,8,0,0,8,0,0,0
financial.balance_sheet.contract_assets.latest_reported,2024,1,21760,1854,0,0,0,12218,7688
financial.balance_sheet.contract_assets.latest_reported,2024,2,260,134,0,0,0,126,0
financial.balance_sheet.contract_assets.latest_reported,2024,3,29,14,0,0,0,14,1
financial.balance_sheet.contract_assets.latest_reported,2024,4,186,6,0,0,0,172,8
financial.balance_sheet.contract_assets.latest_reported,2024,7,8,0,0,8,0,0,0
financial.balance_sheet.contract_assets.latest_reported,2025,1,22233,2244,0,0,0,11808,8181
financial.balance_sheet.contract_assets.latest_reported,2025,2,257,132,0,0,0,124,1
financial.balance_sheet.contract_assets.latest_reported,2025,3,31,22,0,0,0,7,2
financial.balance_sheet.contract_assets.latest_reported,2025,4,182,0,0,0,0,174,8
financial.balance_sheet.contract_assets.latest_reported,2025,7,13,0,0,13,0,0,0
financial.balance_sheet.contract_assets.latest_reported,2026,1,10082,3695,0,0,0,3732,2655
financial.balance_sheet.contract_assets.latest_reported,2026,2,116,84,0,0,0,32,0
financial.balance_sheet.contract_assets.latest_reported,2026,3,13,10,0,0,0,2,1
financial.balance_sheet.contract_assets.latest_reported,2026,4,86,32,0,0,0,51,3
financial.balance_sheet.contract_assets.latest_reported,2026,7,6,0,0,6,0,0,0
financial.balance_sheet.contract_liabilities.latest_reported,1989,1,9,0,0,0,0,9,0
financial.balance_sheet.contract_liabilities.latest_reported,1989,2,1,0,0,0,0,1,0
financial.balance_sheet.contract_liabilities.latest_reported,1990,1,94,0,0,0,0,94,0
financial.balance_sheet.contract_liabilities.latest_reported,1990,2,1,0,0,0,0,1,0
financial.balance_sheet.contract_liabilities.latest_reported,1991,1,140,0,0,0,0,140,0
financial.balance_sheet.contract_liabilities.latest_reported,1991,2,1,0,0,0,0,1,0
financial.balance_sheet.contract_liabilities.latest_reported,1992,1,293,0,0,0,0,293,0
financial.balance_sheet.contract_liabilities.latest_reported,1992,2,1,0,0,0,0,1,0
financial.balance_sheet.contract_liabilities.latest_reported,1993,1,638,0,0,0,0,638,0
financial.balance_sheet.contract_liabilities.latest_reported,1993,2,1,0,0,0,0,1,0
financial.balance_sheet.contract_liabilities.latest_reported,1993,4,2,0,0,0,0,2,0
financial.balance_sheet.contract_liabilities.latest_reported,1994,1,1013,0,0,0,0,1013,0
financial.balance_sheet.contract_liabilities.latest_reported,1994,2,2,0,0,0,0,2,0
financial.balance_sheet.contract_liabilities.latest_reported,1994,4,2,0,0,0,0,2,0
financial.balance_sheet.contract_liabilities.latest_reported,1995,1,1159,0,0,0,0,1159,0
financial.balance_sheet.contract_liabilities.latest_reported,1995,2,2,0,0,0,0,2,0
financial.balance_sheet.contract_liabilities.latest_reported,1995,4,2,0,0,0,0,2,0
financial.balance_sheet.contract_liabilities.latest_reported,1996,1,1434,0,0,0,0,1434,0
financial.balance_sheet.contract_liabilities.latest_reported,1996,2,3,0,0,0,0,3,0
financial.balance_sheet.contract_liabilities.latest_reported,1996,4,2,0,0,0,0,2,0
financial.balance_sheet.contract_liabilities.latest_reported,1997,1,1812,0,0,0,0,1812,0
financial.balance_sheet.contract_liabilities.latest_reported,1997,2,4,0,0,0,0,4,0
financial.balance_sheet.contract_liabilities.latest_reported,1997,4,2,0,0,0,0,2,0
financial.balance_sheet.contract_liabilities.latest_reported,1998,1,1952,0,0,0,0,1952,0
financial.balance_sheet.contract_liabilities.latest_reported,1998,2,4,0,0,0,0,4,0
financial.balance_sheet.contract_liabilities.latest_reported,1998,4,2,0,0,0,0,2,0
financial.balance_sheet.contract_liabilities.latest_reported,1999,1,2136,0,0,0,0,2136,0
financial.balance_sheet.contract_liabilities.latest_reported,1999,2,6,0,0,0,0,6,0
financial.balance_sheet.contract_liabilities.latest_reported,1999,4,3,0,0,0,0,3,0
financial.balance_sheet.contract_liabilities.latest_reported,2000,1,2351,0,0,0,0,2351,0
financial.balance_sheet.contract_liabilities.latest_reported,2000,2,9,0,0,0,0,9,0
financial.balance_sheet.contract_liabilities.latest_reported,2000,4,3,0,0,0,0,3,0
financial.balance_sheet.contract_liabilities.latest_reported,2001,1,2671,0,0,0,0,2671,0
financial.balance_sheet.contract_liabilities.latest_reported,2001,2,14,0,0,0,0,14,0
financial.balance_sheet.contract_liabilities.latest_reported,2001,4,3,0,0,0,0,3,0
financial.balance_sheet.contract_liabilities.latest_reported,2002,1,4946,0,0,0,0,4946,0
financial.balance_sheet.contract_liabilities.latest_reported,2002,2,24,0,0,0,0,24,0
financial.balance_sheet.contract_liabilities.latest_reported,2002,4,8,0,0,0,0,8,0
financial.balance_sheet.contract_liabilities.latest_reported,2003,1,5232,0,0,0,0,5232,0
financial.balance_sheet.contract_liabilities.latest_reported,2003,2,29,0,0,0,0,29,0
financial.balance_sheet.contract_liabilities.latest_reported,2003,3,2,0,0,2,0,0,0
financial.balance_sheet.contract_liabilities.latest_reported,2003,4,10,0,0,0,0,10,0
financial.balance_sheet.contract_liabilities.latest_reported,2004,1,5648,0,0,0,0,5648,0
financial.balance_sheet.contract_liabilities.latest_reported,2004,2,33,0,0,0,0,33,0
financial.balance_sheet.contract_liabilities.latest_reported,2004,3,3,0,0,3,0,0,0
financial.balance_sheet.contract_liabilities.latest_reported,2004,4,11,0,0,0,0,11,0
financial.balance_sheet.contract_liabilities.latest_reported,2005,1,7518,0,0,0,0,7518,0
financial.balance_sheet.contract_liabilities.latest_reported,2005,2,68,0,0,0,0,68,0
financial.balance_sheet.contract_liabilities.latest_reported,2005,3,10,0,0,10,0,0,0
financial.balance_sheet.contract_liabilities.latest_reported,2005,4,20,0,0,0,0,20,0
financial.balance_sheet.contract_liabilities.latest_reported,2006,1,9031,0,0,0,0,9031,0
financial.balance_sheet.contract_liabilities.latest_reported,2006,2,71,0,0,0,0,71,0
financial.balance_sheet.contract_liabilities.latest_reported,2006,3,9,0,0,9,0,0,0
financial.balance_sheet.contract_liabilities.latest_reported,2006,4,28,0,0,0,0,28,0
financial.balance_sheet.contract_liabilities.latest_reported,2007,1,12166,0,0,0,0,12166,0
financial.balance_sheet.contract_liabilities.latest_reported,2007,2,134,4,0,0,0,130,0
financial.balance_sheet.contract_liabilities.latest_reported,2007,3,22,0,0,22,0,0,0
financial.balance_sheet.contract_liabilities.latest_reported,2007,4,98,0,0,0,0,98,0
financial.balance_sheet.contract_liabilities.latest_reported,2008,1,13106,0,0,0,0,13106,0
financial.balance_sheet.contract_liabilities.latest_reported,2008,2,146,6,0,0,0,140,0
financial.balance_sheet.contract_liabilities.latest_reported,2008,3,25,2,0,23,0,0,0
financial.balance_sheet.contract_liabilities.latest_reported,2008,4,161,0,0,0,0,161,0
financial.balance_sheet.contract_liabilities.latest_reported,2009,1,10534,0,0,0,0,10534,0
financial.balance_sheet.contract_liabilities.latest_reported,2009,2,125,4,0,0,0,121,0
financial.balance_sheet.contract_liabilities.latest_reported,2009,3,19,2,0,17,0,0,0
financial.balance_sheet.contract_liabilities.latest_reported,2009,4,134,0,0,0,0,134,0
financial.balance_sheet.contract_liabilities.latest_reported,2010,1,13659,0,0,0,0,13659,0
financial.balance_sheet.contract_liabilities.latest_reported,2010,2,151,12,0,0,0,139,0
financial.balance_sheet.contract_liabilities.latest_reported,2010,3,19,6,0,13,0,0,0
financial.balance_sheet.contract_liabilities.latest_reported,2010,4,182,0,0,0,0,182,0
financial.balance_sheet.contract_liabilities.latest_reported,2011,1,15788,0,0,0,0,15788,0
financial.balance_sheet.contract_liabilities.latest_reported,2011,2,156,14,0,0,0,142,0
financial.balance_sheet.contract_liabilities.latest_reported,2011,3,23,10,0,13,0,0,0
financial.balance_sheet.contract_liabilities.latest_reported,2011,4,170,0,0,0,0,170,0
financial.balance_sheet.contract_liabilities.latest_reported,2012,1,19490,0,0,0,0,19490,0
financial.balance_sheet.contract_liabilities.latest_reported,2012,2,177,8,0,0,0,169,0
financial.balance_sheet.contract_liabilities.latest_reported,2012,3,29,18,0,11,0,0,0
financial.balance_sheet.contract_liabilities.latest_reported,2012,4,220,2,0,0,0,218,0
financial.balance_sheet.contract_liabilities.latest_reported,2012,7,1,0,0,1,0,0,0
financial.balance_sheet.contract_liabilities.latest_reported,2013,1,17719,0,0,0,0,17719,0
financial.balance_sheet.contract_liabilities.latest_reported,2013,2,155,10,0,0,0,145,0
financial.balance_sheet.contract_liabilities.latest_reported,2013,3,28,16,0,12,0,0,0
financial.balance_sheet.contract_liabilities.latest_reported,2013,4,196,4,0,0,0,192,0
financial.balance_sheet.contract_liabilities.latest_reported,2013,7,1,0,0,1,0,0,0
financial.balance_sheet.contract_liabilities.latest_reported,2014,1,18669,0,0,0,0,18669,0
financial.balance_sheet.contract_liabilities.latest_reported,2014,2,160,10,0,0,0,150,0
financial.balance_sheet.contract_liabilities.latest_reported,2014,3,28,14,0,14,0,0,0
financial.balance_sheet.contract_liabilities.latest_reported,2014,4,189,2,0,0,0,187,0
financial.balance_sheet.contract_liabilities.latest_reported,2014,7,2,0,0,2,0,0,0
financial.balance_sheet.contract_liabilities.latest_reported,2015,1,16787,0,0,0,0,16787,0
financial.balance_sheet.contract_liabilities.latest_reported,2015,2,159,4,0,0,0,155,0
financial.balance_sheet.contract_liabilities.latest_reported,2015,3,23,2,0,21,0,0,0
financial.balance_sheet.contract_liabilities.latest_reported,2015,4,171,0,0,0,0,171,0
financial.balance_sheet.contract_liabilities.latest_reported,2015,7,2,0,0,2,0,0,0
financial.balance_sheet.contract_liabilities.latest_reported,2016,1,21094,0,0,0,0,21094,0
financial.balance_sheet.contract_liabilities.latest_reported,2016,2,222,6,0,0,0,216,0
financial.balance_sheet.contract_liabilities.latest_reported,2016,3,29,0,0,29,0,0,0
financial.balance_sheet.contract_liabilities.latest_reported,2016,4,199,0,0,0,0,199,0
financial.balance_sheet.contract_liabilities.latest_reported,2016,7,3,0,0,3,0,0,0
financial.balance_sheet.contract_liabilities.latest_reported,2017,1,22766,0,0,0,0,22766,0
financial.balance_sheet.contract_liabilities.latest_reported,2017,2,236,4,0,0,0,232,0
financial.balance_sheet.contract_liabilities.latest_reported,2017,3,31,0,0,31,0,0,0
financial.balance_sheet.contract_liabilities.latest_reported,2017,4,215,0,0,0,0,215,0
financial.balance_sheet.contract_liabilities.latest_reported,2017,7,3,0,0,3,0,0,0
financial.balance_sheet.contract_liabilities.latest_reported,2018,1,26849,6,0,0,0,26237,606
financial.balance_sheet.contract_liabilities.latest_reported,2018,2,283,4,0,0,0,275,4
financial.balance_sheet.contract_liabilities.latest_reported,2018,3,40,0,0,40,0,0,0
financial.balance_sheet.contract_liabilities.latest_reported,2018,4,270,0,0,0,0,249,21
financial.balance_sheet.contract_liabilities.latest_reported,2018,7,2,0,0,2,0,0,0
financial.balance_sheet.contract_liabilities.latest_reported,2019,1,24846,74,0,0,0,23761,1011
financial.balance_sheet.contract_liabilities.latest_reported,2019,2,253,0,0,0,0,248,5
financial.balance_sheet.contract_liabilities.latest_reported,2019,3,31,0,0,31,0,0,0
financial.balance_sheet.contract_liabilities.latest_reported,2019,4,243,0,0,0,0,198,45
financial.balance_sheet.contract_liabilities.latest_reported,2019,7,4,0,0,4,0,0,0
financial.balance_sheet.contract_liabilities.latest_reported,2020,1,27645,92,0,0,0,3967,23586
financial.balance_sheet.contract_liabilities.latest_reported,2020,2,280,0,0,0,0,261,19
financial.balance_sheet.contract_liabilities.latest_reported,2020,3,36,0,0,36,0,0,0
financial.balance_sheet.contract_liabilities.latest_reported,2020,4,254,0,0,0,0,87,167
financial.balance_sheet.contract_liabilities.latest_reported,2020,7,3,0,0,3,0,0,0
financial.balance_sheet.contract_liabilities.latest_reported,2021,1,27375,68,0,0,0,805,26502
financial.balance_sheet.contract_liabilities.latest_reported,2021,2,315,18,0,0,0,271,26
financial.balance_sheet.contract_liabilities.latest_reported,2021,3,41,0,0,41,0,0,0
financial.balance_sheet.contract_liabilities.latest_reported,2021,4,261,2,0,0,0,62,197
financial.balance_sheet.contract_liabilities.latest_reported,2021,7,4,0,0,4,0,0,0
financial.balance_sheet.contract_liabilities.latest_reported,2022,1,26394,2128,0,0,0,529,23737
financial.balance_sheet.contract_liabilities.latest_reported,2022,2,307,122,0,0,0,165,20
financial.balance_sheet.contract_liabilities.latest_reported,2022,3,35,14,0,21,0,0,0
financial.balance_sheet.contract_liabilities.latest_reported,2022,4,229,6,0,0,0,42,181
financial.balance_sheet.contract_liabilities.latest_reported,2022,7,7,0,0,7,0,0,0
financial.balance_sheet.contract_liabilities.latest_reported,2023,1,32691,558,0,0,0,510,31623
financial.balance_sheet.contract_liabilities.latest_reported,2023,2,335,128,0,0,0,177,30
financial.balance_sheet.contract_liabilities.latest_reported,2023,3,37,24,0,13,0,0,0
financial.balance_sheet.contract_liabilities.latest_reported,2023,4,278,4,0,0,0,49,225
financial.balance_sheet.contract_liabilities.latest_reported,2023,7,8,0,0,8,0,0,0
financial.balance_sheet.contract_liabilities.latest_reported,2024,1,21760,1854,0,0,0,311,19595
financial.balance_sheet.contract_liabilities.latest_reported,2024,2,260,134,0,0,0,106,20
financial.balance_sheet.contract_liabilities.latest_reported,2024,3,29,14,0,15,0,0,0
financial.balance_sheet.contract_liabilities.latest_reported,2024,4,186,6,0,0,0,28,152
financial.balance_sheet.contract_liabilities.latest_reported,2024,7,8,0,0,8,0,0,0
financial.balance_sheet.contract_liabilities.latest_reported,2025,1,22233,2244,0,0,0,257,19732
financial.balance_sheet.contract_liabilities.latest_reported,2025,2,257,132,0,0,0,108,17
financial.balance_sheet.contract_liabilities.latest_reported,2025,3,31,22,0,9,0,0,0
financial.balance_sheet.contract_liabilities.latest_reported,2025,4,182,0,0,0,0,30,152
financial.balance_sheet.contract_liabilities.latest_reported,2025,7,13,0,0,13,0,0,0
financial.balance_sheet.contract_liabilities.latest_reported,2026,1,10082,3695,0,0,0,70,6317
financial.balance_sheet.contract_liabilities.latest_reported,2026,2,116,84,0,0,0,30,2
financial.balance_sheet.contract_liabilities.latest_reported,2026,3,13,10,0,3,0,0,0
financial.balance_sheet.contract_liabilities.latest_reported,2026,4,86,32,0,0,0,9,45
financial.balance_sheet.contract_liabilities.latest_reported,2026,7,6,0,0,6,0,0,0
financial.balance_sheet.equity_parent.latest_reported,1989,1,9,0,0,0,0,0,9
financial.balance_sheet.equity_parent.latest_reported,1989,2,1,0,0,0,0,0,1
financial.balance_sheet.equity_parent.latest_reported,1990,1,94,0,0,0,0,5,89
financial.balance_sheet.equity_parent.latest_reported,1990,2,1,0,0,0,0,0,1
financial.balance_sheet.equity_parent.latest_reported,1991,1,140,0,0,0,0,3,137
financial.balance_sheet.equity_parent.latest_reported,1991,2,1,0,0,0,0,0,1
financial.balance_sheet.equity_parent.latest_reported,1992,1,293,0,0,0,0,4,289
financial.balance_sheet.equity_parent.latest_reported,1992,2,1,0,0,0,0,0,1
financial.balance_sheet.equity_parent.latest_reported,1993,1,638,0,0,0,0,2,636
financial.balance_sheet.equity_parent.latest_reported,1993,2,1,0,0,0,0,0,1
financial.balance_sheet.equity_parent.latest_reported,1993,4,2,0,0,0,0,0,2
financial.balance_sheet.equity_parent.latest_reported,1994,1,1013,0,0,0,0,3,1010
financial.balance_sheet.equity_parent.latest_reported,1994,2,2,0,0,0,0,0,2
financial.balance_sheet.equity_parent.latest_reported,1994,4,2,0,0,0,0,0,2
financial.balance_sheet.equity_parent.latest_reported,1995,1,1159,0,0,0,0,0,1159
financial.balance_sheet.equity_parent.latest_reported,1995,2,2,0,0,0,0,0,2
financial.balance_sheet.equity_parent.latest_reported,1995,4,2,0,0,0,0,0,2
financial.balance_sheet.equity_parent.latest_reported,1996,1,1434,0,0,0,0,2,1432
financial.balance_sheet.equity_parent.latest_reported,1996,2,3,0,0,0,0,0,3
financial.balance_sheet.equity_parent.latest_reported,1996,4,2,0,0,0,0,0,2
financial.balance_sheet.equity_parent.latest_reported,1997,1,1812,0,0,0,0,1,1811
financial.balance_sheet.equity_parent.latest_reported,1997,2,4,0,0,0,0,0,4
financial.balance_sheet.equity_parent.latest_reported,1997,4,2,0,0,0,0,0,2
financial.balance_sheet.equity_parent.latest_reported,1998,1,1952,0,0,0,0,0,1952
financial.balance_sheet.equity_parent.latest_reported,1998,2,4,0,0,0,0,0,4
financial.balance_sheet.equity_parent.latest_reported,1998,4,2,0,0,0,0,0,2
financial.balance_sheet.equity_parent.latest_reported,1999,1,2136,0,0,0,0,0,2136
financial.balance_sheet.equity_parent.latest_reported,1999,2,6,0,0,0,0,0,6
financial.balance_sheet.equity_parent.latest_reported,1999,4,3,0,0,0,0,0,3
financial.balance_sheet.equity_parent.latest_reported,2000,1,2351,0,0,0,0,0,2351
financial.balance_sheet.equity_parent.latest_reported,2000,2,9,0,0,0,0,0,9
financial.balance_sheet.equity_parent.latest_reported,2000,4,3,0,0,0,0,0,3
financial.balance_sheet.equity_parent.latest_reported,2001,1,2671,0,0,0,0,0,2671
financial.balance_sheet.equity_parent.latest_reported,2001,2,14,0,0,0,0,0,14
financial.balance_sheet.equity_parent.latest_reported,2001,4,3,0,0,0,0,0,3
financial.balance_sheet.equity_parent.latest_reported,2002,1,4946,0,0,0,0,0,4946
financial.balance_sheet.equity_parent.latest_reported,2002,2,24,0,0,0,0,0,24
financial.balance_sheet.equity_parent.latest_reported,2002,4,8,0,0,0,0,0,8
financial.balance_sheet.equity_parent.latest_reported,2003,1,5232,0,0,0,0,0,5232
financial.balance_sheet.equity_parent.latest_reported,2003,2,29,0,0,0,0,0,29
financial.balance_sheet.equity_parent.latest_reported,2003,3,2,0,0,0,0,0,2
financial.balance_sheet.equity_parent.latest_reported,2003,4,10,0,0,0,0,0,10
financial.balance_sheet.equity_parent.latest_reported,2004,1,5648,0,0,0,0,0,5648
financial.balance_sheet.equity_parent.latest_reported,2004,2,33,0,0,0,0,0,33
financial.balance_sheet.equity_parent.latest_reported,2004,3,3,0,0,0,0,0,3
financial.balance_sheet.equity_parent.latest_reported,2004,4,11,0,0,0,0,0,11
financial.balance_sheet.equity_parent.latest_reported,2005,1,7518,0,0,0,0,0,7518
financial.balance_sheet.equity_parent.latest_reported,2005,2,68,0,0,0,0,0,68
financial.balance_sheet.equity_parent.latest_reported,2005,3,10,0,0,0,0,4,6
financial.balance_sheet.equity_parent.latest_reported,2005,4,20,0,0,0,0,0,20
financial.balance_sheet.equity_parent.latest_reported,2006,1,9031,0,0,0,0,0,9031
financial.balance_sheet.equity_parent.latest_reported,2006,2,71,0,0,0,0,0,71
financial.balance_sheet.equity_parent.latest_reported,2006,3,9,0,0,0,0,0,9
financial.balance_sheet.equity_parent.latest_reported,2006,4,28,0,0,0,0,0,28
financial.balance_sheet.equity_parent.latest_reported,2007,1,12166,0,0,0,0,5,12161
financial.balance_sheet.equity_parent.latest_reported,2007,2,134,4,0,0,0,0,130
financial.balance_sheet.equity_parent.latest_reported,2007,3,22,0,0,0,0,0,22
financial.balance_sheet.equity_parent.latest_reported,2007,4,98,0,0,0,0,0,98
financial.balance_sheet.equity_parent.latest_reported,2008,1,13106,0,0,0,0,8,13098
financial.balance_sheet.equity_parent.latest_reported,2008,2,146,6,0,0,0,0,140
financial.balance_sheet.equity_parent.latest_reported,2008,3,25,2,0,0,0,0,23
financial.balance_sheet.equity_parent.latest_reported,2008,4,161,0,0,0,0,0,161
financial.balance_sheet.equity_parent.latest_reported,2009,1,10534,0,0,0,0,14,10520
financial.balance_sheet.equity_parent.latest_reported,2009,2,125,4,0,0,0,0,121
financial.balance_sheet.equity_parent.latest_reported,2009,3,19,2,0,0,0,0,17
financial.balance_sheet.equity_parent.latest_reported,2009,4,134,0,0,0,0,0,134
financial.balance_sheet.equity_parent.latest_reported,2010,1,13659,0,0,0,0,17,13642
financial.balance_sheet.equity_parent.latest_reported,2010,2,151,12,0,0,0,0,139
financial.balance_sheet.equity_parent.latest_reported,2010,3,19,6,0,0,0,0,13
financial.balance_sheet.equity_parent.latest_reported,2010,4,182,0,0,0,0,0,182
financial.balance_sheet.equity_parent.latest_reported,2011,1,15788,0,0,0,0,7,15781
financial.balance_sheet.equity_parent.latest_reported,2011,2,156,14,0,0,0,0,142
financial.balance_sheet.equity_parent.latest_reported,2011,3,23,10,0,0,0,0,13
financial.balance_sheet.equity_parent.latest_reported,2011,4,170,0,0,0,0,0,170
financial.balance_sheet.equity_parent.latest_reported,2012,1,19490,0,0,0,0,19,19471
financial.balance_sheet.equity_parent.latest_reported,2012,2,177,8,0,0,0,0,169
financial.balance_sheet.equity_parent.latest_reported,2012,3,29,18,0,0,0,0,11
financial.balance_sheet.equity_parent.latest_reported,2012,4,220,2,0,0,0,0,218
financial.balance_sheet.equity_parent.latest_reported,2012,7,1,0,0,1,0,0,0
financial.balance_sheet.equity_parent.latest_reported,2013,1,17719,0,0,0,0,8,17711
financial.balance_sheet.equity_parent.latest_reported,2013,2,155,10,0,0,0,0,145
financial.balance_sheet.equity_parent.latest_reported,2013,3,28,16,0,0,0,0,12
financial.balance_sheet.equity_parent.latest_reported,2013,4,196,4,0,0,0,0,192
financial.balance_sheet.equity_parent.latest_reported,2013,7,1,0,0,1,0,0,0
financial.balance_sheet.equity_parent.latest_reported,2014,1,18669,0,0,0,0,11,18658
financial.balance_sheet.equity_parent.latest_reported,2014,2,160,10,0,0,0,0,150
financial.balance_sheet.equity_parent.latest_reported,2014,3,28,14,0,0,0,0,14
financial.balance_sheet.equity_parent.latest_reported,2014,4,189,2,0,0,0,0,187
financial.balance_sheet.equity_parent.latest_reported,2014,7,2,0,0,2,0,0,0
financial.balance_sheet.equity_parent.latest_reported,2015,1,16787,0,0,0,0,7,16780
financial.balance_sheet.equity_parent.latest_reported,2015,2,159,4,0,0,0,0,155
financial.balance_sheet.equity_parent.latest_reported,2015,3,23,2,0,0,0,0,21
financial.balance_sheet.equity_parent.latest_reported,2015,4,171,0,0,0,0,0,171
financial.balance_sheet.equity_parent.latest_reported,2015,7,2,0,0,2,0,0,0
financial.balance_sheet.equity_parent.latest_reported,2016,1,21094,0,0,0,0,13,21081
financial.balance_sheet.equity_parent.latest_reported,2016,2,222,6,0,0,0,0,216
financial.balance_sheet.equity_parent.latest_reported,2016,3,29,0,0,0,0,0,29
financial.balance_sheet.equity_parent.latest_reported,2016,4,199,0,0,0,0,0,199
financial.balance_sheet.equity_parent.latest_reported,2016,7,3,0,0,3,0,0,0
financial.balance_sheet.equity_parent.latest_reported,2017,1,22766,0,0,0,0,8,22758
financial.balance_sheet.equity_parent.latest_reported,2017,2,236,4,0,0,0,0,232
financial.balance_sheet.equity_parent.latest_reported,2017,3,31,0,0,0,0,0,31
financial.balance_sheet.equity_parent.latest_reported,2017,4,215,0,0,0,0,0,215
financial.balance_sheet.equity_parent.latest_reported,2017,7,3,0,0,3,0,0,0
financial.balance_sheet.equity_parent.latest_reported,2018,1,26849,6,0,0,0,12,26831
financial.balance_sheet.equity_parent.latest_reported,2018,2,283,4,0,0,0,0,279
financial.balance_sheet.equity_parent.latest_reported,2018,3,40,0,0,0,0,0,40
financial.balance_sheet.equity_parent.latest_reported,2018,4,270,0,0,0,0,0,270
financial.balance_sheet.equity_parent.latest_reported,2018,7,2,0,0,2,0,0,0
financial.balance_sheet.equity_parent.latest_reported,2019,1,24846,74,0,0,0,6,24766
financial.balance_sheet.equity_parent.latest_reported,2019,2,253,0,0,0,0,0,253
financial.balance_sheet.equity_parent.latest_reported,2019,3,31,0,0,0,0,0,31
financial.balance_sheet.equity_parent.latest_reported,2019,4,243,0,0,0,0,0,243
financial.balance_sheet.equity_parent.latest_reported,2019,7,4,0,0,4,0,0,0
financial.balance_sheet.equity_parent.latest_reported,2020,1,27645,92,0,0,0,5,27548
financial.balance_sheet.equity_parent.latest_reported,2020,2,280,0,0,0,0,0,280
financial.balance_sheet.equity_parent.latest_reported,2020,3,36,0,0,0,0,0,36
financial.balance_sheet.equity_parent.latest_reported,2020,4,254,0,0,0,0,0,254
financial.balance_sheet.equity_parent.latest_reported,2020,7,3,0,0,3,0,0,0
financial.balance_sheet.equity_parent.latest_reported,2021,1,27375,68,0,0,0,3,27304
financial.balance_sheet.equity_parent.latest_reported,2021,2,315,18,0,0,0,0,297
financial.balance_sheet.equity_parent.latest_reported,2021,3,41,0,0,0,0,0,41
financial.balance_sheet.equity_parent.latest_reported,2021,4,261,2,0,0,0,0,259
financial.balance_sheet.equity_parent.latest_reported,2021,7,4,0,0,4,0,0,0
financial.balance_sheet.equity_parent.latest_reported,2022,1,26394,2128,0,0,0,11,24255
financial.balance_sheet.equity_parent.latest_reported,2022,2,307,122,0,0,0,0,185
financial.balance_sheet.equity_parent.latest_reported,2022,3,35,14,0,0,0,0,21
financial.balance_sheet.equity_parent.latest_reported,2022,4,229,6,0,0,0,0,223
financial.balance_sheet.equity_parent.latest_reported,2022,7,7,0,0,7,0,0,0
financial.balance_sheet.equity_parent.latest_reported,2023,1,32691,558,0,0,0,5,32128
financial.balance_sheet.equity_parent.latest_reported,2023,2,335,128,0,0,0,0,207
financial.balance_sheet.equity_parent.latest_reported,2023,3,37,24,0,0,0,0,13
financial.balance_sheet.equity_parent.latest_reported,2023,4,278,4,0,0,0,0,274
financial.balance_sheet.equity_parent.latest_reported,2023,7,8,0,0,8,0,0,0
financial.balance_sheet.equity_parent.latest_reported,2024,1,21760,1854,0,0,0,3,19903
financial.balance_sheet.equity_parent.latest_reported,2024,2,260,134,0,0,0,0,126
financial.balance_sheet.equity_parent.latest_reported,2024,3,29,14,0,0,0,0,15
financial.balance_sheet.equity_parent.latest_reported,2024,4,186,6,0,0,0,0,180
financial.balance_sheet.equity_parent.latest_reported,2024,7,8,0,0,8,0,0,0
financial.balance_sheet.equity_parent.latest_reported,2025,1,22233,2244,0,0,0,4,19985
financial.balance_sheet.equity_parent.latest_reported,2025,2,257,132,0,0,0,0,125
financial.balance_sheet.equity_parent.latest_reported,2025,3,31,22,0,0,0,0,9
financial.balance_sheet.equity_parent.latest_reported,2025,4,182,0,0,0,0,0,182
financial.balance_sheet.equity_parent.latest_reported,2025,7,13,0,0,13,0,0,0
financial.balance_sheet.equity_parent.latest_reported,2026,1,10082,3695,0,0,0,1,6386
financial.balance_sheet.equity_parent.latest_reported,2026,2,116,84,0,0,0,0,32
financial.balance_sheet.equity_parent.latest_reported,2026,3,13,10,0,0,0,0,3
financial.balance_sheet.equity_parent.latest_reported,2026,4,86,32,0,0,0,0,54
financial.balance_sheet.equity_parent.latest_reported,2026,7,6,0,0,6,0,0,0
financial.balance_sheet.goodwill.latest_reported,1989,1,9,0,0,0,0,9,0
financial.balance_sheet.goodwill.latest_reported,1989,2,1,0,0,0,0,1,0
financial.balance_sheet.goodwill.latest_reported,1990,1,94,0,0,0,0,94,0
financial.balance_sheet.goodwill.latest_reported,1990,2,1,0,0,0,0,1,0
financial.balance_sheet.goodwill.latest_reported,1991,1,140,0,0,0,0,140,0
financial.balance_sheet.goodwill.latest_reported,1991,2,1,0,0,0,0,1,0
financial.balance_sheet.goodwill.latest_reported,1992,1,293,0,0,0,0,293,0
financial.balance_sheet.goodwill.latest_reported,1992,2,1,0,0,0,0,1,0
financial.balance_sheet.goodwill.latest_reported,1993,1,638,0,0,0,0,638,0
financial.balance_sheet.goodwill.latest_reported,1993,2,1,0,0,0,0,1,0
financial.balance_sheet.goodwill.latest_reported,1993,4,2,0,0,0,0,2,0
financial.balance_sheet.goodwill.latest_reported,1994,1,1013,0,0,0,0,1013,0
financial.balance_sheet.goodwill.latest_reported,1994,2,2,0,0,0,0,2,0
financial.balance_sheet.goodwill.latest_reported,1994,4,2,0,0,0,0,2,0
financial.balance_sheet.goodwill.latest_reported,1995,1,1159,0,0,0,0,1159,0
financial.balance_sheet.goodwill.latest_reported,1995,2,2,0,0,0,0,2,0
financial.balance_sheet.goodwill.latest_reported,1995,4,2,0,0,0,0,2,0
financial.balance_sheet.goodwill.latest_reported,1996,1,1434,0,0,0,0,1434,0
financial.balance_sheet.goodwill.latest_reported,1996,2,3,0,0,0,0,3,0
financial.balance_sheet.goodwill.latest_reported,1996,4,2,0,0,0,0,2,0
financial.balance_sheet.goodwill.latest_reported,1997,1,1812,0,0,0,0,1812,0
financial.balance_sheet.goodwill.latest_reported,1997,2,4,0,0,0,0,4,0
financial.balance_sheet.goodwill.latest_reported,1997,4,2,0,0,0,0,2,0
financial.balance_sheet.goodwill.latest_reported,1998,1,1952,0,0,0,0,1952,0
financial.balance_sheet.goodwill.latest_reported,1998,2,4,0,0,0,0,4,0
financial.balance_sheet.goodwill.latest_reported,1998,4,2,0,0,0,0,2,0
financial.balance_sheet.goodwill.latest_reported,1999,1,2136,0,0,0,0,2136,0
financial.balance_sheet.goodwill.latest_reported,1999,2,6,0,0,0,0,6,0
financial.balance_sheet.goodwill.latest_reported,1999,4,3,0,0,0,0,3,0
financial.balance_sheet.goodwill.latest_reported,2000,1,2351,0,0,0,0,2351,0
financial.balance_sheet.goodwill.latest_reported,2000,2,9,0,0,0,0,9,0
financial.balance_sheet.goodwill.latest_reported,2000,4,3,0,0,0,0,3,0
financial.balance_sheet.goodwill.latest_reported,2001,1,2671,0,0,0,0,2671,0
financial.balance_sheet.goodwill.latest_reported,2001,2,14,0,0,0,0,14,0
financial.balance_sheet.goodwill.latest_reported,2001,4,3,0,0,0,0,3,0
financial.balance_sheet.goodwill.latest_reported,2002,1,4946,0,0,0,0,4946,0
financial.balance_sheet.goodwill.latest_reported,2002,2,24,0,0,0,0,24,0
financial.balance_sheet.goodwill.latest_reported,2002,4,8,0,0,0,0,8,0
financial.balance_sheet.goodwill.latest_reported,2003,1,5232,0,0,0,0,5232,0
financial.balance_sheet.goodwill.latest_reported,2003,2,29,0,0,0,0,29,0
financial.balance_sheet.goodwill.latest_reported,2003,3,2,0,0,0,0,2,0
financial.balance_sheet.goodwill.latest_reported,2003,4,10,0,0,0,0,10,0
financial.balance_sheet.goodwill.latest_reported,2004,1,5648,0,0,0,0,5639,9
financial.balance_sheet.goodwill.latest_reported,2004,2,33,0,0,0,0,33,0
financial.balance_sheet.goodwill.latest_reported,2004,3,3,0,0,0,0,3,0
financial.balance_sheet.goodwill.latest_reported,2004,4,11,0,0,0,0,11,0
financial.balance_sheet.goodwill.latest_reported,2005,1,7518,0,0,0,0,7470,48
financial.balance_sheet.goodwill.latest_reported,2005,2,68,0,0,0,0,68,0
financial.balance_sheet.goodwill.latest_reported,2005,3,10,0,0,0,0,10,0
financial.balance_sheet.goodwill.latest_reported,2005,4,20,0,0,0,0,18,2
financial.balance_sheet.goodwill.latest_reported,2006,1,9031,0,0,0,0,8595,436
financial.balance_sheet.goodwill.latest_reported,2006,2,71,0,0,0,0,70,1
financial.balance_sheet.goodwill.latest_reported,2006,3,9,0,0,0,0,8,1
financial.balance_sheet.goodwill.latest_reported,2006,4,28,0,0,0,0,24,4
financial.balance_sheet.goodwill.latest_reported,2007,1,12166,0,0,0,0,9029,3137
financial.balance_sheet.goodwill.latest_reported,2007,2,134,4,0,0,0,122,8
financial.balance_sheet.goodwill.latest_reported,2007,3,22,0,0,0,0,15,7
financial.balance_sheet.goodwill.latest_reported,2007,4,98,0,0,0,0,65,33
financial.balance_sheet.goodwill.latest_reported,2008,1,13106,0,0,0,0,9232,3874
financial.balance_sheet.goodwill.latest_reported,2008,2,146,6,0,0,0,121,19
financial.balance_sheet.goodwill.latest_reported,2008,3,25,2,0,0,0,16,7
financial.balance_sheet.goodwill.latest_reported,2008,4,161,0,0,0,0,99,62
financial.balance_sheet.goodwill.latest_reported,2009,1,10534,0,0,0,0,7486,3048
financial.balance_sheet.goodwill.latest_reported,2009,2,125,4,0,0,0,102,19
financial.balance_sheet.goodwill.latest_reported,2009,3,19,2,0,0,0,10,7
financial.balance_sheet.goodwill.latest_reported,2009,4,134,0,0,0,0,83,51
financial.balance_sheet.goodwill.latest_reported,2010,1,13659,0,0,0,0,9514,4145
financial.balance_sheet.goodwill.latest_reported,2010,2,151,12,0,0,0,110,29
financial.balance_sheet.goodwill.latest_reported,2010,3,19,6,0,0,0,3,10
financial.balance_sheet.goodwill.latest_reported,2010,4,182,0,0,0,0,111,71
financial.balance_sheet.goodwill.latest_reported,2011,1,15788,0,0,0,0,10775,5013
financial.balance_sheet.goodwill.latest_reported,2011,2,156,14,0,0,0,99,43
financial.balance_sheet.goodwill.latest_reported,2011,3,23,10,0,0,0,5,8
financial.balance_sheet.goodwill.latest_reported,2011,4,170,0,0,0,0,93,77
financial.balance_sheet.goodwill.latest_reported,2012,1,19490,0,0,0,0,12078,7412
financial.balance_sheet.goodwill.latest_reported,2012,2,177,8,0,0,0,113,56
financial.balance_sheet.goodwill.latest_reported,2012,3,29,18,0,0,0,3,8
financial.balance_sheet.goodwill.latest_reported,2012,4,220,2,0,0,0,110,108
financial.balance_sheet.goodwill.latest_reported,2012,7,1,0,0,1,0,0,0
financial.balance_sheet.goodwill.latest_reported,2013,1,17719,0,0,0,0,11010,6709
financial.balance_sheet.goodwill.latest_reported,2013,2,155,10,0,0,0,93,52
financial.balance_sheet.goodwill.latest_reported,2013,3,28,16,0,0,0,4,8
financial.balance_sheet.goodwill.latest_reported,2013,4,196,4,0,0,0,68,124
financial.balance_sheet.goodwill.latest_reported,2013,7,1,0,0,1,0,0,0
financial.balance_sheet.goodwill.latest_reported,2014,1,18669,0,0,0,0,11103,7566
financial.balance_sheet.goodwill.latest_reported,2014,2,160,10,0,0,0,97,53
financial.balance_sheet.goodwill.latest_reported,2014,3,28,14,0,0,0,6,8
financial.balance_sheet.goodwill.latest_reported,2014,4,189,2,0,0,0,21,166
financial.balance_sheet.goodwill.latest_reported,2014,7,2,0,0,2,0,0,0
financial.balance_sheet.goodwill.latest_reported,2015,1,16787,0,0,0,0,9275,7512
financial.balance_sheet.goodwill.latest_reported,2015,2,159,4,0,0,0,110,45
financial.balance_sheet.goodwill.latest_reported,2015,3,23,2,0,0,0,10,11
financial.balance_sheet.goodwill.latest_reported,2015,4,171,0,0,0,0,26,145
financial.balance_sheet.goodwill.latest_reported,2015,7,2,0,0,2,0,0,0
financial.balance_sheet.goodwill.latest_reported,2016,1,21094,0,0,0,0,10803,10291
financial.balance_sheet.goodwill.latest_reported,2016,2,222,6,0,0,0,155,61
financial.balance_sheet.goodwill.latest_reported,2016,3,29,0,0,0,0,13,16
financial.balance_sheet.goodwill.latest_reported,2016,4,199,0,0,0,0,29,170
financial.balance_sheet.goodwill.latest_reported,2016,7,3,0,0,3,0,0,0
financial.balance_sheet.goodwill.latest_reported,2017,1,22766,0,0,0,0,11225,11541
financial.balance_sheet.goodwill.latest_reported,2017,2,236,4,0,0,0,170,62
financial.balance_sheet.goodwill.latest_reported,2017,3,31,0,0,0,0,14,17
financial.balance_sheet.goodwill.latest_reported,2017,4,215,0,0,0,0,35,180
financial.balance_sheet.goodwill.latest_reported,2017,7,3,0,0,3,0,0,0
financial.balance_sheet.goodwill.latest_reported,2018,1,26849,6,0,0,0,12449,14394
financial.balance_sheet.goodwill.latest_reported,2018,2,283,4,0,0,0,210,69
financial.balance_sheet.goodwill.latest_reported,2018,3,40,0,0,0,0,19,21
financial.balance_sheet.goodwill.latest_reported,2018,4,270,0,0,0,0,49,221
financial.balance_sheet.goodwill.latest_reported,2018,7,2,0,0,2,0,0,0
financial.balance_sheet.goodwill.latest_reported,2019,1,24846,74,0,0,0,12084,12688
financial.balance_sheet.goodwill.latest_reported,2019,2,253,0,0,0,0,197,56
financial.balance_sheet.goodwill.latest_reported,2019,3,31,0,0,0,0,15,16
financial.balance_sheet.goodwill.latest_reported,2019,4,243,0,0,0,0,52,191
financial.balance_sheet.goodwill.latest_reported,2019,7,4,0,0,4,0,0,0
financial.balance_sheet.goodwill.latest_reported,2020,1,27645,92,0,0,0,14027,13526
financial.balance_sheet.goodwill.latest_reported,2020,2,280,0,0,0,0,216,64
financial.balance_sheet.goodwill.latest_reported,2020,3,36,0,0,0,0,21,15
financial.balance_sheet.goodwill.latest_reported,2020,4,254,0,0,0,0,53,201
financial.balance_sheet.goodwill.latest_reported,2020,7,3,0,0,3,0,0,0
financial.balance_sheet.goodwill.latest_reported,2021,1,27375,68,0,0,0,13886,13421
financial.balance_sheet.goodwill.latest_reported,2021,2,315,18,0,0,0,230,67
financial.balance_sheet.goodwill.latest_reported,2021,3,41,0,0,0,0,25,16
financial.balance_sheet.goodwill.latest_reported,2021,4,261,2,0,0,0,55,204
financial.balance_sheet.goodwill.latest_reported,2021,7,4,0,0,4,0,0,0
financial.balance_sheet.goodwill.latest_reported,2022,1,26394,2128,0,0,0,12419,11847
financial.balance_sheet.goodwill.latest_reported,2022,2,307,122,0,0,0,145,40
financial.balance_sheet.goodwill.latest_reported,2022,3,35,14,0,0,0,9,12
financial.balance_sheet.goodwill.latest_reported,2022,4,229,6,0,0,0,46,177
financial.balance_sheet.goodwill.latest_reported,2022,7,7,0,0,7,0,0,0
financial.balance_sheet.goodwill.latest_reported,2023,1,32691,558,0,0,0,16205,15928
financial.balance_sheet.goodwill.latest_reported,2023,2,335,128,0,0,0,153,54
financial.balance_sheet.goodwill.latest_reported,2023,3,37,24,0,0,0,6,7
financial.balance_sheet.goodwill.latest_reported,2023,4,278,4,0,0,0,41,233
financial.balance_sheet.goodwill.latest_reported,2023,7,8,0,0,8,0,0,0
financial.balance_sheet.goodwill.latest_reported,2024,1,21760,1854,0,0,0,10033,9873
financial.balance_sheet.goodwill.latest_reported,2024,2,260,134,0,0,0,100,26
financial.balance_sheet.goodwill.latest_reported,2024,3,29,14,0,0,0,7,8
financial.balance_sheet.goodwill.latest_reported,2024,4,186,6,0,0,0,28,152
financial.balance_sheet.goodwill.latest_reported,2024,7,8,0,0,8,0,0,0
financial.balance_sheet.goodwill.latest_reported,2025,1,22233,2244,0,0,0,10147,9842
financial.balance_sheet.goodwill.latest_reported,2025,2,257,132,0,0,0,94,31
financial.balance_sheet.goodwill.latest_reported,2025,3,31,22,0,0,0,6,3
financial.balance_sheet.goodwill.latest_reported,2025,4,182,0,0,0,0,32,150
financial.balance_sheet.goodwill.latest_reported,2025,7,13,0,0,13,0,0,0
financial.balance_sheet.goodwill.latest_reported,2026,1,10082,3695,0,0,0,3265,3122
financial.balance_sheet.goodwill.latest_reported,2026,2,116,84,0,0,0,23,9
financial.balance_sheet.goodwill.latest_reported,2026,3,13,10,0,0,0,2,1
financial.balance_sheet.goodwill.latest_reported,2026,4,86,32,0,0,0,11,43
financial.balance_sheet.goodwill.latest_reported,2026,7,6,0,0,6,0,0,0
financial.balance_sheet.inventories.latest_reported,1989,1,9,0,0,0,0,5,4
financial.balance_sheet.inventories.latest_reported,1989,2,1,0,0,0,0,1,0
financial.balance_sheet.inventories.latest_reported,1990,1,94,0,0,0,0,66,28
financial.balance_sheet.inventories.latest_reported,1990,2,1,0,0,0,0,1,0
financial.balance_sheet.inventories.latest_reported,1991,1,140,0,0,0,0,81,59
financial.balance_sheet.inventories.latest_reported,1991,2,1,0,0,0,0,1,0
financial.balance_sheet.inventories.latest_reported,1992,1,293,0,0,0,0,68,225
financial.balance_sheet.inventories.latest_reported,1992,2,1,0,0,0,0,1,0
financial.balance_sheet.inventories.latest_reported,1993,1,638,0,0,0,0,139,499
financial.balance_sheet.inventories.latest_reported,1993,2,1,0,0,0,0,0,1
financial.balance_sheet.inventories.latest_reported,1993,4,2,0,0,0,0,2,0
financial.balance_sheet.inventories.latest_reported,1994,1,1013,0,0,0,0,378,635
financial.balance_sheet.inventories.latest_reported,1994,2,2,0,0,0,0,1,1
financial.balance_sheet.inventories.latest_reported,1994,4,2,0,0,0,0,2,0
financial.balance_sheet.inventories.latest_reported,1995,1,1159,0,0,0,0,343,816
financial.balance_sheet.inventories.latest_reported,1995,2,2,0,0,0,0,0,2
financial.balance_sheet.inventories.latest_reported,1995,4,2,0,0,0,0,2,0
financial.balance_sheet.inventories.latest_reported,1996,1,1434,0,0,0,0,448,986
financial.balance_sheet.inventories.latest_reported,1996,2,3,0,0,0,0,1,2
financial.balance_sheet.inventories.latest_reported,1996,4,2,0,0,0,0,1,1
financial.balance_sheet.inventories.latest_reported,1997,1,1812,0,0,0,0,683,1129
financial.balance_sheet.inventories.latest_reported,1997,2,4,0,0,0,0,2,2
financial.balance_sheet.inventories.latest_reported,1997,4,2,0,0,0,0,1,1
financial.balance_sheet.inventories.latest_reported,1998,1,1952,0,0,0,0,8,1944
financial.balance_sheet.inventories.latest_reported,1998,2,4,0,0,0,0,2,2
financial.balance_sheet.inventories.latest_reported,1998,4,2,0,0,0,0,0,2
financial.balance_sheet.inventories.latest_reported,1999,1,2136,0,0,0,0,11,2125
financial.balance_sheet.inventories.latest_reported,1999,2,6,0,0,0,0,4,2
financial.balance_sheet.inventories.latest_reported,1999,4,3,0,0,0,0,1,2
financial.balance_sheet.inventories.latest_reported,2000,1,2351,0,0,0,0,15,2336
financial.balance_sheet.inventories.latest_reported,2000,2,9,0,0,0,0,8,1
financial.balance_sheet.inventories.latest_reported,2000,4,3,0,0,0,0,1,2
financial.balance_sheet.inventories.latest_reported,2001,1,2671,0,0,0,0,56,2615
financial.balance_sheet.inventories.latest_reported,2001,2,14,0,0,0,0,14,0
financial.balance_sheet.inventories.latest_reported,2001,4,3,0,0,0,0,1,2
financial.balance_sheet.inventories.latest_reported,2002,1,4946,0,0,0,0,176,4770
financial.balance_sheet.inventories.latest_reported,2002,2,24,0,0,0,0,24,0
financial.balance_sheet.inventories.latest_reported,2002,4,8,0,0,0,0,6,2
financial.balance_sheet.inventories.latest_reported,2003,1,5232,0,0,0,0,156,5076
financial.balance_sheet.inventories.latest_reported,2003,2,29,0,0,0,0,29,0
financial.balance_sheet.inventories.latest_reported,2003,3,2,0,0,0,0,2,0
financial.balance_sheet.inventories.latest_reported,2003,4,10,0,0,0,0,8,2
financial.balance_sheet.inventories.latest_reported,2004,1,5648,0,0,0,0,117,5531
financial.balance_sheet.inventories.latest_reported,2004,2,33,0,0,0,0,33,0
financial.balance_sheet.inventories.latest_reported,2004,3,3,0,0,0,0,3,0
financial.balance_sheet.inventories.latest_reported,2004,4,11,0,0,0,0,11,0
financial.balance_sheet.inventories.latest_reported,2005,1,7518,0,0,0,0,147,7371
financial.balance_sheet.inventories.latest_reported,2005,2,68,0,0,0,0,68,0
financial.balance_sheet.inventories.latest_reported,2005,3,10,0,0,0,0,10,0
financial.balance_sheet.inventories.latest_reported,2005,4,20,0,0,0,0,20,0
financial.balance_sheet.inventories.latest_reported,2006,1,9031,0,0,0,0,182,8849
financial.balance_sheet.inventories.latest_reported,2006,2,71,0,0,0,0,71,0
financial.balance_sheet.inventories.latest_reported,2006,3,9,0,0,0,0,9,0
financial.balance_sheet.inventories.latest_reported,2006,4,28,0,0,0,0,28,0
financial.balance_sheet.inventories.latest_reported,2007,1,12166,0,0,0,0,236,11930
financial.balance_sheet.inventories.latest_reported,2007,2,134,4,0,0,0,130,0
financial.balance_sheet.inventories.latest_reported,2007,3,22,0,0,0,0,22,0
financial.balance_sheet.inventories.latest_reported,2007,4,98,0,0,0,0,95,3
financial.balance_sheet.inventories.latest_reported,2008,1,13106,0,0,0,0,290,12816
financial.balance_sheet.inventories.latest_reported,2008,2,146,6,0,0,0,140,0
financial.balance_sheet.inventories.latest_reported,2008,3,25,2,0,0,0,23,0
financial.balance_sheet.inventories.latest_reported,2008,4,161,0,0,0,0,161,0
financial.balance_sheet.inventories.latest_reported,2009,1,10534,0,0,0,0,285,10249
financial.balance_sheet.inventories.latest_reported,2009,2,125,4,0,0,0,121,0
financial.balance_sheet.inventories.latest_reported,2009,3,19,2,0,0,0,17,0
financial.balance_sheet.inventories.latest_reported,2009,4,134,0,0,0,0,134,0
financial.balance_sheet.inventories.latest_reported,2010,1,13659,0,0,0,0,404,13255
financial.balance_sheet.inventories.latest_reported,2010,2,151,12,0,0,0,139,0
financial.balance_sheet.inventories.latest_reported,2010,3,19,6,0,0,0,11,2
financial.balance_sheet.inventories.latest_reported,2010,4,182,0,0,0,0,182,0
financial.balance_sheet.inventories.latest_reported,2011,1,15788,0,0,0,0,460,15328
financial.balance_sheet.inventories.latest_reported,2011,2,156,14,0,0,0,142,0
financial.balance_sheet.inventories.latest_reported,2011,3,23,10,0,0,0,13,0
financial.balance_sheet.inventories.latest_reported,2011,4,170,0,0,0,0,170,0
financial.balance_sheet.inventories.latest_reported,2012,1,19490,0,0,0,0,559,18931
financial.balance_sheet.inventories.latest_reported,2012,2,177,8,0,0,0,169,0
financial.balance_sheet.inventories.latest_reported,2012,3,29,18,0,0,0,9,2
financial.balance_sheet.inventories.latest_reported,2012,4,220,2,0,0,0,218,0
financial.balance_sheet.inventories.latest_reported,2012,7,1,0,0,1,0,0,0
financial.balance_sheet.inventories.latest_reported,2013,1,17719,0,0,0,0,538,17181
financial.balance_sheet.inventories.latest_reported,2013,2,155,10,0,0,0,145,0
financial.balance_sheet.inventories.latest_reported,2013,3,28,16,0,0,0,6,6
financial.balance_sheet.inventories.latest_reported,2013,4,196,4,0,0,0,192,0
financial.balance_sheet.inventories.latest_reported,2013,7,1,0,0,1,0,0,0
financial.balance_sheet.inventories.latest_reported,2014,1,18669,0,0,0,0,538,18131
financial.balance_sheet.inventories.latest_reported,2014,2,160,10,0,0,0,150,0
financial.balance_sheet.inventories.latest_reported,2014,3,28,14,0,0,0,10,4
financial.balance_sheet.inventories.latest_reported,2014,4,189,2,0,0,0,186,1
financial.balance_sheet.inventories.latest_reported,2014,7,2,0,0,2,0,0,0
financial.balance_sheet.inventories.latest_reported,2015,1,16787,0,0,0,0,513,16274
financial.balance_sheet.inventories.latest_reported,2015,2,159,4,0,0,0,155,0
financial.balance_sheet.inventories.latest_reported,2015,3,23,2,0,0,0,21,0
financial.balance_sheet.inventories.latest_reported,2015,4,171,0,0,0,0,171,0
financial.balance_sheet.inventories.latest_reported,2015,7,2,0,0,2,0,0,0
financial.balance_sheet.inventories.latest_reported,2016,1,21094,0,0,0,0,605,20489
financial.balance_sheet.inventories.latest_reported,2016,2,222,6,0,0,0,216,0
financial.balance_sheet.inventories.latest_reported,2016,3,29,0,0,0,0,29,0
financial.balance_sheet.inventories.latest_reported,2016,4,199,0,0,0,0,199,0
financial.balance_sheet.inventories.latest_reported,2016,7,3,0,0,3,0,0,0
financial.balance_sheet.inventories.latest_reported,2017,1,22766,0,0,0,0,579,22187
financial.balance_sheet.inventories.latest_reported,2017,2,236,4,0,0,0,232,0
financial.balance_sheet.inventories.latest_reported,2017,3,31,0,0,0,0,31,0
financial.balance_sheet.inventories.latest_reported,2017,4,215,0,0,0,0,215,0
financial.balance_sheet.inventories.latest_reported,2017,7,3,0,0,3,0,0,0
financial.balance_sheet.inventories.latest_reported,2018,1,26849,6,0,0,0,574,26269
financial.balance_sheet.inventories.latest_reported,2018,2,283,4,0,0,0,279,0
financial.balance_sheet.inventories.latest_reported,2018,3,40,0,0,0,0,40,0
financial.balance_sheet.inventories.latest_reported,2018,4,270,0,0,0,0,270,0
financial.balance_sheet.inventories.latest_reported,2018,7,2,0,0,2,0,0,0
financial.balance_sheet.inventories.latest_reported,2019,1,24846,74,0,0,0,551,24221
financial.balance_sheet.inventories.latest_reported,2019,2,253,0,0,0,0,253,0
financial.balance_sheet.inventories.latest_reported,2019,3,31,0,0,0,0,31,0
financial.balance_sheet.inventories.latest_reported,2019,4,243,0,0,0,0,243,0
financial.balance_sheet.inventories.latest_reported,2019,7,4,0,0,4,0,0,0
financial.balance_sheet.inventories.latest_reported,2020,1,27645,92,0,0,0,549,27004
financial.balance_sheet.inventories.latest_reported,2020,2,280,0,0,0,0,280,0
financial.balance_sheet.inventories.latest_reported,2020,3,36,0,0,0,0,36,0
financial.balance_sheet.inventories.latest_reported,2020,4,254,0,0,0,0,254,0
financial.balance_sheet.inventories.latest_reported,2020,7,3,0,0,3,0,0,0
financial.balance_sheet.inventories.latest_reported,2021,1,27375,68,0,0,0,450,26857
financial.balance_sheet.inventories.latest_reported,2021,2,315,18,0,0,0,297,0
financial.balance_sheet.inventories.latest_reported,2021,3,41,0,0,0,0,41,0
financial.balance_sheet.inventories.latest_reported,2021,4,261,2,0,0,0,259,0
financial.balance_sheet.inventories.latest_reported,2021,7,4,0,0,4,0,0,0
financial.balance_sheet.inventories.latest_reported,2022,1,26394,2128,0,0,0,435,23831
financial.balance_sheet.inventories.latest_reported,2022,2,307,122,0,0,0,185,0
financial.balance_sheet.inventories.latest_reported,2022,3,35,14,0,0,0,21,0
financial.balance_sheet.inventories.latest_reported,2022,4,229,6,0,0,0,223,0
financial.balance_sheet.inventories.latest_reported,2022,7,7,0,0,7,0,0,0
financial.balance_sheet.inventories.latest_reported,2023,1,32691,558,0,0,0,511,31622
financial.balance_sheet.inventories.latest_reported,2023,2,335,128,0,0,0,207,0
financial.balance_sheet.inventories.latest_reported,2023,3,37,24,0,0,0,13,0
financial.balance_sheet.inventories.latest_reported,2023,4,278,4,0,0,0,274,0
financial.balance_sheet.inventories.latest_reported,2023,7,8,0,0,8,0,0,0
financial.balance_sheet.inventories.latest_reported,2024,1,21760,1854,0,0,0,276,19630
financial.balance_sheet.inventories.latest_reported,2024,2,260,134,0,0,0,126,0
financial.balance_sheet.inventories.latest_reported,2024,3,29,14,0,0,0,15,0
financial.balance_sheet.inventories.latest_reported,2024,4,186,6,0,0,0,180,0
financial.balance_sheet.inventories.latest_reported,2024,7,8,0,0,8,0,0,0
financial.balance_sheet.inventories.latest_reported,2025,1,22233,2244,0,0,0,281,19708
financial.balance_sheet.inventories.latest_reported,2025,2,257,132,0,0,0,125,0
financial.balance_sheet.inventories.latest_reported,2025,3,31,22,0,0,0,9,0
financial.balance_sheet.inventories.latest_reported,2025,4,182,0,0,0,0,182,0
financial.balance_sheet.inventories.latest_reported,2025,7,13,0,0,13,0,0,0
financial.balance_sheet.inventories.latest_reported,2026,1,10082,3695,0,0,0,81,6306
financial.balance_sheet.inventories.latest_reported,2026,2,116,84,0,0,0,32,0
financial.balance_sheet.inventories.latest_reported,2026,3,13,10,0,0,0,3,0
financial.balance_sheet.inventories.latest_reported,2026,4,86,32,0,0,0,54,0
financial.balance_sheet.inventories.latest_reported,2026,7,6,0,0,6,0,0,0
financial.balance_sheet.long_term_borrowings.latest_reported,1989,1,9,0,0,0,0,9,0
financial.balance_sheet.long_term_borrowings.latest_reported,1989,2,1,0,0,0,0,1,0
financial.balance_sheet.long_term_borrowings.latest_reported,1990,1,94,0,0,0,0,67,27
financial.balance_sheet.long_term_borrowings.latest_reported,1990,2,1,0,0,0,0,1,0
financial.balance_sheet.long_term_borrowings.latest_reported,1991,1,140,0,0,0,0,97,43
financial.balance_sheet.long_term_borrowings.latest_reported,1991,2,1,0,0,0,0,1,0
financial.balance_sheet.long_term_borrowings.latest_reported,1992,1,293,0,0,0,0,130,163
financial.balance_sheet.long_term_borrowings.latest_reported,1992,2,1,0,0,0,0,1,0
financial.balance_sheet.long_term_borrowings.latest_reported,1993,1,638,0,0,0,0,272,366
financial.balance_sheet.long_term_borrowings.latest_reported,1993,2,1,0,0,0,0,1,0
financial.balance_sheet.long_term_borrowings.latest_reported,1993,4,2,0,0,0,0,2,0
financial.balance_sheet.long_term_borrowings.latest_reported,1994,1,1013,0,0,0,0,557,456
financial.balance_sheet.long_term_borrowings.latest_reported,1994,2,2,0,0,0,0,2,0
financial.balance_sheet.long_term_borrowings.latest_reported,1994,4,2,0,0,0,0,2,0
financial.balance_sheet.long_term_borrowings.latest_reported,1995,1,1159,0,0,0,0,541,618
financial.balance_sheet.long_term_borrowings.latest_reported,1995,2,2,0,0,0,0,2,0
financial.balance_sheet.long_term_borrowings.latest_reported,1995,4,2,0,0,0,0,2,0
financial.balance_sheet.long_term_borrowings.latest_reported,1996,1,1434,0,0,0,0,722,712
financial.balance_sheet.long_term_borrowings.latest_reported,1996,2,3,0,0,0,0,3,0
financial.balance_sheet.long_term_borrowings.latest_reported,1996,4,2,0,0,0,0,2,0
financial.balance_sheet.long_term_borrowings.latest_reported,1997,1,1812,0,0,0,0,1028,784
financial.balance_sheet.long_term_borrowings.latest_reported,1997,2,4,0,0,0,0,3,1
financial.balance_sheet.long_term_borrowings.latest_reported,1997,4,2,0,0,0,0,2,0
financial.balance_sheet.long_term_borrowings.latest_reported,1998,1,1952,0,0,0,0,607,1345
financial.balance_sheet.long_term_borrowings.latest_reported,1998,2,4,0,0,0,0,2,2
financial.balance_sheet.long_term_borrowings.latest_reported,1998,4,2,0,0,0,0,2,0
financial.balance_sheet.long_term_borrowings.latest_reported,1999,1,2136,0,0,0,0,721,1415
financial.balance_sheet.long_term_borrowings.latest_reported,1999,2,6,0,0,0,0,5,1
financial.balance_sheet.long_term_borrowings.latest_reported,1999,4,3,0,0,0,0,3,0
financial.balance_sheet.long_term_borrowings.latest_reported,2000,1,2351,0,0,0,0,827,1524
financial.balance_sheet.long_term_borrowings.latest_reported,2000,2,9,0,0,0,0,8,1
financial.balance_sheet.long_term_borrowings.latest_reported,2000,4,3,0,0,0,0,1,2
financial.balance_sheet.long_term_borrowings.latest_reported,2001,1,2671,0,0,0,0,986,1685
financial.balance_sheet.long_term_borrowings.latest_reported,2001,2,14,0,0,0,0,12,2
financial.balance_sheet.long_term_borrowings.latest_reported,2001,4,3,0,0,0,0,1,2
financial.balance_sheet.long_term_borrowings.latest_reported,2002,1,4946,0,0,0,0,1890,3056
financial.balance_sheet.long_term_borrowings.latest_reported,2002,2,24,0,0,0,0,23,1
financial.balance_sheet.long_term_borrowings.latest_reported,2002,4,8,0,0,0,0,4,4
financial.balance_sheet.long_term_borrowings.latest_reported,2003,1,5232,0,0,0,0,1949,3283
financial.balance_sheet.long_term_borrowings.latest_reported,2003,2,29,0,0,0,0,29,0
financial.balance_sheet.long_term_borrowings.latest_reported,2003,3,2,0,0,0,0,2,0
financial.balance_sheet.long_term_borrowings.latest_reported,2003,4,10,0,0,0,0,6,4
financial.balance_sheet.long_term_borrowings.latest_reported,2004,1,5648,0,0,0,0,2122,3526
financial.balance_sheet.long_term_borrowings.latest_reported,2004,2,33,0,0,0,0,33,0
financial.balance_sheet.long_term_borrowings.latest_reported,2004,3,3,0,0,0,0,3,0
financial.balance_sheet.long_term_borrowings.latest_reported,2004,4,11,0,0,0,0,7,4
financial.balance_sheet.long_term_borrowings.latest_reported,2005,1,7518,0,0,0,0,3003,4515
financial.balance_sheet.long_term_borrowings.latest_reported,2005,2,68,0,0,0,0,66,2
financial.balance_sheet.long_term_borrowings.latest_reported,2005,3,10,0,0,0,0,8,2
financial.balance_sheet.long_term_borrowings.latest_reported,2005,4,20,0,0,0,0,18,2
financial.balance_sheet.long_term_borrowings.latest_reported,2006,1,9031,0,0,0,0,3570,5461
financial.balance_sheet.long_term_borrowings.latest_reported,2006,2,71,0,0,0,0,70,1
financial.balance_sheet.long_term_borrowings.latest_reported,2006,3,9,0,0,0,0,6,3
financial.balance_sheet.long_term_borrowings.latest_reported,2006,4,28,0,0,0,0,23,5
financial.balance_sheet.long_term_borrowings.latest_reported,2007,1,12166,0,0,0,0,5049,7117
financial.balance_sheet.long_term_borrowings.latest_reported,2007,2,134,4,0,0,0,128,2
financial.balance_sheet.long_term_borrowings.latest_reported,2007,3,22,0,0,0,0,15,7
financial.balance_sheet.long_term_borrowings.latest_reported,2007,4,98,0,0,0,0,93,5
financial.balance_sheet.long_term_borrowings.latest_reported,2008,1,13106,0,0,0,0,5773,7333
financial.balance_sheet.long_term_borrowings.latest_reported,2008,2,146,6,0,0,0,140,0
financial.balance_sheet.long_term_borrowings.latest_reported,2008,3,25,2,0,0,0,14,9
financial.balance_sheet.long_term_borrowings.latest_reported,2008,4,161,0,0,0,0,155,6
financial.balance_sheet.long_term_borrowings.latest_reported,2009,1,10534,0,0,0,0,4620,5914
financial.balance_sheet.long_term_borrowings.latest_reported,2009,2,125,4,0,0,0,118,3
financial.balance_sheet.long_term_borrowings.latest_reported,2009,3,19,2,0,0,0,10,7
financial.balance_sheet.long_term_borrowings.latest_reported,2009,4,134,0,0,0,0,127,7
financial.balance_sheet.long_term_borrowings.latest_reported,2010,1,13659,0,0,0,0,6110,7549
financial.balance_sheet.long_term_borrowings.latest_reported,2010,2,151,12,0,0,0,137,2
financial.balance_sheet.long_term_borrowings.latest_reported,2010,3,19,6,0,0,0,7,6
financial.balance_sheet.long_term_borrowings.latest_reported,2010,4,182,0,0,0,0,173,9
financial.balance_sheet.long_term_borrowings.latest_reported,2011,1,15788,0,0,0,0,7760,8028
financial.balance_sheet.long_term_borrowings.latest_reported,2011,2,156,14,0,0,0,142,0
financial.balance_sheet.long_term_borrowings.latest_reported,2011,3,23,10,0,0,0,7,6
financial.balance_sheet.long_term_borrowings.latest_reported,2011,4,170,0,0,0,0,157,13
financial.balance_sheet.long_term_borrowings.latest_reported,2012,1,19490,0,0,0,0,9128,10362
financial.balance_sheet.long_term_borrowings.latest_reported,2012,2,177,8,0,0,0,169,0
financial.balance_sheet.long_term_borrowings.latest_reported,2012,3,29,18,0,0,0,4,7
financial.balance_sheet.long_term_borrowings.latest_reported,2012,4,220,2,0,0,0,202,16
financial.balance_sheet.long_term_borrowings.latest_reported,2012,7,1,0,0,1,0,0,0
financial.balance_sheet.long_term_borrowings.latest_reported,2013,1,17719,0,0,0,0,8859,8860
financial.balance_sheet.long_term_borrowings.latest_reported,2013,2,155,10,0,0,0,145,0
financial.balance_sheet.long_term_borrowings.latest_reported,2013,3,28,16,0,0,0,5,7
financial.balance_sheet.long_term_borrowings.latest_reported,2013,4,196,4,0,0,0,170,22
financial.balance_sheet.long_term_borrowings.latest_reported,2013,7,1,0,0,1,0,0,0
financial.balance_sheet.long_term_borrowings.latest_reported,2014,1,18669,0,0,0,0,9276,9393
financial.balance_sheet.long_term_borrowings.latest_reported,2014,2,160,10,0,0,0,150,0
financial.balance_sheet.long_term_borrowings.latest_reported,2014,3,28,14,0,0,0,3,11
financial.balance_sheet.long_term_borrowings.latest_reported,2014,4,189,2,0,0,0,137,50
financial.balance_sheet.long_term_borrowings.latest_reported,2014,7,2,0,0,2,0,0,0
financial.balance_sheet.long_term_borrowings.latest_reported,2015,1,16787,0,0,0,0,8411,8376
financial.balance_sheet.long_term_borrowings.latest_reported,2015,2,159,4,0,0,0,155,0
financial.balance_sheet.long_term_borrowings.latest_reported,2015,3,23,2,0,0,0,6,15
financial.balance_sheet.long_term_borrowings.latest_reported,2015,4,171,0,0,0,0,109,62
financial.balance_sheet.long_term_borrowings.latest_reported,2015,7,2,0,0,2,0,0,0
financial.balance_sheet.long_term_borrowings.latest_reported,2016,1,21094,0,0,0,0,10534,10560
financial.balance_sheet.long_term_borrowings.latest_reported,2016,2,222,6,0,0,0,216,0
financial.balance_sheet.long_term_borrowings.latest_reported,2016,3,29,0,0,0,0,17,12
financial.balance_sheet.long_term_borrowings.latest_reported,2016,4,199,0,0,0,0,135,64
financial.balance_sheet.long_term_borrowings.latest_reported,2016,7,3,0,0,3,0,0,0
financial.balance_sheet.long_term_borrowings.latest_reported,2017,1,22766,0,0,0,0,11198,11568
financial.balance_sheet.long_term_borrowings.latest_reported,2017,2,236,4,0,0,0,232,0
financial.balance_sheet.long_term_borrowings.latest_reported,2017,3,31,0,0,0,0,19,12
financial.balance_sheet.long_term_borrowings.latest_reported,2017,4,215,0,0,0,0,145,70
financial.balance_sheet.long_term_borrowings.latest_reported,2017,7,3,0,0,3,0,0,0
financial.balance_sheet.long_term_borrowings.latest_reported,2018,1,26849,6,0,0,0,12699,14144
financial.balance_sheet.long_term_borrowings.latest_reported,2018,2,283,4,0,0,0,279,0
financial.balance_sheet.long_term_borrowings.latest_reported,2018,3,40,0,0,0,0,25,15
financial.balance_sheet.long_term_borrowings.latest_reported,2018,4,270,0,0,0,0,185,85
financial.balance_sheet.long_term_borrowings.latest_reported,2018,7,2,0,0,2,0,0,0
financial.balance_sheet.long_term_borrowings.latest_reported,2019,1,24846,74,0,0,0,11849,12923
financial.balance_sheet.long_term_borrowings.latest_reported,2019,2,253,0,0,0,0,253,0
financial.balance_sheet.long_term_borrowings.latest_reported,2019,3,31,0,0,0,0,15,16
financial.balance_sheet.long_term_borrowings.latest_reported,2019,4,243,0,0,0,0,160,83
financial.balance_sheet.long_term_borrowings.latest_reported,2019,7,4,0,0,4,0,0,0
financial.balance_sheet.long_term_borrowings.latest_reported,2020,1,27645,92,0,0,0,13252,14301
financial.balance_sheet.long_term_borrowings.latest_reported,2020,2,280,0,0,0,0,280,0
financial.balance_sheet.long_term_borrowings.latest_reported,2020,3,36,0,0,0,0,21,15
financial.balance_sheet.long_term_borrowings.latest_reported,2020,4,254,0,0,0,0,172,82
financial.balance_sheet.long_term_borrowings.latest_reported,2020,7,3,0,0,3,0,0,0
financial.balance_sheet.long_term_borrowings.latest_reported,2021,1,27375,68,0,0,0,12886,14421
financial.balance_sheet.long_term_borrowings.latest_reported,2021,2,315,18,0,0,0,297,0
financial.balance_sheet.long_term_borrowings.latest_reported,2021,3,41,0,0,0,0,27,14
financial.balance_sheet.long_term_borrowings.latest_reported,2021,4,261,2,0,0,0,185,74
financial.balance_sheet.long_term_borrowings.latest_reported,2021,7,4,0,0,4,0,0,0
financial.balance_sheet.long_term_borrowings.latest_reported,2022,1,26394,2128,0,0,0,10767,13499
financial.balance_sheet.long_term_borrowings.latest_reported,2022,2,307,122,0,0,0,185,0
financial.balance_sheet.long_term_borrowings.latest_reported,2022,3,35,14,0,0,0,11,10
financial.balance_sheet.long_term_borrowings.latest_reported,2022,4,229,6,0,0,0,168,55
financial.balance_sheet.long_term_borrowings.latest_reported,2022,7,7,0,0,7,0,0,0
financial.balance_sheet.long_term_borrowings.latest_reported,2023,1,32691,558,0,0,0,13381,18752
financial.balance_sheet.long_term_borrowings.latest_reported,2023,2,335,128,0,0,0,207,0
financial.balance_sheet.long_term_borrowings.latest_reported,2023,3,37,24,0,0,0,6,7
financial.balance_sheet.long_term_borrowings.latest_reported,2023,4,278,4,0,0,0,210,64
financial.balance_sheet.long_term_borrowings.latest_reported,2023,7,8,0,0,8,0,0,0
financial.balance_sheet.long_term_borrowings.latest_reported,2024,1,21760,1854,0,0,0,8132,11774
financial.balance_sheet.long_term_borrowings.latest_reported,2024,2,260,134,0,0,0,126,0
financial.balance_sheet.long_term_borrowings.latest_reported,2024,3,29,14,0,0,0,8,7
financial.balance_sheet.long_term_borrowings.latest_reported,2024,4,186,6,0,0,0,141,39
financial.balance_sheet.long_term_borrowings.latest_reported,2024,7,8,0,0,8,0,0,0
financial.balance_sheet.long_term_borrowings.latest_reported,2025,1,22233,2244,0,0,0,7630,12359
financial.balance_sheet.long_term_borrowings.latest_reported,2025,2,257,132,0,0,0,125,0
financial.balance_sheet.long_term_borrowings.latest_reported,2025,3,31,22,0,0,0,6,3
financial.balance_sheet.long_term_borrowings.latest_reported,2025,4,182,0,0,0,0,144,38
financial.balance_sheet.long_term_borrowings.latest_reported,2025,7,13,0,0,13,0,0,0
financial.balance_sheet.long_term_borrowings.latest_reported,2026,1,10082,3695,0,0,0,2453,3934
financial.balance_sheet.long_term_borrowings.latest_reported,2026,2,116,84,0,0,0,32,0
financial.balance_sheet.long_term_borrowings.latest_reported,2026,3,13,10,0,0,0,2,1
financial.balance_sheet.long_term_borrowings.latest_reported,2026,4,86,32,0,0,0,44,10
financial.balance_sheet.long_term_borrowings.latest_reported,2026,7,6,0,0,6,0,0,0
financial.balance_sheet.monetary_funds.latest_reported,1989,1,9,0,0,0,0,5,4
financial.balance_sheet.monetary_funds.latest_reported,1989,2,1,0,0,0,0,0,1
financial.balance_sheet.monetary_funds.latest_reported,1990,1,94,0,0,0,0,53,41
financial.balance_sheet.monetary_funds.latest_reported,1990,2,1,0,0,0,0,0,1
financial.balance_sheet.monetary_funds.latest_reported,1991,1,140,0,0,0,0,75,65
financial.balance_sheet.monetary_funds.latest_reported,1991,2,1,0,0,0,0,0,1
financial.balance_sheet.monetary_funds.latest_reported,1992,1,293,0,0,0,0,77,216
financial.balance_sheet.monetary_funds.latest_reported,1992,2,1,0,0,0,0,0,1
financial.balance_sheet.monetary_funds.latest_reported,1993,1,638,0,0,0,0,138,500
financial.balance_sheet.monetary_funds.latest_reported,1993,2,1,0,0,0,0,0,1
financial.balance_sheet.monetary_funds.latest_reported,1993,4,2,0,0,0,0,0,2
financial.balance_sheet.monetary_funds.latest_reported,1994,1,1013,0,0,0,0,367,646
financial.balance_sheet.monetary_funds.latest_reported,1994,2,2,0,0,0,0,0,2
financial.balance_sheet.monetary_funds.latest_reported,1994,4,2,0,0,0,0,1,1
financial.balance_sheet.monetary_funds.latest_reported,1995,1,1159,0,0,0,0,335,824
financial.balance_sheet.monetary_funds.latest_reported,1995,2,2,0,0,0,0,0,2
financial.balance_sheet.monetary_funds.latest_reported,1995,4,2,0,0,0,0,1,1
financial.balance_sheet.monetary_funds.latest_reported,1996,1,1434,0,0,0,0,442,992
financial.balance_sheet.monetary_funds.latest_reported,1996,2,3,0,0,0,0,0,3
financial.balance_sheet.monetary_funds.latest_reported,1996,4,2,0,0,0,0,1,1
financial.balance_sheet.monetary_funds.latest_reported,1997,1,1812,0,0,0,0,676,1136
financial.balance_sheet.monetary_funds.latest_reported,1997,2,4,0,0,0,0,0,4
financial.balance_sheet.monetary_funds.latest_reported,1997,4,2,0,0,0,0,1,1
financial.balance_sheet.monetary_funds.latest_reported,1998,1,1952,0,0,0,0,1,1951
financial.balance_sheet.monetary_funds.latest_reported,1998,2,4,0,0,0,0,0,4
financial.balance_sheet.monetary_funds.latest_reported,1998,4,2,0,0,0,0,0,2
financial.balance_sheet.monetary_funds.latest_reported,1999,1,2136,0,0,0,0,1,2135
financial.balance_sheet.monetary_funds.latest_reported,1999,2,6,0,0,0,0,0,6
financial.balance_sheet.monetary_funds.latest_reported,1999,4,3,0,0,0,0,0,3
financial.balance_sheet.monetary_funds.latest_reported,2000,1,2351,0,0,0,0,1,2350
financial.balance_sheet.monetary_funds.latest_reported,2000,2,9,0,0,0,0,0,9
financial.balance_sheet.monetary_funds.latest_reported,2000,4,3,0,0,0,0,0,3
financial.balance_sheet.monetary_funds.latest_reported,2001,1,2671,0,0,0,0,37,2634
financial.balance_sheet.monetary_funds.latest_reported,2001,2,14,0,0,0,0,0,14
financial.balance_sheet.monetary_funds.latest_reported,2001,4,3,0,0,0,0,0,3
financial.balance_sheet.monetary_funds.latest_reported,2002,1,4946,0,0,0,0,169,4777
financial.balance_sheet.monetary_funds.latest_reported,2002,2,24,0,0,0,0,1,23
financial.balance_sheet.monetary_funds.latest_reported,2002,4,8,0,0,0,0,0,8
financial.balance_sheet.monetary_funds.latest_reported,2003,1,5232,0,0,0,0,118,5114
financial.balance_sheet.monetary_funds.latest_reported,2003,2,29,0,0,0,0,4,25
financial.balance_sheet.monetary_funds.latest_reported,2003,3,2,0,0,0,0,0,2
financial.balance_sheet.monetary_funds.latest_reported,2003,4,10,0,0,0,0,0,10
financial.balance_sheet.monetary_funds.latest_reported,2004,1,5648,0,0,0,0,56,5592
financial.balance_sheet.monetary_funds.latest_reported,2004,2,33,0,0,0,0,10,23
financial.balance_sheet.monetary_funds.latest_reported,2004,3,3,0,0,0,0,0,3
financial.balance_sheet.monetary_funds.latest_reported,2004,4,11,0,0,0,0,0,11
financial.balance_sheet.monetary_funds.latest_reported,2005,1,7518,0,0,0,0,58,7460
financial.balance_sheet.monetary_funds.latest_reported,2005,2,68,0,0,0,0,49,19
financial.balance_sheet.monetary_funds.latest_reported,2005,3,10,0,0,0,0,0,10
financial.balance_sheet.monetary_funds.latest_reported,2005,4,20,0,0,0,0,2,18
financial.balance_sheet.monetary_funds.latest_reported,2006,1,9031,0,0,0,0,74,8957
financial.balance_sheet.monetary_funds.latest_reported,2006,2,71,0,0,0,0,57,14
financial.balance_sheet.monetary_funds.latest_reported,2006,3,9,0,0,0,0,0,9
financial.balance_sheet.monetary_funds.latest_reported,2006,4,28,0,0,0,0,1,27
financial.balance_sheet.monetary_funds.latest_reported,2007,1,12166,0,0,0,0,30,12136
financial.balance_sheet.monetary_funds.latest_reported,2007,2,134,4,0,0,0,128,2
financial.balance_sheet.monetary_funds.latest_reported,2007,3,22,0,0,0,0,0,22
financial.balance_sheet.monetary_funds.latest_reported,2007,4,98,0,0,0,0,4,94
financial.balance_sheet.monetary_funds.latest_reported,2008,1,13106,0,0,0,0,36,13070
financial.balance_sheet.monetary_funds.latest_reported,2008,2,146,6,0,0,0,140,0
financial.balance_sheet.monetary_funds.latest_reported,2008,3,25,2,0,0,0,0,23
financial.balance_sheet.monetary_funds.latest_reported,2008,4,161,0,0,0,0,2,159
financial.balance_sheet.monetary_funds.latest_reported,2009,1,10534,0,0,0,0,47,10487
financial.balance_sheet.monetary_funds.latest_reported,2009,2,125,4,0,0,0,117,4
financial.balance_sheet.monetary_funds.latest_reported,2009,3,19,2,0,0,0,0,17
financial.balance_sheet.monetary_funds.latest_reported,2009,4,134,0,0,0,0,2,132
financial.balance_sheet.monetary_funds.latest_reported,2010,1,13659,0,0,0,0,82,13577
financial.balance_sheet.monetary_funds.latest_reported,2010,2,151,12,0,0,0,135,4
financial.balance_sheet.monetary_funds.latest_reported,2010,3,19,6,0,0,0,0,13
financial.balance_sheet.monetary_funds.latest_reported,2010,4,182,0,0,0,0,2,180
financial.balance_sheet.monetary_funds.latest_reported,2011,1,15788,0,0,0,0,85,15703
financial.balance_sheet.monetary_funds.latest_reported,2011,2,156,14,0,0,0,142,0
financial.balance_sheet.monetary_funds.latest_reported,2011,3,23,10,0,0,0,0,13
financial.balance_sheet.monetary_funds.latest_reported,2011,4,170,0,0,0,0,3,167
financial.balance_sheet.monetary_funds.latest_reported,2012,1,19490,0,0,0,0,154,19336
financial.balance_sheet.monetary_funds.latest_reported,2012,2,177,8,0,0,0,169,0
financial.balance_sheet.monetary_funds.latest_reported,2012,3,29,18,0,0,0,0,11
financial.balance_sheet.monetary_funds.latest_reported,2012,4,220,2,0,0,0,3,215
financial.balance_sheet.monetary_funds.latest_reported,2012,7,1,0,0,1,0,0,0
financial.balance_sheet.monetary_funds.latest_reported,2013,1,17719,0,0,0,0,174,17545
financial.balance_sheet.monetary_funds.latest_reported,2013,2,155,10,0,0,0,145,0
financial.balance_sheet.monetary_funds.latest_reported,2013,3,28,16,0,0,0,0,12
financial.balance_sheet.monetary_funds.latest_reported,2013,4,196,4,0,0,0,4,188
financial.balance_sheet.monetary_funds.latest_reported,2013,7,1,0,0,1,0,0,0
financial.balance_sheet.monetary_funds.latest_reported,2014,1,18669,0,0,0,0,175,18494
financial.balance_sheet.monetary_funds.latest_reported,2014,2,160,10,0,0,0,150,0
financial.balance_sheet.monetary_funds.latest_reported,2014,3,28,14,0,0,0,0,14
financial.balance_sheet.monetary_funds.latest_reported,2014,4,189,2,0,0,0,4,183
financial.balance_sheet.monetary_funds.latest_reported,2014,7,2,0,0,2,0,0,0
financial.balance_sheet.monetary_funds.latest_reported,2015,1,16787,0,0,0,0,180,16607
financial.balance_sheet.monetary_funds.latest_reported,2015,2,159,4,0,0,0,155,0
financial.balance_sheet.monetary_funds.latest_reported,2015,3,23,2,0,0,0,0,21
financial.balance_sheet.monetary_funds.latest_reported,2015,4,171,0,0,0,0,2,169
financial.balance_sheet.monetary_funds.latest_reported,2015,7,2,0,0,2,0,0,0
financial.balance_sheet.monetary_funds.latest_reported,2016,1,21094,0,0,0,0,146,20948
financial.balance_sheet.monetary_funds.latest_reported,2016,2,222,6,0,0,0,216,0
financial.balance_sheet.monetary_funds.latest_reported,2016,3,29,0,0,0,0,0,29
financial.balance_sheet.monetary_funds.latest_reported,2016,4,199,0,0,0,0,4,195
financial.balance_sheet.monetary_funds.latest_reported,2016,7,3,0,0,3,0,0,0
financial.balance_sheet.monetary_funds.latest_reported,2017,1,22766,0,0,0,0,114,22652
financial.balance_sheet.monetary_funds.latest_reported,2017,2,236,4,0,0,0,232,0
financial.balance_sheet.monetary_funds.latest_reported,2017,3,31,0,0,0,0,0,31
financial.balance_sheet.monetary_funds.latest_reported,2017,4,215,0,0,0,0,1,214
financial.balance_sheet.monetary_funds.latest_reported,2017,7,3,0,0,3,0,0,0
financial.balance_sheet.monetary_funds.latest_reported,2018,1,26849,6,0,0,0,73,26770
financial.balance_sheet.monetary_funds.latest_reported,2018,2,283,4,0,0,0,279,0
financial.balance_sheet.monetary_funds.latest_reported,2018,3,40,0,0,0,0,0,40
financial.balance_sheet.monetary_funds.latest_reported,2018,4,270,0,0,0,0,3,267
financial.balance_sheet.monetary_funds.latest_reported,2018,7,2,0,0,2,0,0,0
financial.balance_sheet.monetary_funds.latest_reported,2019,1,24846,74,0,0,0,70,24702
financial.balance_sheet.monetary_funds.latest_reported,2019,2,253,0,0,0,0,253,0
financial.balance_sheet.monetary_funds.latest_reported,2019,3,31,0,0,0,0,0,31
financial.balance_sheet.monetary_funds.latest_reported,2019,4,243,0,0,0,0,2,241
financial.balance_sheet.monetary_funds.latest_reported,2019,7,4,0,0,4,0,0,0
financial.balance_sheet.monetary_funds.latest_reported,2020,1,27645,92,0,0,0,25,27528
financial.balance_sheet.monetary_funds.latest_reported,2020,2,280,0,0,0,0,280,0
financial.balance_sheet.monetary_funds.latest_reported,2020,3,36,0,0,0,0,0,36
financial.balance_sheet.monetary_funds.latest_reported,2020,4,254,0,0,0,0,0,254
financial.balance_sheet.monetary_funds.latest_reported,2020,7,3,0,0,3,0,0,0
financial.balance_sheet.monetary_funds.latest_reported,2021,1,27375,68,0,0,0,11,27296
financial.balance_sheet.monetary_funds.latest_reported,2021,2,315,18,0,0,0,297,0
financial.balance_sheet.monetary_funds.latest_reported,2021,3,41,0,0,0,0,0,41
financial.balance_sheet.monetary_funds.latest_reported,2021,4,261,2,0,0,0,0,259
financial.balance_sheet.monetary_funds.latest_reported,2021,7,4,0,0,4,0,0,0
financial.balance_sheet.monetary_funds.latest_reported,2022,1,26394,2128,0,0,0,76,24190
financial.balance_sheet.monetary_funds.latest_reported,2022,2,307,122,0,0,0,185,0
financial.balance_sheet.monetary_funds.latest_reported,2022,3,35,14,0,0,0,0,21
financial.balance_sheet.monetary_funds.latest_reported,2022,4,229,6,0,0,0,2,221
financial.balance_sheet.monetary_funds.latest_reported,2022,7,7,0,0,7,0,0,0
financial.balance_sheet.monetary_funds.latest_reported,2023,1,32691,558,0,0,0,51,32082
financial.balance_sheet.monetary_funds.latest_reported,2023,2,335,128,0,0,0,207,0
financial.balance_sheet.monetary_funds.latest_reported,2023,3,37,24,0,0,0,0,13
financial.balance_sheet.monetary_funds.latest_reported,2023,4,278,4,0,0,0,0,274
financial.balance_sheet.monetary_funds.latest_reported,2023,7,8,0,0,8,0,0,0
financial.balance_sheet.monetary_funds.latest_reported,2024,1,21760,1854,0,0,0,29,19877
financial.balance_sheet.monetary_funds.latest_reported,2024,2,260,134,0,0,0,126,0
financial.balance_sheet.monetary_funds.latest_reported,2024,3,29,14,0,0,0,0,15
financial.balance_sheet.monetary_funds.latest_reported,2024,4,186,6,0,0,0,0,180
financial.balance_sheet.monetary_funds.latest_reported,2024,7,8,0,0,8,0,0,0
financial.balance_sheet.monetary_funds.latest_reported,2025,1,22233,2244,0,0,0,39,19950
financial.balance_sheet.monetary_funds.latest_reported,2025,2,257,132,0,0,0,125,0
financial.balance_sheet.monetary_funds.latest_reported,2025,3,31,22,0,0,0,0,9
financial.balance_sheet.monetary_funds.latest_reported,2025,4,182,0,0,0,0,0,182
financial.balance_sheet.monetary_funds.latest_reported,2025,7,13,0,0,13,0,0,0
financial.balance_sheet.monetary_funds.latest_reported,2026,1,10082,3695,0,0,0,8,6379
financial.balance_sheet.monetary_funds.latest_reported,2026,2,116,84,0,0,0,32,0
financial.balance_sheet.monetary_funds.latest_reported,2026,3,13,10,0,0,0,0,3
financial.balance_sheet.monetary_funds.latest_reported,2026,4,86,32,0,0,0,0,54
financial.balance_sheet.monetary_funds.latest_reported,2026,7,6,0,0,6,0,0,0
financial.balance_sheet.noncurrent_liabilities_due_1y.latest_reported,1989,1,9,0,0,0,0,8,1
financial.balance_sheet.noncurrent_liabilities_due_1y.latest_reported,1989,2,1,0,0,0,0,1,0
financial.balance_sheet.noncurrent_liabilities_due_1y.latest_reported,1990,1,94,0,0,0,0,94,0
financial.balance_sheet.noncurrent_liabilities_due_1y.latest_reported,1990,2,1,0,0,0,0,1,0
financial.balance_sheet.noncurrent_liabilities_due_1y.latest_reported,1991,1,140,0,0,0,0,140,0
financial.balance_sheet.noncurrent_liabilities_due_1y.latest_reported,1991,2,1,0,0,0,0,1,0
financial.balance_sheet.noncurrent_liabilities_due_1y.latest_reported,1992,1,293,0,0,0,0,275,18
financial.balance_sheet.noncurrent_liabilities_due_1y.latest_reported,1992,2,1,0,0,0,0,1,0
financial.balance_sheet.noncurrent_liabilities_due_1y.latest_reported,1993,1,638,0,0,0,0,541,97
financial.balance_sheet.noncurrent_liabilities_due_1y.latest_reported,1993,2,1,0,0,0,0,1,0
financial.balance_sheet.noncurrent_liabilities_due_1y.latest_reported,1993,4,2,0,0,0,0,2,0
financial.balance_sheet.noncurrent_liabilities_due_1y.latest_reported,1994,1,1013,0,0,0,0,815,198
financial.balance_sheet.noncurrent_liabilities_due_1y.latest_reported,1994,2,2,0,0,0,0,2,0
financial.balance_sheet.noncurrent_liabilities_due_1y.latest_reported,1994,4,2,0,0,0,0,2,0
financial.balance_sheet.noncurrent_liabilities_due_1y.latest_reported,1995,1,1159,0,0,0,0,850,309
financial.balance_sheet.noncurrent_liabilities_due_1y.latest_reported,1995,2,2,0,0,0,0,2,0
financial.balance_sheet.noncurrent_liabilities_due_1y.latest_reported,1995,4,2,0,0,0,0,2,0
financial.balance_sheet.noncurrent_liabilities_due_1y.latest_reported,1996,1,1434,0,0,0,0,1030,404
financial.balance_sheet.noncurrent_liabilities_due_1y.latest_reported,1996,2,3,0,0,0,0,3,0
financial.balance_sheet.noncurrent_liabilities_due_1y.latest_reported,1996,4,2,0,0,0,0,2,0
financial.balance_sheet.noncurrent_liabilities_due_1y.latest_reported,1997,1,1812,0,0,0,0,1341,471
financial.balance_sheet.noncurrent_liabilities_due_1y.latest_reported,1997,2,4,0,0,0,0,4,0
financial.balance_sheet.noncurrent_liabilities_due_1y.latest_reported,1997,4,2,0,0,0,0,1,1
financial.balance_sheet.noncurrent_liabilities_due_1y.latest_reported,1998,1,1952,0,0,0,0,1159,793
financial.balance_sheet.noncurrent_liabilities_due_1y.latest_reported,1998,2,4,0,0,0,0,4,0
financial.balance_sheet.noncurrent_liabilities_due_1y.latest_reported,1998,4,2,0,0,0,0,0,2
financial.balance_sheet.noncurrent_liabilities_due_1y.latest_reported,1999,1,2136,0,0,0,0,1200,936
financial.balance_sheet.noncurrent_liabilities_due_1y.latest_reported,1999,2,6,0,0,0,0,4,2
financial.balance_sheet.noncurrent_liabilities_due_1y.latest_reported,1999,4,3,0,0,0,0,1,2
financial.balance_sheet.noncurrent_liabilities_due_1y.latest_reported,2000,1,2351,0,0,0,0,1303,1048
financial.balance_sheet.noncurrent_liabilities_due_1y.latest_reported,2000,2,9,0,0,0,0,8,1
financial.balance_sheet.noncurrent_liabilities_due_1y.latest_reported,2000,4,3,0,0,0,0,2,1
financial.balance_sheet.noncurrent_liabilities_due_1y.latest_reported,2001,1,2671,0,0,0,0,1513,1158
financial.balance_sheet.noncurrent_liabilities_due_1y.latest_reported,2001,2,14,0,0,0,0,12,2
financial.balance_sheet.noncurrent_liabilities_due_1y.latest_reported,2001,4,3,0,0,0,0,2,1
financial.balance_sheet.noncurrent_liabilities_due_1y.latest_reported,2002,1,4946,0,0,0,0,2945,2001
financial.balance_sheet.noncurrent_liabilities_due_1y.latest_reported,2002,2,24,0,0,0,0,24,0
financial.balance_sheet.noncurrent_liabilities_due_1y.latest_reported,2002,4,8,0,0,0,0,7,1
financial.balance_sheet.noncurrent_liabilities_due_1y.latest_reported,2003,1,5232,0,0,0,0,3225,2007
financial.balance_sheet.noncurrent_liabilities_due_1y.latest_reported,2003,2,29,0,0,0,0,29,0
financial.balance_sheet.noncurrent_liabilities_due_1y.latest_reported,2003,3,2,0,0,0,0,1,1
financial.balance_sheet.noncurrent_liabilities_due_1y.latest_reported,2003,4,10,0,0,0,0,8,2
financial.balance_sheet.noncurrent_liabilities_due_1y.latest_reported,2004,1,5648,0,0,0,0,3377,2271
financial.balance_sheet.noncurrent_liabilities_due_1y.latest_reported,2004,2,33,0,0,0,0,31,2
financial.balance_sheet.noncurrent_liabilities_due_1y.latest_reported,2004,3,3,0,0,0,0,2,1
financial.balance_sheet.noncurrent_liabilities_due_1y.latest_reported,2004,4,11,0,0,0,0,6,5
financial.balance_sheet.noncurrent_liabilities_due_1y.latest_reported,2005,1,7518,0,0,0,0,4285,3233
financial.balance_sheet.noncurrent_liabilities_due_1y.latest_reported,2005,2,68,0,0,0,0,64,4
financial.balance_sheet.noncurrent_liabilities_due_1y.latest_reported,2005,3,10,0,0,0,0,10,0
financial.balance_sheet.noncurrent_liabilities_due_1y.latest_reported,2005,4,20,0,0,0,0,15,5
financial.balance_sheet.noncurrent_liabilities_due_1y.latest_reported,2006,1,9031,0,0,0,0,5282,3749
financial.balance_sheet.noncurrent_liabilities_due_1y.latest_reported,2006,2,71,0,0,0,0,69,2
financial.balance_sheet.noncurrent_liabilities_due_1y.latest_reported,2006,3,9,0,0,0,0,9,0
financial.balance_sheet.noncurrent_liabilities_due_1y.latest_reported,2006,4,28,0,0,0,0,24,4
financial.balance_sheet.noncurrent_liabilities_due_1y.latest_reported,2007,1,12166,0,0,0,0,7159,5007
financial.balance_sheet.noncurrent_liabilities_due_1y.latest_reported,2007,2,134,4,0,0,0,128,2
financial.balance_sheet.noncurrent_liabilities_due_1y.latest_reported,2007,3,22,0,0,0,0,22,0
financial.balance_sheet.noncurrent_liabilities_due_1y.latest_reported,2007,4,98,0,0,0,0,98,0
financial.balance_sheet.noncurrent_liabilities_due_1y.latest_reported,2008,1,13106,0,0,0,0,7699,5407
financial.balance_sheet.noncurrent_liabilities_due_1y.latest_reported,2008,2,146,6,0,0,0,140,0
financial.balance_sheet.noncurrent_liabilities_due_1y.latest_reported,2008,3,25,2,0,0,0,23,0
financial.balance_sheet.noncurrent_liabilities_due_1y.latest_reported,2008,4,161,0,0,0,0,161,0
financial.balance_sheet.noncurrent_liabilities_due_1y.latest_reported,2009,1,10534,0,0,0,0,6216,4318
financial.balance_sheet.noncurrent_liabilities_due_1y.latest_reported,2009,2,125,4,0,0,0,121,0
financial.balance_sheet.noncurrent_liabilities_due_1y.latest_reported,2009,3,19,2,0,0,0,17,0
financial.balance_sheet.noncurrent_liabilities_due_1y.latest_reported,2009,4,134,0,0,0,0,134,0
financial.balance_sheet.noncurrent_liabilities_due_1y.latest_reported,2010,1,13659,0,0,0,0,8084,5575
financial.balance_sheet.noncurrent_liabilities_due_1y.latest_reported,2010,2,151,12,0,0,0,139,0
financial.balance_sheet.noncurrent_liabilities_due_1y.latest_reported,2010,3,19,6,0,0,0,13,0
financial.balance_sheet.noncurrent_liabilities_due_1y.latest_reported,2010,4,182,0,0,0,0,182,0
financial.balance_sheet.noncurrent_liabilities_due_1y.latest_reported,2011,1,15788,0,0,0,0,9388,6400
financial.balance_sheet.noncurrent_liabilities_due_1y.latest_reported,2011,2,156,14,0,0,0,142,0
financial.balance_sheet.noncurrent_liabilities_due_1y.latest_reported,2011,3,23,10,0,0,0,13,0
financial.balance_sheet.noncurrent_liabilities_due_1y.latest_reported,2011,4,170,0,0,0,0,170,0
financial.balance_sheet.noncurrent_liabilities_due_1y.latest_reported,2012,1,19490,0,0,0,0,10607,8883
financial.balance_sheet.noncurrent_liabilities_due_1y.latest_reported,2012,2,177,8,0,0,0,169,0
financial.balance_sheet.noncurrent_liabilities_due_1y.latest_reported,2012,3,29,18,0,0,0,11,0
financial.balance_sheet.noncurrent_liabilities_due_1y.latest_reported,2012,4,220,2,0,0,0,218,0
financial.balance_sheet.noncurrent_liabilities_due_1y.latest_reported,2012,7,1,0,0,1,0,0,0
financial.balance_sheet.noncurrent_liabilities_due_1y.latest_reported,2013,1,17719,0,0,0,0,10079,7640
financial.balance_sheet.noncurrent_liabilities_due_1y.latest_reported,2013,2,155,10,0,0,0,145,0
financial.balance_sheet.noncurrent_liabilities_due_1y.latest_reported,2013,3,28,16,0,0,0,12,0
financial.balance_sheet.noncurrent_liabilities_due_1y.latest_reported,2013,4,196,4,0,0,0,192,0
financial.balance_sheet.noncurrent_liabilities_due_1y.latest_reported,2013,7,1,0,0,1,0,0,0
financial.balance_sheet.noncurrent_liabilities_due_1y.latest_reported,2014,1,18669,0,0,0,0,10335,8334
financial.balance_sheet.noncurrent_liabilities_due_1y.latest_reported,2014,2,160,10,0,0,0,150,0
financial.balance_sheet.noncurrent_liabilities_due_1y.latest_reported,2014,3,28,14,0,0,0,14,0
financial.balance_sheet.noncurrent_liabilities_due_1y.latest_reported,2014,4,189,2,0,0,0,184,3
financial.balance_sheet.noncurrent_liabilities_due_1y.latest_reported,2014,7,2,0,0,2,0,0,0
financial.balance_sheet.noncurrent_liabilities_due_1y.latest_reported,2015,1,16787,0,0,0,0,8829,7958
financial.balance_sheet.noncurrent_liabilities_due_1y.latest_reported,2015,2,159,4,0,0,0,155,0
financial.balance_sheet.noncurrent_liabilities_due_1y.latest_reported,2015,3,23,2,0,0,0,21,0
financial.balance_sheet.noncurrent_liabilities_due_1y.latest_reported,2015,4,171,0,0,0,0,171,0
financial.balance_sheet.noncurrent_liabilities_due_1y.latest_reported,2015,7,2,0,0,2,0,0,0
financial.balance_sheet.noncurrent_liabilities_due_1y.latest_reported,2016,1,21094,0,0,0,0,10964,10130
financial.balance_sheet.noncurrent_liabilities_due_1y.latest_reported,2016,2,222,6,0,0,0,216,0
financial.balance_sheet.noncurrent_liabilities_due_1y.latest_reported,2016,3,29,0,0,0,0,26,3
financial.balance_sheet.noncurrent_liabilities_due_1y.latest_reported,2016,4,199,0,0,0,0,199,0
financial.balance_sheet.noncurrent_liabilities_due_1y.latest_reported,2016,7,3,0,0,3,0,0,0
financial.balance_sheet.noncurrent_liabilities_due_1y.latest_reported,2017,1,22766,0,0,0,0,11465,11301
financial.balance_sheet.noncurrent_liabilities_due_1y.latest_reported,2017,2,236,4,0,0,0,232,0
financial.balance_sheet.noncurrent_liabilities_due_1y.latest_reported,2017,3,31,0,0,0,0,31,0
financial.balance_sheet.noncurrent_liabilities_due_1y.latest_reported,2017,4,215,0,0,0,0,215,0
financial.balance_sheet.noncurrent_liabilities_due_1y.latest_reported,2017,7,3,0,0,3,0,0,0
financial.balance_sheet.noncurrent_liabilities_due_1y.latest_reported,2018,1,26849,6,0,0,0,12807,14036
financial.balance_sheet.noncurrent_liabilities_due_1y.latest_reported,2018,2,283,4,0,0,0,279,0
financial.balance_sheet.noncurrent_liabilities_due_1y.latest_reported,2018,3,40,0,0,0,0,40,0
financial.balance_sheet.noncurrent_liabilities_due_1y.latest_reported,2018,4,270,0,0,0,0,270,0
financial.balance_sheet.noncurrent_liabilities_due_1y.latest_reported,2018,7,2,0,0,2,0,0,0
financial.balance_sheet.noncurrent_liabilities_due_1y.latest_reported,2019,1,24846,74,0,0,0,11463,13309
financial.balance_sheet.noncurrent_liabilities_due_1y.latest_reported,2019,2,253,0,0,0,0,253,0
financial.balance_sheet.noncurrent_liabilities_due_1y.latest_reported,2019,3,31,0,0,0,0,31,0
financial.balance_sheet.noncurrent_liabilities_due_1y.latest_reported,2019,4,243,0,0,0,0,243,0
financial.balance_sheet.noncurrent_liabilities_due_1y.latest_reported,2019,7,4,0,0,4,0,0,0
financial.balance_sheet.noncurrent_liabilities_due_1y.latest_reported,2020,1,27645,92,0,0,0,12796,14757
financial.balance_sheet.noncurrent_liabilities_due_1y.latest_reported,2020,2,280,0,0,0,0,280,0
financial.balance_sheet.noncurrent_liabilities_due_1y.latest_reported,2020,3,36,0,0,0,0,36,0
financial.balance_sheet.noncurrent_liabilities_due_1y.latest_reported,2020,4,254,0,0,0,0,254,0
financial.balance_sheet.noncurrent_liabilities_due_1y.latest_reported,2020,7,3,0,0,3,0,0,0
financial.balance_sheet.noncurrent_liabilities_due_1y.latest_reported,2021,1,27375,68,0,0,0,8124,19183
financial.balance_sheet.noncurrent_liabilities_due_1y.latest_reported,2021,2,315,18,0,0,0,297,0
financial.balance_sheet.noncurrent_liabilities_due_1y.latest_reported,2021,3,41,0,0,0,0,41,0
financial.balance_sheet.noncurrent_liabilities_due_1y.latest_reported,2021,4,261,2,0,0,0,259,0
financial.balance_sheet.noncurrent_liabilities_due_1y.latest_reported,2021,7,4,0,0,4,0,0,0
financial.balance_sheet.noncurrent_liabilities_due_1y.latest_reported,2022,1,26394,2128,0,0,0,2454,21812
financial.balance_sheet.noncurrent_liabilities_due_1y.latest_reported,2022,2,307,122,0,0,0,185,0
financial.balance_sheet.noncurrent_liabilities_due_1y.latest_reported,2022,3,35,14,0,0,0,21,0
financial.balance_sheet.noncurrent_liabilities_due_1y.latest_reported,2022,4,229,6,0,0,0,223,0
financial.balance_sheet.noncurrent_liabilities_due_1y.latest_reported,2022,7,7,0,0,7,0,0,0
financial.balance_sheet.noncurrent_liabilities_due_1y.latest_reported,2023,1,32691,558,0,0,0,2550,29583
financial.balance_sheet.noncurrent_liabilities_due_1y.latest_reported,2023,2,335,128,0,0,0,207,0
financial.balance_sheet.noncurrent_liabilities_due_1y.latest_reported,2023,3,37,24,0,0,0,13,0
financial.balance_sheet.noncurrent_liabilities_due_1y.latest_reported,2023,4,278,4,0,0,0,274,0
financial.balance_sheet.noncurrent_liabilities_due_1y.latest_reported,2023,7,8,0,0,8,0,0,0
financial.balance_sheet.noncurrent_liabilities_due_1y.latest_reported,2024,1,21760,1854,0,0,0,1370,18536
financial.balance_sheet.noncurrent_liabilities_due_1y.latest_reported,2024,2,260,134,0,0,0,126,0
financial.balance_sheet.noncurrent_liabilities_due_1y.latest_reported,2024,3,29,14,0,0,0,15,0
financial.balance_sheet.noncurrent_liabilities_due_1y.latest_reported,2024,4,186,6,0,0,0,180,0
financial.balance_sheet.noncurrent_liabilities_due_1y.latest_reported,2024,7,8,0,0,8,0,0,0
financial.balance_sheet.noncurrent_liabilities_due_1y.latest_reported,2025,1,22233,2244,0,0,0,1257,18732
financial.balance_sheet.noncurrent_liabilities_due_1y.latest_reported,2025,2,257,132,0,0,0,125,0
financial.balance_sheet.noncurrent_liabilities_due_1y.latest_reported,2025,3,31,22,0,0,0,9,0
financial.balance_sheet.noncurrent_liabilities_due_1y.latest_reported,2025,4,182,0,0,0,0,182,0
financial.balance_sheet.noncurrent_liabilities_due_1y.latest_reported,2025,7,13,0,0,13,0,0,0
financial.balance_sheet.noncurrent_liabilities_due_1y.latest_reported,2026,1,10082,3695,0,0,0,370,6017
financial.balance_sheet.noncurrent_liabilities_due_1y.latest_reported,2026,2,116,84,0,0,0,32,0
financial.balance_sheet.noncurrent_liabilities_due_1y.latest_reported,2026,3,13,10,0,0,0,3,0
financial.balance_sheet.noncurrent_liabilities_due_1y.latest_reported,2026,4,86,32,0,0,0,54,0
financial.balance_sheet.noncurrent_liabilities_due_1y.latest_reported,2026,7,6,0,0,6,0,0,0
financial.balance_sheet.notes_receivable.latest_reported,1989,1,9,0,0,0,0,8,1
financial.balance_sheet.notes_receivable.latest_reported,1989,2,1,0,0,0,0,1,0
financial.balance_sheet.notes_receivable.latest_reported,1990,1,94,0,0,0,0,92,2
financial.balance_sheet.notes_receivable.latest_reported,1990,2,1,0,0,0,0,1,0
financial.balance_sheet.notes_receivable.latest_reported,1991,1,140,0,0,0,0,126,14
financial.balance_sheet.notes_receivable.latest_reported,1991,2,1,0,0,0,0,1,0
financial.balance_sheet.notes_receivable.latest_reported,1992,1,293,0,0,0,0,251,42
financial.balance_sheet.notes_receivable.latest_reported,1992,2,1,0,0,0,0,1,0
financial.balance_sheet.notes_receivable.latest_reported,1993,1,638,0,0,0,0,529,109
financial.balance_sheet.notes_receivable.latest_reported,1993,2,1,0,0,0,0,1,0
financial.balance_sheet.notes_receivable.latest_reported,1993,4,2,0,0,0,0,2,0
financial.balance_sheet.notes_receivable.latest_reported,1994,1,1013,0,0,0,0,948,65
financial.balance_sheet.notes_receivable.latest_reported,1994,2,2,0,0,0,0,2,0
financial.balance_sheet.notes_receivable.latest_reported,1994,4,2,0,0,0,0,2,0
financial.balance_sheet.notes_receivable.latest_reported,1995,1,1159,0,0,0,0,958,201
financial.balance_sheet.notes_receivable.latest_reported,1995,2,2,0,0,0,0,2,0
financial.balance_sheet.notes_receivable.latest_reported,1995,4,2,0,0,0,0,2,0
financial.balance_sheet.notes_receivable.latest_reported,1996,1,1434,0,0,0,0,1093,341
financial.balance_sheet.notes_receivable.latest_reported,1996,2,3,0,0,0,0,3,0
financial.balance_sheet.notes_receivable.latest_reported,1996,4,2,0,0,0,0,2,0
financial.balance_sheet.notes_receivable.latest_reported,1997,1,1812,0,0,0,0,1363,449
financial.balance_sheet.notes_receivable.latest_reported,1997,2,4,0,0,0,0,4,0
financial.balance_sheet.notes_receivable.latest_reported,1997,4,2,0,0,0,0,2,0
financial.balance_sheet.notes_receivable.latest_reported,1998,1,1952,0,0,0,0,1075,877
financial.balance_sheet.notes_receivable.latest_reported,1998,2,4,0,0,0,0,4,0
financial.balance_sheet.notes_receivable.latest_reported,1998,4,2,0,0,0,0,2,0
financial.balance_sheet.notes_receivable.latest_reported,1999,1,2136,0,0,0,0,1078,1058
financial.balance_sheet.notes_receivable.latest_reported,1999,2,6,0,0,0,0,5,1
financial.balance_sheet.notes_receivable.latest_reported,1999,4,3,0,0,0,0,3,0
financial.balance_sheet.notes_receivable.latest_reported,2000,1,2351,0,0,0,0,1131,1220
financial.balance_sheet.notes_receivable.latest_reported,2000,2,9,0,0,0,0,9,0
financial.balance_sheet.notes_receivable.latest_reported,2000,4,3,0,0,0,0,3,0
financial.balance_sheet.notes_receivable.latest_reported,2001,1,2671,0,0,0,0,1155,1516
financial.balance_sheet.notes_receivable.latest_reported,2001,2,14,0,0,0,0,14,0
financial.balance_sheet.notes_receivable.latest_reported,2001,4,3,0,0,0,0,3,0
financial.balance_sheet.notes_receivable.latest_reported,2002,1,4946,0,0,0,0,1986,2960
financial.balance_sheet.notes_receivable.latest_reported,2002,2,24,0,0,0,0,24,0
financial.balance_sheet.notes_receivable.latest_reported,2002,4,8,0,0,0,0,8,0
financial.balance_sheet.notes_receivable.latest_reported,2003,1,5232,0,0,0,0,1762,3470
financial.balance_sheet.notes_receivable.latest_reported,2003,2,29,0,0,0,0,29,0
financial.balance_sheet.notes_receivable.latest_reported,2003,3,2,0,0,0,0,2,0
financial.balance_sheet.notes_receivable.latest_reported,2003,4,10,0,0,0,0,10,0
financial.balance_sheet.notes_receivable.latest_reported,2004,1,5648,0,0,0,0,1751,3897
financial.balance_sheet.notes_receivable.latest_reported,2004,2,33,0,0,0,0,33,0
financial.balance_sheet.notes_receivable.latest_reported,2004,3,3,0,0,0,0,3,0
financial.balance_sheet.notes_receivable.latest_reported,2004,4,11,0,0,0,0,11,0
financial.balance_sheet.notes_receivable.latest_reported,2005,1,7518,0,0,0,0,2254,5264
financial.balance_sheet.notes_receivable.latest_reported,2005,2,68,0,0,0,0,68,0
financial.balance_sheet.notes_receivable.latest_reported,2005,3,10,0,0,0,0,8,2
financial.balance_sheet.notes_receivable.latest_reported,2005,4,20,0,0,0,0,20,0
financial.balance_sheet.notes_receivable.latest_reported,2006,1,9031,0,0,0,0,2732,6299
financial.balance_sheet.notes_receivable.latest_reported,2006,2,71,0,0,0,0,71,0
financial.balance_sheet.notes_receivable.latest_reported,2006,3,9,0,0,0,0,9,0
financial.balance_sheet.notes_receivable.latest_reported,2006,4,28,0,0,0,0,28,0
financial.balance_sheet.notes_receivable.latest_reported,2007,1,12166,0,0,0,0,3532,8634
financial.balance_sheet.notes_receivable.latest_reported,2007,2,134,4,0,0,0,130,0
financial.balance_sheet.notes_receivable.latest_reported,2007,3,22,0,0,0,0,22,0
financial.balance_sheet.notes_receivable.latest_reported,2007,4,98,0,0,0,0,97,1
financial.balance_sheet.notes_receivable.latest_reported,2008,1,13106,0,0,0,0,3901,9205
financial.balance_sheet.notes_receivable.latest_reported,2008,2,146,6,0,0,0,140,0
financial.balance_sheet.notes_receivable.latest_reported,2008,3,25,2,0,0,0,23,0
financial.balance_sheet.notes_receivable.latest_reported,2008,4,161,0,0,0,0,161,0
financial.balance_sheet.notes_receivable.latest_reported,2009,1,10534,0,0,0,0,3069,7465
financial.balance_sheet.notes_receivable.latest_reported,2009,2,125,4,0,0,0,121,0
financial.balance_sheet.notes_receivable.latest_reported,2009,3,19,2,0,0,0,17,0
financial.balance_sheet.notes_receivable.latest_reported,2009,4,134,0,0,0,0,134,0
financial.balance_sheet.notes_receivable.latest_reported,2010,1,13659,0,0,0,0,3791,9868
financial.balance_sheet.notes_receivable.latest_reported,2010,2,151,12,0,0,0,139,0
financial.balance_sheet.notes_receivable.latest_reported,2010,3,19,6,0,0,0,13,0
financial.balance_sheet.notes_receivable.latest_reported,2010,4,182,0,0,0,0,182,0
financial.balance_sheet.notes_receivable.latest_reported,2011,1,15788,0,0,0,0,3873,11915
financial.balance_sheet.notes_receivable.latest_reported,2011,2,156,14,0,0,0,142,0
financial.balance_sheet.notes_receivable.latest_reported,2011,3,23,10,0,0,0,13,0
financial.balance_sheet.notes_receivable.latest_reported,2011,4,170,0,0,0,0,170,0
financial.balance_sheet.notes_receivable.latest_reported,2012,1,19490,0,0,0,0,4140,15350
financial.balance_sheet.notes_receivable.latest_reported,2012,2,177,8,0,0,0,169,0
financial.balance_sheet.notes_receivable.latest_reported,2012,3,29,18,0,0,0,11,0
financial.balance_sheet.notes_receivable.latest_reported,2012,4,220,2,0,0,0,218,0
financial.balance_sheet.notes_receivable.latest_reported,2012,7,1,0,0,1,0,0,0
financial.balance_sheet.notes_receivable.latest_reported,2013,1,17719,0,0,0,0,3740,13979
financial.balance_sheet.notes_receivable.latest_reported,2013,2,155,10,0,0,0,145,0
financial.balance_sheet.notes_receivable.latest_reported,2013,3,28,16,0,0,0,12,0
financial.balance_sheet.notes_receivable.latest_reported,2013,4,196,4,0,0,0,192,0
financial.balance_sheet.notes_receivable.latest_reported,2013,7,1,0,0,1,0,0,0
financial.balance_sheet.notes_receivable.latest_reported,2014,1,18669,0,0,0,0,3853,14816
financial.balance_sheet.notes_receivable.latest_reported,2014,2,160,10,0,0,0,150,0
financial.balance_sheet.notes_receivable.latest_reported,2014,3,28,14,0,0,0,14,0
financial.balance_sheet.notes_receivable.latest_reported,2014,4,189,2,0,0,0,186,1
financial.balance_sheet.notes_receivable.latest_reported,2014,7,2,0,0,2,0,0,0
financial.balance_sheet.notes_receivable.latest_reported,2015,1,16787,0,0,0,0,3482,13305
financial.balance_sheet.notes_receivable.latest_reported,2015,2,159,4,0,0,0,154,1
financial.balance_sheet.notes_receivable.latest_reported,2015,3,23,2,0,0,0,20,1
financial.balance_sheet.notes_receivable.latest_reported,2015,4,171,0,0,0,0,171,0
financial.balance_sheet.notes_receivable.latest_reported,2015,7,2,0,0,2,0,0,0
financial.balance_sheet.notes_receivable.latest_reported,2016,1,21094,0,0,0,0,4290,16804
financial.balance_sheet.notes_receivable.latest_reported,2016,2,222,6,0,0,0,216,0
financial.balance_sheet.notes_receivable.latest_reported,2016,3,29,0,0,0,0,26,3
financial.balance_sheet.notes_receivable.latest_reported,2016,4,199,0,0,0,0,199,0
financial.balance_sheet.notes_receivable.latest_reported,2016,7,3,0,0,3,0,0,0
financial.balance_sheet.notes_receivable.latest_reported,2017,1,22766,0,0,0,0,4458,18308
financial.balance_sheet.notes_receivable.latest_reported,2017,2,236,4,0,0,0,232,0
financial.balance_sheet.notes_receivable.latest_reported,2017,3,31,0,0,0,0,31,0
financial.balance_sheet.notes_receivable.latest_reported,2017,4,215,0,0,0,0,215,0
financial.balance_sheet.notes_receivable.latest_reported,2017,7,3,0,0,3,0,0,0
financial.balance_sheet.notes_receivable.latest_reported,2018,1,26849,6,0,0,0,4667,22176
financial.balance_sheet.notes_receivable.latest_reported,2018,2,283,4,0,0,0,279,0
financial.balance_sheet.notes_receivable.latest_reported,2018,3,40,0,0,0,0,40,0
financial.balance_sheet.notes_receivable.latest_reported,2018,4,270,0,0,0,0,270,0
financial.balance_sheet.notes_receivable.latest_reported,2018,7,2,0,0,2,0,0,0
financial.balance_sheet.notes_receivable.latest_reported,2019,1,24846,74,0,0,0,6929,17843
financial.balance_sheet.notes_receivable.latest_reported,2019,2,253,0,0,0,0,253,0
financial.balance_sheet.notes_receivable.latest_reported,2019,3,31,0,0,0,0,31,0
financial.balance_sheet.notes_receivable.latest_reported,2019,4,243,0,0,0,0,243,0
financial.balance_sheet.notes_receivable.latest_reported,2019,7,4,0,0,4,0,0,0
financial.balance_sheet.notes_receivable.latest_reported,2020,1,27645,92,0,0,0,10626,16927
financial.balance_sheet.notes_receivable.latest_reported,2020,2,280,0,0,0,0,280,0
financial.balance_sheet.notes_receivable.latest_reported,2020,3,36,0,0,0,0,36,0
financial.balance_sheet.notes_receivable.latest_reported,2020,4,254,0,0,0,0,254,0
financial.balance_sheet.notes_receivable.latest_reported,2020,7,3,0,0,3,0,0,0
financial.balance_sheet.notes_receivable.latest_reported,2021,1,27375,68,0,0,0,9765,17542
financial.balance_sheet.notes_receivable.latest_reported,2021,2,315,18,0,0,0,297,0
financial.balance_sheet.notes_receivable.latest_reported,2021,3,41,0,0,0,0,41,0
financial.balance_sheet.notes_receivable.latest_reported,2021,4,261,2,0,0,0,259,0
financial.balance_sheet.notes_receivable.latest_reported,2021,7,4,0,0,4,0,0,0
financial.balance_sheet.notes_receivable.latest_reported,2022,1,26394,2128,0,0,0,7595,16671
financial.balance_sheet.notes_receivable.latest_reported,2022,2,307,122,0,0,0,185,0
financial.balance_sheet.notes_receivable.latest_reported,2022,3,35,14,0,0,0,21,0
financial.balance_sheet.notes_receivable.latest_reported,2022,4,229,6,0,0,0,223,0
financial.balance_sheet.notes_receivable.latest_reported,2022,7,7,0,0,7,0,0,0
financial.balance_sheet.notes_receivable.latest_reported,2023,1,32691,558,0,0,0,9375,22758
financial.balance_sheet.notes_receivable.latest_reported,2023,2,335,128,0,0,0,207,0
financial.balance_sheet.notes_receivable.latest_reported,2023,3,37,24,0,0,0,13,0
financial.balance_sheet.notes_receivable.latest_reported,2023,4,278,4,0,0,0,274,0
financial.balance_sheet.notes_receivable.latest_reported,2023,7,8,0,0,8,0,0,0
financial.balance_sheet.notes_receivable.latest_reported,2024,1,21760,1854,0,0,0,5532,14374
financial.balance_sheet.notes_receivable.latest_reported,2024,2,260,134,0,0,0,126,0
financial.balance_sheet.notes_receivable.latest_reported,2024,3,29,14,0,0,0,15,0
financial.balance_sheet.notes_receivable.latest_reported,2024,4,186,6,0,0,0,180,0
financial.balance_sheet.notes_receivable.latest_reported,2024,7,8,0,0,8,0,0,0
financial.balance_sheet.notes_receivable.latest_reported,2025,1,22233,2244,0,0,0,5089,14900
financial.balance_sheet.notes_receivable.latest_reported,2025,2,257,132,0,0,0,125,0
financial.balance_sheet.notes_receivable.latest_reported,2025,3,31,22,0,0,0,9,0
financial.balance_sheet.notes_receivable.latest_reported,2025,4,182,0,0,0,0,182,0
financial.balance_sheet.notes_receivable.latest_reported,2025,7,13,0,0,13,0,0,0
financial.balance_sheet.notes_receivable.latest_reported,2026,1,10082,3695,0,0,0,1551,4836
financial.balance_sheet.notes_receivable.latest_reported,2026,2,116,84,0,0,0,32,0
financial.balance_sheet.notes_receivable.latest_reported,2026,3,13,10,0,0,0,3,0
financial.balance_sheet.notes_receivable.latest_reported,2026,4,86,32,0,0,0,54,0
financial.balance_sheet.notes_receivable.latest_reported,2026,7,6,0,0,6,0,0,0
financial.balance_sheet.other_equity_instruments.latest_reported,1989,1,9,0,0,0,0,9,0
financial.balance_sheet.other_equity_instruments.latest_reported,1989,2,1,0,0,0,0,1,0
financial.balance_sheet.other_equity_instruments.latest_reported,1990,1,94,0,0,0,0,94,0
financial.balance_sheet.other_equity_instruments.latest_reported,1990,2,1,0,0,0,0,1,0
financial.balance_sheet.other_equity_instruments.latest_reported,1991,1,140,0,0,0,0,140,0
financial.balance_sheet.other_equity_instruments.latest_reported,1991,2,1,0,0,0,0,1,0
financial.balance_sheet.other_equity_instruments.latest_reported,1992,1,293,0,0,0,0,293,0
financial.balance_sheet.other_equity_instruments.latest_reported,1992,2,1,0,0,0,0,1,0
financial.balance_sheet.other_equity_instruments.latest_reported,1993,1,638,0,0,0,0,638,0
financial.balance_sheet.other_equity_instruments.latest_reported,1993,2,1,0,0,0,0,1,0
financial.balance_sheet.other_equity_instruments.latest_reported,1993,4,2,0,0,0,0,2,0
financial.balance_sheet.other_equity_instruments.latest_reported,1994,1,1013,0,0,0,0,1013,0
financial.balance_sheet.other_equity_instruments.latest_reported,1994,2,2,0,0,0,0,2,0
financial.balance_sheet.other_equity_instruments.latest_reported,1994,4,2,0,0,0,0,2,0
financial.balance_sheet.other_equity_instruments.latest_reported,1995,1,1159,0,0,0,0,1159,0
financial.balance_sheet.other_equity_instruments.latest_reported,1995,2,2,0,0,0,0,2,0
financial.balance_sheet.other_equity_instruments.latest_reported,1995,4,2,0,0,0,0,2,0
financial.balance_sheet.other_equity_instruments.latest_reported,1996,1,1434,0,0,0,0,1434,0
financial.balance_sheet.other_equity_instruments.latest_reported,1996,2,3,0,0,0,0,3,0
financial.balance_sheet.other_equity_instruments.latest_reported,1996,4,2,0,0,0,0,2,0
financial.balance_sheet.other_equity_instruments.latest_reported,1997,1,1812,0,0,0,0,1812,0
financial.balance_sheet.other_equity_instruments.latest_reported,1997,2,4,0,0,0,0,4,0
financial.balance_sheet.other_equity_instruments.latest_reported,1997,4,2,0,0,0,0,2,0
financial.balance_sheet.other_equity_instruments.latest_reported,1998,1,1952,0,0,0,0,1952,0
financial.balance_sheet.other_equity_instruments.latest_reported,1998,2,4,0,0,0,0,4,0
financial.balance_sheet.other_equity_instruments.latest_reported,1998,4,2,0,0,0,0,2,0
financial.balance_sheet.other_equity_instruments.latest_reported,1999,1,2136,0,0,0,0,2136,0
financial.balance_sheet.other_equity_instruments.latest_reported,1999,2,6,0,0,0,0,6,0
financial.balance_sheet.other_equity_instruments.latest_reported,1999,4,3,0,0,0,0,3,0
financial.balance_sheet.other_equity_instruments.latest_reported,2000,1,2351,0,0,0,0,2351,0
financial.balance_sheet.other_equity_instruments.latest_reported,2000,2,9,0,0,0,0,9,0
financial.balance_sheet.other_equity_instruments.latest_reported,2000,4,3,0,0,0,0,3,0
financial.balance_sheet.other_equity_instruments.latest_reported,2001,1,2671,0,0,0,0,2671,0
financial.balance_sheet.other_equity_instruments.latest_reported,2001,2,14,0,0,0,0,14,0
financial.balance_sheet.other_equity_instruments.latest_reported,2001,4,3,0,0,0,0,3,0
financial.balance_sheet.other_equity_instruments.latest_reported,2002,1,4946,0,0,0,0,4946,0
financial.balance_sheet.other_equity_instruments.latest_reported,2002,2,24,0,0,0,0,24,0
financial.balance_sheet.other_equity_instruments.latest_reported,2002,4,8,0,0,0,0,8,0
financial.balance_sheet.other_equity_instruments.latest_reported,2003,1,5232,0,0,0,0,5232,0
financial.balance_sheet.other_equity_instruments.latest_reported,2003,2,29,0,0,0,0,29,0
financial.balance_sheet.other_equity_instruments.latest_reported,2003,3,2,0,0,0,0,2,0
financial.balance_sheet.other_equity_instruments.latest_reported,2003,4,10,0,0,0,0,10,0
financial.balance_sheet.other_equity_instruments.latest_reported,2004,1,5648,0,0,0,0,5648,0
financial.balance_sheet.other_equity_instruments.latest_reported,2004,2,33,0,0,0,0,33,0
financial.balance_sheet.other_equity_instruments.latest_reported,2004,3,3,0,0,0,0,3,0
financial.balance_sheet.other_equity_instruments.latest_reported,2004,4,11,0,0,0,0,11,0
financial.balance_sheet.other_equity_instruments.latest_reported,2005,1,7518,0,0,0,0,7518,0
financial.balance_sheet.other_equity_instruments.latest_reported,2005,2,68,0,0,0,0,68,0
financial.balance_sheet.other_equity_instruments.latest_reported,2005,3,10,0,0,0,0,10,0
financial.balance_sheet.other_equity_instruments.latest_reported,2005,4,20,0,0,0,0,20,0
financial.balance_sheet.other_equity_instruments.latest_reported,2006,1,9031,0,0,0,0,9031,0
financial.balance_sheet.other_equity_instruments.latest_reported,2006,2,71,0,0,0,0,71,0
financial.balance_sheet.other_equity_instruments.latest_reported,2006,3,9,0,0,0,0,9,0
financial.balance_sheet.other_equity_instruments.latest_reported,2006,4,28,0,0,0,0,28,0
financial.balance_sheet.other_equity_instruments.latest_reported,2007,1,12166,0,0,0,0,12166,0
financial.balance_sheet.other_equity_instruments.latest_reported,2007,2,134,4,0,0,0,130,0
financial.balance_sheet.other_equity_instruments.latest_reported,2007,3,22,0,0,0,0,22,0
financial.balance_sheet.other_equity_instruments.latest_reported,2007,4,98,0,0,0,0,98,0
financial.balance_sheet.other_equity_instruments.latest_reported,2008,1,13106,0,0,0,0,13106,0
financial.balance_sheet.other_equity_instruments.latest_reported,2008,2,146,6,0,0,0,140,0
financial.balance_sheet.other_equity_instruments.latest_reported,2008,3,25,2,0,0,0,23,0
financial.balance_sheet.other_equity_instruments.latest_reported,2008,4,161,0,0,0,0,161,0
financial.balance_sheet.other_equity_instruments.latest_reported,2009,1,10534,0,0,0,0,10534,0
financial.balance_sheet.other_equity_instruments.latest_reported,2009,2,125,4,0,0,0,121,0
financial.balance_sheet.other_equity_instruments.latest_reported,2009,3,19,2,0,0,0,17,0
financial.balance_sheet.other_equity_instruments.latest_reported,2009,4,134,0,0,0,0,134,0
financial.balance_sheet.other_equity_instruments.latest_reported,2010,1,13659,0,0,0,0,13659,0
financial.balance_sheet.other_equity_instruments.latest_reported,2010,2,151,12,0,0,0,139,0
financial.balance_sheet.other_equity_instruments.latest_reported,2010,3,19,6,0,0,0,13,0
financial.balance_sheet.other_equity_instruments.latest_reported,2010,4,182,0,0,0,0,182,0
financial.balance_sheet.other_equity_instruments.latest_reported,2011,1,15788,0,0,0,0,15788,0
financial.balance_sheet.other_equity_instruments.latest_reported,2011,2,156,14,0,0,0,142,0
financial.balance_sheet.other_equity_instruments.latest_reported,2011,3,23,10,0,0,0,13,0
financial.balance_sheet.other_equity_instruments.latest_reported,2011,4,170,0,0,0,0,170,0
financial.balance_sheet.other_equity_instruments.latest_reported,2012,1,19490,0,0,0,0,19488,2
financial.balance_sheet.other_equity_instruments.latest_reported,2012,2,177,8,0,0,0,169,0
financial.balance_sheet.other_equity_instruments.latest_reported,2012,3,29,18,0,0,0,11,0
financial.balance_sheet.other_equity_instruments.latest_reported,2012,4,220,2,0,0,0,218,0
financial.balance_sheet.other_equity_instruments.latest_reported,2012,7,1,0,0,1,0,0,0
financial.balance_sheet.other_equity_instruments.latest_reported,2013,1,17719,0,0,0,0,17717,2
financial.balance_sheet.other_equity_instruments.latest_reported,2013,2,155,10,0,0,0,145,0
financial.balance_sheet.other_equity_instruments.latest_reported,2013,3,28,16,0,0,0,12,0
financial.balance_sheet.other_equity_instruments.latest_reported,2013,4,196,4,0,0,0,192,0
financial.balance_sheet.other_equity_instruments.latest_reported,2013,7,1,0,0,1,0,0,0
financial.balance_sheet.other_equity_instruments.latest_reported,2014,1,18669,0,0,0,0,18540,129
financial.balance_sheet.other_equity_instruments.latest_reported,2014,2,160,10,0,0,0,142,8
financial.balance_sheet.other_equity_instruments.latest_reported,2014,3,28,14,0,0,0,14,0
financial.balance_sheet.other_equity_instruments.latest_reported,2014,4,189,2,0,0,0,187,0
financial.balance_sheet.other_equity_instruments.latest_reported,2014,7,2,0,0,2,0,0,0
financial.balance_sheet.other_equity_instruments.latest_reported,2015,1,16787,0,0,0,0,16501,286
financial.balance_sheet.other_equity_instruments.latest_reported,2015,2,159,4,0,0,0,115,40
financial.balance_sheet.other_equity_instruments.latest_reported,2015,3,23,2,0,0,0,18,3
financial.balance_sheet.other_equity_instruments.latest_reported,2015,4,171,0,0,0,0,152,19
financial.balance_sheet.other_equity_instruments.latest_reported,2015,7,2,0,0,2,0,0,0
financial.balance_sheet.other_equity_instruments.latest_reported,2016,1,21094,0,0,0,0,20586,508
financial.balance_sheet.other_equity_instruments.latest_reported,2016,2,222,6,0,0,0,134,82
financial.balance_sheet.other_equity_instruments.latest_reported,2016,3,29,0,0,0,0,23,6
financial.balance_sheet.other_equity_instruments.latest_reported,2016,4,199,0,0,0,0,175,24
financial.balance_sheet.other_equity_instruments.latest_reported,2016,7,3,0,0,3,0,0,0
financial.balance_sheet.other_equity_instruments.latest_reported,2017,1,22766,0,0,0,0,22072,694
financial.balance_sheet.other_equity_instruments.latest_reported,2017,2,236,4,0,0,0,121,111
financial.balance_sheet.other_equity_instruments.latest_reported,2017,3,31,0,0,0,0,25,6
financial.balance_sheet.other_equity_instruments.latest_reported,2017,4,215,0,0,0,0,182,33
financial.balance_sheet.other_equity_instruments.latest_reported,2017,7,3,0,0,3,0,0,0
financial.balance_sheet.other_equity_instruments.latest_reported,2018,1,26849,6,0,0,0,25498,1345
financial.balance_sheet.other_equity_instruments.latest_reported,2018,2,283,4,0,0,0,92,187
financial.balance_sheet.other_equity_instruments.latest_reported,2018,3,40,0,0,0,0,33,7
financial.balance_sheet.other_equity_instruments.latest_reported,2018,4,270,0,0,0,0,221,49
financial.balance_sheet.other_equity_instruments.latest_reported,2018,7,2,0,0,2,0,0,0
financial.balance_sheet.other_equity_instruments.latest_reported,2019,1,24846,74,0,0,0,23162,1610
financial.balance_sheet.other_equity_instruments.latest_reported,2019,2,253,0,0,0,0,82,171
financial.balance_sheet.other_equity_instruments.latest_reported,2019,3,31,0,0,0,0,26,5
financial.balance_sheet.other_equity_instruments.latest_reported,2019,4,243,0,0,0,0,188,55
financial.balance_sheet.other_equity_instruments.latest_reported,2019,7,4,0,0,4,0,0,0
financial.balance_sheet.other_equity_instruments.latest_reported,2020,1,27645,92,0,0,0,25081,2472
financial.balance_sheet.other_equity_instruments.latest_reported,2020,2,280,0,0,0,0,79,201
financial.balance_sheet.other_equity_instruments.latest_reported,2020,3,36,0,0,0,0,33,3
financial.balance_sheet.other_equity_instruments.latest_reported,2020,4,254,0,0,0,0,198,56
financial.balance_sheet.other_equity_instruments.latest_reported,2020,7,3,0,0,3,0,0,0
financial.balance_sheet.other_equity_instruments.latest_reported,2021,1,27375,68,0,0,0,24469,2838
financial.balance_sheet.other_equity_instruments.latest_reported,2021,2,315,18,0,0,0,55,242
financial.balance_sheet.other_equity_instruments.latest_reported,2021,3,41,0,0,0,0,41,0
financial.balance_sheet.other_equity_instruments.latest_reported,2021,4,261,2,0,0,0,182,77
financial.balance_sheet.other_equity_instruments.latest_reported,2021,7,4,0,0,4,0,0,0
financial.balance_sheet.other_equity_instruments.latest_reported,2022,1,26394,2128,0,0,0,21301,2965
financial.balance_sheet.other_equity_instruments.latest_reported,2022,2,307,122,0,0,0,35,150
financial.balance_sheet.other_equity_instruments.latest_reported,2022,3,35,14,0,0,0,21,0
financial.balance_sheet.other_equity_instruments.latest_reported,2022,4,229,6,0,0,0,144,79
financial.balance_sheet.other_equity_instruments.latest_reported,2022,7,7,0,0,7,0,0,0
financial.balance_sheet.other_equity_instruments.latest_reported,2023,1,32691,558,0,0,0,27762,4371
financial.balance_sheet.other_equity_instruments.latest_reported,2023,2,335,128,0,0,0,39,168
financial.balance_sheet.other_equity_instruments.latest_reported,2023,3,37,24,0,0,0,13,0
financial.balance_sheet.other_equity_instruments.latest_reported,2023,4,278,4,0,0,0,166,108
financial.balance_sheet.other_equity_instruments.latest_reported,2023,7,8,0,0,8,0,0,0
financial.balance_sheet.other_equity_instruments.latest_reported,2024,1,21760,1854,0,0,0,17144,2762
financial.balance_sheet.other_equity_instruments.latest_reported,2024,2,260,134,0,0,0,29,97
financial.balance_sheet.other_equity_instruments.latest_reported,2024,3,29,14,0,0,0,15,0
financial.balance_sheet.other_equity_instruments.latest_reported,2024,4,186,6,0,0,0,108,72
financial.balance_sheet.other_equity_instruments.latest_reported,2024,7,8,0,0,8,0,0,0
financial.balance_sheet.other_equity_instruments.latest_reported,2025,1,22233,2244,0,0,0,17454,2535
financial.balance_sheet.other_equity_instruments.latest_reported,2025,2,257,132,0,0,0,27,98
financial.balance_sheet.other_equity_instruments.latest_reported,2025,3,31,22,0,0,0,9,0
financial.balance_sheet.other_equity_instruments.latest_reported,2025,4,182,0,0,0,0,112,70
financial.balance_sheet.other_equity_instruments.latest_reported,2025,7,13,0,0,13,0,0,0
financial.balance_sheet.other_equity_instruments.latest_reported,2026,1,10082,3695,0,0,0,5664,723
financial.balance_sheet.other_equity_instruments.latest_reported,2026,2,116,84,0,0,0,6,26
financial.balance_sheet.other_equity_instruments.latest_reported,2026,3,13,10,0,0,0,3,0
financial.balance_sheet.other_equity_instruments.latest_reported,2026,4,86,32,0,0,0,33,21
financial.balance_sheet.other_equity_instruments.latest_reported,2026,7,6,0,0,6,0,0,0
financial.balance_sheet.other_receivables.latest_reported,1989,1,9,0,0,0,0,6,3
financial.balance_sheet.other_receivables.latest_reported,1989,2,1,0,0,0,0,1,0
financial.balance_sheet.other_receivables.latest_reported,1990,1,94,0,0,0,0,85,9
financial.balance_sheet.other_receivables.latest_reported,1990,2,1,0,0,0,0,1,0
financial.balance_sheet.other_receivables.latest_reported,1991,1,140,0,0,0,0,132,8
financial.balance_sheet.other_receivables.latest_reported,1991,2,1,0,0,0,0,1,0
financial.balance_sheet.other_receivables.latest_reported,1992,1,293,0,0,0,0,276,17
financial.balance_sheet.other_receivables.latest_reported,1992,2,1,0,0,0,0,1,0
financial.balance_sheet.other_receivables.latest_reported,1993,1,638,0,0,0,0,591,47
financial.balance_sheet.other_receivables.latest_reported,1993,2,1,0,0,0,0,1,0
financial.balance_sheet.other_receivables.latest_reported,1993,4,2,0,0,0,0,1,1
financial.balance_sheet.other_receivables.latest_reported,1994,1,1013,0,0,0,0,943,70
financial.balance_sheet.other_receivables.latest_reported,1994,2,2,0,0,0,0,0,2
financial.balance_sheet.other_receivables.latest_reported,1994,4,2,0,0,0,0,1,1
financial.balance_sheet.other_receivables.latest_reported,1995,1,1159,0,0,0,0,1076,83
financial.balance_sheet.other_receivables.latest_reported,1995,2,2,0,0,0,0,1,1
financial.balance_sheet.other_receivables.latest_reported,1995,4,2,0,0,0,0,1,1
financial.balance_sheet.other_receivables.latest_reported,1996,1,1434,0,0,0,0,1357,77
financial.balance_sheet.other_receivables.latest_reported,1996,2,3,0,0,0,0,1,2
financial.balance_sheet.other_receivables.latest_reported,1996,4,2,0,0,0,0,2,0
financial.balance_sheet.other_receivables.latest_reported,1997,1,1812,0,0,0,0,1785,27
financial.balance_sheet.other_receivables.latest_reported,1997,2,4,0,0,0,0,2,2
financial.balance_sheet.other_receivables.latest_reported,1997,4,2,0,0,0,0,2,0
financial.balance_sheet.other_receivables.latest_reported,1998,1,1952,0,0,0,0,1913,39
financial.balance_sheet.other_receivables.latest_reported,1998,2,4,0,0,0,0,2,2
financial.balance_sheet.other_receivables.latest_reported,1998,4,2,0,0,0,0,1,1
financial.balance_sheet.other_receivables.latest_reported,1999,1,2136,0,0,0,0,2079,57
financial.balance_sheet.other_receivables.latest_reported,1999,2,6,0,0,0,0,5,1
financial.balance_sheet.other_receivables.latest_reported,1999,4,3,0,0,0,0,3,0
financial.balance_sheet.other_receivables.latest_reported,2000,1,2351,0,0,0,0,2213,138
financial.balance_sheet.other_receivables.latest_reported,2000,2,9,0,0,0,0,8,1
financial.balance_sheet.other_receivables.latest_reported,2000,4,3,0,0,0,0,3,0
financial.balance_sheet.other_receivables.latest_reported,2001,1,2671,0,0,0,0,76,2595
financial.balance_sheet.other_receivables.latest_reported,2001,2,14,0,0,0,0,5,9
financial.balance_sheet.other_receivables.latest_reported,2001,4,3,0,0,0,0,3,0
financial.balance_sheet.other_receivables.latest_reported,2002,1,4946,0,0,0,0,212,4734
financial.balance_sheet.other_receivables.latest_reported,2002,2,24,0,0,0,0,4,20
financial.balance_sheet.other_receivables.latest_reported,2002,4,8,0,0,0,0,8,0
financial.balance_sheet.other_receivables.latest_reported,2003,1,5232,0,0,0,0,145,5087
financial.balance_sheet.other_receivables.latest_reported,2003,2,29,0,0,0,0,8,21
financial.balance_sheet.other_receivables.latest_reported,2003,3,2,0,0,0,0,0,2
financial.balance_sheet.other_receivables.latest_reported,2003,4,10,0,0,0,0,10,0
financial.balance_sheet.other_receivables.latest_reported,2004,1,5648,0,0,0,0,77,5571
financial.balance_sheet.other_receivables.latest_reported,2004,2,33,0,0,0,0,13,20
financial.balance_sheet.other_receivables.latest_reported,2004,3,3,0,0,0,0,1,2
financial.balance_sheet.other_receivables.latest_reported,2004,4,11,0,0,0,0,11,0
financial.balance_sheet.other_receivables.latest_reported,2005,1,7518,0,0,0,0,72,7446
financial.balance_sheet.other_receivables.latest_reported,2005,2,68,0,0,0,0,46,22
financial.balance_sheet.other_receivables.latest_reported,2005,3,10,0,0,0,0,2,8
financial.balance_sheet.other_receivables.latest_reported,2005,4,20,0,0,0,0,20,0
financial.balance_sheet.other_receivables.latest_reported,2006,1,9031,0,0,0,0,87,8944
financial.balance_sheet.other_receivables.latest_reported,2006,2,71,0,0,0,0,47,24
financial.balance_sheet.other_receivables.latest_reported,2006,3,9,0,0,0,0,4,5
financial.balance_sheet.other_receivables.latest_reported,2006,4,28,0,0,0,0,28,0
financial.balance_sheet.other_receivables.latest_reported,2007,1,12166,0,0,0,0,45,12121
financial.balance_sheet.other_receivables.latest_reported,2007,2,134,4,0,0,0,118,12
financial.balance_sheet.other_receivables.latest_reported,2007,3,22,0,0,0,0,14,8
financial.balance_sheet.other_receivables.latest_reported,2007,4,98,0,0,0,0,95,3
financial.balance_sheet.other_receivables.latest_reported,2008,1,13106,0,0,0,0,70,13036
financial.balance_sheet.other_receivables.latest_reported,2008,2,146,6,0,0,0,138,2
financial.balance_sheet.other_receivables.latest_reported,2008,3,25,2,0,0,0,16,7
financial.balance_sheet.other_receivables.latest_reported,2008,4,161,0,0,0,0,159,2
financial.balance_sheet.other_receivables.latest_reported,2009,1,10534,0,0,0,0,67,10467
financial.balance_sheet.other_receivables.latest_reported,2009,2,125,4,0,0,0,111,10
financial.balance_sheet.other_receivables.latest_reported,2009,3,19,2,0,0,0,12,5
financial.balance_sheet.other_receivables.latest_reported,2009,4,134,0,0,0,0,133,1
financial.balance_sheet.other_receivables.latest_reported,2010,1,13659,0,0,0,0,105,13554
financial.balance_sheet.other_receivables.latest_reported,2010,2,151,12,0,0,0,130,9
financial.balance_sheet.other_receivables.latest_reported,2010,3,19,6,0,0,0,10,3
financial.balance_sheet.other_receivables.latest_reported,2010,4,182,0,0,0,0,180,2
financial.balance_sheet.other_receivables.latest_reported,2011,1,15788,0,0,0,0,113,15675
financial.balance_sheet.other_receivables.latest_reported,2011,2,156,14,0,0,0,141,1
financial.balance_sheet.other_receivables.latest_reported,2011,3,23,10,0,0,0,8,5
financial.balance_sheet.other_receivables.latest_reported,2011,4,170,0,0,0,0,170,0
financial.balance_sheet.other_receivables.latest_reported,2012,1,19490,0,0,0,0,183,19307
financial.balance_sheet.other_receivables.latest_reported,2012,2,177,8,0,0,0,168,1
financial.balance_sheet.other_receivables.latest_reported,2012,3,29,18,0,0,0,9,2
financial.balance_sheet.other_receivables.latest_reported,2012,4,220,2,0,0,0,214,4
financial.balance_sheet.other_receivables.latest_reported,2012,7,1,0,0,1,0,0,0
financial.balance_sheet.other_receivables.latest_reported,2013,1,17719,0,0,0,0,192,17527
financial.balance_sheet.other_receivables.latest_reported,2013,2,155,10,0,0,0,145,0
financial.balance_sheet.other_receivables.latest_reported,2013,3,28,16,0,0,0,8,4
financial.balance_sheet.other_receivables.latest_reported,2013,4,196,4,0,0,0,192,0
financial.balance_sheet.other_receivables.latest_reported,2013,7,1,0,0,1,0,0,0
financial.balance_sheet.other_receivables.latest_reported,2014,1,18669,0,0,0,0,191,18478
financial.balance_sheet.other_receivables.latest_reported,2014,2,160,10,0,0,0,149,1
financial.balance_sheet.other_receivables.latest_reported,2014,3,28,14,0,0,0,10,4
financial.balance_sheet.other_receivables.latest_reported,2014,4,189,2,0,0,0,186,1
financial.balance_sheet.other_receivables.latest_reported,2014,7,2,0,0,2,0,0,0
financial.balance_sheet.other_receivables.latest_reported,2015,1,16787,0,0,0,0,277,16510
financial.balance_sheet.other_receivables.latest_reported,2015,2,159,4,0,0,0,154,1
financial.balance_sheet.other_receivables.latest_reported,2015,3,23,2,0,0,0,12,9
financial.balance_sheet.other_receivables.latest_reported,2015,4,171,0,0,0,0,171,0
financial.balance_sheet.other_receivables.latest_reported,2015,7,2,0,0,2,0,0,0
financial.balance_sheet.other_receivables.latest_reported,2016,1,21094,0,0,0,0,597,20497
financial.balance_sheet.other_receivables.latest_reported,2016,2,222,6,0,0,0,216,0
financial.balance_sheet.other_receivables.latest_reported,2016,3,29,0,0,0,0,14,15
financial.balance_sheet.other_receivables.latest_reported,2016,4,199,0,0,0,0,199,0
financial.balance_sheet.other_receivables.latest_reported,2016,7,3,0,0,3,0,0,0
financial.balance_sheet.other_receivables.latest_reported,2017,1,22766,0,0,0,0,548,22218
financial.balance_sheet.other_receivables.latest_reported,2017,2,236,4,0,0,0,232,0
financial.balance_sheet.other_receivables.latest_reported,2017,3,31,0,0,0,0,25,6
financial.balance_sheet.other_receivables.latest_reported,2017,4,215,0,0,0,0,215,0
financial.balance_sheet.other_receivables.latest_reported,2017,7,3,0,0,3,0,0,0
financial.balance_sheet.other_receivables.latest_reported,2018,1,26849,6,0,0,0,7437,19406
financial.balance_sheet.other_receivables.latest_reported,2018,2,283,4,0,0,0,279,0
financial.balance_sheet.other_receivables.latest_reported,2018,3,40,0,0,0,0,40,0
financial.balance_sheet.other_receivables.latest_reported,2018,4,270,0,0,0,0,270,0
financial.balance_sheet.other_receivables.latest_reported,2018,7,2,0,0,2,0,0,0
financial.balance_sheet.other_receivables.latest_reported,2019,1,24846,74,0,0,0,10817,13955
financial.balance_sheet.other_receivables.latest_reported,2019,2,253,0,0,0,0,253,0
financial.balance_sheet.other_receivables.latest_reported,2019,3,31,0,0,0,0,31,0
financial.balance_sheet.other_receivables.latest_reported,2019,4,243,0,0,0,0,243,0
financial.balance_sheet.other_receivables.latest_reported,2019,7,4,0,0,4,0,0,0
financial.balance_sheet.other_receivables.latest_reported,2020,1,27645,92,0,0,0,8773,18780
financial.balance_sheet.other_receivables.latest_reported,2020,2,280,0,0,0,0,280,0
financial.balance_sheet.other_receivables.latest_reported,2020,3,36,0,0,0,0,36,0
financial.balance_sheet.other_receivables.latest_reported,2020,4,254,0,0,0,0,254,0
financial.balance_sheet.other_receivables.latest_reported,2020,7,3,0,0,3,0,0,0
financial.balance_sheet.other_receivables.latest_reported,2021,1,27375,68,0,0,0,16273,11034
financial.balance_sheet.other_receivables.latest_reported,2021,2,315,18,0,0,0,297,0
financial.balance_sheet.other_receivables.latest_reported,2021,3,41,0,0,0,0,41,0
financial.balance_sheet.other_receivables.latest_reported,2021,4,261,2,0,0,0,259,0
financial.balance_sheet.other_receivables.latest_reported,2021,7,4,0,0,4,0,0,0
financial.balance_sheet.other_receivables.latest_reported,2022,1,26394,2128,0,0,0,8915,15351
financial.balance_sheet.other_receivables.latest_reported,2022,2,307,122,0,0,0,185,0
financial.balance_sheet.other_receivables.latest_reported,2022,3,35,14,0,0,0,21,0
financial.balance_sheet.other_receivables.latest_reported,2022,4,229,6,0,0,0,223,0
financial.balance_sheet.other_receivables.latest_reported,2022,7,7,0,0,7,0,0,0
financial.balance_sheet.other_receivables.latest_reported,2023,1,32691,558,0,0,0,11603,20530
financial.balance_sheet.other_receivables.latest_reported,2023,2,335,128,0,0,0,207,0
financial.balance_sheet.other_receivables.latest_reported,2023,3,37,24,0,0,0,13,0
financial.balance_sheet.other_receivables.latest_reported,2023,4,278,4,0,0,0,274,0
financial.balance_sheet.other_receivables.latest_reported,2023,7,8,0,0,8,0,0,0
financial.balance_sheet.other_receivables.latest_reported,2024,1,21760,1854,0,0,0,9241,10665
financial.balance_sheet.other_receivables.latest_reported,2024,2,260,134,0,0,0,126,0
financial.balance_sheet.other_receivables.latest_reported,2024,3,29,14,0,0,0,15,0
financial.balance_sheet.other_receivables.latest_reported,2024,4,186,6,0,0,0,180,0
financial.balance_sheet.other_receivables.latest_reported,2024,7,8,0,0,8,0,0,0
financial.balance_sheet.other_receivables.latest_reported,2025,1,22233,2244,0,0,0,9231,10758
financial.balance_sheet.other_receivables.latest_reported,2025,2,257,132,0,0,0,125,0
financial.balance_sheet.other_receivables.latest_reported,2025,3,31,22,0,0,0,9,0
financial.balance_sheet.other_receivables.latest_reported,2025,4,182,0,0,0,0,182,0
financial.balance_sheet.other_receivables.latest_reported,2025,7,13,0,0,13,0,0,0
financial.balance_sheet.other_receivables.latest_reported,2026,1,10082,3695,0,0,0,3887,2500
financial.balance_sheet.other_receivables.latest_reported,2026,2,116,84,0,0,0,32,0
financial.balance_sheet.other_receivables.latest_reported,2026,3,13,10,0,0,0,3,0
financial.balance_sheet.other_receivables.latest_reported,2026,4,86,32,0,0,0,54,0
financial.balance_sheet.other_receivables.latest_reported,2026,7,6,0,0,6,0,0,0
financial.balance_sheet.prepayments.latest_reported,1989,1,9,0,0,0,0,7,2
financial.balance_sheet.prepayments.latest_reported,1989,2,1,0,0,0,0,1,0
financial.balance_sheet.prepayments.latest_reported,1990,1,94,0,0,0,0,77,17
financial.balance_sheet.prepayments.latest_reported,1990,2,1,0,0,0,0,1,0
financial.balance_sheet.prepayments.latest_reported,1991,1,140,0,0,0,0,106,34
financial.balance_sheet.prepayments.latest_reported,1991,2,1,0,0,0,0,1,0
financial.balance_sheet.prepayments.latest_reported,1992,1,293,0,0,0,0,145,148
financial.balance_sheet.prepayments.latest_reported,1992,2,1,0,0,0,0,1,0
financial.balance_sheet.prepayments.latest_reported,1993,1,638,0,0,0,0,247,391
financial.balance_sheet.prepayments.latest_reported,1993,2,1,0,0,0,0,0,1
financial.balance_sheet.prepayments.latest_reported,1993,4,2,0,0,0,0,2,0
financial.balance_sheet.prepayments.latest_reported,1994,1,1013,0,0,0,0,609,404
financial.balance_sheet.prepayments.latest_reported,1994,2,2,0,0,0,0,1,1
financial.balance_sheet.prepayments.latest_reported,1994,4,2,0,0,0,0,1,1
financial.balance_sheet.prepayments.latest_reported,1995,1,1159,0,0,0,0,427,732
financial.balance_sheet.prepayments.latest_reported,1995,2,2,0,0,0,0,0,2
financial.balance_sheet.prepayments.latest_reported,1995,4,2,0,0,0,0,1,1
financial.balance_sheet.prepayments.latest_reported,1996,1,1434,0,0,0,0,538,896
financial.balance_sheet.prepayments.latest_reported,1996,2,3,0,0,0,0,1,2
financial.balance_sheet.prepayments.latest_reported,1996,4,2,0,0,0,0,1,1
financial.balance_sheet.prepayments.latest_reported,1997,1,1812,0,0,0,0,771,1041
financial.balance_sheet.prepayments.latest_reported,1997,2,4,0,0,0,0,2,2
financial.balance_sheet.prepayments.latest_reported,1997,4,2,0,0,0,0,1,1
financial.balance_sheet.prepayments.latest_reported,1998,1,1952,0,0,0,0,119,1833
financial.balance_sheet.prepayments.latest_reported,1998,2,4,0,0,0,0,2,2
financial.balance_sheet.prepayments.latest_reported,1998,4,2,0,0,0,0,0,2
financial.balance_sheet.prepayments.latest_reported,1999,1,2136,0,0,0,0,89,2047
financial.balance_sheet.prepayments.latest_reported,1999,2,6,0,0,0,0,4,2
financial.balance_sheet.prepayments.latest_reported,1999,4,3,0,0,0,0,1,2
financial.balance_sheet.prepayments.latest_reported,2000,1,2351,0,0,0,0,57,2294
financial.balance_sheet.prepayments.latest_reported,2000,2,9,0,0,0,0,8,1
financial.balance_sheet.prepayments.latest_reported,2000,4,3,0,0,0,0,3,0
financial.balance_sheet.prepayments.latest_reported,2001,1,2671,0,0,0,0,103,2568
financial.balance_sheet.prepayments.latest_reported,2001,2,14,0,0,0,0,14,0
financial.balance_sheet.prepayments.latest_reported,2001,4,3,0,0,0,0,3,0
financial.balance_sheet.prepayments.latest_reported,2002,1,4946,0,0,0,0,285,4661
financial.balance_sheet.prepayments.latest_reported,2002,2,24,0,0,0,0,23,1
financial.balance_sheet.prepayments.latest_reported,2002,4,8,0,0,0,0,8,0
financial.balance_sheet.prepayments.latest_reported,2003,1,5232,0,0,0,0,207,5025
financial.balance_sheet.prepayments.latest_reported,2003,2,29,0,0,0,0,25,4
financial.balance_sheet.prepayments.latest_reported,2003,3,2,0,0,0,0,2,0
financial.balance_sheet.prepayments.latest_reported,2003,4,10,0,0,0,0,10,0
financial.balance_sheet.prepayments.latest_reported,2004,1,5648,0,0,0,0,157,5491
financial.balance_sheet.prepayments.latest_reported,2004,2,33,0,0,0,0,29,4
financial.balance_sheet.prepayments.latest_reported,2004,3,3,0,0,0,0,3,0
financial.balance_sheet.prepayments.latest_reported,2004,4,11,0,0,0,0,11,0
financial.balance_sheet.prepayments.latest_reported,2005,1,7518,0,0,0,0,178,7340
financial.balance_sheet.prepayments.latest_reported,2005,2,68,0,0,0,0,65,3
financial.balance_sheet.prepayments.latest_reported,2005,3,10,0,0,0,0,8,2
financial.balance_sheet.prepayments.latest_reported,2005,4,20,0,0,0,0,20,0
financial.balance_sheet.prepayments.latest_reported,2006,1,9031,0,0,0,0,212,8819
financial.balance_sheet.prepayments.latest_reported,2006,2,71,0,0,0,0,70,1
financial.balance_sheet.prepayments.latest_reported,2006,3,9,0,0,0,0,9,0
financial.balance_sheet.prepayments.latest_reported,2006,4,28,0,0,0,0,28,0
financial.balance_sheet.prepayments.latest_reported,2007,1,12166,0,0,0,0,270,11896
financial.balance_sheet.prepayments.latest_reported,2007,2,134,4,0,0,0,130,0
financial.balance_sheet.prepayments.latest_reported,2007,3,22,0,0,0,0,22,0
financial.balance_sheet.prepayments.latest_reported,2007,4,98,0,0,0,0,95,3
financial.balance_sheet.prepayments.latest_reported,2008,1,13106,0,0,0,0,247,12859
financial.balance_sheet.prepayments.latest_reported,2008,2,146,6,0,0,0,140,0
financial.balance_sheet.prepayments.latest_reported,2008,3,25,2,0,0,0,23,0
financial.balance_sheet.prepayments.latest_reported,2008,4,161,0,0,0,0,161,0
financial.balance_sheet.prepayments.latest_reported,2009,1,10534,0,0,0,0,222,10312
financial.balance_sheet.prepayments.latest_reported,2009,2,125,4,0,0,0,121,0
financial.balance_sheet.prepayments.latest_reported,2009,3,19,2,0,0,0,17,0
financial.balance_sheet.prepayments.latest_reported,2009,4,134,0,0,0,0,133,1
financial.balance_sheet.prepayments.latest_reported,2010,1,13659,0,0,0,0,327,13332
financial.balance_sheet.prepayments.latest_reported,2010,2,151,12,0,0,0,139,0
financial.balance_sheet.prepayments.latest_reported,2010,3,19,6,0,0,0,13,0
financial.balance_sheet.prepayments.latest_reported,2010,4,182,0,0,0,0,182,0
financial.balance_sheet.prepayments.latest_reported,2011,1,15788,0,0,0,0,309,15479
financial.balance_sheet.prepayments.latest_reported,2011,2,156,14,0,0,0,142,0
financial.balance_sheet.prepayments.latest_reported,2011,3,23,10,0,0,0,13,0
financial.balance_sheet.prepayments.latest_reported,2011,4,170,0,0,0,0,170,0
financial.balance_sheet.prepayments.latest_reported,2012,1,19490,0,0,0,0,354,19136
financial.balance_sheet.prepayments.latest_reported,2012,2,177,8,0,0,0,169,0
financial.balance_sheet.prepayments.latest_reported,2012,3,29,18,0,0,0,11,0
financial.balance_sheet.prepayments.latest_reported,2012,4,220,2,0,0,0,217,1
financial.balance_sheet.prepayments.latest_reported,2012,7,1,0,0,1,0,0,0
financial.balance_sheet.prepayments.latest_reported,2013,1,17719,0,0,0,0,361,17358
financial.balance_sheet.prepayments.latest_reported,2013,2,155,10,0,0,0,145,0
financial.balance_sheet.prepayments.latest_reported,2013,3,28,16,0,0,0,12,0
financial.balance_sheet.prepayments.latest_reported,2013,4,196,4,0,0,0,192,0
financial.balance_sheet.prepayments.latest_reported,2013,7,1,0,0,1,0,0,0
financial.balance_sheet.prepayments.latest_reported,2014,1,18669,0,0,0,0,366,18303
financial.balance_sheet.prepayments.latest_reported,2014,2,160,10,0,0,0,150,0
financial.balance_sheet.prepayments.latest_reported,2014,3,28,14,0,0,0,14,0
financial.balance_sheet.prepayments.latest_reported,2014,4,189,2,0,0,0,185,2
financial.balance_sheet.prepayments.latest_reported,2014,7,2,0,0,2,0,0,0
financial.balance_sheet.prepayments.latest_reported,2015,1,16787,0,0,0,0,358,16429
financial.balance_sheet.prepayments.latest_reported,2015,2,159,4,0,0,0,155,0
financial.balance_sheet.prepayments.latest_reported,2015,3,23,2,0,0,0,21,0
financial.balance_sheet.prepayments.latest_reported,2015,4,171,0,0,0,0,171,0
financial.balance_sheet.prepayments.latest_reported,2015,7,2,0,0,2,0,0,0
financial.balance_sheet.prepayments.latest_reported,2016,1,21094,0,0,0,0,350,20744
financial.balance_sheet.prepayments.latest_reported,2016,2,222,6,0,0,0,216,0
financial.balance_sheet.prepayments.latest_reported,2016,3,29,0,0,0,0,29,0
financial.balance_sheet.prepayments.latest_reported,2016,4,199,0,0,0,0,199,0
financial.balance_sheet.prepayments.latest_reported,2016,7,3,0,0,3,0,0,0
financial.balance_sheet.prepayments.latest_reported,2017,1,22766,0,0,0,0,273,22493
financial.balance_sheet.prepayments.latest_reported,2017,2,236,4,0,0,0,232,0
financial.balance_sheet.prepayments.latest_reported,2017,3,31,0,0,0,0,31,0
financial.balance_sheet.prepayments.latest_reported,2017,4,215,0,0,0,0,215,0
financial.balance_sheet.prepayments.latest_reported,2017,7,3,0,0,3,0,0,0
financial.balance_sheet.prepayments.latest_reported,2018,1,26849,6,0,0,0,229,26614
financial.balance_sheet.prepayments.latest_reported,2018,2,283,4,0,0,0,279,0
financial.balance_sheet.prepayments.latest_reported,2018,3,40,0,0,0,0,40,0
financial.balance_sheet.prepayments.latest_reported,2018,4,270,0,0,0,0,270,0
financial.balance_sheet.prepayments.latest_reported,2018,7,2,0,0,2,0,0,0
financial.balance_sheet.prepayments.latest_reported,2019,1,24846,74,0,0,0,202,24570
financial.balance_sheet.prepayments.latest_reported,2019,2,253,0,0,0,0,253,0
financial.balance_sheet.prepayments.latest_reported,2019,3,31,0,0,0,0,31,0
financial.balance_sheet.prepayments.latest_reported,2019,4,243,0,0,0,0,243,0
financial.balance_sheet.prepayments.latest_reported,2019,7,4,0,0,4,0,0,0
financial.balance_sheet.prepayments.latest_reported,2020,1,27645,92,0,0,0,180,27373
financial.balance_sheet.prepayments.latest_reported,2020,2,280,0,0,0,0,280,0
financial.balance_sheet.prepayments.latest_reported,2020,3,36,0,0,0,0,36,0
financial.balance_sheet.prepayments.latest_reported,2020,4,254,0,0,0,0,254,0
financial.balance_sheet.prepayments.latest_reported,2020,7,3,0,0,3,0,0,0
financial.balance_sheet.prepayments.latest_reported,2021,1,27375,68,0,0,0,135,27172
financial.balance_sheet.prepayments.latest_reported,2021,2,315,18,0,0,0,297,0
financial.balance_sheet.prepayments.latest_reported,2021,3,41,0,0,0,0,41,0
financial.balance_sheet.prepayments.latest_reported,2021,4,261,2,0,0,0,259,0
financial.balance_sheet.prepayments.latest_reported,2021,7,4,0,0,4,0,0,0
financial.balance_sheet.prepayments.latest_reported,2022,1,26394,2128,0,0,0,184,24082
financial.balance_sheet.prepayments.latest_reported,2022,2,307,122,0,0,0,185,0
financial.balance_sheet.prepayments.latest_reported,2022,3,35,14,0,0,0,21,0
financial.balance_sheet.prepayments.latest_reported,2022,4,229,6,0,0,0,223,0
financial.balance_sheet.prepayments.latest_reported,2022,7,7,0,0,7,0,0,0
financial.balance_sheet.prepayments.latest_reported,2023,1,32691,558,0,0,0,155,31978
financial.balance_sheet.prepayments.latest_reported,2023,2,335,128,0,0,0,207,0
financial.balance_sheet.prepayments.latest_reported,2023,3,37,24,0,0,0,13,0
financial.balance_sheet.prepayments.latest_reported,2023,4,278,4,0,0,0,274,0
financial.balance_sheet.prepayments.latest_reported,2023,7,8,0,0,8,0,0,0
financial.balance_sheet.prepayments.latest_reported,2024,1,21760,1854,0,0,0,95,19811
financial.balance_sheet.prepayments.latest_reported,2024,2,260,134,0,0,0,126,0
financial.balance_sheet.prepayments.latest_reported,2024,3,29,14,0,0,0,15,0
financial.balance_sheet.prepayments.latest_reported,2024,4,186,6,0,0,0,180,0
financial.balance_sheet.prepayments.latest_reported,2024,7,8,0,0,8,0,0,0
financial.balance_sheet.prepayments.latest_reported,2025,1,22233,2244,0,0,0,105,19884
financial.balance_sheet.prepayments.latest_reported,2025,2,257,132,0,0,0,125,0
financial.balance_sheet.prepayments.latest_reported,2025,3,31,22,0,0,0,9,0
financial.balance_sheet.prepayments.latest_reported,2025,4,182,0,0,0,0,182,0
financial.balance_sheet.prepayments.latest_reported,2025,7,13,0,0,13,0,0,0
financial.balance_sheet.prepayments.latest_reported,2026,1,10082,3695,0,0,0,17,6370
financial.balance_sheet.prepayments.latest_reported,2026,2,116,84,0,0,0,32,0
financial.balance_sheet.prepayments.latest_reported,2026,3,13,10,0,0,0,3,0
financial.balance_sheet.prepayments.latest_reported,2026,4,86,32,0,0,0,54,0
financial.balance_sheet.prepayments.latest_reported,2026,7,6,0,0,6,0,0,0
financial.balance_sheet.short_term_borrowings.latest_reported,1989,1,9,0,0,0,0,6,3
financial.balance_sheet.short_term_borrowings.latest_reported,1989,2,1,0,0,0,0,1,0
financial.balance_sheet.short_term_borrowings.latest_reported,1990,1,94,0,0,0,0,58,36
financial.balance_sheet.short_term_borrowings.latest_reported,1990,2,1,0,0,0,0,1,0
financial.balance_sheet.short_term_borrowings.latest_reported,1991,1,140,0,0,0,0,84,56
financial.balance_sheet.short_term_borrowings.latest_reported,1991,2,1,0,0,0,0,1,0
financial.balance_sheet.short_term_borrowings.latest_reported,1992,1,293,0,0,0,0,106,187
financial.balance_sheet.short_term_borrowings.latest_reported,1992,2,1,0,0,0,0,1,0
financial.balance_sheet.short_term_borrowings.latest_reported,1993,1,638,0,0,0,0,191,447
financial.balance_sheet.short_term_borrowings.latest_reported,1993,2,1,0,0,0,0,1,0
financial.balance_sheet.short_term_borrowings.latest_reported,1993,4,2,0,0,0,0,1,1
financial.balance_sheet.short_term_borrowings.latest_reported,1994,1,1013,0,0,0,0,417,596
financial.balance_sheet.short_term_borrowings.latest_reported,1994,2,2,0,0,0,0,1,1
financial.balance_sheet.short_term_borrowings.latest_reported,1994,4,2,0,0,0,0,1,1
financial.balance_sheet.short_term_borrowings.latest_reported,1995,1,1159,0,0,0,0,379,780
financial.balance_sheet.short_term_borrowings.latest_reported,1995,2,2,0,0,0,0,0,2
financial.balance_sheet.short_term_borrowings.latest_reported,1995,4,2,0,0,0,0,1,1
financial.balance_sheet.short_term_borrowings.latest_reported,1996,1,1434,0,0,0,0,504,930
financial.balance_sheet.short_term_borrowings.latest_reported,1996,2,3,0,0,0,0,1,2
financial.balance_sheet.short_term_borrowings.latest_reported,1996,4,2,0,0,0,0,1,1
financial.balance_sheet.short_term_borrowings.latest_reported,1997,1,1812,0,0,0,0,743,1069
financial.balance_sheet.short_term_borrowings.latest_reported,1997,2,4,0,0,0,0,2,2
financial.balance_sheet.short_term_borrowings.latest_reported,1997,4,2,0,0,0,0,2,0
financial.balance_sheet.short_term_borrowings.latest_reported,1998,1,1952,0,0,0,0,136,1816
financial.balance_sheet.short_term_borrowings.latest_reported,1998,2,4,0,0,0,0,2,2
financial.balance_sheet.short_term_borrowings.latest_reported,1998,4,2,0,0,0,0,0,2
financial.balance_sheet.short_term_borrowings.latest_reported,1999,1,2136,0,0,0,0,140,1996
financial.balance_sheet.short_term_borrowings.latest_reported,1999,2,6,0,0,0,0,4,2
financial.balance_sheet.short_term_borrowings.latest_reported,1999,4,3,0,0,0,0,1,2
financial.balance_sheet.short_term_borrowings.latest_reported,2000,1,2351,0,0,0,0,169,2182
financial.balance_sheet.short_term_borrowings.latest_reported,2000,2,9,0,0,0,0,8,1
financial.balance_sheet.short_term_borrowings.latest_reported,2000,4,3,0,0,0,0,1,2
financial.balance_sheet.short_term_borrowings.latest_reported,2001,1,2671,0,0,0,0,215,2456
financial.balance_sheet.short_term_borrowings.latest_reported,2001,2,14,0,0,0,0,13,1
financial.balance_sheet.short_term_borrowings.latest_reported,2001,4,3,0,0,0,0,1,2
financial.balance_sheet.short_term_borrowings.latest_reported,2002,1,4946,0,0,0,0,524,4422
financial.balance_sheet.short_term_borrowings.latest_reported,2002,2,24,0,0,0,0,24,0
financial.balance_sheet.short_term_borrowings.latest_reported,2002,4,8,0,0,0,0,2,6
financial.balance_sheet.short_term_borrowings.latest_reported,2003,1,5232,0,0,0,0,510,4722
financial.balance_sheet.short_term_borrowings.latest_reported,2003,2,29,0,0,0,0,29,0
financial.balance_sheet.short_term_borrowings.latest_reported,2003,3,2,0,0,0,0,2,0
financial.balance_sheet.short_term_borrowings.latest_reported,2003,4,10,0,0,0,0,5,5
financial.balance_sheet.short_term_borrowings.latest_reported,2004,1,5648,0,0,0,0,494,5154
financial.balance_sheet.short_term_borrowings.latest_reported,2004,2,33,0,0,0,0,33,0
financial.balance_sheet.short_term_borrowings.latest_reported,2004,3,3,0,0,0,0,3,0
financial.balance_sheet.short_term_borrowings.latest_reported,2004,4,11,0,0,0,0,7,4
financial.balance_sheet.short_term_borrowings.latest_reported,2005,1,7518,0,0,0,0,697,6821
financial.balance_sheet.short_term_borrowings.latest_reported,2005,2,68,0,0,0,0,68,0
financial.balance_sheet.short_term_borrowings.latest_reported,2005,3,10,0,0,0,0,10,0
financial.balance_sheet.short_term_borrowings.latest_reported,2005,4,20,0,0,0,0,9,11
financial.balance_sheet.short_term_borrowings.latest_reported,2006,1,9031,0,0,0,0,893,8138
financial.balance_sheet.short_term_borrowings.latest_reported,2006,2,71,0,0,0,0,71,0
financial.balance_sheet.short_term_borrowings.latest_reported,2006,3,9,0,0,0,0,6,3
financial.balance_sheet.short_term_borrowings.latest_reported,2006,4,28,0,0,0,0,11,17
financial.balance_sheet.short_term_borrowings.latest_reported,2007,1,12166,0,0,0,0,1343,10823
financial.balance_sheet.short_term_borrowings.latest_reported,2007,2,134,4,0,0,0,130,0
financial.balance_sheet.short_term_borrowings.latest_reported,2007,3,22,0,0,0,0,15,7
financial.balance_sheet.short_term_borrowings.latest_reported,2007,4,98,0,0,0,0,76,22
financial.balance_sheet.short_term_borrowings.latest_reported,2008,1,13106,0,0,0,0,1567,11539
financial.balance_sheet.short_term_borrowings.latest_reported,2008,2,146,6,0,0,0,140,0
financial.balance_sheet.short_term_borrowings.latest_reported,2008,3,25,2,0,0,0,14,9
financial.balance_sheet.short_term_borrowings.latest_reported,2008,4,161,0,0,0,0,150,11
financial.balance_sheet.short_term_borrowings.latest_reported,2009,1,10534,0,0,0,0,1599,8935
financial.balance_sheet.short_term_borrowings.latest_reported,2009,2,125,4,0,0,0,119,2
financial.balance_sheet.short_term_borrowings.latest_reported,2009,3,19,2,0,0,0,10,7
financial.balance_sheet.short_term_borrowings.latest_reported,2009,4,134,0,0,0,0,116,18
financial.balance_sheet.short_term_borrowings.latest_reported,2010,1,13659,0,0,0,0,2798,10861
financial.balance_sheet.short_term_borrowings.latest_reported,2010,2,151,12,0,0,0,137,2
financial.balance_sheet.short_term_borrowings.latest_reported,2010,3,19,6,0,0,0,7,6
financial.balance_sheet.short_term_borrowings.latest_reported,2010,4,182,0,0,0,0,158,24
financial.balance_sheet.short_term_borrowings.latest_reported,2011,1,15788,0,0,0,0,3667,12121
financial.balance_sheet.short_term_borrowings.latest_reported,2011,2,156,14,0,0,0,142,0
financial.balance_sheet.short_term_borrowings.latest_reported,2011,3,23,10,0,0,0,7,6
financial.balance_sheet.short_term_borrowings.latest_reported,2011,4,170,0,0,0,0,146,24
financial.balance_sheet.short_term_borrowings.latest_reported,2012,1,19490,0,0,0,0,4184,15306
financial.balance_sheet.short_term_borrowings.latest_reported,2012,2,177,8,0,0,0,169,0
financial.balance_sheet.short_term_borrowings.latest_reported,2012,3,29,18,0,0,0,4,7
financial.balance_sheet.short_term_borrowings.latest_reported,2012,4,220,2,0,0,0,176,42
financial.balance_sheet.short_term_borrowings.latest_reported,2012,7,1,0,0,1,0,0,0
financial.balance_sheet.short_term_borrowings.latest_reported,2013,1,17719,0,0,0,0,4033,13686
financial.balance_sheet.short_term_borrowings.latest_reported,2013,2,155,10,0,0,0,145,0
financial.balance_sheet.short_term_borrowings.latest_reported,2013,3,28,16,0,0,0,6,6
financial.balance_sheet.short_term_borrowings.latest_reported,2013,4,196,4,0,0,0,137,55
financial.balance_sheet.short_term_borrowings.latest_reported,2013,7,1,0,0,1,0,0,0
financial.balance_sheet.short_term_borrowings.latest_reported,2014,1,18669,0,0,0,0,4063,14606
financial.balance_sheet.short_term_borrowings.latest_reported,2014,2,160,10,0,0,0,150,0
financial.balance_sheet.short_term_borrowings.latest_reported,2014,3,28,14,0,0,0,7,7
financial.balance_sheet.short_term_borrowings.latest_reported,2014,4,189,2,0,0,0,109,78
financial.balance_sheet.short_term_borrowings.latest_reported,2014,7,2,0,0,2,0,0,0
financial.balance_sheet.short_term_borrowings.latest_reported,2015,1,16787,0,0,0,0,3824,12963
financial.balance_sheet.short_term_borrowings.latest_reported,2015,2,159,4,0,0,0,155,0
financial.balance_sheet.short_term_borrowings.latest_reported,2015,3,23,2,0,0,0,15,6
financial.balance_sheet.short_term_borrowings.latest_reported,2015,4,171,0,0,0,0,83,88
financial.balance_sheet.short_term_borrowings.latest_reported,2015,7,2,0,0,2,0,0,0
financial.balance_sheet.short_term_borrowings.latest_reported,2016,1,21094,0,0,0,0,5073,16021
financial.balance_sheet.short_term_borrowings.latest_reported,2016,2,222,6,0,0,0,216,0
financial.balance_sheet.short_term_borrowings.latest_reported,2016,3,29,0,0,0,0,17,12
financial.balance_sheet.short_term_borrowings.latest_reported,2016,4,199,0,0,0,0,90,109
financial.balance_sheet.short_term_borrowings.latest_reported,2016,7,3,0,0,3,0,0,0
financial.balance_sheet.short_term_borrowings.latest_reported,2017,1,22766,0,0,0,0,5808,16958
financial.balance_sheet.short_term_borrowings.latest_reported,2017,2,236,4,0,0,0,232,0
financial.balance_sheet.short_term_borrowings.latest_reported,2017,3,31,0,0,0,0,14,17
financial.balance_sheet.short_term_borrowings.latest_reported,2017,4,215,0,0,0,0,92,123
financial.balance_sheet.short_term_borrowings.latest_reported,2017,7,3,0,0,3,0,0,0
financial.balance_sheet.short_term_borrowings.latest_reported,2018,1,26849,6,0,0,0,6249,20594
financial.balance_sheet.short_term_borrowings.latest_reported,2018,2,283,4,0,0,0,279,0
financial.balance_sheet.short_term_borrowings.latest_reported,2018,3,40,0,0,0,0,17,23
financial.balance_sheet.short_term_borrowings.latest_reported,2018,4,270,0,0,0,0,97,173
financial.balance_sheet.short_term_borrowings.latest_reported,2018,7,2,0,0,2,0,0,0
financial.balance_sheet.short_term_borrowings.latest_reported,2019,1,24846,74,0,0,0,5762,19010
financial.balance_sheet.short_term_borrowings.latest_reported,2019,2,253,0,0,0,0,253,0
financial.balance_sheet.short_term_borrowings.latest_reported,2019,3,31,0,0,0,0,15,16
financial.balance_sheet.short_term_borrowings.latest_reported,2019,4,243,0,0,0,0,93,150
financial.balance_sheet.short_term_borrowings.latest_reported,2019,7,4,0,0,4,0,0,0
financial.balance_sheet.short_term_borrowings.latest_reported,2020,1,27645,92,0,0,0,6156,21397
financial.balance_sheet.short_term_borrowings.latest_reported,2020,2,280,0,0,0,0,280,0
financial.balance_sheet.short_term_borrowings.latest_reported,2020,3,36,0,0,0,0,15,21
financial.balance_sheet.short_term_borrowings.latest_reported,2020,4,254,0,0,0,0,89,165
financial.balance_sheet.short_term_borrowings.latest_reported,2020,7,3,0,0,3,0,0,0
financial.balance_sheet.short_term_borrowings.latest_reported,2021,1,27375,68,0,0,0,6937,20370
financial.balance_sheet.short_term_borrowings.latest_reported,2021,2,315,18,0,0,0,297,0
financial.balance_sheet.short_term_borrowings.latest_reported,2021,3,41,0,0,0,0,21,20
financial.balance_sheet.short_term_borrowings.latest_reported,2021,4,261,2,0,0,0,94,165
financial.balance_sheet.short_term_borrowings.latest_reported,2021,7,4,0,0,4,0,0,0
financial.balance_sheet.short_term_borrowings.latest_reported,2022,1,26394,2128,0,0,0,5895,18371
financial.balance_sheet.short_term_borrowings.latest_reported,2022,2,307,122,0,0,0,185,0
financial.balance_sheet.short_term_borrowings.latest_reported,2022,3,35,14,0,0,0,15,6
financial.balance_sheet.short_term_borrowings.latest_reported,2022,4,229,6,0,0,0,98,125
financial.balance_sheet.short_term_borrowings.latest_reported,2022,7,7,0,0,7,0,0,0
financial.balance_sheet.short_term_borrowings.latest_reported,2023,1,32691,558,0,0,0,7414,24719
financial.balance_sheet.short_term_borrowings.latest_reported,2023,2,335,128,0,0,0,207,0
financial.balance_sheet.short_term_borrowings.latest_reported,2023,3,37,24,0,0,0,10,3
financial.balance_sheet.short_term_borrowings.latest_reported,2023,4,278,4,0,0,0,115,159
financial.balance_sheet.short_term_borrowings.latest_reported,2023,7,8,0,0,8,0,0,0
financial.balance_sheet.short_term_borrowings.latest_reported,2024,1,21760,1854,0,0,0,4444,15462
financial.balance_sheet.short_term_borrowings.latest_reported,2024,2,260,134,0,0,0,126,0
financial.balance_sheet.short_term_borrowings.latest_reported,2024,3,29,14,0,0,0,10,5
financial.balance_sheet.short_term_borrowings.latest_reported,2024,4,186,6,0,0,0,80,100
financial.balance_sheet.short_term_borrowings.latest_reported,2024,7,8,0,0,8,0,0,0
financial.balance_sheet.short_term_borrowings.latest_reported,2025,1,22233,2244,0,0,0,4160,15829
financial.balance_sheet.short_term_borrowings.latest_reported,2025,2,257,132,0,0,0,125,0
financial.balance_sheet.short_term_borrowings.latest_reported,2025,3,31,22,0,0,0,6,3
financial.balance_sheet.short_term_borrowings.latest_reported,2025,4,182,0,0,0,0,79,103
financial.balance_sheet.short_term_borrowings.latest_reported,2025,7,13,0,0,13,0,0,0
financial.balance_sheet.short_term_borrowings.latest_reported,2026,1,10082,3695,0,0,0,1335,5052
financial.balance_sheet.short_term_borrowings.latest_reported,2026,2,116,84,0,0,0,32,0
financial.balance_sheet.short_term_borrowings.latest_reported,2026,3,13,10,0,0,0,2,1
financial.balance_sheet.short_term_borrowings.latest_reported,2026,4,86,32,0,0,0,19,35
financial.balance_sheet.short_term_borrowings.latest_reported,2026,7,6,0,0,6,0,0,0
financial.balance_sheet.total_assets.latest_reported,1989,1,9,0,0,0,0,0,9
financial.balance_sheet.total_assets.latest_reported,1989,2,1,0,0,0,0,0,1
financial.balance_sheet.total_assets.latest_reported,1990,1,94,0,0,0,0,1,93
financial.balance_sheet.total_assets.latest_reported,1990,2,1,0,0,0,0,0,1
financial.balance_sheet.total_assets.latest_reported,1991,1,140,0,0,0,0,1,139
financial.balance_sheet.total_assets.latest_reported,1991,2,1,0,0,0,0,0,1
financial.balance_sheet.total_assets.latest_reported,1992,1,293,0,0,0,0,1,292
financial.balance_sheet.total_assets.latest_reported,1992,2,1,0,0,0,0,0,1
financial.balance_sheet.total_assets.latest_reported,1993,1,638,0,0,0,0,0,638
financial.balance_sheet.total_assets.latest_reported,1993,2,1,0,0,0,0,0,1
financial.balance_sheet.total_assets.latest_reported,1993,4,2,0,0,0,0,0,2
financial.balance_sheet.total_assets.latest_reported,1994,1,1013,0,0,0,0,0,1013
financial.balance_sheet.total_assets.latest_reported,1994,2,2,0,0,0,0,0,2
financial.balance_sheet.total_assets.latest_reported,1994,4,2,0,0,0,0,0,2
financial.balance_sheet.total_assets.latest_reported,1995,1,1159,0,0,0,0,0,1159
financial.balance_sheet.total_assets.latest_reported,1995,2,2,0,0,0,0,0,2
financial.balance_sheet.total_assets.latest_reported,1995,4,2,0,0,0,0,0,2
financial.balance_sheet.total_assets.latest_reported,1996,1,1434,0,0,0,0,0,1434
financial.balance_sheet.total_assets.latest_reported,1996,2,3,0,0,0,0,0,3
financial.balance_sheet.total_assets.latest_reported,1996,4,2,0,0,0,0,0,2
financial.balance_sheet.total_assets.latest_reported,1997,1,1812,0,0,0,0,0,1812
financial.balance_sheet.total_assets.latest_reported,1997,2,4,0,0,0,0,0,4
financial.balance_sheet.total_assets.latest_reported,1997,4,2,0,0,0,0,0,2
financial.balance_sheet.total_assets.latest_reported,1998,1,1952,0,0,0,0,0,1952
financial.balance_sheet.total_assets.latest_reported,1998,2,4,0,0,0,0,0,4
financial.balance_sheet.total_assets.latest_reported,1998,4,2,0,0,0,0,0,2
financial.balance_sheet.total_assets.latest_reported,1999,1,2136,0,0,0,0,0,2136
financial.balance_sheet.total_assets.latest_reported,1999,2,6,0,0,0,0,0,6
financial.balance_sheet.total_assets.latest_reported,1999,4,3,0,0,0,0,0,3
financial.balance_sheet.total_assets.latest_reported,2000,1,2351,0,0,0,0,0,2351
financial.balance_sheet.total_assets.latest_reported,2000,2,9,0,0,0,0,0,9
financial.balance_sheet.total_assets.latest_reported,2000,4,3,0,0,0,0,0,3
financial.balance_sheet.total_assets.latest_reported,2001,1,2671,0,0,0,0,0,2671
financial.balance_sheet.total_assets.latest_reported,2001,2,14,0,0,0,0,0,14
financial.balance_sheet.total_assets.latest_reported,2001,4,3,0,0,0,0,0,3
financial.balance_sheet.total_assets.latest_reported,2002,1,4946,0,0,0,0,0,4946
financial.balance_sheet.total_assets.latest_reported,2002,2,24,0,0,0,0,0,24
financial.balance_sheet.total_assets.latest_reported,2002,4,8,0,0,0,0,0,8
financial.balance_sheet.total_assets.latest_reported,2003,1,5232,0,0,0,0,0,5232
financial.balance_sheet.total_assets.latest_reported,2003,2,29,0,0,0,0,0,29
financial.balance_sheet.total_assets.latest_reported,2003,3,2,0,0,0,0,0,2
financial.balance_sheet.total_assets.latest_reported,2003,4,10,0,0,0,0,0,10
financial.balance_sheet.total_assets.latest_reported,2004,1,5648,0,0,0,0,0,5648
financial.balance_sheet.total_assets.latest_reported,2004,2,33,0,0,0,0,0,33
financial.balance_sheet.total_assets.latest_reported,2004,3,3,0,0,0,0,0,3
financial.balance_sheet.total_assets.latest_reported,2004,4,11,0,0,0,0,0,11
financial.balance_sheet.total_assets.latest_reported,2005,1,7518,0,0,0,0,0,7518
financial.balance_sheet.total_assets.latest_reported,2005,2,68,0,0,0,0,0,68
financial.balance_sheet.total_assets.latest_reported,2005,3,10,0,0,0,0,4,6
financial.balance_sheet.total_assets.latest_reported,2005,4,20,0,0,0,0,0,20
financial.balance_sheet.total_assets.latest_reported,2006,1,9031,0,0,0,0,2,9029
financial.balance_sheet.total_assets.latest_reported,2006,2,71,0,0,0,0,0,71
financial.balance_sheet.total_assets.latest_reported,2006,3,9,0,0,0,0,0,9
financial.balance_sheet.total_assets.latest_reported,2006,4,28,0,0,0,0,0,28
financial.balance_sheet.total_assets.latest_reported,2007,1,12166,0,0,0,0,0,12166
financial.balance_sheet.total_assets.latest_reported,2007,2,134,4,0,0,0,0,130
financial.balance_sheet.total_assets.latest_reported,2007,3,22,0,0,0,0,0,22
financial.balance_sheet.total_assets.latest_reported,2007,4,98,0,0,0,0,0,98
financial.balance_sheet.total_assets.latest_reported,2008,1,13106,0,0,0,0,0,13106
financial.balance_sheet.total_assets.latest_reported,2008,2,146,6,0,0,0,0,140
financial.balance_sheet.total_assets.latest_reported,2008,3,25,2,0,0,0,0,23
financial.balance_sheet.total_assets.latest_reported,2008,4,161,0,0,0,0,0,161
financial.balance_sheet.total_assets.latest_reported,2009,1,10534,0,0,0,0,0,10534
financial.balance_sheet.total_assets.latest_reported,2009,2,125,4,0,0,0,0,121
financial.balance_sheet.total_assets.latest_reported,2009,3,19,2,0,0,0,0,17
financial.balance_sheet.total_assets.latest_reported,2009,4,134,0,0,0,0,0,134
financial.balance_sheet.total_assets.latest_reported,2010,1,13659,0,0,0,0,10,13649
financial.balance_sheet.total_assets.latest_reported,2010,2,151,12,0,0,0,0,139
financial.balance_sheet.total_assets.latest_reported,2010,3,19,6,0,0,0,0,13
financial.balance_sheet.total_assets.latest_reported,2010,4,182,0,0,0,0,0,182
financial.balance_sheet.total_assets.latest_reported,2011,1,15788,0,0,0,0,7,15781
financial.balance_sheet.total_assets.latest_reported,2011,2,156,14,0,0,0,0,142
financial.balance_sheet.total_assets.latest_reported,2011,3,23,10,0,0,0,0,13
financial.balance_sheet.total_assets.latest_reported,2011,4,170,0,0,0,0,0,170
financial.balance_sheet.total_assets.latest_reported,2012,1,19490,0,0,0,0,3,19487
financial.balance_sheet.total_assets.latest_reported,2012,2,177,8,0,0,0,0,169
financial.balance_sheet.total_assets.latest_reported,2012,3,29,18,0,0,0,0,11
financial.balance_sheet.total_assets.latest_reported,2012,4,220,2,0,0,0,0,218
financial.balance_sheet.total_assets.latest_reported,2012,7,1,0,0,1,0,0,0
financial.balance_sheet.total_assets.latest_reported,2013,1,17719,0,0,0,0,1,17718
financial.balance_sheet.total_assets.latest_reported,2013,2,155,10,0,0,0,0,145
financial.balance_sheet.total_assets.latest_reported,2013,3,28,16,0,0,0,0,12
financial.balance_sheet.total_assets.latest_reported,2013,4,196,4,0,0,0,0,192
financial.balance_sheet.total_assets.latest_reported,2013,7,1,0,0,1,0,0,0
financial.balance_sheet.total_assets.latest_reported,2014,1,18669,0,0,0,0,7,18662
financial.balance_sheet.total_assets.latest_reported,2014,2,160,10,0,0,0,0,150
financial.balance_sheet.total_assets.latest_reported,2014,3,28,14,0,0,0,0,14
financial.balance_sheet.total_assets.latest_reported,2014,4,189,2,0,0,0,0,187
financial.balance_sheet.total_assets.latest_reported,2014,7,2,0,0,2,0,0,0
financial.balance_sheet.total_assets.latest_reported,2015,1,16787,0,0,0,0,2,16785
financial.balance_sheet.total_assets.latest_reported,2015,2,159,4,0,0,0,0,155
financial.balance_sheet.total_assets.latest_reported,2015,3,23,2,0,0,0,0,21
financial.balance_sheet.total_assets.latest_reported,2015,4,171,0,0,0,0,0,171
financial.balance_sheet.total_assets.latest_reported,2015,7,2,0,0,2,0,0,0
financial.balance_sheet.total_assets.latest_reported,2016,1,21094,0,0,0,0,7,21087
financial.balance_sheet.total_assets.latest_reported,2016,2,222,6,0,0,0,0,216
financial.balance_sheet.total_assets.latest_reported,2016,3,29,0,0,0,0,0,29
financial.balance_sheet.total_assets.latest_reported,2016,4,199,0,0,0,0,0,199
financial.balance_sheet.total_assets.latest_reported,2016,7,3,0,0,3,0,0,0
financial.balance_sheet.total_assets.latest_reported,2017,1,22766,0,0,0,0,2,22764
financial.balance_sheet.total_assets.latest_reported,2017,2,236,4,0,0,0,0,232
financial.balance_sheet.total_assets.latest_reported,2017,3,31,0,0,0,0,0,31
financial.balance_sheet.total_assets.latest_reported,2017,4,215,0,0,0,0,0,215
financial.balance_sheet.total_assets.latest_reported,2017,7,3,0,0,3,0,0,0
financial.balance_sheet.total_assets.latest_reported,2018,1,26849,6,0,0,0,5,26838
financial.balance_sheet.total_assets.latest_reported,2018,2,283,4,0,0,0,0,279
financial.balance_sheet.total_assets.latest_reported,2018,3,40,0,0,0,0,0,40
financial.balance_sheet.total_assets.latest_reported,2018,4,270,0,0,0,0,0,270
financial.balance_sheet.total_assets.latest_reported,2018,7,2,0,0,2,0,0,0
financial.balance_sheet.total_assets.latest_reported,2019,1,24846,74,0,0,0,3,24769
financial.balance_sheet.total_assets.latest_reported,2019,2,253,0,0,0,0,0,253
financial.balance_sheet.total_assets.latest_reported,2019,3,31,0,0,0,0,0,31
financial.balance_sheet.total_assets.latest_reported,2019,4,243,0,0,0,0,0,243
financial.balance_sheet.total_assets.latest_reported,2019,7,4,0,0,4,0,0,0
financial.balance_sheet.total_assets.latest_reported,2020,1,27645,92,0,0,0,3,27550
financial.balance_sheet.total_assets.latest_reported,2020,2,280,0,0,0,0,0,280
financial.balance_sheet.total_assets.latest_reported,2020,3,36,0,0,0,0,0,36
financial.balance_sheet.total_assets.latest_reported,2020,4,254,0,0,0,0,0,254
financial.balance_sheet.total_assets.latest_reported,2020,7,3,0,0,3,0,0,0
financial.balance_sheet.total_assets.latest_reported,2021,1,27375,68,0,0,0,1,27306
financial.balance_sheet.total_assets.latest_reported,2021,2,315,18,0,0,0,0,297
financial.balance_sheet.total_assets.latest_reported,2021,3,41,0,0,0,0,0,41
financial.balance_sheet.total_assets.latest_reported,2021,4,261,2,0,0,0,0,259
financial.balance_sheet.total_assets.latest_reported,2021,7,4,0,0,4,0,0,0
financial.balance_sheet.total_assets.latest_reported,2022,1,26394,2128,0,0,0,1,24265
financial.balance_sheet.total_assets.latest_reported,2022,2,307,122,0,0,0,0,185
financial.balance_sheet.total_assets.latest_reported,2022,3,35,14,0,0,0,0,21
financial.balance_sheet.total_assets.latest_reported,2022,4,229,6,0,0,0,0,223
financial.balance_sheet.total_assets.latest_reported,2022,7,7,0,0,7,0,0,0
financial.balance_sheet.total_assets.latest_reported,2023,1,32691,558,0,0,0,0,32133
financial.balance_sheet.total_assets.latest_reported,2023,2,335,128,0,0,0,0,207
financial.balance_sheet.total_assets.latest_reported,2023,3,37,24,0,0,0,0,13
financial.balance_sheet.total_assets.latest_reported,2023,4,278,4,0,0,0,0,274
financial.balance_sheet.total_assets.latest_reported,2023,7,8,0,0,8,0,0,0
financial.balance_sheet.total_assets.latest_reported,2024,1,21760,1854,0,0,0,0,19906
financial.balance_sheet.total_assets.latest_reported,2024,2,260,134,0,0,0,0,126
financial.balance_sheet.total_assets.latest_reported,2024,3,29,14,0,0,0,0,15
financial.balance_sheet.total_assets.latest_reported,2024,4,186,6,0,0,0,0,180
financial.balance_sheet.total_assets.latest_reported,2024,7,8,0,0,8,0,0,0
financial.balance_sheet.total_assets.latest_reported,2025,1,22233,2244,0,0,0,1,19988
financial.balance_sheet.total_assets.latest_reported,2025,2,257,132,0,0,0,0,125
financial.balance_sheet.total_assets.latest_reported,2025,3,31,22,0,0,0,0,9
financial.balance_sheet.total_assets.latest_reported,2025,4,182,0,0,0,0,0,182
financial.balance_sheet.total_assets.latest_reported,2025,7,13,0,0,13,0,0,0
financial.balance_sheet.total_assets.latest_reported,2026,1,10082,3695,0,0,0,0,6387
financial.balance_sheet.total_assets.latest_reported,2026,2,116,84,0,0,0,0,32
financial.balance_sheet.total_assets.latest_reported,2026,3,13,10,0,0,0,0,3
financial.balance_sheet.total_assets.latest_reported,2026,4,86,32,0,0,0,0,54
financial.balance_sheet.total_assets.latest_reported,2026,7,6,0,0,6,0,0,0
financial.balance_sheet.total_liabilities.latest_reported,1989,1,9,0,0,0,0,7,2
financial.balance_sheet.total_liabilities.latest_reported,1989,2,1,0,0,0,0,0,1
financial.balance_sheet.total_liabilities.latest_reported,1990,1,94,0,0,0,0,32,62
financial.balance_sheet.total_liabilities.latest_reported,1990,2,1,0,0,0,0,0,1
financial.balance_sheet.total_liabilities.latest_reported,1991,1,140,0,0,0,0,40,100
financial.balance_sheet.total_liabilities.latest_reported,1991,2,1,0,0,0,0,0,1
financial.balance_sheet.total_liabilities.latest_reported,1992,1,293,0,0,0,0,29,264
financial.balance_sheet.total_liabilities.latest_reported,1992,2,1,0,0,0,0,0,1
financial.balance_sheet.total_liabilities.latest_reported,1993,1,638,0,0,0,0,31,607
financial.balance_sheet.total_liabilities.latest_reported,1993,2,1,0,0,0,0,0,1
financial.balance_sheet.total_liabilities.latest_reported,1993,4,2,0,0,0,0,2,0
financial.balance_sheet.total_liabilities.latest_reported,1994,1,1013,0,0,0,0,16,997
financial.balance_sheet.total_liabilities.latest_reported,1994,2,2,0,0,0,0,0,2
financial.balance_sheet.total_liabilities.latest_reported,1994,4,2,0,0,0,0,0,2
financial.balance_sheet.total_liabilities.latest_reported,1995,1,1159,0,0,0,0,1,1158
financial.balance_sheet.total_liabilities.latest_reported,1995,2,2,0,0,0,0,0,2
financial.balance_sheet.total_liabilities.latest_reported,1995,4,2,0,0,0,0,0,2
financial.balance_sheet.total_liabilities.latest_reported,1996,1,1434,0,0,0,0,1,1433
financial.balance_sheet.total_liabilities.latest_reported,1996,2,3,0,0,0,0,0,3
financial.balance_sheet.total_liabilities.latest_reported,1996,4,2,0,0,0,0,0,2
financial.balance_sheet.total_liabilities.latest_reported,1997,1,1812,0,0,0,0,0,1812
financial.balance_sheet.total_liabilities.latest_reported,1997,2,4,0,0,0,0,0,4
financial.balance_sheet.total_liabilities.latest_reported,1997,4,2,0,0,0,0,0,2
financial.balance_sheet.total_liabilities.latest_reported,1998,1,1952,0,0,0,0,0,1952
financial.balance_sheet.total_liabilities.latest_reported,1998,2,4,0,0,0,0,0,4
financial.balance_sheet.total_liabilities.latest_reported,1998,4,2,0,0,0,0,0,2
financial.balance_sheet.total_liabilities.latest_reported,1999,1,2136,0,0,0,0,0,2136
financial.balance_sheet.total_liabilities.latest_reported,1999,2,6,0,0,0,0,0,6
financial.balance_sheet.total_liabilities.latest_reported,1999,4,3,0,0,0,0,0,3
financial.balance_sheet.total_liabilities.latest_reported,2000,1,2351,0,0,0,0,1,2350
financial.balance_sheet.total_liabilities.latest_reported,2000,2,9,0,0,0,0,0,9
financial.balance_sheet.total_liabilities.latest_reported,2000,4,3,0,0,0,0,0,3
financial.balance_sheet.total_liabilities.latest_reported,2001,1,2671,0,0,0,0,1,2670
financial.balance_sheet.total_liabilities.latest_reported,2001,2,14,0,0,0,0,0,14
financial.balance_sheet.total_liabilities.latest_reported,2001,4,3,0,0,0,0,0,3
financial.balance_sheet.total_liabilities.latest_reported,2002,1,4946,0,0,0,0,0,4946
financial.balance_sheet.total_liabilities.latest_reported,2002,2,24,0,0,0,0,0,24
financial.balance_sheet.total_liabilities.latest_reported,2002,4,8,0,0,0,0,0,8
financial.balance_sheet.total_liabilities.latest_reported,2003,1,5232,0,0,0,0,112,5120
financial.balance_sheet.total_liabilities.latest_reported,2003,2,29,0,0,0,0,0,29
financial.balance_sheet.total_liabilities.latest_reported,2003,3,2,0,0,0,0,0,2
financial.balance_sheet.total_liabilities.latest_reported,2003,4,10,0,0,0,0,0,10
financial.balance_sheet.total_liabilities.latest_reported,2004,1,5648,0,0,0,0,46,5602
financial.balance_sheet.total_liabilities.latest_reported,2004,2,33,0,0,0,0,0,33
financial.balance_sheet.total_liabilities.latest_reported,2004,3,3,0,0,0,0,0,3
financial.balance_sheet.total_liabilities.latest_reported,2004,4,11,0,0,0,0,0,11
financial.balance_sheet.total_liabilities.latest_reported,2005,1,7518,0,0,0,0,52,7466
financial.balance_sheet.total_liabilities.latest_reported,2005,2,68,0,0,0,0,0,68
financial.balance_sheet.total_liabilities.latest_reported,2005,3,10,0,0,0,0,4,6
financial.balance_sheet.total_liabilities.latest_reported,2005,4,20,0,0,0,0,2,18
financial.balance_sheet.total_liabilities.latest_reported,2006,1,9031,0,0,0,0,68,8963
financial.balance_sheet.total_liabilities.latest_reported,2006,2,71,0,0,0,0,0,71
financial.balance_sheet.total_liabilities.latest_reported,2006,3,9,0,0,0,0,0,9
financial.balance_sheet.total_liabilities.latest_reported,2006,4,28,0,0,0,0,0,28
financial.balance_sheet.total_liabilities.latest_reported,2007,1,12166,0,0,0,0,24,12142
financial.balance_sheet.total_liabilities.latest_reported,2007,2,134,4,0,0,0,0,130
financial.balance_sheet.total_liabilities.latest_reported,2007,3,22,0,0,0,0,0,22
financial.balance_sheet.total_liabilities.latest_reported,2007,4,98,0,0,0,0,0,98
financial.balance_sheet.total_liabilities.latest_reported,2008,1,13106,0,0,0,0,20,13086
financial.balance_sheet.total_liabilities.latest_reported,2008,2,146,6,0,0,0,0,140
financial.balance_sheet.total_liabilities.latest_reported,2008,3,25,2,0,0,0,0,23
financial.balance_sheet.total_liabilities.latest_reported,2008,4,161,0,0,0,0,0,161
financial.balance_sheet.total_liabilities.latest_reported,2009,1,10534,0,0,0,0,23,10511
financial.balance_sheet.total_liabilities.latest_reported,2009,2,125,4,0,0,0,0,121
financial.balance_sheet.total_liabilities.latest_reported,2009,3,19,2,0,0,0,0,17
financial.balance_sheet.total_liabilities.latest_reported,2009,4,134,0,0,0,0,0,134
financial.balance_sheet.total_liabilities.latest_reported,2010,1,13659,0,0,0,0,36,13623
financial.balance_sheet.total_liabilities.latest_reported,2010,2,151,12,0,0,0,0,139
financial.balance_sheet.total_liabilities.latest_reported,2010,3,19,6,0,0,0,0,13
financial.balance_sheet.total_liabilities.latest_reported,2010,4,182,0,0,0,0,0,182
financial.balance_sheet.total_liabilities.latest_reported,2011,1,15788,0,0,0,0,31,15757
financial.balance_sheet.total_liabilities.latest_reported,2011,2,156,14,0,0,0,0,142
financial.balance_sheet.total_liabilities.latest_reported,2011,3,23,10,0,0,0,0,13
financial.balance_sheet.total_liabilities.latest_reported,2011,4,170,0,0,0,0,0,170
financial.balance_sheet.total_liabilities.latest_reported,2012,1,19490,0,0,0,0,60,19430
financial.balance_sheet.total_liabilities.latest_reported,2012,2,177,8,0,0,0,0,169
financial.balance_sheet.total_liabilities.latest_reported,2012,3,29,18,0,0,0,0,11
financial.balance_sheet.total_liabilities.latest_reported,2012,4,220,2,0,0,0,0,218
financial.balance_sheet.total_liabilities.latest_reported,2012,7,1,0,0,1,0,0,0
financial.balance_sheet.total_liabilities.latest_reported,2013,1,17719,0,0,0,0,62,17657
financial.balance_sheet.total_liabilities.latest_reported,2013,2,155,10,0,0,0,0,145
financial.balance_sheet.total_liabilities.latest_reported,2013,3,28,16,0,0,0,0,12
financial.balance_sheet.total_liabilities.latest_reported,2013,4,196,4,0,0,0,0,192
financial.balance_sheet.total_liabilities.latest_reported,2013,7,1,0,0,1,0,0,0
financial.balance_sheet.total_liabilities.latest_reported,2014,1,18669,0,0,0,0,48,18621
financial.balance_sheet.total_liabilities.latest_reported,2014,2,160,10,0,0,0,0,150
financial.balance_sheet.total_liabilities.latest_reported,2014,3,28,14,0,0,0,0,14
financial.balance_sheet.total_liabilities.latest_reported,2014,4,189,2,0,0,0,0,187
financial.balance_sheet.total_liabilities.latest_reported,2014,7,2,0,0,2,0,0,0
financial.balance_sheet.total_liabilities.latest_reported,2015,1,16787,0,0,0,0,38,16749
financial.balance_sheet.total_liabilities.latest_reported,2015,2,159,4,0,0,0,0,155
financial.balance_sheet.total_liabilities.latest_reported,2015,3,23,2,0,0,0,0,21
financial.balance_sheet.total_liabilities.latest_reported,2015,4,171,0,0,0,0,0,171
financial.balance_sheet.total_liabilities.latest_reported,2015,7,2,0,0,2,0,0,0
financial.balance_sheet.total_liabilities.latest_reported,2016,1,21094,0,0,0,0,35,21059
financial.balance_sheet.total_liabilities.latest_reported,2016,2,222,6,0,0,0,0,216
financial.balance_sheet.total_liabilities.latest_reported,2016,3,29,0,0,0,0,0,29
financial.balance_sheet.total_liabilities.latest_reported,2016,4,199,0,0,0,0,0,199
financial.balance_sheet.total_liabilities.latest_reported,2016,7,3,0,0,3,0,0,0
financial.balance_sheet.total_liabilities.latest_reported,2017,1,22766,0,0,0,0,21,22745
financial.balance_sheet.total_liabilities.latest_reported,2017,2,236,4,0,0,0,0,232
financial.balance_sheet.total_liabilities.latest_reported,2017,3,31,0,0,0,0,0,31
financial.balance_sheet.total_liabilities.latest_reported,2017,4,215,0,0,0,0,0,215
financial.balance_sheet.total_liabilities.latest_reported,2017,7,3,0,0,3,0,0,0
financial.balance_sheet.total_liabilities.latest_reported,2018,1,26849,6,0,0,0,19,26824
financial.balance_sheet.total_liabilities.latest_reported,2018,2,283,4,0,0,0,0,279
financial.balance_sheet.total_liabilities.latest_reported,2018,3,40,0,0,0,0,0,40
financial.balance_sheet.total_liabilities.latest_reported,2018,4,270,0,0,0,0,0,270
financial.balance_sheet.total_liabilities.latest_reported,2018,7,2,0,0,2,0,0,0
financial.balance_sheet.total_liabilities.latest_reported,2019,1,24846,74,0,0,0,13,24759
financial.balance_sheet.total_liabilities.latest_reported,2019,2,253,0,0,0,0,0,253
financial.balance_sheet.total_liabilities.latest_reported,2019,3,31,0,0,0,0,0,31
financial.balance_sheet.total_liabilities.latest_reported,2019,4,243,0,0,0,0,0,243
financial.balance_sheet.total_liabilities.latest_reported,2019,7,4,0,0,4,0,0,0
financial.balance_sheet.total_liabilities.latest_reported,2020,1,27645,92,0,0,0,9,27544
financial.balance_sheet.total_liabilities.latest_reported,2020,2,280,0,0,0,0,0,280
financial.balance_sheet.total_liabilities.latest_reported,2020,3,36,0,0,0,0,0,36
financial.balance_sheet.total_liabilities.latest_reported,2020,4,254,0,0,0,0,0,254
financial.balance_sheet.total_liabilities.latest_reported,2020,7,3,0,0,3,0,0,0
financial.balance_sheet.total_liabilities.latest_reported,2021,1,27375,68,0,0,0,3,27304
financial.balance_sheet.total_liabilities.latest_reported,2021,2,315,18,0,0,0,0,297
financial.balance_sheet.total_liabilities.latest_reported,2021,3,41,0,0,0,0,0,41
financial.balance_sheet.total_liabilities.latest_reported,2021,4,261,2,0,0,0,0,259
financial.balance_sheet.total_liabilities.latest_reported,2021,7,4,0,0,4,0,0,0
financial.balance_sheet.total_liabilities.latest_reported,2022,1,26394,2128,0,0,0,11,24255
financial.balance_sheet.total_liabilities.latest_reported,2022,2,307,122,0,0,0,0,185
financial.balance_sheet.total_liabilities.latest_reported,2022,3,35,14,0,0,0,0,21
financial.balance_sheet.total_liabilities.latest_reported,2022,4,229,6,0,0,0,0,223
financial.balance_sheet.total_liabilities.latest_reported,2022,7,7,0,0,7,0,0,0
financial.balance_sheet.total_liabilities.latest_reported,2023,1,32691,558,0,0,0,5,32128
financial.balance_sheet.total_liabilities.latest_reported,2023,2,335,128,0,0,0,0,207
financial.balance_sheet.total_liabilities.latest_reported,2023,3,37,24,0,0,0,0,13
financial.balance_sheet.total_liabilities.latest_reported,2023,4,278,4,0,0,0,0,274
financial.balance_sheet.total_liabilities.latest_reported,2023,7,8,0,0,8,0,0,0
financial.balance_sheet.total_liabilities.latest_reported,2024,1,21760,1854,0,0,0,5,19901
financial.balance_sheet.total_liabilities.latest_reported,2024,2,260,134,0,0,0,0,126
financial.balance_sheet.total_liabilities.latest_reported,2024,3,29,14,0,0,0,0,15
financial.balance_sheet.total_liabilities.latest_reported,2024,4,186,6,0,0,0,0,180
financial.balance_sheet.total_liabilities.latest_reported,2024,7,8,0,0,8,0,0,0
financial.balance_sheet.total_liabilities.latest_reported,2025,1,22233,2244,0,0,0,3,19986
financial.balance_sheet.total_liabilities.latest_reported,2025,2,257,132,0,0,0,0,125
financial.balance_sheet.total_liabilities.latest_reported,2025,3,31,22,0,0,0,0,9
financial.balance_sheet.total_liabilities.latest_reported,2025,4,182,0,0,0,0,0,182
financial.balance_sheet.total_liabilities.latest_reported,2025,7,13,0,0,13,0,0,0
financial.balance_sheet.total_liabilities.latest_reported,2026,1,10082,3695,0,0,0,1,6386
financial.balance_sheet.total_liabilities.latest_reported,2026,2,116,84,0,0,0,0,32
financial.balance_sheet.total_liabilities.latest_reported,2026,3,13,10,0,0,0,0,3
financial.balance_sheet.total_liabilities.latest_reported,2026,4,86,32,0,0,0,0,54
financial.balance_sheet.total_liabilities.latest_reported,2026,7,6,0,0,6,0,0,0
financial.cashflow.cash_equivalents.latest_reported,1998,1,1,0,0,0,0,1,0
financial.cashflow.cash_equivalents.latest_reported,1998,2,2,0,0,0,0,2,0
financial.cashflow.cash_equivalents.latest_reported,1999,1,2,0,0,0,0,2,0
financial.cashflow.cash_equivalents.latest_reported,1999,2,2,0,0,0,0,2,0
financial.cashflow.cash_equivalents.latest_reported,2000,1,2,0,0,0,0,2,0
financial.cashflow.cash_equivalents.latest_reported,2000,2,2,0,0,0,0,2,0
financial.cashflow.cash_equivalents.latest_reported,2001,1,2,0,0,0,0,2,0
financial.cashflow.cash_equivalents.latest_reported,2001,2,3,0,0,0,0,3,0
financial.cashflow.cash_equivalents.latest_reported,2002,1,4,0,0,0,0,4,0
financial.cashflow.cash_equivalents.latest_reported,2002,2,2,0,0,0,0,2,0
financial.cashflow.cash_equivalents.latest_reported,2002,4,1,0,0,0,0,1,0
financial.cashflow.cash_equivalents.latest_reported,2003,1,86,0,0,0,0,86,0
financial.cashflow.cash_equivalents.latest_reported,2003,2,9,0,0,0,0,8,1
financial.cashflow.cash_equivalents.latest_reported,2003,3,2,0,0,0,0,2,0
financial.cashflow.cash_equivalents.latest_reported,2003,4,1,0,0,0,0,1,0
financial.cashflow.cash_equivalents.latest_reported,2004,1,217,0,0,0,0,126,91
financial.cashflow.cash_equivalents.latest_reported,2004,2,15,0,0,0,0,9,6
financial.cashflow.cash_equivalents.latest_reported,2004,3,3,0,0,0,0,2,1
financial.cashflow.cash_equivalents.latest_reported,2004,4,2,0,0,0,0,1,1
financial.cashflow.cash_equivalents.latest_reported,2005,1,1618,3,0,0,0,1440,175
financial.cashflow.cash_equivalents.latest_reported,2005,2,28,0,0,0,0,15,13
financial.cashflow.cash_equivalents.latest_reported,2005,3,3,0,0,0,0,2,1
financial.cashflow.cash_equivalents.latest_reported,2005,4,6,0,0,0,0,2,4
financial.cashflow.cash_equivalents.latest_reported,2006,1,6224,2,0,0,0,578,5644
financial.cashflow.cash_equivalents.latest_reported,2006,2,61,0,0,0,0,29,32
financial.cashflow.cash_equivalents.latest_reported,2006,3,6,0,0,0,0,0,6
financial.cashflow.cash_equivalents.latest_reported,2006,4,23,0,0,0,0,2,21
financial.cashflow.cash_equivalents.latest_reported,2007,1,7053,28,0,0,0,476,6549
financial.cashflow.cash_equivalents.latest_reported,2007,2,76,0,0,0,0,16,60
financial.cashflow.cash_equivalents.latest_reported,2007,3,12,0,0,0,0,0,12
financial.cashflow.cash_equivalents.latest_reported,2007,4,54,2,0,0,0,0,52
financial.cashflow.cash_equivalents.latest_reported,2008,1,7529,43,0,0,0,154,7332
financial.cashflow.cash_equivalents.latest_reported,2008,2,86,2,0,0,0,10,74
financial.cashflow.cash_equivalents.latest_reported,2008,3,13,0,0,0,0,0,13
financial.cashflow.cash_equivalents.latest_reported,2008,4,69,2,0,0,0,0,67
financial.cashflow.cash_equivalents.latest_reported,2009,1,8562,23,0,0,0,118,8421
financial.cashflow.cash_equivalents.latest_reported,2009,2,89,2,0,0,0,6,81
financial.cashflow.cash_equivalents.latest_reported,2009,3,13,0,0,0,0,0,13
financial.cashflow.cash_equivalents.latest_reported,2009,4,80,2,0,0,0,0,78
financial.cashflow.cash_equivalents.latest_reported,2010,1,9519,41,0,0,0,88,9390
financial.cashflow.cash_equivalents.latest_reported,2010,2,99,4,0,0,0,6,89
financial.cashflow.cash_equivalents.latest_reported,2010,3,15,2,0,0,0,0,13
financial.cashflow.cash_equivalents.latest_reported,2010,4,91,2,0,0,0,0,89
financial.cashflow.cash_equivalents.latest_reported,2011,1,10652,54,0,0,0,88,10510
financial.cashflow.cash_equivalents.latest_reported,2011,2,101,2,0,0,0,5,94
financial.cashflow.cash_equivalents.latest_reported,2011,3,16,0,0,0,0,0,16
financial.cashflow.cash_equivalents.latest_reported,2011,4,101,2,0,0,0,0,99
financial.cashflow.cash_equivalents.latest_reported,2012,1,11161,93,0,0,0,110,10958
financial.cashflow.cash_equivalents.latest_reported,2012,2,110,12,0,0,0,3,95
financial.cashflow.cash_equivalents.latest_reported,2012,3,17,0,0,0,0,0,17
financial.cashflow.cash_equivalents.latest_reported,2012,4,108,2,0,0,0,0,106
financial.cashflow.cash_equivalents.latest_reported,2013,1,11733,70,0,0,0,107,11556
financial.cashflow.cash_equivalents.latest_reported,2013,2,102,0,0,0,0,3,99
financial.cashflow.cash_equivalents.latest_reported,2013,3,18,0,0,0,0,0,18
financial.cashflow.cash_equivalents.latest_reported,2013,4,116,2,0,0,0,0,114
financial.cashflow.cash_equivalents.latest_reported,2014,1,12786,91,0,0,0,57,12638
financial.cashflow.cash_equivalents.latest_reported,2014,2,108,0,0,0,0,3,105
financial.cashflow.cash_equivalents.latest_reported,2014,3,18,0,0,0,0,0,18
financial.cashflow.cash_equivalents.latest_reported,2014,4,130,2,0,0,0,0,128
financial.cashflow.cash_equivalents.latest_reported,2015,1,13603,95,0,0,0,24,13484
financial.cashflow.cash_equivalents.latest_reported,2015,2,131,2,0,0,0,3,126
financial.cashflow.cash_equivalents.latest_reported,2015,3,18,0,0,0,0,0,18
financial.cashflow.cash_equivalents.latest_reported,2015,4,139,0,0,0,0,0,139
financial.cashflow.cash_equivalents.latest_reported,2016,1,15168,320,0,0,0,22,14826
financial.cashflow.cash_equivalents.latest_reported,2016,2,152,4,0,0,0,1,147
financial.cashflow.cash_equivalents.latest_reported,2016,3,21,0,0,0,0,0,21
financial.cashflow.cash_equivalents.latest_reported,2016,4,146,2,0,0,0,0,144
financial.cashflow.cash_equivalents.latest_reported,2017,1,16103,368,0,0,0,14,15721
financial.cashflow.cash_equivalents.latest_reported,2017,2,184,20,0,0,0,0,164
financial.cashflow.cash_equivalents.latest_reported,2017,3,24,2,0,0,0,0,22
financial.cashflow.cash_equivalents.latest_reported,2017,4,159,0,0,0,0,0,159
financial.cashflow.cash_equivalents.latest_reported,2018,1,18993,2722,0,0,0,13,16258
financial.cashflow.cash_equivalents.latest_reported,2018,2,229,90,0,0,0,0,139
financial.cashflow.cash_equivalents.latest_reported,2018,3,25,2,0,0,0,0,23
financial.cashflow.cash_equivalents.latest_reported,2018,4,214,88,0,0,0,0,126
financial.cashflow.cash_equivalents.latest_reported,2019,1,27774,10677,0,0,0,9,17088
financial.cashflow.cash_equivalents.latest_reported,2019,2,249,116,0,0,0,0,133
financial.cashflow.cash_equivalents.latest_reported,2019,3,27,6,0,0,0,0,21
financial.cashflow.cash_equivalents.latest_reported,2019,4,239,92,0,0,0,0,147
financial.cashflow.cash_equivalents.latest_reported,2020,1,28502,637,0,0,0,10,27855
financial.cashflow.cash_equivalents.latest_reported,2020,2,273,140,0,0,0,0,133
financial.cashflow.cash_equivalents.latest_reported,2020,3,35,16,0,0,0,0,19
financial.cashflow.cash_equivalents.latest_reported,2020,4,250,142,0,0,0,0,108
financial.cashflow.cash_equivalents.latest_reported,2021,1,25141,1676,0,0,0,39,23426
financial.cashflow.cash_equivalents.latest_reported,2021,2,244,6,0,0,0,0,238
financial.cashflow.cash_equivalents.latest_reported,2021,3,30,0,0,0,0,0,30
financial.cashflow.cash_equivalents.latest_reported,2021,4,247,2,0,0,0,1,244
financial.cashflow.cash_equivalents.latest_reported,2022,1,28932,13462,0,0,0,52,15418
financial.cashflow.cash_equivalents.latest_reported,2022,2,299,196,0,0,0,0,103
financial.cashflow.cash_equivalents.latest_reported,2022,3,25,8,0,0,0,0,17
financial.cashflow.cash_equivalents.latest_reported,2022,4,296,178,0,0,0,2,116
financial.cashflow.cash_equivalents.latest_reported,2022,7,4,0,0,4,0,0,0
financial.cashflow.cash_equivalents.latest_reported,2023,1,31640,12034,0,0,0,39,19567
financial.cashflow.cash_equivalents.latest_reported,2023,2,272,100,0,0,0,0,172
financial.cashflow.cash_equivalents.latest_reported,2023,3,32,18,0,0,0,0,14
financial.cashflow.cash_equivalents.latest_reported,2023,4,254,36,0,0,0,0,218
financial.cashflow.cash_equivalents.latest_reported,2023,7,4,0,0,4,0,0,0
financial.cashflow.cash_equivalents.latest_reported,2024,1,30453,19381,0,0,0,27,11045
financial.cashflow.cash_equivalents.latest_reported,2024,2,228,64,0,0,0,1,163
financial.cashflow.cash_equivalents.latest_reported,2024,3,25,10,0,0,0,0,15
financial.cashflow.cash_equivalents.latest_reported,2024,4,190,20,0,0,0,0,170
financial.cashflow.cash_equivalents.latest_reported,2024,7,4,0,0,4,0,0,0
financial.cashflow.cash_equivalents.latest_reported,2025,1,35110,28280,0,0,0,34,6796
financial.cashflow.cash_equivalents.latest_reported,2025,2,205,26,0,0,0,0,179
financial.cashflow.cash_equivalents.latest_reported,2025,3,28,16,0,0,0,0,12
financial.cashflow.cash_equivalents.latest_reported,2025,4,190,18,0,0,0,0,172
financial.cashflow.cash_equivalents.latest_reported,2025,7,12,0,0,12,0,0,0
financial.cashflow.cash_equivalents.latest_reported,2026,1,13204,11282,0,0,0,7,1915
financial.cashflow.cash_equivalents.latest_reported,2026,2,80,4,0,0,0,0,76
financial.cashflow.cash_equivalents.latest_reported,2026,3,8,0,0,0,0,0,8
financial.cashflow.cash_equivalents.latest_reported,2026,4,70,0,0,0,0,0,70
financial.cashflow.cash_equivalents.latest_reported,2026,7,6,0,0,6,0,0,0
financial.cashflow.cash_paid_acquisitions.ttm,1998,1,1,0,0,0,0,1,0
financial.cashflow.cash_paid_acquisitions.ttm,1998,2,2,0,0,0,0,2,0
financial.cashflow.cash_paid_acquisitions.ttm,1999,1,2,0,0,0,0,2,0
financial.cashflow.cash_paid_acquisitions.ttm,1999,2,2,0,0,0,0,2,0
financial.cashflow.cash_paid_acquisitions.ttm,2000,1,2,0,0,0,0,2,0
financial.cashflow.cash_paid_acquisitions.ttm,2000,2,2,0,0,0,0,2,0
financial.cashflow.cash_paid_acquisitions.ttm,2001,1,2,0,0,0,0,2,0
financial.cashflow.cash_paid_acquisitions.ttm,2001,2,3,0,0,0,0,3,0
financial.cashflow.cash_paid_acquisitions.ttm,2002,1,4,0,0,0,0,4,0
financial.cashflow.cash_paid_acquisitions.ttm,2002,2,2,0,0,0,0,2,0
financial.cashflow.cash_paid_acquisitions.ttm,2002,4,1,0,0,0,0,1,0
financial.cashflow.cash_paid_acquisitions.ttm,2003,1,86,0,0,0,0,86,0
financial.cashflow.cash_paid_acquisitions.ttm,2003,2,9,0,0,0,0,9,0
financial.cashflow.cash_paid_acquisitions.ttm,2003,3,2,0,0,0,0,2,0
financial.cashflow.cash_paid_acquisitions.ttm,2003,4,1,0,0,0,0,1,0
financial.cashflow.cash_paid_acquisitions.ttm,2004,1,217,0,0,0,0,206,11
financial.cashflow.cash_paid_acquisitions.ttm,2004,2,15,0,0,0,0,15,0
financial.cashflow.cash_paid_acquisitions.ttm,2004,3,3,0,0,0,0,3,0
financial.cashflow.cash_paid_acquisitions.ttm,2004,4,2,0,0,0,0,2,0
financial.cashflow.cash_paid_acquisitions.ttm,2005,1,1618,3,0,0,0,1590,25
financial.cashflow.cash_paid_acquisitions.ttm,2005,2,28,0,0,0,0,28,0
financial.cashflow.cash_paid_acquisitions.ttm,2005,3,3,0,0,0,0,3,0
financial.cashflow.cash_paid_acquisitions.ttm,2005,4,6,0,0,0,0,6,0
financial.cashflow.cash_paid_acquisitions.ttm,2006,1,6224,2,0,0,0,5893,329
financial.cashflow.cash_paid_acquisitions.ttm,2006,2,61,0,0,0,0,61,0
financial.cashflow.cash_paid_acquisitions.ttm,2006,3,6,0,0,0,0,6,0
financial.cashflow.cash_paid_acquisitions.ttm,2006,4,23,0,0,0,0,22,1
financial.cashflow.cash_paid_acquisitions.ttm,2007,1,7053,28,0,0,0,6287,738
financial.cashflow.cash_paid_acquisitions.ttm,2007,2,76,0,0,0,0,75,1
financial.cashflow.cash_paid_acquisitions.ttm,2007,3,12,0,0,0,0,12,0
financial.cashflow.cash_paid_acquisitions.ttm,2007,4,54,2,0,0,0,50,2
financial.cashflow.cash_paid_acquisitions.ttm,2008,1,7529,43,0,0,0,6607,879
financial.cashflow.cash_paid_acquisitions.ttm,2008,2,86,2,0,0,0,82,2
financial.cashflow.cash_paid_acquisitions.ttm,2008,3,13,0,0,0,0,13,0
financial.cashflow.cash_paid_acquisitions.ttm,2008,4,69,2,0,0,0,65,2
financial.cashflow.cash_paid_acquisitions.ttm,2009,1,8562,23,0,0,0,7696,843
financial.cashflow.cash_paid_acquisitions.ttm,2009,2,89,2,0,0,0,87,0
financial.cashflow.cash_paid_acquisitions.ttm,2009,3,13,0,0,0,0,13,0
financial.cashflow.cash_paid_acquisitions.ttm,2009,4,80,2,0,0,0,77,1
financial.cashflow.cash_paid_acquisitions.ttm,2010,1,9519,41,0,0,0,8420,1058
financial.cashflow.cash_paid_acquisitions.ttm,2010,2,99,4,0,0,0,91,4
financial.cashflow.cash_paid_acquisitions.ttm,2010,3,15,2,0,0,0,13,0
financial.cashflow.cash_paid_acquisitions.ttm,2010,4,91,2,0,0,0,89,0
financial.cashflow.cash_paid_acquisitions.ttm,2011,1,10652,54,0,0,0,9252,1346
financial.cashflow.cash_paid_acquisitions.ttm,2011,2,101,2,0,0,0,95,4
financial.cashflow.cash_paid_acquisitions.ttm,2011,3,16,0,0,0,0,16,0
financial.cashflow.cash_paid_acquisitions.ttm,2011,4,101,2,0,0,0,98,1
financial.cashflow.cash_paid_acquisitions.ttm,2012,1,11161,93,0,0,0,9395,1673
financial.cashflow.cash_paid_acquisitions.ttm,2012,2,110,12,0,0,0,96,2
financial.cashflow.cash_paid_acquisitions.ttm,2012,3,17,0,0,0,0,17,0
financial.cashflow.cash_paid_acquisitions.ttm,2012,4,108,2,0,0,0,102,4
financial.cashflow.cash_paid_acquisitions.ttm,2013,1,11733,70,0,0,0,9987,1676
financial.cashflow.cash_paid_acquisitions.ttm,2013,2,102,0,0,0,0,102,0
financial.cashflow.cash_paid_acquisitions.ttm,2013,3,18,0,0,0,0,16,2
financial.cashflow.cash_paid_acquisitions.ttm,2013,4,116,2,0,0,0,107,7
financial.cashflow.cash_paid_acquisitions.ttm,2014,1,12786,91,0,0,0,10852,1843
financial.cashflow.cash_paid_acquisitions.ttm,2014,2,108,0,0,0,0,106,2
financial.cashflow.cash_paid_acquisitions.ttm,2014,3,18,0,0,0,0,16,2
financial.cashflow.cash_paid_acquisitions.ttm,2014,4,130,2,0,0,0,116,12
financial.cashflow.cash_paid_acquisitions.ttm,2015,1,13603,95,0,0,0,11063,2445
financial.cashflow.cash_paid_acquisitions.ttm,2015,2,131,2,0,0,0,127,2
financial.cashflow.cash_paid_acquisitions.ttm,2015,3,18,0,0,0,0,17,1
financial.cashflow.cash_paid_acquisitions.ttm,2015,4,139,0,0,0,0,133,6
financial.cashflow.cash_paid_acquisitions.ttm,2016,1,15168,320,0,0,0,12174,2674
financial.cashflow.cash_paid_acquisitions.ttm,2016,2,152,4,0,0,0,146,2
financial.cashflow.cash_paid_acquisitions.ttm,2016,3,21,0,0,0,0,19,2
financial.cashflow.cash_paid_acquisitions.ttm,2016,4,146,2,0,0,0,143,1
financial.cashflow.cash_paid_acquisitions.ttm,2017,1,16103,368,0,0,0,12771,2964
financial.cashflow.cash_paid_acquisitions.ttm,2017,2,184,20,0,0,0,164,0
financial.cashflow.cash_paid_acquisitions.ttm,2017,3,24,2,0,0,0,22,0
financial.cashflow.cash_paid_acquisitions.ttm,2017,4,159,0,0,0,0,156,3
financial.cashflow.cash_paid_acquisitions.ttm,2018,1,18993,2722,0,0,0,13319,2952
financial.cashflow.cash_paid_acquisitions.ttm,2018,2,229,90,0,0,0,139,0
financial.cashflow.cash_paid_acquisitions.ttm,2018,3,25,2,0,0,0,23,0
financial.cashflow.cash_paid_acquisitions.ttm,2018,4,214,88,0,0,0,125,1
financial.cashflow.cash_paid_acquisitions.ttm,2019,1,27774,10677,0,0,0,14321,2776
financial.cashflow.cash_paid_acquisitions.ttm,2019,2,249,116,0,0,0,133,0
financial.cashflow.cash_paid_acquisitions.ttm,2019,3,27,6,0,0,0,21,0
financial.cashflow.cash_paid_acquisitions.ttm,2019,4,239,92,0,0,0,146,1
financial.cashflow.cash_paid_acquisitions.ttm,2020,1,28502,637,0,0,0,23965,3900
financial.cashflow.cash_paid_acquisitions.ttm,2020,2,273,140,0,0,0,133,0
financial.cashflow.cash_paid_acquisitions.ttm,2020,3,35,16,0,0,0,19,0
financial.cashflow.cash_paid_acquisitions.ttm,2020,4,250,142,0,0,0,107,1
financial.cashflow.cash_paid_acquisitions.ttm,2021,1,25141,1676,0,0,0,19949,3516
financial.cashflow.cash_paid_acquisitions.ttm,2021,2,244,6,0,0,0,238,0
financial.cashflow.cash_paid_acquisitions.ttm,2021,3,30,0,0,0,0,30,0
financial.cashflow.cash_paid_acquisitions.ttm,2021,4,247,2,0,0,0,245,0
financial.cashflow.cash_paid_acquisitions.ttm,2022,1,28932,13462,0,0,0,13387,2083
financial.cashflow.cash_paid_acquisitions.ttm,2022,2,299,196,0,0,0,103,0
financial.cashflow.cash_paid_acquisitions.ttm,2022,3,25,8,0,0,0,17,0
financial.cashflow.cash_paid_acquisitions.ttm,2022,4,296,178,0,0,0,118,0
financial.cashflow.cash_paid_acquisitions.ttm,2022,7,4,0,0,4,0,0,0
financial.cashflow.cash_paid_acquisitions.ttm,2023,1,31640,12034,0,0,0,17170,2436
financial.cashflow.cash_paid_acquisitions.ttm,2023,2,272,100,0,0,0,172,0
financial.cashflow.cash_paid_acquisitions.ttm,2023,3,32,18,0,0,0,14,0
financial.cashflow.cash_paid_acquisitions.ttm,2023,4,254,36,0,0,0,218,0
financial.cashflow.cash_paid_acquisitions.ttm,2023,7,4,0,0,4,0,0,0
financial.cashflow.cash_paid_acquisitions.ttm,2024,1,30453,19381,0,0,0,9528,1544
financial.cashflow.cash_paid_acquisitions.ttm,2024,2,228,64,0,0,0,164,0
financial.cashflow.cash_paid_acquisitions.ttm,2024,3,25,10,0,0,0,15,0
financial.cashflow.cash_paid_acquisitions.ttm,2024,4,190,20,0,0,0,170,0
financial.cashflow.cash_paid_acquisitions.ttm,2024,7,4,0,0,4,0,0,0
financial.cashflow.cash_paid_acquisitions.ttm,2025,1,35110,28280,0,0,0,5798,1032
financial.cashflow.cash_paid_acquisitions.ttm,2025,2,205,26,0,0,0,179,0
financial.cashflow.cash_paid_acquisitions.ttm,2025,3,28,16,0,0,0,12,0
financial.cashflow.cash_paid_acquisitions.ttm,2025,4,190,18,0,0,0,172,0
financial.cashflow.cash_paid_acquisitions.ttm,2025,7,12,0,0,12,0,0,0
financial.cashflow.cash_paid_acquisitions.ttm,2026,1,13204,11282,0,0,0,1744,178
financial.cashflow.cash_paid_acquisitions.ttm,2026,2,80,4,0,0,0,70,6
financial.cashflow.cash_paid_acquisitions.ttm,2026,3,8,0,0,0,0,7,1
financial.cashflow.cash_paid_acquisitions.ttm,2026,4,70,0,0,0,0,68,2
financial.cashflow.cash_paid_acquisitions.ttm,2026,7,6,0,0,6,0,0,0
financial.cashflow.cash_paid_capex.ttm,1998,1,1,0,0,0,0,0,1
financial.cashflow.cash_paid_capex.ttm,1998,2,2,0,0,0,0,0,2
financial.cashflow.cash_paid_capex.ttm,1999,1,2,0,0,0,0,0,2
financial.cashflow.cash_paid_capex.ttm,1999,2,2,0,0,0,0,0,2
financial.cashflow.cash_paid_capex.ttm,2000,1,2,0,0,0,0,0,2
financial.cashflow.cash_paid_capex.ttm,2000,2,2,0,0,0,0,0,2
financial.cashflow.cash_paid_capex.ttm,2001,1,2,0,0,0,0,0,2
financial.cashflow.cash_paid_capex.ttm,2001,2,3,0,0,0,0,0,3
financial.cashflow.cash_paid_capex.ttm,2002,1,4,0,0,0,0,0,4
financial.cashflow.cash_paid_capex.ttm,2002,2,2,0,0,0,0,0,2
financial.cashflow.cash_paid_capex.ttm,2002,4,1,0,0,0,0,0,1
financial.cashflow.cash_paid_capex.ttm,2003,1,86,0,0,0,0,2,84
financial.cashflow.cash_paid_capex.ttm,2003,2,9,0,0,0,0,0,9
financial.cashflow.cash_paid_capex.ttm,2003,3,2,0,0,0,0,0,2
financial.cashflow.cash_paid_capex.ttm,2003,4,1,0,0,0,0,0,1
financial.cashflow.cash_paid_capex.ttm,2004,1,217,0,0,0,0,2,215
financial.cashflow.cash_paid_capex.ttm,2004,2,15,0,0,0,0,0,15
financial.cashflow.cash_paid_capex.ttm,2004,3,3,0,0,0,0,0,3
financial.cashflow.cash_paid_capex.ttm,2004,4,2,0,0,0,0,0,2
financial.cashflow.cash_paid_capex.ttm,2005,1,1618,3,0,0,0,31,1584
financial.cashflow.cash_paid_capex.ttm,2005,2,28,0,0,0,0,0,28
financial.cashflow.cash_paid_capex.ttm,2005,3,3,0,0,0,0,0,3
financial.cashflow.cash_paid_capex.ttm,2005,4,6,0,0,0,0,0,6
financial.cashflow.cash_paid_capex.ttm,2006,1,6224,2,0,0,0,189,6033
financial.cashflow.cash_paid_capex.ttm,2006,2,61,0,0,0,0,5,56
financial.cashflow.cash_paid_capex.ttm,2006,3,6,0,0,0,0,0,6
financial.cashflow.cash_paid_capex.ttm,2006,4,23,0,0,0,0,0,23
financial.cashflow.cash_paid_capex.ttm,2007,1,7053,28,0,0,0,154,6871
financial.cashflow.cash_paid_capex.ttm,2007,2,76,0,0,0,0,0,76
financial.cashflow.cash_paid_capex.ttm,2007,3,12,0,0,0,0,0,12
financial.cashflow.cash_paid_capex.ttm,2007,4,54,2,0,0,0,0,52
financial.cashflow.cash_paid_capex.ttm,2008,1,7529,43,0,0,0,164,7322
financial.cashflow.cash_paid_capex.ttm,2008,2,86,2,0,0,0,0,84
financial.cashflow.cash_paid_capex.ttm,2008,3,13,0,0,0,0,0,13
financial.cashflow.cash_paid_capex.ttm,2008,4,69,2,0,0,0,0,67
financial.cashflow.cash_paid_capex.ttm,2009,1,8562,23,0,0,0,192,8347
financial.cashflow.cash_paid_capex.ttm,2009,2,89,2,0,0,0,0,87
financial.cashflow.cash_paid_capex.ttm,2009,3,13,0,0,0,0,0,13
financial.cashflow.cash_paid_capex.ttm,2009,4,80,2,0,0,0,0,78
financial.cashflow.cash_paid_capex.ttm,2010,1,9519,41,0,0,0,173,9305
financial.cashflow.cash_paid_capex.ttm,2010,2,99,4,0,0,0,2,93
financial.cashflow.cash_paid_capex.ttm,2010,3,15,2,0,0,0,0,13
financial.cashflow.cash_paid_capex.ttm,2010,4,91,2,0,0,0,0,89
financial.cashflow.cash_paid_capex.ttm,2011,1,10652,54,0,0,0,156,10442
financial.cashflow.cash_paid_capex.ttm,2011,2,101,2,0,0,0,3,96
financial.cashflow.cash_paid_capex.ttm,2011,3,16,0,0,0,0,0,16
financial.cashflow.cash_paid_capex.ttm,2011,4,101,2,0,0,0,0,99
financial.cashflow.cash_paid_capex.ttm,2012,1,11161,93,0,0,0,193,10875
financial.cashflow.cash_paid_capex.ttm,2012,2,110,12,0,0,0,4,94
financial.cashflow.cash_paid_capex.ttm,2012,3,17,0,0,0,0,1,16
financial.cashflow.cash_paid_capex.ttm,2012,4,108,2,0,0,0,0,106
financial.cashflow.cash_paid_capex.ttm,2013,1,11733,70,0,0,0,172,11491
financial.cashflow.cash_paid_capex.ttm,2013,2,102,0,0,0,0,4,98
financial.cashflow.cash_paid_capex.ttm,2013,3,18,0,0,0,0,2,16
financial.cashflow.cash_paid_capex.ttm,2013,4,116,2,0,0,0,0,114
financial.cashflow.cash_paid_capex.ttm,2014,1,12786,91,0,0,0,115,12580
financial.cashflow.cash_paid_capex.ttm,2014,2,108,0,0,0,0,5,103
financial.cashflow.cash_paid_capex.ttm,2014,3,18,0,0,0,0,1,17
financial.cashflow.cash_paid_capex.ttm,2014,4,130,2,0,0,0,0,128
financial.cashflow.cash_paid_capex.ttm,2015,1,13603,95,0,0,0,152,13356
financial.cashflow.cash_paid_capex.ttm,2015,2,131,2,0,0,0,8,121
financial.cashflow.cash_paid_capex.ttm,2015,3,18,0,0,0,0,0,18
financial.cashflow.cash_paid_capex.ttm,2015,4,139,0,0,0,0,0,139
financial.cashflow.cash_paid_capex.ttm,2016,1,15168,320,0,0,0,124,14724
financial.cashflow.cash_paid_capex.ttm,2016,2,152,4,0,0,0,5,143
financial.cashflow.cash_paid_capex.ttm,2016,3,21,0,0,0,0,0,21
financial.cashflow.cash_paid_capex.ttm,2016,4,146,2,0,0,0,0,144
financial.cashflow.cash_paid_capex.ttm,2017,1,16103,368,0,0,0,121,15614
financial.cashflow.cash_paid_capex.ttm,2017,2,184,20,0,0,0,8,156
financial.cashflow.cash_paid_capex.ttm,2017,3,24,2,0,0,0,0,22
financial.cashflow.cash_paid_capex.ttm,2017,4,159,0,0,0,0,0,159
financial.cashflow.cash_paid_capex.ttm,2018,1,18993,2722,0,0,0,136,16135
financial.cashflow.cash_paid_capex.ttm,2018,2,229,90,0,0,0,5,134
financial.cashflow.cash_paid_capex.ttm,2018,3,25,2,0,0,0,0,23
financial.cashflow.cash_paid_capex.ttm,2018,4,214,88,0,0,0,0,126
financial.cashflow.cash_paid_capex.ttm,2019,1,27774,10677,0,0,0,176,16921
financial.cashflow.cash_paid_capex.ttm,2019,2,249,116,0,0,0,2,131
financial.cashflow.cash_paid_capex.ttm,2019,3,27,6,0,0,0,0,21
financial.cashflow.cash_paid_capex.ttm,2019,4,239,92,0,0,0,0,147
financial.cashflow.cash_paid_capex.ttm,2020,1,28502,637,0,0,0,294,27571
financial.cashflow.cash_paid_capex.ttm,2020,2,273,140,0,0,0,1,132
financial.cashflow.cash_paid_capex.ttm,2020,3,35,16,0,0,0,0,19
financial.cashflow.cash_paid_capex.ttm,2020,4,250,142,0,0,0,0,108
financial.cashflow.cash_paid_capex.ttm,2021,1,25141,1676,0,0,0,251,23214
financial.cashflow.cash_paid_capex.ttm,2021,2,244,6,0,0,0,0,238
financial.cashflow.cash_paid_capex.ttm,2021,3,30,0,0,0,0,1,29
financial.cashflow.cash_paid_capex.ttm,2021,4,247,2,0,0,0,1,244
financial.cashflow.cash_paid_capex.ttm,2022,1,28932,13462,0,0,0,221,15249
financial.cashflow.cash_paid_capex.ttm,2022,2,299,196,0,0,0,0,103
financial.cashflow.cash_paid_capex.ttm,2022,3,25,8,0,0,0,1,16
financial.cashflow.cash_paid_capex.ttm,2022,4,296,178,0,0,0,2,116
financial.cashflow.cash_paid_capex.ttm,2022,7,4,0,0,4,0,0,0
financial.cashflow.cash_paid_capex.ttm,2023,1,31640,12034,0,0,0,209,19397
financial.cashflow.cash_paid_capex.ttm,2023,2,272,100,0,0,0,0,172
financial.cashflow.cash_paid_capex.ttm,2023,3,32,18,0,0,0,0,14
financial.cashflow.cash_paid_capex.ttm,2023,4,254,36,0,0,0,1,217
financial.cashflow.cash_paid_capex.ttm,2023,7,4,0,0,4,0,0,0
financial.cashflow.cash_paid_capex.ttm,2024,1,30453,19381,0,0,0,133,10939
financial.cashflow.cash_paid_capex.ttm,2024,2,228,64,0,0,0,1,163
financial.cashflow.cash_paid_capex.ttm,2024,3,25,10,0,0,0,0,15
financial.cashflow.cash_paid_capex.ttm,2024,4,190,20,0,0,0,0,170
financial.cashflow.cash_paid_capex.ttm,2024,7,4,0,0,4,0,0,0
financial.cashflow.cash_paid_capex.ttm,2025,1,35110,28280,0,0,0,159,6671
financial.cashflow.cash_paid_capex.ttm,2025,2,205,26,0,0,0,0,179
financial.cashflow.cash_paid_capex.ttm,2025,3,28,16,0,0,0,0,12
financial.cashflow.cash_paid_capex.ttm,2025,4,190,18,0,0,0,1,171
financial.cashflow.cash_paid_capex.ttm,2025,7,12,0,0,12,0,0,0
financial.cashflow.cash_paid_capex.ttm,2026,1,13204,11282,0,0,0,33,1889
financial.cashflow.cash_paid_capex.ttm,2026,2,80,4,0,0,0,0,76
financial.cashflow.cash_paid_capex.ttm,2026,3,8,0,0,0,0,0,8
financial.cashflow.cash_paid_capex.ttm,2026,4,70,0,0,0,0,1,69
financial.cashflow.cash_paid_capex.ttm,2026,7,6,0,0,6,0,0,0
financial.cashflow.cash_paid_debt_repayment.ttm,1998,1,1,0,0,0,0,0,1
financial.cashflow.cash_paid_debt_repayment.ttm,1998,2,2,0,0,0,0,1,1
financial.cashflow.cash_paid_debt_repayment.ttm,1999,1,2,0,0,0,0,0,2
financial.cashflow.cash_paid_debt_repayment.ttm,1999,2,2,0,0,0,0,0,2
financial.cashflow.cash_paid_debt_repayment.ttm,2000,1,2,0,0,0,0,0,2
financial.cashflow.cash_paid_debt_repayment.ttm,2000,2,2,0,0,0,0,1,1
financial.cashflow.cash_paid_debt_repayment.ttm,2001,1,2,0,0,0,0,0,2
financial.cashflow.cash_paid_debt_repayment.ttm,2001,2,3,0,0,0,0,3,0
financial.cashflow.cash_paid_debt_repayment.ttm,2002,1,4,0,0,0,0,0,4
financial.cashflow.cash_paid_debt_repayment.ttm,2002,2,2,0,0,0,0,2,0
financial.cashflow.cash_paid_debt_repayment.ttm,2002,4,1,0,0,0,0,0,1
financial.cashflow.cash_paid_debt_repayment.ttm,2003,1,86,0,0,0,0,7,79
financial.cashflow.cash_paid_debt_repayment.ttm,2003,2,9,0,0,0,0,8,1
financial.cashflow.cash_paid_debt_repayment.ttm,2003,3,2,0,0,0,0,2,0
financial.cashflow.cash_paid_debt_repayment.ttm,2003,4,1,0,0,0,0,0,1
financial.cashflow.cash_paid_debt_repayment.ttm,2004,1,217,0,0,0,0,17,200
financial.cashflow.cash_paid_debt_repayment.ttm,2004,2,15,0,0,0,0,12,3
financial.cashflow.cash_paid_debt_repayment.ttm,2004,3,3,0,0,0,0,3,0
financial.cashflow.cash_paid_debt_repayment.ttm,2004,4,2,0,0,0,0,1,1
financial.cashflow.cash_paid_debt_repayment.ttm,2005,1,1618,3,0,0,0,124,1491
financial.cashflow.cash_paid_debt_repayment.ttm,2005,2,28,0,0,0,0,24,4
financial.cashflow.cash_paid_debt_repayment.ttm,2005,3,3,0,0,0,0,3,0
financial.cashflow.cash_paid_debt_repayment.ttm,2005,4,6,0,0,0,0,2,4
financial.cashflow.cash_paid_debt_repayment.ttm,2006,1,6224,2,0,0,0,761,5461
financial.cashflow.cash_paid_debt_repayment.ttm,2006,2,61,0,0,0,0,58,3
financial.cashflow.cash_paid_debt_repayment.ttm,2006,3,6,0,0,0,0,6,0
financial.cashflow.cash_paid_debt_repayment.ttm,2006,4,23,0,0,0,0,8,15
financial.cashflow.cash_paid_debt_repayment.ttm,2007,1,7053,28,0,0,0,872,6153
financial.cashflow.cash_paid_debt_repayment.ttm,2007,2,76,0,0,0,0,68,8
financial.cashflow.cash_paid_debt_repayment.ttm,2007,3,12,0,0,0,0,12,0
financial.cashflow.cash_paid_debt_repayment.ttm,2007,4,54,2,0,0,0,34,18
financial.cashflow.cash_paid_debt_repayment.ttm,2008,1,7529,43,0,0,0,935,6551
financial.cashflow.cash_paid_debt_repayment.ttm,2008,2,86,2,0,0,0,76,8
financial.cashflow.cash_paid_debt_repayment.ttm,2008,3,13,0,0,0,0,10,3
financial.cashflow.cash_paid_debt_repayment.ttm,2008,4,69,2,0,0,0,54,13
financial.cashflow.cash_paid_debt_repayment.ttm,2009,1,8562,23,0,0,0,1175,7364
financial.cashflow.cash_paid_debt_repayment.ttm,2009,2,89,2,0,0,0,64,23
financial.cashflow.cash_paid_debt_repayment.ttm,2009,3,13,0,0,0,0,9,4
financial.cashflow.cash_paid_debt_repayment.ttm,2009,4,80,2,0,0,0,58,20
financial.cashflow.cash_paid_debt_repayment.ttm,2010,1,9519,41,0,0,0,1535,7943
financial.cashflow.cash_paid_debt_repayment.ttm,2010,2,99,4,0,0,0,60,35
financial.cashflow.cash_paid_debt_repayment.ttm,2010,3,15,2,0,0,0,8,5
financial.cashflow.cash_paid_debt_repayment.ttm,2010,4,91,2,0,0,0,74,15
financial.cashflow.cash_paid_debt_repayment.ttm,2011,1,10652,54,0,0,0,2133,8465
financial.cashflow.cash_paid_debt_repayment.ttm,2011,2,101,2,0,0,0,82,17
financial.cashflow.cash_paid_debt_repayment.ttm,2011,3,16,0,0,0,0,10,6
financial.cashflow.cash_paid_debt_repayment.ttm,2011,4,101,2,0,0,0,87,12
financial.cashflow.cash_paid_debt_repayment.ttm,2012,1,11161,93,0,0,0,2252,8816
financial.cashflow.cash_paid_debt_repayment.ttm,2012,2,110,12,0,0,0,75,23
financial.cashflow.cash_paid_debt_repayment.ttm,2012,3,17,0,0,0,0,13,4
financial.cashflow.cash_paid_debt_repayment.ttm,2012,4,108,2,0,0,0,89,17
financial.cashflow.cash_paid_debt_repayment.ttm,2013,1,11733,70,0,0,0,2508,9155
financial.cashflow.cash_paid_debt_repayment.ttm,2013,2,102,0,0,0,0,65,37
financial.cashflow.cash_paid_debt_repayment.ttm,2013,3,18,0,0,0,0,11,7
financial.cashflow.cash_paid_debt_repayment.ttm,2013,4,116,2,0,0,0,78,36
financial.cashflow.cash_paid_debt_repayment.ttm,2014,1,12786,91,0,0,0,2563,10132
financial.cashflow.cash_paid_debt_repayment.ttm,2014,2,108,0,0,0,0,38,70
financial.cashflow.cash_paid_debt_repayment.ttm,2014,3,18,0,0,0,0,9,9
financial.cashflow.cash_paid_debt_repayment.ttm,2014,4,130,2,0,0,0,50,78
financial.cashflow.cash_paid_debt_repayment.ttm,2015,1,13603,95,0,0,0,2551,10957
financial.cashflow.cash_paid_debt_repayment.ttm,2015,2,131,2,0,0,0,29,100
financial.cashflow.cash_paid_debt_repayment.ttm,2015,3,18,0,0,0,0,11,7
financial.cashflow.cash_paid_debt_repayment.ttm,2015,4,139,0,0,0,0,32,107
financial.cashflow.cash_paid_debt_repayment.ttm,2016,1,15168,320,0,0,0,3061,11787
financial.cashflow.cash_paid_debt_repayment.ttm,2016,2,152,4,0,0,0,29,119
financial.cashflow.cash_paid_debt_repayment.ttm,2016,3,21,0,0,0,0,9,12
financial.cashflow.cash_paid_debt_repayment.ttm,2016,4,146,2,0,0,0,16,128
financial.cashflow.cash_paid_debt_repayment.ttm,2017,1,16103,368,0,0,0,3403,12332
financial.cashflow.cash_paid_debt_repayment.ttm,2017,2,184,20,0,0,0,25,139
financial.cashflow.cash_paid_debt_repayment.ttm,2017,3,24,2,0,0,0,8,14
financial.cashflow.cash_paid_debt_repayment.ttm,2017,4,159,0,0,0,0,14,145
financial.cashflow.cash_paid_debt_repayment.ttm,2018,1,18993,2722,0,0,0,3765,12506
financial.cashflow.cash_paid_debt_repayment.ttm,2018,2,229,90,0,0,0,16,123
financial.cashflow.cash_paid_debt_repayment.ttm,2018,3,25,2,0,0,0,9,14
financial.cashflow.cash_paid_debt_repayment.ttm,2018,4,214,88,0,0,0,6,120
financial.cashflow.cash_paid_debt_repayment.ttm,2019,1,27774,10677,0,0,0,3678,13419
financial.cashflow.cash_paid_debt_repayment.ttm,2019,2,249,116,0,0,0,14,119
financial.cashflow.cash_paid_debt_repayment.ttm,2019,3,27,6,0,0,0,10,11
financial.cashflow.cash_paid_debt_repayment.ttm,2019,4,239,92,0,0,0,1,146
financial.cashflow.cash_paid_debt_repayment.ttm,2020,1,28502,637,0,0,0,5799,22066
financial.cashflow.cash_paid_debt_repayment.ttm,2020,2,273,140,0,0,0,13,120
financial.cashflow.cash_paid_debt_repayment.ttm,2020,3,35,16,0,0,0,9,10
financial.cashflow.cash_paid_debt_repayment.ttm,2020,4,250,142,0,0,0,3,105
financial.cashflow.cash_paid_debt_repayment.ttm,2021,1,25141,1676,0,0,0,5004,18461
financial.cashflow.cash_paid_debt_repayment.ttm,2021,2,244,6,0,0,0,30,208
financial.cashflow.cash_paid_debt_repayment.ttm,2021,3,30,0,0,0,0,11,19
financial.cashflow.cash_paid_debt_repayment.ttm,2021,4,247,2,0,0,0,12,233
financial.cashflow.cash_paid_debt_repayment.ttm,2022,1,28932,13462,0,0,0,3533,11937
financial.cashflow.cash_paid_debt_repayment.ttm,2022,2,299,196,0,0,0,17,86
financial.cashflow.cash_paid_debt_repayment.ttm,2022,3,25,8,0,0,0,4,13
financial.cashflow.cash_paid_debt_repayment.ttm,2022,4,296,178,0,0,0,9,109
financial.cashflow.cash_paid_debt_repayment.ttm,2022,7,4,0,0,4,0,0,0
financial.cashflow.cash_paid_debt_repayment.ttm,2023,1,31640,12034,0,0,0,4903,14703
financial.cashflow.cash_paid_debt_repayment.ttm,2023,2,272,100,0,0,0,29,143
financial.cashflow.cash_paid_debt_repayment.ttm,2023,3,32,18,0,0,0,0,14
financial.cashflow.cash_paid_debt_repayment.ttm,2023,4,254,36,0,0,0,13,205
financial.cashflow.cash_paid_debt_repayment.ttm,2023,7,4,0,0,4,0,0,0
financial.cashflow.cash_paid_debt_repayment.ttm,2024,1,30453,19381,0,0,0,2191,8881
financial.cashflow.cash_paid_debt_repayment.ttm,2024,2,228,64,0,0,0,24,140
financial.cashflow.cash_paid_debt_repayment.ttm,2024,3,25,10,0,0,0,3,12
financial.cashflow.cash_paid_debt_repayment.ttm,2024,4,190,20,0,0,0,10,160
financial.cashflow.cash_paid_debt_repayment.ttm,2024,7,4,0,0,4,0,0,0
financial.cashflow.cash_paid_debt_repayment.ttm,2025,1,35110,28280,0,0,0,1311,5519
financial.cashflow.cash_paid_debt_repayment.ttm,2025,2,205,26,0,0,0,32,147
financial.cashflow.cash_paid_debt_repayment.ttm,2025,3,28,16,0,0,0,1,11
financial.cashflow.cash_paid_debt_repayment.ttm,2025,4,190,18,0,0,0,4,168
financial.cashflow.cash_paid_debt_repayment.ttm,2025,7,12,0,0,12,0,0,0
financial.cashflow.cash_paid_debt_repayment.ttm,2026,1,13204,11282,0,0,0,429,1493
financial.cashflow.cash_paid_debt_repayment.ttm,2026,2,80,4,0,0,0,12,64
financial.cashflow.cash_paid_debt_repayment.ttm,2026,3,8,0,0,0,0,2,6
financial.cashflow.cash_paid_debt_repayment.ttm,2026,4,70,0,0,0,0,7,63
financial.cashflow.cash_paid_debt_repayment.ttm,2026,7,6,0,0,6,0,0,0
financial.cashflow.cash_paid_goods.ttm,1998,1,1,0,0,0,0,0,1
financial.cashflow.cash_paid_goods.ttm,1998,2,2,0,0,0,0,0,2
financial.cashflow.cash_paid_goods.ttm,1999,1,2,0,0,0,0,0,2
financial.cashflow.cash_paid_goods.ttm,1999,2,2,0,0,0,0,0,2
financial.cashflow.cash_paid_goods.ttm,2000,1,2,0,0,0,0,0,2
financial.cashflow.cash_paid_goods.ttm,2000,2,2,0,0,0,0,1,1
financial.cashflow.cash_paid_goods.ttm,2001,1,2,0,0,0,0,0,2
financial.cashflow.cash_paid_goods.ttm,2001,2,3,0,0,0,0,3,0
financial.cashflow.cash_paid_goods.ttm,2002,1,4,0,0,0,0,0,4
financial.cashflow.cash_paid_goods.ttm,2002,2,2,0,0,0,0,2,0
financial.cashflow.cash_paid_goods.ttm,2002,4,1,0,0,0,0,1,0
financial.cashflow.cash_paid_goods.ttm,2003,1,86,0,0,0,0,2,84
financial.cashflow.cash_paid_goods.ttm,2003,2,9,0,0,0,0,9,0
financial.cashflow.cash_paid_goods.ttm,2003,3,2,0,0,0,0,2,0
financial.cashflow.cash_paid_goods.ttm,2003,4,1,0,0,0,0,1,0
financial.cashflow.cash_paid_goods.ttm,2004,1,217,0,0,0,0,1,216
financial.cashflow.cash_paid_goods.ttm,2004,2,15,0,0,0,0,15,0
financial.cashflow.cash_paid_goods.ttm,2004,3,3,0,0,0,0,3,0
financial.cashflow.cash_paid_goods.ttm,2004,4,2,0,0,0,0,2,0
financial.cashflow.cash_paid_goods.ttm,2005,1,1618,3,0,0,0,21,1594
financial.cashflow.cash_paid_goods.ttm,2005,2,28,0,0,0,0,28,0
financial.cashflow.cash_paid_goods.ttm,2005,3,3,0,0,0,0,3,0
financial.cashflow.cash_paid_goods.ttm,2005,4,6,0,0,0,0,6,0
financial.cashflow.cash_paid_goods.ttm,2006,1,6224,2,0,0,0,94,6128
financial.cashflow.cash_paid_goods.ttm,2006,2,61,0,0,0,0,61,0
financial.cashflow.cash_paid_goods.ttm,2006,3,6,0,0,0,0,6,0
financial.cashflow.cash_paid_goods.ttm,2006,4,23,0,0,0,0,23,0
financial.cashflow.cash_paid_goods.ttm,2007,1,7053,28,0,0,0,106,6919
financial.cashflow.cash_paid_goods.ttm,2007,2,76,0,0,0,0,76,0
financial.cashflow.cash_paid_goods.ttm,2007,3,12,0,0,0,0,12,0
financial.cashflow.cash_paid_goods.ttm,2007,4,54,2,0,0,0,51,1
financial.cashflow.cash_paid_goods.ttm,2008,1,7529,43,0,0,0,85,7401
financial.cashflow.cash_paid_goods.ttm,2008,2,86,2,0,0,0,84,0
financial.cashflow.cash_paid_goods.ttm,2008,3,13,0,0,0,0,13,0
financial.cashflow.cash_paid_goods.ttm,2008,4,69,2,0,0,0,67,0
financial.cashflow.cash_paid_goods.ttm,2009,1,8562,23,0,0,0,113,8426
financial.cashflow.cash_paid_goods.ttm,2009,2,89,2,0,0,0,87,0
financial.cashflow.cash_paid_goods.ttm,2009,3,13,0,0,0,0,13,0
financial.cashflow.cash_paid_goods.ttm,2009,4,80,2,0,0,0,78,0
financial.cashflow.cash_paid_goods.ttm,2010,1,9519,41,0,0,0,134,9344
financial.cashflow.cash_paid_goods.ttm,2010,2,99,4,0,0,0,94,1
financial.cashflow.cash_paid_goods.ttm,2010,3,15,2,0,0,0,13,0
financial.cashflow.cash_paid_goods.ttm,2010,4,91,2,0,0,0,89,0
financial.cashflow.cash_paid_goods.ttm,2011,1,10652,54,0,0,0,132,10466
financial.cashflow.cash_paid_goods.ttm,2011,2,101,2,0,0,0,99,0
financial.cashflow.cash_paid_goods.ttm,2011,3,16,0,0,0,0,16,0
financial.cashflow.cash_paid_goods.ttm,2011,4,101,2,0,0,0,99,0
financial.cashflow.cash_paid_goods.ttm,2012,1,11161,93,0,0,0,128,10940
financial.cashflow.cash_paid_goods.ttm,2012,2,110,12,0,0,0,98,0
financial.cashflow.cash_paid_goods.ttm,2012,3,17,0,0,0,0,17,0
financial.cashflow.cash_paid_goods.ttm,2012,4,108,2,0,0,0,106,0
financial.cashflow.cash_paid_goods.ttm,2013,1,11733,70,0,0,0,120,11543
financial.cashflow.cash_paid_goods.ttm,2013,2,102,0,0,0,0,101,1
financial.cashflow.cash_paid_goods.ttm,2013,3,18,0,0,0,0,18,0
financial.cashflow.cash_paid_goods.ttm,2013,4,116,2,0,0,0,114,0
financial.cashflow.cash_paid_goods.ttm,2014,1,12786,91,0,0,0,81,12614
financial.cashflow.cash_paid_goods.ttm,2014,2,108,0,0,0,0,108,0
financial.cashflow.cash_paid_goods.ttm,2014,3,18,0,0,0,0,18,0
financial.cashflow.cash_paid_goods.ttm,2014,4,130,2,0,0,0,128,0
financial.cashflow.cash_paid_goods.ttm,2015,1,13603,95,0,0,0,88,13420
financial.cashflow.cash_paid_goods.ttm,2015,2,131,2,0,0,0,128,1
financial.cashflow.cash_paid_goods.ttm,2015,3,18,0,0,0,0,18,0
financial.cashflow.cash_paid_goods.ttm,2015,4,139,0,0,0,0,139,0
financial.cashflow.cash_paid_goods.ttm,2016,1,15168,320,0,0,0,85,14763
financial.cashflow.cash_paid_goods.ttm,2016,2,152,4,0,0,0,148,0
financial.cashflow.cash_paid_goods.ttm,2016,3,21,0,0,0,0,19,2
financial.cashflow.cash_paid_goods.ttm,2016,4,146,2,0,0,0,144,0
financial.cashflow.cash_paid_goods.ttm,2017,1,16103,368,0,0,0,79,15656
financial.cashflow.cash_paid_goods.ttm,2017,2,184,20,0,0,0,164,0
financial.cashflow.cash_paid_goods.ttm,2017,3,24,2,0,0,0,22,0
financial.cashflow.cash_paid_goods.ttm,2017,4,159,0,0,0,0,159,0
financial.cashflow.cash_paid_goods.ttm,2018,1,18993,2722,0,0,0,76,16195
financial.cashflow.cash_paid_goods.ttm,2018,2,229,90,0,0,0,139,0
financial.cashflow.cash_paid_goods.ttm,2018,3,25,2,0,0,0,23,0
financial.cashflow.cash_paid_goods.ttm,2018,4,214,88,0,0,0,126,0
financial.cashflow.cash_paid_goods.ttm,2019,1,27774,10677,0,0,0,93,17004
financial.cashflow.cash_paid_goods.ttm,2019,2,249,116,0,0,0,131,2
financial.cashflow.cash_paid_goods.ttm,2019,3,27,6,0,0,0,20,1
financial.cashflow.cash_paid_goods.ttm,2019,4,239,92,0,0,0,147,0
financial.cashflow.cash_paid_goods.ttm,2020,1,28502,637,0,0,0,124,27741
financial.cashflow.cash_paid_goods.ttm,2020,2,273,140,0,0,0,133,0
financial.cashflow.cash_paid_goods.ttm,2020,3,35,16,0,0,0,18,1
financial.cashflow.cash_paid_goods.ttm,2020,4,250,142,0,0,0,108,0
financial.cashflow.cash_paid_goods.ttm,2021,1,25141,1676,0,0,0,123,23342
financial.cashflow.cash_paid_goods.ttm,2021,2,244,6,0,0,0,238,0
financial.cashflow.cash_paid_goods.ttm,2021,3,30,0,0,0,0,29,1
financial.cashflow.cash_paid_goods.ttm,2021,4,247,2,0,0,0,245,0
financial.cashflow.cash_paid_goods.ttm,2022,1,28932,13462,0,0,0,114,15356
financial.cashflow.cash_paid_goods.ttm,2022,2,299,196,0,0,0,103,0
financial.cashflow.cash_paid_goods.ttm,2022,3,25,8,0,0,0,17,0
financial.cashflow.cash_paid_goods.ttm,2022,4,296,178,0,0,0,118,0
financial.cashflow.cash_paid_goods.ttm,2022,7,4,0,0,4,0,0,0
financial.cashflow.cash_paid_goods.ttm,2023,1,31640,12034,0,0,0,104,19502
financial.cashflow.cash_paid_goods.ttm,2023,2,272,100,0,0,0,172,0
financial.cashflow.cash_paid_goods.ttm,2023,3,32,18,0,0,0,14,0
financial.cashflow.cash_paid_goods.ttm,2023,4,254,36,0,0,0,218,0
financial.cashflow.cash_paid_goods.ttm,2023,7,4,0,0,4,0,0,0
financial.cashflow.cash_paid_goods.ttm,2024,1,30453,19381,0,0,0,71,11001
financial.cashflow.cash_paid_goods.ttm,2024,2,228,64,0,0,0,164,0
financial.cashflow.cash_paid_goods.ttm,2024,3,25,10,0,0,0,15,0
financial.cashflow.cash_paid_goods.ttm,2024,4,190,20,0,0,0,170,0
financial.cashflow.cash_paid_goods.ttm,2024,7,4,0,0,4,0,0,0
financial.cashflow.cash_paid_goods.ttm,2025,1,35110,28280,0,0,0,86,6744
financial.cashflow.cash_paid_goods.ttm,2025,2,205,26,0,0,0,179,0
financial.cashflow.cash_paid_goods.ttm,2025,3,28,16,0,0,0,12,0
financial.cashflow.cash_paid_goods.ttm,2025,4,190,18,0,0,0,172,0
financial.cashflow.cash_paid_goods.ttm,2025,7,12,0,0,12,0,0,0
financial.cashflow.cash_paid_goods.ttm,2026,1,13204,11282,0,0,0,18,1904
financial.cashflow.cash_paid_goods.ttm,2026,2,80,4,0,0,0,75,1
financial.cashflow.cash_paid_goods.ttm,2026,3,8,0,0,0,0,8,0
financial.cashflow.cash_paid_goods.ttm,2026,4,70,0,0,0,0,70,0
financial.cashflow.cash_paid_goods.ttm,2026,7,6,0,0,6,0,0,0
financial.cashflow.cash_paid_investments.ttm,1998,1,1,0,0,0,0,1,0
financial.cashflow.cash_paid_investments.ttm,1998,2,2,0,0,0,0,0,2
financial.cashflow.cash_paid_investments.ttm,1999,1,2,0,0,0,0,2,0
financial.cashflow.cash_paid_investments.ttm,1999,2,2,0,0,0,0,0,2
financial.cashflow.cash_paid_investments.ttm,2000,1,2,0,0,0,0,1,1
financial.cashflow.cash_paid_investments.ttm,2000,2,2,0,0,0,0,0,2
financial.cashflow.cash_paid_investments.ttm,2001,1,2,0,0,0,0,2,0
financial.cashflow.cash_paid_investments.ttm,2001,2,3,0,0,0,0,1,2
financial.cashflow.cash_paid_investments.ttm,2002,1,4,0,0,0,0,3,1
financial.cashflow.cash_paid_investments.ttm,2002,2,2,0,0,0,0,0,2
financial.cashflow.cash_paid_investments.ttm,2002,4,1,0,0,0,0,0,1
financial.cashflow.cash_paid_investments.ttm,2003,1,86,0,0,0,0,48,38
financial.cashflow.cash_paid_investments.ttm,2003,2,9,0,0,0,0,2,7
financial.cashflow.cash_paid_investments.ttm,2003,3,2,0,0,0,0,0,2
financial.cashflow.cash_paid_investments.ttm,2003,4,1,0,0,0,0,1,0
financial.cashflow.cash_paid_investments.ttm,2004,1,217,0,0,0,0,115,102
financial.cashflow.cash_paid_investments.ttm,2004,2,15,0,0,0,0,1,14
financial.cashflow.cash_paid_investments.ttm,2004,3,3,0,0,0,0,0,3
financial.cashflow.cash_paid_investments.ttm,2004,4,2,0,0,0,0,1,1
financial.cashflow.cash_paid_investments.ttm,2005,1,1618,3,0,0,0,684,931
financial.cashflow.cash_paid_investments.ttm,2005,2,28,0,0,0,0,5,23
financial.cashflow.cash_paid_investments.ttm,2005,3,3,0,0,0,0,0,3
financial.cashflow.cash_paid_investments.ttm,2005,4,6,0,0,0,0,3,3
financial.cashflow.cash_paid_investments.ttm,2006,1,6224,2,0,0,0,3277,2945
financial.cashflow.cash_paid_investments.ttm,2006,2,61,0,0,0,0,18,43
financial.cashflow.cash_paid_investments.ttm,2006,3,6,0,0,0,0,0,6
financial.cashflow.cash_paid_investments.ttm,2006,4,23,0,0,0,0,9,14
financial.cashflow.cash_paid_investments.ttm,2007,1,7053,28,0,0,0,3783,3242
financial.cashflow.cash_paid_investments.ttm,2007,2,76,0,0,0,0,12,64
financial.cashflow.cash_paid_investments.ttm,2007,3,12,0,0,0,0,0,12
financial.cashflow.cash_paid_investments.ttm,2007,4,54,2,0,0,0,22,30
financial.cashflow.cash_paid_investments.ttm,2008,1,7529,43,0,0,0,3965,3521
financial.cashflow.cash_paid_investments.ttm,2008,2,86,2,0,0,0,3,81
financial.cashflow.cash_paid_investments.ttm,2008,3,13,0,0,0,0,0,13
financial.cashflow.cash_paid_investments.ttm,2008,4,69,2,0,0,0,37,30
financial.cashflow.cash_paid_investments.ttm,2009,1,8562,23,0,0,0,5203,3336
financial.cashflow.cash_paid_investments.ttm,2009,2,89,2,0,0,0,2,85
financial.cashflow.cash_paid_investments.ttm,2009,3,13,0,0,0,0,0,13
financial.cashflow.cash_paid_investments.ttm,2009,4,80,2,0,0,0,42,36
financial.cashflow.cash_paid_investments.ttm,2010,1,9519,41,0,0,0,5564,3914
financial.cashflow.cash_paid_investments.ttm,2010,2,99,4,0,0,0,3,92
financial.cashflow.cash_paid_investments.ttm,2010,3,15,2,0,0,0,0,13
financial.cashflow.cash_paid_investments.ttm,2010,4,91,2,0,0,0,28,61
financial.cashflow.cash_paid_investments.ttm,2011,1,10652,54,0,0,0,6237,4361
financial.cashflow.cash_paid_investments.ttm,2011,2,101,2,0,0,0,4,95
financial.cashflow.cash_paid_investments.ttm,2011,3,16,0,0,0,0,0,16
financial.cashflow.cash_paid_investments.ttm,2011,4,101,2,0,0,0,41,58
financial.cashflow.cash_paid_investments.ttm,2012,1,11161,93,0,0,0,6292,4776
financial.cashflow.cash_paid_investments.ttm,2012,2,110,12,0,0,0,6,92
financial.cashflow.cash_paid_investments.ttm,2012,3,17,0,0,0,0,1,16
financial.cashflow.cash_paid_investments.ttm,2012,4,108,2,0,0,0,28,78
financial.cashflow.cash_paid_investments.ttm,2013,1,11733,70,0,0,0,6452,5211
financial.cashflow.cash_paid_investments.ttm,2013,2,102,0,0,0,0,6,96
financial.cashflow.cash_paid_investments.ttm,2013,3,18,0,0,0,0,2,16
financial.cashflow.cash_paid_investments.ttm,2013,4,116,2,0,0,0,17,97
financial.cashflow.cash_paid_investments.ttm,2014,1,12786,91,0,0,0,6680,6015
financial.cashflow.cash_paid_investments.ttm,2014,2,108,0,0,0,0,6,102
financial.cashflow.cash_paid_investments.ttm,2014,3,18,0,0,0,0,1,17
financial.cashflow.cash_paid_investments.ttm,2014,4,130,2,0,0,0,33,95
financial.cashflow.cash_paid_investments.ttm,2015,1,13603,95,0,0,0,6054,7454
financial.cashflow.cash_paid_investments.ttm,2015,2,131,2,0,0,0,9,120
financial.cashflow.cash_paid_investments.ttm,2015,3,18,0,0,0,0,0,18
financial.cashflow.cash_paid_investments.ttm,2015,4,139,0,0,0,0,28,111
financial.cashflow.cash_paid_investments.ttm,2016,1,15168,320,0,0,0,6140,8708
financial.cashflow.cash_paid_investments.ttm,2016,2,152,4,0,0,0,5,143
financial.cashflow.cash_paid_investments.ttm,2016,3,21,0,0,0,0,0,21
financial.cashflow.cash_paid_investments.ttm,2016,4,146,2,0,0,0,30,114
financial.cashflow.cash_paid_investments.ttm,2017,1,16103,368,0,0,0,5722,10013
financial.cashflow.cash_paid_investments.ttm,2017,2,184,20,0,0,0,13,151
financial.cashflow.cash_paid_investments.ttm,2017,3,24,2,0,0,0,0,22
financial.cashflow.cash_paid_investments.ttm,2017,4,159,0,0,0,0,35,124
financial.cashflow.cash_paid_investments.ttm,2018,1,18993,2722,0,0,0,5685,10586
financial.cashflow.cash_paid_investments.ttm,2018,2,229,90,0,0,0,9,130
financial.cashflow.cash_paid_investments.ttm,2018,3,25,2,0,0,0,0,23
financial.cashflow.cash_paid_investments.ttm,2018,4,214,88,0,0,0,34,92
financial.cashflow.cash_paid_investments.ttm,2019,1,27774,10677,0,0,0,6325,10772
financial.cashflow.cash_paid_investments.ttm,2019,2,249,116,0,0,0,6,127
financial.cashflow.cash_paid_investments.ttm,2019,3,27,6,0,0,0,0,21
financial.cashflow.cash_paid_investments.ttm,2019,4,239,92,0,0,0,46,101
financial.cashflow.cash_paid_investments.ttm,2020,1,28502,637,0,0,0,9780,18085
financial.cashflow.cash_paid_investments.ttm,2020,2,273,140,0,0,0,6,127
financial.cashflow.cash_paid_investments.ttm,2020,3,35,16,0,0,0,0,19
financial.cashflow.cash_paid_investments.ttm,2020,4,250,142,0,0,0,35,73
financial.cashflow.cash_paid_investments.ttm,2021,1,25141,1676,0,0,0,7492,15973
financial.cashflow.cash_paid_investments.ttm,2021,2,244,6,0,0,0,11,227
financial.cashflow.cash_paid_investments.ttm,2021,3,30,0,0,0,0,0,30
financial.cashflow.cash_paid_investments.ttm,2021,4,247,2,0,0,0,93,152
financial.cashflow.cash_paid_investments.ttm,2022,1,28932,13462,0,0,0,5313,10157
financial.cashflow.cash_paid_investments.ttm,2022,2,299,196,0,0,0,5,98
financial.cashflow.cash_paid_investments.ttm,2022,3,25,8,0,0,0,0,17
financial.cashflow.cash_paid_investments.ttm,2022,4,296,178,0,0,0,34,84
financial.cashflow.cash_paid_investments.ttm,2022,7,4,0,0,4,0,0,0
financial.cashflow.cash_paid_investments.ttm,2023,1,31640,12034,0,0,0,6964,12642
financial.cashflow.cash_paid_investments.ttm,2023,2,272,100,0,0,0,10,162
financial.cashflow.cash_paid_investments.ttm,2023,3,32,18,0,0,0,0,14
financial.cashflow.cash_paid_investments.ttm,2023,4,254,36,0,0,0,58,160
financial.cashflow.cash_paid_investments.ttm,2023,7,4,0,0,4,0,0,0
financial.cashflow.cash_paid_investments.ttm,2024,1,30453,19381,0,0,0,3541,7531
financial.cashflow.cash_paid_investments.ttm,2024,2,228,64,0,0,0,7,157
financial.cashflow.cash_paid_investments.ttm,2024,3,25,10,0,0,0,0,15
financial.cashflow.cash_paid_investments.ttm,2024,4,190,20,0,0,0,45,125
financial.cashflow.cash_paid_investments.ttm,2024,7,4,0,0,4,0,0,0
financial.cashflow.cash_paid_investments.ttm,2025,1,35110,28280,0,0,0,2027,4803
financial.cashflow.cash_paid_investments.ttm,2025,2,205,26,0,0,0,4,175
financial.cashflow.cash_paid_investments.ttm,2025,3,28,16,0,0,0,0,12
financial.cashflow.cash_paid_investments.ttm,2025,4,190,18,0,0,0,46,126
financial.cashflow.cash_paid_investments.ttm,2025,7,12,0,0,12,0,0,0
financial.cashflow.cash_paid_investments.ttm,2026,1,13204,11282,0,0,0,691,1231
financial.cashflow.cash_paid_investments.ttm,2026,2,80,4,0,0,0,1,75
financial.cashflow.cash_paid_investments.ttm,2026,3,8,0,0,0,0,0,8
financial.cashflow.cash_paid_investments.ttm,2026,4,70,0,0,0,0,19,51
financial.cashflow.cash_paid_investments.ttm,2026,7,6,0,0,6,0,0,0
financial.cashflow.cash_received_asset_disposals.ttm,1998,1,1,0,0,0,0,0,1
financial.cashflow.cash_received_asset_disposals.ttm,1998,2,2,0,0,0,0,0,2
financial.cashflow.cash_received_asset_disposals.ttm,1999,1,2,0,0,0,0,0,2
financial.cashflow.cash_received_asset_disposals.ttm,1999,2,2,0,0,0,0,1,1
financial.cashflow.cash_received_asset_disposals.ttm,2000,1,2,0,0,0,0,1,1
financial.cashflow.cash_received_asset_disposals.ttm,2000,2,2,0,0,0,0,0,2
financial.cashflow.cash_received_asset_disposals.ttm,2001,1,2,0,0,0,0,1,1
financial.cashflow.cash_received_asset_disposals.ttm,2001,2,3,0,0,0,0,0,3
financial.cashflow.cash_received_asset_disposals.ttm,2002,1,4,0,0,0,0,1,3
financial.cashflow.cash_received_asset_disposals.ttm,2002,2,2,0,0,0,0,0,2
financial.cashflow.cash_received_asset_disposals.ttm,2002,4,1,0,0,0,0,0,1
financial.cashflow.cash_received_asset_disposals.ttm,2003,1,86,0,0,0,0,28,58
financial.cashflow.cash_received_asset_disposals.ttm,2003,2,9,0,0,0,0,0,9
financial.cashflow.cash_received_asset_disposals.ttm,2003,3,2,0,0,0,0,0,2
financial.cashflow.cash_received_asset_disposals.ttm,2003,4,1,0,0,0,0,0,1
financial.cashflow.cash_received_asset_disposals.ttm,2004,1,217,0,0,0,0,81,136
financial.cashflow.cash_received_asset_disposals.ttm,2004,2,15,0,0,0,0,6,9
financial.cashflow.cash_received_asset_disposals.ttm,2004,3,3,0,0,0,0,0,3
financial.cashflow.cash_received_asset_disposals.ttm,2004,4,2,0,0,0,0,1,1
financial.cashflow.cash_received_asset_disposals.ttm,2005,1,1618,3,0,0,0,300,1315
financial.cashflow.cash_received_asset_disposals.ttm,2005,2,28,0,0,0,0,13,15
financial.cashflow.cash_received_asset_disposals.ttm,2005,3,3,0,0,0,0,0,3
financial.cashflow.cash_received_asset_disposals.ttm,2005,4,6,0,0,0,0,3,3
financial.cashflow.cash_received_asset_disposals.ttm,2006,1,6224,2,0,0,0,1869,4353
financial.cashflow.cash_received_asset_disposals.ttm,2006,2,61,0,0,0,0,24,37
financial.cashflow.cash_received_asset_disposals.ttm,2006,3,6,0,0,0,0,1,5
financial.cashflow.cash_received_asset_disposals.ttm,2006,4,23,0,0,0,0,17,6
financial.cashflow.cash_received_asset_disposals.ttm,2007,1,7053,28,0,0,0,2145,4880
financial.cashflow.cash_received_asset_disposals.ttm,2007,2,76,0,0,0,0,36,40
financial.cashflow.cash_received_asset_disposals.ttm,2007,3,12,0,0,0,0,0,12
financial.cashflow.cash_received_asset_disposals.ttm,2007,4,54,2,0,0,0,41,11
financial.cashflow.cash_received_asset_disposals.ttm,2008,1,7529,43,0,0,0,2084,5402
financial.cashflow.cash_received_asset_disposals.ttm,2008,2,86,2,0,0,0,37,47
financial.cashflow.cash_received_asset_disposals.ttm,2008,3,13,0,0,0,0,1,12
financial.cashflow.cash_received_asset_disposals.ttm,2008,4,69,2,0,0,0,54,13
financial.cashflow.cash_received_asset_disposals.ttm,2009,1,8562,23,0,0,0,2666,5873
financial.cashflow.cash_received_asset_disposals.ttm,2009,2,89,2,0,0,0,37,50
financial.cashflow.cash_received_asset_disposals.ttm,2009,3,13,0,0,0,0,0,13
financial.cashflow.cash_received_asset_disposals.ttm,2009,4,80,2,0,0,0,58,20
financial.cashflow.cash_received_asset_disposals.ttm,2010,1,9519,41,0,0,0,2902,6576
financial.cashflow.cash_received_asset_disposals.ttm,2010,2,99,4,0,0,0,36,59
financial.cashflow.cash_received_asset_disposals.ttm,2010,3,15,2,0,0,0,0,13
financial.cashflow.cash_received_asset_disposals.ttm,2010,4,91,2,0,0,0,60,29
financial.cashflow.cash_received_asset_disposals.ttm,2011,1,10652,54,0,0,0,3133,7465
financial.cashflow.cash_received_asset_disposals.ttm,2011,2,101,2,0,0,0,40,59
financial.cashflow.cash_received_asset_disposals.ttm,2011,3,16,0,0,0,0,2,14
financial.cashflow.cash_received_asset_disposals.ttm,2011,4,101,2,0,0,0,68,31
financial.cashflow.cash_received_asset_disposals.ttm,2012,1,11161,93,0,0,0,3166,7902
financial.cashflow.cash_received_asset_disposals.ttm,2012,2,110,12,0,0,0,41,57
financial.cashflow.cash_received_asset_disposals.ttm,2012,3,17,0,0,0,0,1,16
financial.cashflow.cash_received_asset_disposals.ttm,2012,4,108,2,0,0,0,69,37
financial.cashflow.cash_received_asset_disposals.ttm,2013,1,11733,70,0,0,0,3160,8503
financial.cashflow.cash_received_asset_disposals.ttm,2013,2,102,0,0,0,0,35,67
financial.cashflow.cash_received_asset_disposals.ttm,2013,3,18,0,0,0,0,2,16
financial.cashflow.cash_received_asset_disposals.ttm,2013,4,116,2,0,0,0,80,34
financial.cashflow.cash_received_asset_disposals.ttm,2014,1,12786,91,0,0,0,3250,9445
financial.cashflow.cash_received_asset_disposals.ttm,2014,2,108,0,0,0,0,37,71
financial.cashflow.cash_received_asset_disposals.ttm,2014,3,18,0,0,0,0,1,17
financial.cashflow.cash_received_asset_disposals.ttm,2014,4,130,2,0,0,0,97,31
financial.cashflow.cash_received_asset_disposals.ttm,2015,1,13603,95,0,0,0,3650,9858
financial.cashflow.cash_received_asset_disposals.ttm,2015,2,131,2,0,0,0,46,83
financial.cashflow.cash_received_asset_disposals.ttm,2015,3,18,0,0,0,0,2,16
financial.cashflow.cash_received_asset_disposals.ttm,2015,4,139,0,0,0,0,105,34
financial.cashflow.cash_received_asset_disposals.ttm,2016,1,15168,320,0,0,0,3852,10996
financial.cashflow.cash_received_asset_disposals.ttm,2016,2,152,4,0,0,0,51,97
financial.cashflow.cash_received_asset_disposals.ttm,2016,3,21,0,0,0,0,1,20
financial.cashflow.cash_received_asset_disposals.ttm,2016,4,146,2,0,0,0,109,35
financial.cashflow.cash_received_asset_disposals.ttm,2017,1,16103,368,0,0,0,3857,11878
financial.cashflow.cash_received_asset_disposals.ttm,2017,2,184,20,0,0,0,58,106
financial.cashflow.cash_received_asset_disposals.ttm,2017,3,24,2,0,0,0,4,18
financial.cashflow.cash_received_asset_disposals.ttm,2017,4,159,0,0,0,0,108,51
financial.cashflow.cash_received_asset_disposals.ttm,2018,1,18993,2722,0,0,0,3824,12447
financial.cashflow.cash_received_asset_disposals.ttm,2018,2,229,90,0,0,0,46,93
financial.cashflow.cash_received_asset_disposals.ttm,2018,3,25,2,0,0,0,4,19
financial.cashflow.cash_received_asset_disposals.ttm,2018,4,214,88,0,0,0,77,49
financial.cashflow.cash_received_asset_disposals.ttm,2019,1,27774,10677,0,0,0,3804,13293
financial.cashflow.cash_received_asset_disposals.ttm,2019,2,249,116,0,0,0,25,108
financial.cashflow.cash_received_asset_disposals.ttm,2019,3,27,6,0,0,0,3,18
financial.cashflow.cash_received_asset_disposals.ttm,2019,4,239,92,0,0,0,38,109
financial.cashflow.cash_received_asset_disposals.ttm,2020,1,28502,637,0,0,0,6531,21334
financial.cashflow.cash_received_asset_disposals.ttm,2020,2,273,140,0,0,0,16,117
financial.cashflow.cash_received_asset_disposals.ttm,2020,3,35,16,0,0,0,4,15
financial.cashflow.cash_received_asset_disposals.ttm,2020,4,250,142,0,0,0,18,90
financial.cashflow.cash_received_asset_disposals.ttm,2021,1,25141,1676,0,0,0,4477,18988
financial.cashflow.cash_received_asset_disposals.ttm,2021,2,244,6,0,0,0,34,204
financial.cashflow.cash_received_asset_disposals.ttm,2021,3,30,0,0,0,0,5,25
financial.cashflow.cash_received_asset_disposals.ttm,2021,4,247,2,0,0,0,38,207
financial.cashflow.cash_received_asset_disposals.ttm,2022,1,28932,13462,0,0,0,3454,12016
financial.cashflow.cash_received_asset_disposals.ttm,2022,2,299,196,0,0,0,13,90
financial.cashflow.cash_received_asset_disposals.ttm,2022,3,25,8,0,0,0,2,15
financial.cashflow.cash_received_asset_disposals.ttm,2022,4,296,178,0,0,0,20,98
financial.cashflow.cash_received_asset_disposals.ttm,2022,7,4,0,0,4,0,0,0
financial.cashflow.cash_received_asset_disposals.ttm,2023,1,31640,12034,0,0,0,4990,14616
financial.cashflow.cash_received_asset_disposals.ttm,2023,2,272,100,0,0,0,16,156
financial.cashflow.cash_received_asset_disposals.ttm,2023,3,32,18,0,0,0,2,12
financial.cashflow.cash_received_asset_disposals.ttm,2023,4,254,36,0,0,0,26,192
financial.cashflow.cash_received_asset_disposals.ttm,2023,7,4,0,0,4,0,0,0
financial.cashflow.cash_received_asset_disposals.ttm,2024,1,30453,19381,0,0,0,2031,9041
financial.cashflow.cash_received_asset_disposals.ttm,2024,2,228,64,0,0,0,19,145
financial.cashflow.cash_received_asset_disposals.ttm,2024,3,25,10,0,0,0,0,15
financial.cashflow.cash_received_asset_disposals.ttm,2024,4,190,20,0,0,0,20,150
financial.cashflow.cash_received_asset_disposals.ttm,2024,7,4,0,0,4,0,0,0
financial.cashflow.cash_received_asset_disposals.ttm,2025,1,35110,28280,0,0,0,1048,5782
financial.cashflow.cash_received_asset_disposals.ttm,2025,2,205,26,0,0,0,14,165
financial.cashflow.cash_received_asset_disposals.ttm,2025,3,28,16,0,0,0,0,12
financial.cashflow.cash_received_asset_disposals.ttm,2025,4,190,18,0,0,0,16,156
financial.cashflow.cash_received_asset_disposals.ttm,2025,7,12,0,0,12,0,0,0
financial.cashflow.cash_received_asset_disposals.ttm,2026,1,13204,11282,0,0,0,530,1392
financial.cashflow.cash_received_asset_disposals.ttm,2026,2,80,4,0,0,0,9,67
financial.cashflow.cash_received_asset_disposals.ttm,2026,3,8,0,0,0,0,1,7
financial.cashflow.cash_received_asset_disposals.ttm,2026,4,70,0,0,0,0,10,60
financial.cashflow.cash_received_asset_disposals.ttm,2026,7,6,0,0,6,0,0,0
financial.cashflow.cash_received_borrowing.ttm,1998,1,1,0,0,0,0,0,1
financial.cashflow.cash_received_borrowing.ttm,1998,2,2,0,0,0,0,0,2
financial.cashflow.cash_received_borrowing.ttm,1999,1,2,0,0,0,0,0,2
financial.cashflow.cash_received_borrowing.ttm,1999,2,2,0,0,0,0,2,0
financial.cashflow.cash_received_borrowing.ttm,2000,1,2,0,0,0,0,0,2
financial.cashflow.cash_received_borrowing.ttm,2000,2,2,0,0,0,0,1,1
financial.cashflow.cash_received_borrowing.ttm,2001,1,2,0,0,0,0,0,2
financial.cashflow.cash_received_borrowing.ttm,2001,2,3,0,0,0,0,3,0
financial.cashflow.cash_received_borrowing.ttm,2002,1,4,0,0,0,0,1,3
financial.cashflow.cash_received_borrowing.ttm,2002,2,2,0,0,0,0,2,0
financial.cashflow.cash_received_borrowing.ttm,2002,4,1,0,0,0,0,0,1
financial.cashflow.cash_received_borrowing.ttm,2003,1,86,0,0,0,0,7,79
financial.cashflow.cash_received_borrowing.ttm,2003,2,9,0,0,0,0,9,0
financial.cashflow.cash_received_borrowing.ttm,2003,3,2,0,0,0,0,2,0
financial.cashflow.cash_received_borrowing.ttm,2003,4,1,0,0,0,0,0,1
financial.cashflow.cash_received_borrowing.ttm,2004,1,217,0,0,0,0,11,206
financial.cashflow.cash_received_borrowing.ttm,2004,2,15,0,0,0,0,15,0
financial.cashflow.cash_received_borrowing.ttm,2004,3,3,0,0,0,0,3,0
financial.cashflow.cash_received_borrowing.ttm,2004,4,2,0,0,0,0,1,1
financial.cashflow.cash_received_borrowing.ttm,2005,1,1618,3,0,0,0,179,1436
financial.cashflow.cash_received_borrowing.ttm,2005,2,28,0,0,0,0,28,0
financial.cashflow.cash_received_borrowing.ttm,2005,3,3,0,0,0,0,3,0
financial.cashflow.cash_received_borrowing.ttm,2005,4,6,0,0,0,0,2,4
financial.cashflow.cash_received_borrowing.ttm,2006,1,6224,2,0,0,0,1038,5184
financial.cashflow.cash_received_borrowing.ttm,2006,2,61,0,0,0,0,61,0
financial.cashflow.cash_received_borrowing.ttm,2006,3,6,0,0,0,0,3,3
financial.cashflow.cash_received_borrowing.ttm,2006,4,23,0,0,0,0,19,4
financial.cashflow.cash_received_borrowing.ttm,2007,1,7053,28,0,0,0,1148,5877
financial.cashflow.cash_received_borrowing.ttm,2007,2,76,0,0,0,0,76,0
financial.cashflow.cash_received_borrowing.ttm,2007,3,12,0,0,0,0,8,4
financial.cashflow.cash_received_borrowing.ttm,2007,4,54,2,0,0,0,50,2
financial.cashflow.cash_received_borrowing.ttm,2008,1,7529,43,0,0,0,1215,6271
financial.cashflow.cash_received_borrowing.ttm,2008,2,86,2,0,0,0,84,0
financial.cashflow.cash_received_borrowing.ttm,2008,3,13,0,0,0,0,9,4
financial.cashflow.cash_received_borrowing.ttm,2008,4,69,2,0,0,0,65,2
financial.cashflow.cash_received_borrowing.ttm,2009,1,8562,23,0,0,0,1445,7094
financial.cashflow.cash_received_borrowing.ttm,2009,2,89,2,0,0,0,87,0
financial.cashflow.cash_received_borrowing.ttm,2009,3,13,0,0,0,0,9,4
financial.cashflow.cash_received_borrowing.ttm,2009,4,80,2,0,0,0,72,6
financial.cashflow.cash_received_borrowing.ttm,2010,1,9519,41,0,0,0,2001,7477
financial.cashflow.cash_received_borrowing.ttm,2010,2,99,4,0,0,0,94,1
financial.cashflow.cash_received_borrowing.ttm,2010,3,15,2,0,0,0,9,4
financial.cashflow.cash_received_borrowing.ttm,2010,4,91,2,0,0,0,79,10
financial.cashflow.cash_received_borrowing.ttm,2011,1,10652,54,0,0,0,2533,8065
financial.cashflow.cash_received_borrowing.ttm,2011,2,101,2,0,0,0,99,0
financial.cashflow.cash_received_borrowing.ttm,2011,3,16,0,0,0,0,12,4
financial.cashflow.cash_received_borrowing.ttm,2011,4,101,2,0,0,0,86,13
financial.cashflow.cash_received_borrowing.ttm,2012,1,11161,93,0,0,0,2605,8463
financial.cashflow.cash_received_borrowing.ttm,2012,2,110,12,0,0,0,98,0
financial.cashflow.cash_received_borrowing.ttm,2012,3,17,0,0,0,0,13,4
financial.cashflow.cash_received_borrowing.ttm,2012,4,108,2,0,0,0,91,15
financial.cashflow.cash_received_borrowing.ttm,2013,1,11733,70,0,0,0,2700,8963
financial.cashflow.cash_received_borrowing.ttm,2013,2,102,0,0,0,0,102,0
financial.cashflow.cash_received_borrowing.ttm,2013,3,18,0,0,0,0,14,4
financial.cashflow.cash_received_borrowing.ttm,2013,4,116,2,0,0,0,86,28
financial.cashflow.cash_received_borrowing.ttm,2014,1,12786,91,0,0,0,2820,9875
financial.cashflow.cash_received_borrowing.ttm,2014,2,108,0,0,0,0,108,0
financial.cashflow.cash_received_borrowing.ttm,2014,3,18,0,0,0,0,11,7
financial.cashflow.cash_received_borrowing.ttm,2014,4,130,2,0,0,0,68,60
financial.cashflow.cash_received_borrowing.ttm,2015,1,13603,95,0,0,0,3006,10502
financial.cashflow.cash_received_borrowing.ttm,2015,2,131,2,0,0,0,128,1
financial.cashflow.cash_received_borrowing.ttm,2015,3,18,0,0,0,0,13,5
financial.cashflow.cash_received_borrowing.ttm,2015,4,139,0,0,0,0,61,78
financial.cashflow.cash_received_borrowing.ttm,2016,1,15168,320,0,0,0,3553,11295
financial.cashflow.cash_received_borrowing.ttm,2016,2,152,4,0,0,0,147,1
financial.cashflow.cash_received_borrowing.ttm,2016,3,21,0,0,0,0,11,10
financial.cashflow.cash_received_borrowing.ttm,2016,4,146,2,0,0,0,74,70
financial.cashflow.cash_received_borrowing.ttm,2017,1,16103,368,0,0,0,3959,11776
financial.cashflow.cash_received_borrowing.ttm,2017,2,184,20,0,0,0,163,1
financial.cashflow.cash_received_borrowing.ttm,2017,3,24,2,0,0,0,12,10
financial.cashflow.cash_received_borrowing.ttm,2017,4,159,0,0,0,0,68,91
financial.cashflow.cash_received_borrowing.ttm,2018,1,18993,2722,0,0,0,4031,12240
financial.cashflow.cash_received_borrowing.ttm,2018,2,229,90,0,0,0,135,4
financial.cashflow.cash_received_borrowing.ttm,2018,3,25,2,0,0,0,9,14
financial.cashflow.cash_received_borrowing.ttm,2018,4,214,88,0,0,0,54,72
financial.cashflow.cash_received_borrowing.ttm,2019,1,27774,10677,0,0,0,4139,12958
financial.cashflow.cash_received_borrowing.ttm,2019,2,249,116,0,0,0,121,12
financial.cashflow.cash_received_borrowing.ttm,2019,3,27,6,0,0,0,13,8
financial.cashflow.cash_received_borrowing.ttm,2019,4,239,92,0,0,0,65,82
financial.cashflow.cash_received_borrowing.ttm,2020,1,28502,637,0,0,0,6045,21820
financial.cashflow.cash_received_borrowing.ttm,2020,2,273,140,0,0,0,124,9
financial.cashflow.cash_received_borrowing.ttm,2020,3,35,16,0,0,0,8,11
financial.cashflow.cash_received_borrowing.ttm,2020,4,250,142,0,0,0,43,65
financial.cashflow.cash_received_borrowing.ttm,2021,1,25141,1676,0,0,0,6220,17245
financial.cashflow.cash_received_borrowing.ttm,2021,2,244,6,0,0,0,219,19
financial.cashflow.cash_received_borrowing.ttm,2021,3,30,0,0,0,0,21,9
financial.cashflow.cash_received_borrowing.ttm,2021,4,247,2,0,0,0,92,153
financial.cashflow.cash_received_borrowing.ttm,2022,1,28932,13462,0,0,0,3813,11657
financial.cashflow.cash_received_borrowing.ttm,2022,2,299,196,0,0,0,97,6
financial.cashflow.cash_received_borrowing.ttm,2022,3,25,8,0,0,0,14,3
financial.cashflow.cash_received_borrowing.ttm,2022,4,296,178,0,0,0,57,61
financial.cashflow.cash_received_borrowing.ttm,2022,7,4,0,0,4,0,0,0
financial.cashflow.cash_received_borrowing.ttm,2023,1,31640,12034,0,0,0,5266,14340
financial.cashflow.cash_received_borrowing.ttm,2023,2,272,100,0,0,0,157,15
financial.cashflow.cash_received_borrowing.ttm,2023,3,32,18,0,0,0,7,7
financial.cashflow.cash_received_borrowing.ttm,2023,4,254,36,0,0,0,104,114
financial.cashflow.cash_received_borrowing.ttm,2023,7,4,0,0,4,0,0,0
financial.cashflow.cash_received_borrowing.ttm,2024,1,30453,19381,0,0,0,2420,8652
financial.cashflow.cash_received_borrowing.ttm,2024,2,228,64,0,0,0,147,17
financial.cashflow.cash_received_borrowing.ttm,2024,3,25,10,0,0,0,9,6
financial.cashflow.cash_received_borrowing.ttm,2024,4,190,20,0,0,0,70,100
financial.cashflow.cash_received_borrowing.ttm,2024,7,4,0,0,4,0,0,0
financial.cashflow.cash_received_borrowing.ttm,2025,1,35110,28280,0,0,0,1441,5389
financial.cashflow.cash_received_borrowing.ttm,2025,2,205,26,0,0,0,163,16
financial.cashflow.cash_received_borrowing.ttm,2025,3,28,16,0,0,0,9,3
financial.cashflow.cash_received_borrowing.ttm,2025,4,190,18,0,0,0,78,94
financial.cashflow.cash_received_borrowing.ttm,2025,7,12,0,0,12,0,0,0
financial.cashflow.cash_received_borrowing.ttm,2026,1,13204,11282,0,0,0,497,1425
financial.cashflow.cash_received_borrowing.ttm,2026,2,80,4,0,0,0,72,4
financial.cashflow.cash_received_borrowing.ttm,2026,3,8,0,0,0,0,6,2
financial.cashflow.cash_received_borrowing.ttm,2026,4,70,0,0,0,0,30,40
financial.cashflow.cash_received_borrowing.ttm,2026,7,6,0,0,6,0,0,0
financial.cashflow.cash_received_sales.ttm,1998,1,1,0,0,0,0,0,1
financial.cashflow.cash_received_sales.ttm,1998,2,2,0,0,0,0,0,2
financial.cashflow.cash_received_sales.ttm,1999,1,2,0,0,0,0,0,2
financial.cashflow.cash_received_sales.ttm,1999,2,2,0,0,0,0,0,2
financial.cashflow.cash_received_sales.ttm,2000,1,2,0,0,0,0,0,2
financial.cashflow.cash_received_sales.ttm,2000,2,2,0,0,0,0,1,1
financial.cashflow.cash_received_sales.ttm,2001,1,2,0,0,0,0,0,2
financial.cashflow.cash_received_sales.ttm,2001,2,3,0,0,0,0,3,0
financial.cashflow.cash_received_sales.ttm,2002,1,4,0,0,0,0,0,4
financial.cashflow.cash_received_sales.ttm,2002,2,2,0,0,0,0,2,0
financial.cashflow.cash_received_sales.ttm,2002,4,1,0,0,0,0,1,0
financial.cashflow.cash_received_sales.ttm,2003,1,86,0,0,0,0,2,84
financial.cashflow.cash_received_sales.ttm,2003,2,9,0,0,0,0,9,0
financial.cashflow.cash_received_sales.ttm,2003,3,2,0,0,0,0,2,0
financial.cashflow.cash_received_sales.ttm,2003,4,1,0,0,0,0,1,0
financial.cashflow.cash_received_sales.ttm,2004,1,217,0,0,0,0,1,216
financial.cashflow.cash_received_sales.ttm,2004,2,15,0,0,0,0,15,0
financial.cashflow.cash_received_sales.ttm,2004,3,3,0,0,0,0,3,0
financial.cashflow.cash_received_sales.ttm,2004,4,2,0,0,0,0,2,0
financial.cashflow.cash_received_sales.ttm,2005,1,1618,3,0,0,0,12,1603
financial.cashflow.cash_received_sales.ttm,2005,2,28,0,0,0,0,28,0
financial.cashflow.cash_received_sales.ttm,2005,3,3,0,0,0,0,3,0
financial.cashflow.cash_received_sales.ttm,2005,4,6,0,0,0,0,6,0
financial.cashflow.cash_received_sales.ttm,2006,1,6224,2,0,0,0,69,6153
financial.cashflow.cash_received_sales.ttm,2006,2,61,0,0,0,0,61,0
financial.cashflow.cash_received_sales.ttm,2006,3,6,0,0,0,0,6,0
financial.cashflow.cash_received_sales.ttm,2006,4,23,0,0,0,0,23,0
financial.cashflow.cash_received_sales.ttm,2007,1,7053,28,0,0,0,77,6948
financial.cashflow.cash_received_sales.ttm,2007,2,76,0,0,0,0,76,0
financial.cashflow.cash_received_sales.ttm,2007,3,12,0,0,0,0,12,0
financial.cashflow.cash_received_sales.ttm,2007,4,54,2,0,0,0,51,1
financial.cashflow.cash_received_sales.ttm,2008,1,7529,43,0,0,0,62,7424
financial.cashflow.cash_received_sales.ttm,2008,2,86,2,0,0,0,84,0
financial.cashflow.cash_received_sales.ttm,2008,3,13,0,0,0,0,13,0
financial.cashflow.cash_received_sales.ttm,2008,4,69,2,0,0,0,67,0
financial.cashflow.cash_received_sales.ttm,2009,1,8562,23,0,0,0,83,8456
financial.cashflow.cash_received_sales.ttm,2009,2,89,2,0,0,0,87,0
financial.cashflow.cash_received_sales.ttm,2009,3,13,0,0,0,0,13,0
financial.cashflow.cash_received_sales.ttm,2009,4,80,2,0,0,0,78,0
financial.cashflow.cash_received_sales.ttm,2010,1,9519,41,0,0,0,102,9376
financial.cashflow.cash_received_sales.ttm,2010,2,99,4,0,0,0,94,1
financial.cashflow.cash_received_sales.ttm,2010,3,15,2,0,0,0,13,0
financial.cashflow.cash_received_sales.ttm,2010,4,91,2,0,0,0,89,0
financial.cashflow.cash_received_sales.ttm,2011,1,10652,54,0,0,0,104,10494
financial.cashflow.cash_received_sales.ttm,2011,2,101,2,0,0,0,99,0
financial.cashflow.cash_received_sales.ttm,2011,3,16,0,0,0,0,16,0
financial.cashflow.cash_received_sales.ttm,2011,4,101,2,0,0,0,99,0
financial.cashflow.cash_received_sales.ttm,2012,1,11161,93,0,0,0,104,10964
financial.cashflow.cash_received_sales.ttm,2012,2,110,12,0,0,0,98,0
financial.cashflow.cash_received_sales.ttm,2012,3,17,0,0,0,0,17,0
financial.cashflow.cash_received_sales.ttm,2012,4,108,2,0,0,0,106,0
financial.cashflow.cash_received_sales.ttm,2013,1,11733,70,0,0,0,101,11562
financial.cashflow.cash_received_sales.ttm,2013,2,102,0,0,0,0,101,1
financial.cashflow.cash_received_sales.ttm,2013,3,18,0,0,0,0,18,0
financial.cashflow.cash_received_sales.ttm,2013,4,116,2,0,0,0,114,0
financial.cashflow.cash_received_sales.ttm,2014,1,12786,91,0,0,0,59,12636
financial.cashflow.cash_received_sales.ttm,2014,2,108,0,0,0,0,108,0
financial.cashflow.cash_received_sales.ttm,2014,3,18,0,0,0,0,18,0
financial.cashflow.cash_received_sales.ttm,2014,4,130,2,0,0,0,128,0
financial.cashflow.cash_received_sales.ttm,2015,1,13603,95,0,0,0,64,13444
financial.cashflow.cash_received_sales.ttm,2015,2,131,2,0,0,0,128,1
financial.cashflow.cash_received_sales.ttm,2015,3,18,0,0,0,0,18,0
financial.cashflow.cash_received_sales.ttm,2015,4,139,0,0,0,0,139,0
financial.cashflow.cash_received_sales.ttm,2016,1,15168,320,0,0,0,58,14790
financial.cashflow.cash_received_sales.ttm,2016,2,152,4,0,0,0,148,0
financial.cashflow.cash_received_sales.ttm,2016,3,21,0,0,0,0,18,3
financial.cashflow.cash_received_sales.ttm,2016,4,146,2,0,0,0,144,0
financial.cashflow.cash_received_sales.ttm,2017,1,16103,368,0,0,0,56,15679
financial.cashflow.cash_received_sales.ttm,2017,2,184,20,0,0,0,164,0
financial.cashflow.cash_received_sales.ttm,2017,3,24,2,0,0,0,22,0
financial.cashflow.cash_received_sales.ttm,2017,4,159,0,0,0,0,159,0
financial.cashflow.cash_received_sales.ttm,2018,1,18993,2722,0,0,0,65,16206
financial.cashflow.cash_received_sales.ttm,2018,2,229,90,0,0,0,139,0
financial.cashflow.cash_received_sales.ttm,2018,3,25,2,0,0,0,23,0
financial.cashflow.cash_received_sales.ttm,2018,4,214,88,0,0,0,126,0
financial.cashflow.cash_received_sales.ttm,2019,1,27774,10677,0,0,0,76,17021
financial.cashflow.cash_received_sales.ttm,2019,2,249,116,0,0,0,133,0
financial.cashflow.cash_received_sales.ttm,2019,3,27,6,0,0,0,21,0
financial.cashflow.cash_received_sales.ttm,2019,4,239,92,0,0,0,146,1
financial.cashflow.cash_received_sales.ttm,2020,1,28502,637,0,0,0,97,27768
financial.cashflow.cash_received_sales.ttm,2020,2,273,140,0,0,0,133,0
financial.cashflow.cash_received_sales.ttm,2020,3,35,16,0,0,0,19,0
financial.cashflow.cash_received_sales.ttm,2020,4,250,142,0,0,0,108,0
financial.cashflow.cash_received_sales.ttm,2021,1,25141,1676,0,0,0,105,23360
financial.cashflow.cash_received_sales.ttm,2021,2,244,6,0,0,0,238,0
financial.cashflow.cash_received_sales.ttm,2021,3,30,0,0,0,0,30,0
financial.cashflow.cash_received_sales.ttm,2021,4,247,2,0,0,0,245,0
financial.cashflow.cash_received_sales.ttm,2022,1,28932,13462,0,0,0,104,15366
financial.cashflow.cash_received_sales.ttm,2022,2,299,196,0,0,0,103,0
financial.cashflow.cash_received_sales.ttm,2022,3,25,8,0,0,0,17,0
financial.cashflow.cash_received_sales.ttm,2022,4,296,178,0,0,0,118,0
financial.cashflow.cash_received_sales.ttm,2022,7,4,0,0,4,0,0,0
financial.cashflow.cash_received_sales.ttm,2023,1,31640,12034,0,0,0,93,19513
financial.cashflow.cash_received_sales.ttm,2023,2,272,100,0,0,0,172,0
financial.cashflow.cash_received_sales.ttm,2023,3,32,18,0,0,0,10,4
financial.cashflow.cash_received_sales.ttm,2023,4,254,36,0,0,0,218,0
financial.cashflow.cash_received_sales.ttm,2023,7,4,0,0,4,0,0,0
financial.cashflow.cash_received_sales.ttm,2024,1,30453,19381,0,0,0,67,11005
financial.cashflow.cash_received_sales.ttm,2024,2,228,64,0,0,0,164,0
financial.cashflow.cash_received_sales.ttm,2024,3,25,10,0,0,0,2,13
financial.cashflow.cash_received_sales.ttm,2024,4,190,20,0,0,0,170,0
financial.cashflow.cash_received_sales.ttm,2024,7,4,0,0,4,0,0,0
financial.cashflow.cash_received_sales.ttm,2025,1,35110,28280,0,0,0,67,6763
financial.cashflow.cash_received_sales.ttm,2025,2,205,26,0,0,0,179,0
financial.cashflow.cash_received_sales.ttm,2025,3,28,16,0,0,0,0,12
financial.cashflow.cash_received_sales.ttm,2025,4,190,18,0,0,0,172,0
financial.cashflow.cash_received_sales.ttm,2025,7,12,0,0,12,0,0,0
financial.cashflow.cash_received_sales.ttm,2026,1,13204,11282,0,0,0,17,1905
financial.cashflow.cash_received_sales.ttm,2026,2,80,4,0,0,0,75,1
financial.cashflow.cash_received_sales.ttm,2026,3,8,0,0,0,0,4,4
financial.cashflow.cash_received_sales.ttm,2026,4,70,0,0,0,0,70,0
financial.cashflow.cash_received_sales.ttm,2026,7,6,0,0,6,0,0,0
financial.cashflow.operating_cash_flow.latest_fy,1998,1,1,0,0,0,0,0,1
financial.cashflow.operating_cash_flow.latest_fy,1998,2,2,0,0,0,1,0,1
financial.cashflow.operating_cash_flow.latest_fy,1999,1,2,0,0,0,1,0,1
financial.cashflow.operating_cash_flow.latest_fy,1999,2,2,0,0,0,1,0,1
financial.cashflow.operating_cash_flow.latest_fy,2000,1,2,0,0,0,1,0,1
financial.cashflow.operating_cash_flow.latest_fy,2000,2,2,0,0,0,1,0,1
financial.cashflow.operating_cash_flow.latest_fy,2001,1,2,0,0,0,1,0,1
financial.cashflow.operating_cash_flow.latest_fy,2001,2,3,0,0,0,1,0,2
financial.cashflow.operating_cash_flow.latest_fy,2002,1,4,0,0,0,1,0,3
financial.cashflow.operating_cash_flow.latest_fy,2002,2,2,0,0,0,1,0,1
financial.cashflow.operating_cash_flow.latest_fy,2002,4,1,0,0,0,0,0,1
financial.cashflow.operating_cash_flow.latest_fy,2003,1,86,0,0,0,3,0,83
financial.cashflow.operating_cash_flow.latest_fy,2003,2,9,0,0,0,3,0,6
financial.cashflow.operating_cash_flow.latest_fy,2003,3,2,0,0,0,0,0,2
financial.cashflow.operating_cash_flow.latest_fy,2003,4,1,0,0,0,0,0,1
financial.cashflow.operating_cash_flow.latest_fy,2004,1,217,0,0,0,3,0,214
financial.cashflow.operating_cash_flow.latest_fy,2004,2,15,0,0,0,3,0,12
financial.cashflow.operating_cash_flow.latest_fy,2004,3,3,0,0,0,0,0,3
financial.cashflow.operating_cash_flow.latest_fy,2004,4,2,0,0,0,0,0,2
financial.cashflow.operating_cash_flow.latest_fy,2005,1,1618,3,0,0,9,0,1606
financial.cashflow.operating_cash_flow.latest_fy,2005,2,28,0,0,0,5,0,23
financial.cashflow.operating_cash_flow.latest_fy,2005,3,3,0,0,0,0,0,3
financial.cashflow.operating_cash_flow.latest_fy,2005,4,6,0,0,0,0,0,6
financial.cashflow.operating_cash_flow.latest_fy,2006,1,6224,2,0,0,4333,2,1887
financial.cashflow.operating_cash_flow.latest_fy,2006,2,61,0,0,0,30,0,31
financial.cashflow.operating_cash_flow.latest_fy,2006,3,6,0,0,0,3,0,3
financial.cashflow.operating_cash_flow.latest_fy,2006,4,23,0,0,0,9,0,14
financial.cashflow.operating_cash_flow.latest_fy,2007,1,7053,28,0,0,4788,1,2236
financial.cashflow.operating_cash_flow.latest_fy,2007,2,76,0,0,0,42,0,34
financial.cashflow.operating_cash_flow.latest_fy,2007,3,12,0,0,0,9,0,3
financial.cashflow.operating_cash_flow.latest_fy,2007,4,54,2,0,0,12,0,40
financial.cashflow.operating_cash_flow.latest_fy,2008,1,7529,43,0,0,4969,2,2515
financial.cashflow.operating_cash_flow.latest_fy,2008,2,86,2,0,0,47,0,37
financial.cashflow.operating_cash_flow.latest_fy,2008,3,13,0,0,0,9,0,4
financial.cashflow.operating_cash_flow.latest_fy,2008,4,69,2,0,0,27,0,40
financial.cashflow.operating_cash_flow.latest_fy,2009,1,8562,23,0,0,5885,0,2654
financial.cashflow.operating_cash_flow.latest_fy,2009,2,89,2,0,0,50,0,37
financial.cashflow.operating_cash_flow.latest_fy,2009,3,13,0,0,0,9,0,4
financial.cashflow.operating_cash_flow.latest_fy,2009,4,80,2,0,0,37,0,41
financial.cashflow.operating_cash_flow.latest_fy,2010,1,9519,41,0,0,6819,0,2659
financial.cashflow.operating_cash_flow.latest_fy,2010,2,99,4,0,0,55,0,40
financial.cashflow.operating_cash_flow.latest_fy,2010,3,15,2,0,0,9,0,4
financial.cashflow.operating_cash_flow.latest_fy,2010,4,91,2,0,0,47,0,42
financial.cashflow.operating_cash_flow.latest_fy,2011,1,10652,54,0,0,7403,4,3191
financial.cashflow.operating_cash_flow.latest_fy,2011,2,101,2,0,0,56,0,43
financial.cashflow.operating_cash_flow.latest_fy,2011,3,16,0,0,0,12,0,4
financial.cashflow.operating_cash_flow.latest_fy,2011,4,101,2,0,0,56,0,43
financial.cashflow.operating_cash_flow.latest_fy,2012,1,11161,93,0,0,7547,2,3519
financial.cashflow.operating_cash_flow.latest_fy,2012,2,110,12,0,0,53,0,45
financial.cashflow.operating_cash_flow.latest_fy,2012,3,17,0,0,0,12,0,5
financial.cashflow.operating_cash_flow.latest_fy,2012,4,108,2,0,0,63,0,43
financial.cashflow.operating_cash_flow.latest_fy,2013,1,11733,70,0,0,7777,1,3885
financial.cashflow.operating_cash_flow.latest_fy,2013,2,102,0,0,0,56,0,46
financial.cashflow.operating_cash_flow.latest_fy,2013,3,18,0,0,0,13,0,5
financial.cashflow.operating_cash_flow.latest_fy,2013,4,116,2,0,0,71,0,43
financial.cashflow.operating_cash_flow.latest_fy,2014,1,12786,91,0,0,8600,1,4094
financial.cashflow.operating_cash_flow.latest_fy,2014,2,108,0,0,0,63,0,45
financial.cashflow.operating_cash_flow.latest_fy,2014,3,18,0,0,0,13,0,5
financial.cashflow.operating_cash_flow.latest_fy,2014,4,130,2,0,0,86,0,42
financial.cashflow.operating_cash_flow.latest_fy,2015,1,13603,95,0,0,9366,2,4140
financial.cashflow.operating_cash_flow.latest_fy,2015,2,131,2,0,0,85,0,44
financial.cashflow.operating_cash_flow.latest_fy,2015,3,18,0,0,0,12,0,6
financial.cashflow.operating_cash_flow.latest_fy,2015,4,139,0,0,0,96,0,43
financial.cashflow.operating_cash_flow.latest_fy,2016,1,15168,320,0,0,10517,1,4330
financial.cashflow.operating_cash_flow.latest_fy,2016,2,152,4,0,0,104,0,44
financial.cashflow.operating_cash_flow.latest_fy,2016,3,21,0,0,0,15,0,6
financial.cashflow.operating_cash_flow.latest_fy,2016,4,146,2,0,0,102,0,42
financial.cashflow.operating_cash_flow.latest_fy,2017,1,16103,368,0,0,11035,0,4700
financial.cashflow.operating_cash_flow.latest_fy,2017,2,184,20,0,0,113,0,51
financial.cashflow.operating_cash_flow.latest_fy,2017,3,24,2,0,0,17,0,5
financial.cashflow.operating_cash_flow.latest_fy,2017,4,159,0,0,0,113,0,46
financial.cashflow.operating_cash_flow.latest_fy,2018,1,18993,2722,0,0,11555,0,4716
financial.cashflow.operating_cash_flow.latest_fy,2018,2,229,90,0,0,99,0,40
financial.cashflow.operating_cash_flow.latest_fy,2018,3,25,2,0,0,18,0,5
financial.cashflow.operating_cash_flow.latest_fy,2018,4,214,88,0,0,93,0,33
financial.cashflow.operating_cash_flow.latest_fy,2019,1,27774,10677,0,0,7207,2,9888
financial.cashflow.operating_cash_flow.latest_fy,2019,2,249,116,0,0,101,0,32
financial.cashflow.operating_cash_flow.latest_fy,2019,3,27,6,0,0,18,0,3
financial.cashflow.operating_cash_flow.latest_fy,2019,4,239,92,0,0,103,0,44
financial.cashflow.operating_cash_flow.latest_fy,2020,1,28502,637,0,0,17929,1,9935
financial.cashflow.operating_cash_flow.latest_fy,2020,2,273,140,0,0,105,0,28
financial.cashflow.operating_cash_flow.latest_fy,2020,3,35,16,0,0,15,0,4
financial.cashflow.operating_cash_flow.latest_fy,2020,4,250,142,0,0,94,0,14
financial.cashflow.operating_cash_flow.latest_fy,2021,1,25141,1676,0,0,13880,0,9585
financial.cashflow.operating_cash_flow.latest_fy,2021,2,244,6,0,0,145,0,93
financial.cashflow.operating_cash_flow.latest_fy,2021,3,30,0,0,0,18,0,12
financial.cashflow.operating_cash_flow.latest_fy,2021,4,247,2,0,0,157,0,88
financial.cashflow.operating_cash_flow.latest_fy,2022,1,28932,13462,0,0,10726,1,4743
financial.cashflow.operating_cash_flow.latest_fy,2022,2,299,196,0,0,101,0,2
financial.cashflow.operating_cash_flow.latest_fy,2022,3,25,8,0,0,16,0,1
financial.cashflow.operating_cash_flow.latest_fy,2022,4,296,178,0,0,114,0,4
financial.cashflow.operating_cash_flow.latest_fy,2022,7,4,0,0,4,0,0,0
financial.cashflow.operating_cash_flow.latest_fy,2023,1,31640,12034,0,0,15407,1,4198
financial.cashflow.operating_cash_flow.latest_fy,2023,2,272,100,0,0,138,0,34
financial.cashflow.operating_cash_flow.latest_fy,2023,3,32,18,0,0,12,0,2
financial.cashflow.operating_cash_flow.latest_fy,2023,4,254,36,0,0,165,0,53
financial.cashflow.operating_cash_flow.latest_fy,2023,7,4,0,0,4,0,0,0
financial.cashflow.operating_cash_flow.latest_fy,2024,1,30453,19381,0,0,7585,0,3487
financial.cashflow.operating_cash_flow.latest_fy,2024,2,228,64,0,0,148,0,16
financial.cashflow.operating_cash_flow.latest_fy,2024,3,25,10,0,0,15,0,0
financial.cashflow.operating_cash_flow.latest_fy,2024,4,190,20,0,0,136,0,34
financial.cashflow.operating_cash_flow.latest_fy,2024,7,4,0,0,4,0,0,0
financial.cashflow.operating_cash_flow.latest_fy,2025,1,35110,28280,0,0,3989,0,2841
financial.cashflow.operating_cash_flow.latest_fy,2025,2,205,26,0,0,134,0,45
financial.cashflow.operating_cash_flow.latest_fy,2025,3,28,16,0,0,9,0,3
financial.cashflow.operating_cash_flow.latest_fy,2025,4,190,18,0,0,127,0,45
financial.cashflow.operating_cash_flow.latest_fy,2025,7,12,0,0,12,0,0,0
financial.cashflow.operating_cash_flow.latest_fy,2026,1,13204,11282,0,0,1922,0,0
financial.cashflow.operating_cash_flow.latest_fy,2026,2,80,4,0,0,76,0,0
financial.cashflow.operating_cash_flow.latest_fy,2026,3,8,0,0,0,8,0,0
financial.cashflow.operating_cash_flow.latest_fy,2026,4,70,0,0,0,70,0,0
financial.cashflow.operating_cash_flow.latest_fy,2026,7,6,0,0,6,0,0,0
financial.cashflow.operating_cash_flow.ttm,1998,1,1,0,0,0,0,0,1
financial.cashflow.operating_cash_flow.ttm,1998,2,2,0,0,0,0,0,2
financial.cashflow.operating_cash_flow.ttm,1999,1,2,0,0,0,0,0,2
financial.cashflow.operating_cash_flow.ttm,1999,2,2,0,0,0,0,0,2
financial.cashflow.operating_cash_flow.ttm,2000,1,2,0,0,0,0,0,2
financial.cashflow.operating_cash_flow.ttm,2000,2,2,0,0,0,0,0,2
financial.cashflow.operating_cash_flow.ttm,2001,1,2,0,0,0,0,0,2
financial.cashflow.operating_cash_flow.ttm,2001,2,3,0,0,0,0,0,3
financial.cashflow.operating_cash_flow.ttm,2002,1,4,0,0,0,0,0,4
financial.cashflow.operating_cash_flow.ttm,2002,2,2,0,0,0,0,0,2
financial.cashflow.operating_cash_flow.ttm,2002,4,1,0,0,0,0,0,1
financial.cashflow.operating_cash_flow.ttm,2003,1,86,0,0,0,0,0,86
financial.cashflow.operating_cash_flow.ttm,2003,2,9,0,0,0,0,0,9
financial.cashflow.operating_cash_flow.ttm,2003,3,2,0,0,0,0,0,2
financial.cashflow.operating_cash_flow.ttm,2003,4,1,0,0,0,0,0,1
financial.cashflow.operating_cash_flow.ttm,2004,1,217,0,0,0,0,0,217
financial.cashflow.operating_cash_flow.ttm,2004,2,15,0,0,0,0,0,15
financial.cashflow.operating_cash_flow.ttm,2004,3,3,0,0,0,0,0,3
financial.cashflow.operating_cash_flow.ttm,2004,4,2,0,0,0,0,0,2
financial.cashflow.operating_cash_flow.ttm,2005,1,1618,3,0,0,0,0,1615
financial.cashflow.operating_cash_flow.ttm,2005,2,28,0,0,0,0,0,28
financial.cashflow.operating_cash_flow.ttm,2005,3,3,0,0,0,0,0,3
financial.cashflow.operating_cash_flow.ttm,2005,4,6,0,0,0,0,0,6
financial.cashflow.operating_cash_flow.ttm,2006,1,6224,2,0,0,0,3,6219
financial.cashflow.operating_cash_flow.ttm,2006,2,61,0,0,0,0,0,61
financial.cashflow.operating_cash_flow.ttm,2006,3,6,0,0,0,0,0,6
financial.cashflow.operating_cash_flow.ttm,2006,4,23,0,0,0,0,0,23
financial.cashflow.operating_cash_flow.ttm,2007,1,7053,28,0,0,0,1,7024
financial.cashflow.operating_cash_flow.ttm,2007,2,76,0,0,0,0,0,76
financial.cashflow.operating_cash_flow.ttm,2007,3,12,0,0,0,0,0,12
financial.cashflow.operating_cash_flow.ttm,2007,4,54,2,0,0,0,0,52
financial.cashflow.operating_cash_flow.ttm,2008,1,7529,43,0,0,0,3,7483
financial.cashflow.operating_cash_flow.ttm,2008,2,86,2,0,0,0,0,84
financial.cashflow.operating_cash_flow.ttm,2008,3,13,0,0,0,0,0,13
financial.cashflow.operating_cash_flow.ttm,2008,4,69,2,0,0,0,0,67
financial.cashflow.operating_cash_flow.ttm,2009,1,8562,23,0,0,0,1,8538
financial.cashflow.operating_cash_flow.ttm,2009,2,89,2,0,0,0,0,87
financial.cashflow.operating_cash_flow.ttm,2009,3,13,0,0,0,0,0,13
financial.cashflow.operating_cash_flow.ttm,2009,4,80,2,0,0,0,0,78
financial.cashflow.operating_cash_flow.ttm,2010,1,9519,41,0,0,0,2,9476
financial.cashflow.operating_cash_flow.ttm,2010,2,99,4,0,0,0,0,95
financial.cashflow.operating_cash_flow.ttm,2010,3,15,2,0,0,0,0,13
financial.cashflow.operating_cash_flow.ttm,2010,4,91,2,0,0,0,0,89
financial.cashflow.operating_cash_flow.ttm,2011,1,10652,54,0,0,0,12,10586
financial.cashflow.operating_cash_flow.ttm,2011,2,101,2,0,0,0,0,99
financial.cashflow.operating_cash_flow.ttm,2011,3,16,0,0,0,0,0,16
financial.cashflow.operating_cash_flow.ttm,2011,4,101,2,0,0,0,0,99
financial.cashflow.operating_cash_flow.ttm,2012,1,11161,93,0,0,0,7,11061
financial.cashflow.operating_cash_flow.ttm,2012,2,110,12,0,0,0,0,98
financial.cashflow.operating_cash_flow.ttm,2012,3,17,0,0,0,0,0,17
financial.cashflow.operating_cash_flow.ttm,2012,4,108,2,0,0,0,0,106
financial.cashflow.operating_cash_flow.ttm,2013,1,11733,70,0,0,0,1,11662
financial.cashflow.operating_cash_flow.ttm,2013,2,102,0,0,0,0,0,102
financial.cashflow.operating_cash_flow.ttm,2013,3,18,0,0,0,0,0,18
financial.cashflow.operating_cash_flow.ttm,2013,4,116,2,0,0,0,0,114
financial.cashflow.operating_cash_flow.ttm,2014,1,12786,91,0,0,0,1,12694
financial.cashflow.operating_cash_flow.ttm,2014,2,108,0,0,0,0,0,108
financial.cashflow.operating_cash_flow.ttm,2014,3,18,0,0,0,0,0,18
financial.cashflow.operating_cash_flow.ttm,2014,4,130,2,0,0,0,0,128
financial.cashflow.operating_cash_flow.ttm,2015,1,13603,95,0,0,0,5,13503
financial.cashflow.operating_cash_flow.ttm,2015,2,131,2,0,0,0,0,129
financial.cashflow.operating_cash_flow.ttm,2015,3,18,0,0,0,0,0,18
financial.cashflow.operating_cash_flow.ttm,2015,4,139,0,0,0,0,0,139
financial.cashflow.operating_cash_flow.ttm,2016,1,15168,320,0,0,0,3,14845
financial.cashflow.operating_cash_flow.ttm,2016,2,152,4,0,0,0,0,148
financial.cashflow.operating_cash_flow.ttm,2016,3,21,0,0,0,0,0,21
financial.cashflow.operating_cash_flow.ttm,2016,4,146,2,0,0,0,0,144
financial.cashflow.operating_cash_flow.ttm,2017,1,16103,368,0,0,0,3,15732
financial.cashflow.operating_cash_flow.ttm,2017,2,184,20,0,0,0,0,164
financial.cashflow.operating_cash_flow.ttm,2017,3,24,2,0,0,0,0,22
financial.cashflow.operating_cash_flow.ttm,2017,4,159,0,0,0,0,0,159
financial.cashflow.operating_cash_flow.ttm,2018,1,18993,2722,0,0,0,7,16264
financial.cashflow.operating_cash_flow.ttm,2018,2,229,90,0,0,0,0,139
financial.cashflow.operating_cash_flow.ttm,2018,3,25,2,0,0,0,0,23
financial.cashflow.operating_cash_flow.ttm,2018,4,214,88,0,0,0,0,126
financial.cashflow.operating_cash_flow.ttm,2019,1,27774,10677,0,0,0,10,17087
financial.cashflow.operating_cash_flow.ttm,2019,2,249,116,0,0,0,0,133
financial.cashflow.operating_cash_flow.ttm,2019,3,27,6,0,0,0,0,21
financial.cashflow.operating_cash_flow.ttm,2019,4,239,92,0,0,0,0,147
financial.cashflow.operating_cash_flow.ttm,2020,1,28502,637,0,0,0,7,27858
financial.cashflow.operating_cash_flow.ttm,2020,2,273,140,0,0,0,0,133
financial.cashflow.operating_cash_flow.ttm,2020,3,35,16,0,0,0,0,19
financial.cashflow.operating_cash_flow.ttm,2020,4,250,142,0,0,0,0,108
financial.cashflow.operating_cash_flow.ttm,2021,1,25141,1676,0,0,0,0,23465
financial.cashflow.operating_cash_flow.ttm,2021,2,244,6,0,0,0,0,238
financial.cashflow.operating_cash_flow.ttm,2021,3,30,0,0,0,0,0,30
financial.cashflow.operating_cash_flow.ttm,2021,4,247,2,0,0,0,0,245
financial.cashflow.operating_cash_flow.ttm,2022,1,28932,13462,0,0,0,4,15466
financial.cashflow.operating_cash_flow.ttm,2022,2,299,196,0,0,0,0,103
financial.cashflow.operating_cash_flow.ttm,2022,3,25,8,0,0,0,0,17
financial.cashflow.operating_cash_flow.ttm,2022,4,296,178,0,0,0,0,118
financial.cashflow.operating_cash_flow.ttm,2022,7,4,0,0,4,0,0,0
financial.cashflow.operating_cash_flow.ttm,2023,1,31640,12034,0,0,0,4,19602
financial.cashflow.operating_cash_flow.ttm,2023,2,272,100,0,0,0,0,172
financial.cashflow.operating_cash_flow.ttm,2023,3,32,18,0,0,0,0,14
financial.cashflow.operating_cash_flow.ttm,2023,4,254,36,0,0,0,0,218
financial.cashflow.operating_cash_flow.ttm,2023,7,4,0,0,4,0,0,0
financial.cashflow.operating_cash_flow.ttm,2024,1,30453,19381,0,0,0,3,11069
financial.cashflow.operating_cash_flow.ttm,2024,2,228,64,0,0,0,0,164
financial.cashflow.operating_cash_flow.ttm,2024,3,25,10,0,0,0,0,15
financial.cashflow.operating_cash_flow.ttm,2024,4,190,20,0,0,0,0,170
financial.cashflow.operating_cash_flow.ttm,2024,7,4,0,0,4,0,0,0
financial.cashflow.operating_cash_flow.ttm,2025,1,35110,28280,0,0,0,2,6828
financial.cashflow.operating_cash_flow.ttm,2025,2,205,26,0,0,0,0,179
financial.cashflow.operating_cash_flow.ttm,2025,3,28,16,0,0,0,0,12
financial.cashflow.operating_cash_flow.ttm,2025,4,190,18,0,0,0,0,172
financial.cashflow.operating_cash_flow.ttm,2025,7,12,0,0,12,0,0,0
financial.cashflow.operating_cash_flow.ttm,2026,1,13204,11282,0,0,0,1,1921
financial.cashflow.operating_cash_flow.ttm,2026,2,80,4,0,0,0,0,76
financial.cashflow.operating_cash_flow.ttm,2026,3,8,0,0,0,0,0,8
financial.cashflow.operating_cash_flow.ttm,2026,4,70,0,0,0,0,0,70
financial.cashflow.operating_cash_flow.ttm,2026,7,6,0,0,6,0,0,0
financial.income.consolidated_net_profit.ttm,1990,1,2,0,0,0,0,0,2
financial.income.consolidated_net_profit.ttm,1991,1,11,0,0,0,0,1,10
financial.income.consolidated_net_profit.ttm,1992,1,32,0,0,0,0,1,31
financial.income.consolidated_net_profit.ttm,1993,1,232,0,0,0,0,1,231
financial.income.consolidated_net_profit.ttm,1994,1,723,0,0,0,0,0,723
financial.income.consolidated_net_profit.ttm,1994,2,1,0,0,0,0,0,1
financial.income.consolidated_net_profit.ttm,1994,4,1,0,0,0,0,0,1
financial.income.consolidated_net_profit.ttm,1995,1,1122,0,0,0,0,0,1122
financial.income.consolidated_net_profit.ttm,1995,2,2,0,0,0,0,0,2
financial.income.consolidated_net_profit.ttm,1995,4,2,0,0,0,0,0,2
financial.income.consolidated_net_profit.ttm,1996,1,1398,0,0,0,0,1,1397
financial.income.consolidated_net_profit.ttm,1996,2,3,0,0,0,0,0,3
financial.income.consolidated_net_profit.ttm,1996,4,2,0,0,0,0,0,2
financial.income.consolidated_net_profit.ttm,1997,1,1821,0,0,0,0,1,1820
financial.income.consolidated_net_profit.ttm,1997,2,4,0,0,0,0,0,4
financial.income.consolidated_net_profit.ttm,1997,4,2,0,0,0,0,0,2
financial.income.consolidated_net_profit.ttm,1998,1,1905,0,0,0,0,1,1904
financial.income.consolidated_net_profit.ttm,1998,2,4,0,0,0,0,0,4
financial.income.consolidated_net_profit.ttm,1998,4,2,0,0,0,0,0,2
financial.income.consolidated_net_profit.ttm,1999,1,2136,2,0,0,0,1,2133
financial.income.consolidated_net_profit.ttm,1999,2,6,0,0,0,0,0,6
financial.income.consolidated_net_profit.ttm,1999,4,3,0,0,0,0,0,3
financial.income.consolidated_net_profit.ttm,2000,1,2383,2,0,0,0,1,2380
financial.income.consolidated_net_profit.ttm,2000,2,8,0,0,0,0,0,8
financial.income.consolidated_net_profit.ttm,2000,4,3,0,0,0,0,0,3
financial.income.consolidated_net_profit.ttm,2001,1,2780,0,0,0,0,4,2776
financial.income.consolidated_net_profit.ttm,2001,2,16,0,0,0,0,0,16
financial.income.consolidated_net_profit.ttm,2001,4,4,0,0,0,0,0,4
financial.income.consolidated_net_profit.ttm,2002,1,4870,2,0,0,0,1,4867
financial.income.consolidated_net_profit.ttm,2002,2,25,0,0,0,0,0,25
financial.income.consolidated_net_profit.ttm,2002,4,9,0,0,0,0,0,9
financial.income.consolidated_net_profit.ttm,2003,1,5262,2,0,0,0,4,5256
financial.income.consolidated_net_profit.ttm,2003,2,30,0,0,0,0,0,30
financial.income.consolidated_net_profit.ttm,2003,3,2,0,0,0,0,0,2
financial.income.consolidated_net_profit.ttm,2003,4,10,0,0,0,0,0,10
financial.income.consolidated_net_profit.ttm,2004,1,5606,2,0,0,0,7,5597
financial.income.consolidated_net_profit.ttm,2004,2,31,0,0,0,0,0,31
financial.income.consolidated_net_profit.ttm,2004,3,3,0,0,0,0,0,3
financial.income.consolidated_net_profit.ttm,2004,4,11,0,0,0,0,0,11
financial.income.consolidated_net_profit.ttm,2005,1,5731,4,0,0,0,9,5718
financial.income.consolidated_net_profit.ttm,2005,2,49,0,0,0,0,0,49
financial.income.consolidated_net_profit.ttm,2005,3,6,0,0,0,0,2,4
financial.income.consolidated_net_profit.ttm,2005,4,13,0,0,0,0,0,13
financial.income.consolidated_net_profit.ttm,2006,1,6360,2,0,0,0,13,6345
financial.income.consolidated_net_profit.ttm,2006,2,71,0,0,0,0,0,71
financial.income.consolidated_net_profit.ttm,2006,3,8,0,0,0,0,0,8
financial.income.consolidated_net_profit.ttm,2006,4,23,0,0,0,0,0,23
financial.income.consolidated_net_profit.ttm,2007,1,7111,14,0,0,0,25,7072
financial.income.consolidated_net_profit.ttm,2007,2,89,0,0,0,0,0,89
financial.income.consolidated_net_profit.ttm,2007,3,14,0,0,0,0,0,14
financial.income.consolidated_net_profit.ttm,2007,4,59,2,0,0,0,0,57
financial.income.consolidated_net_profit.ttm,2008,1,7580,18,0,0,0,45,7517
financial.income.consolidated_net_profit.ttm,2008,2,98,0,0,0,0,0,98
financial.income.consolidated_net_profit.ttm,2008,3,14,0,0,0,0,0,14
financial.income.consolidated_net_profit.ttm,2008,4,98,4,0,0,0,1,93
financial.income.consolidated_net_profit.ttm,2009,1,8635,16,0,0,0,52,8567
financial.income.consolidated_net_profit.ttm,2009,2,108,0,0,0,0,0,108
financial.income.consolidated_net_profit.ttm,2009,3,14,0,0,0,0,0,14
financial.income.consolidated_net_profit.ttm,2009,4,109,2,0,0,0,2,105
financial.income.consolidated_net_profit.ttm,2010,1,9599,22,0,0,0,67,9510
financial.income.consolidated_net_profit.ttm,2010,2,116,4,0,0,0,0,112
financial.income.consolidated_net_profit.ttm,2010,3,14,0,0,0,0,0,14
financial.income.consolidated_net_profit.ttm,2010,4,121,4,0,0,0,2,115
financial.income.consolidated_net_profit.ttm,2011,1,10792,38,0,0,0,90,10664
financial.income.consolidated_net_profit.ttm,2011,2,124,14,0,0,0,0,110
financial.income.consolidated_net_profit.ttm,2011,3,18,2,0,0,0,0,16
financial.income.consolidated_net_profit.ttm,2011,4,126,2,0,0,0,2,122
financial.income.consolidated_net_profit.ttm,2012,1,11367,54,0,0,0,127,11186
financial.income.consolidated_net_profit.ttm,2012,2,125,2,0,0,0,0,123
financial.income.consolidated_net_profit.ttm,2012,3,18,0,0,0,0,0,18
financial.income.consolidated_net_profit.ttm,2012,4,136,4,0,0,0,2,130
financial.income.consolidated_net_profit.ttm,2013,1,12097,92,0,0,0,125,11880
financial.income.consolidated_net_profit.ttm,2013,2,122,0,0,0,0,0,122
financial.income.consolidated_net_profit.ttm,2013,3,18,0,0,0,0,0,18
financial.income.consolidated_net_profit.ttm,2013,4,138,4,0,0,0,3,131
financial.income.consolidated_net_profit.ttm,2014,1,13212,112,0,0,0,123,12977
financial.income.consolidated_net_profit.ttm,2014,2,132,0,0,0,0,0,132
financial.income.consolidated_net_profit.ttm,2014,3,18,0,0,0,0,0,18
financial.income.consolidated_net_profit.ttm,2014,4,146,8,0,0,0,3,135
financial.income.consolidated_net_profit.ttm,2015,1,14005,90,0,0,1,93,13821
financial.income.consolidated_net_profit.ttm,2015,2,156,8,0,0,0,1,147
financial.income.consolidated_net_profit.ttm,2015,3,18,0,0,0,0,0,18
financial.income.consolidated_net_profit.ttm,2015,4,148,4,0,0,0,2,142
financial.income.consolidated_net_profit.ttm,2016,1,15893,506,0,0,2,105,15280
financial.income.consolidated_net_profit.ttm,2016,2,186,6,0,0,0,0,180
financial.income.consolidated_net_profit.ttm,2016,3,25,0,0,0,0,0,25
financial.income.consolidated_net_profit.ttm,2016,4,157,4,0,0,0,1,152
financial.income.consolidated_net_profit.ttm,2017,1,16826,516,0,0,4,41,16265
financial.income.consolidated_net_profit.ttm,2017,2,224,4,0,0,0,0,220
financial.income.consolidated_net_profit.ttm,2017,3,27,0,0,0,0,0,27
financial.income.consolidated_net_profit.ttm,2017,4,166,4,0,0,0,0,162
financial.income.consolidated_net_profit.ttm,2018,1,23723,738,0,0,0,48,22937
financial.income.consolidated_net_profit.ttm,2018,2,279,114,0,0,0,0,165
financial.income.consolidated_net_profit.ttm,2018,3,36,14,0,0,0,0,22
financial.income.consolidated_net_profit.ttm,2018,4,236,122,0,0,0,0,114
financial.income.consolidated_net_profit.ttm,2019,1,27444,9473,0,0,2,29,17940
financial.income.consolidated_net_profit.ttm,2019,2,270,16,0,0,0,0,254
financial.income.consolidated_net_profit.ttm,2019,3,32,6,0,0,0,0,26
financial.income.consolidated_net_profit.ttm,2019,4,224,34,0,0,0,0,190
financial.income.consolidated_net_profit.ttm,2020,1,36317,7298,0,0,1,16,29002
financial.income.consolidated_net_profit.ttm,2020,2,322,6,0,0,0,0,316
financial.income.consolidated_net_profit.ttm,2020,3,46,16,0,0,0,0,30
financial.income.consolidated_net_profit.ttm,2020,4,293,76,0,0,0,0,217
financial.income.consolidated_net_profit.ttm,2021,1,27642,5354,0,0,0,5,22283
financial.income.consolidated_net_profit.ttm,2021,2,298,4,0,0,0,0,294
financial.income.consolidated_net_profit.ttm,2021,3,43,0,0,0,0,0,43
financial.income.consolidated_net_profit.ttm,2021,4,276,2,0,0,0,0,274
financial.income.consolidated_net_profit.ttm,2022,1,28238,8808,0,0,0,9,19421
financial.income.consolidated_net_profit.ttm,2022,2,257,60,0,0,0,0,197
financial.income.consolidated_net_profit.ttm,2022,3,36,10,0,0,0,0,26
financial.income.consolidated_net_profit.ttm,2022,4,243,62,0,0,0,0,181
financial.income.consolidated_net_profit.ttm,2022,7,4,0,0,4,0,0,0
financial.income.consolidated_net_profit.ttm,2023,1,25177,3934,0,0,0,7,21236
financial.income.consolidated_net_profit.ttm,2023,2,246,4,0,0,0,0,242
financial.income.consolidated_net_profit.ttm,2023,3,32,8,0,0,0,0,24
financial.income.consolidated_net_profit.ttm,2023,4,227,4,0,0,0,0,223
financial.income.consolidated_net_profit.ttm,2023,7,4,0,0,4,0,0,0
financial.income.consolidated_net_profit.ttm,2024,1,22728,3536,0,0,0,5,19187
financial.income.consolidated_net_profit.ttm,2024,2,208,8,0,0,0,0,200
financial.income.consolidated_net_profit.ttm,2024,3,24,2,0,0,0,0,22
financial.income.consolidated_net_profit.ttm,2024,4,204,16,0,0,0,0,188
financial.income.consolidated_net_profit.ttm,2024,7,4,0,0,4,0,0,0
financial.income.consolidated_net_profit.ttm,2025,1,25614,8682,0,0,0,2,16930
financial.income.consolidated_net_profit.ttm,2025,2,241,14,0,0,0,0,227
financial.income.consolidated_net_profit.ttm,2025,3,26,2,0,0,0,0,24
financial.income.consolidated_net_profit.ttm,2025,4,218,2,0,0,0,0,216
financial.income.consolidated_net_profit.ttm,2025,7,13,0,0,13,0,0,0
financial.income.consolidated_net_profit.ttm,2026,1,10446,5807,0,0,0,0,4639
financial.income.consolidated_net_profit.ttm,2026,2,119,44,0,0,0,0,75
financial.income.consolidated_net_profit.ttm,2026,3,13,4,0,0,0,0,9
financial.income.consolidated_net_profit.ttm,2026,4,109,36,0,0,0,0,73
financial.income.consolidated_net_profit.ttm,2026,7,6,0,0,6,0,0,0
financial.income.fair_value_gain.ttm,1990,1,2,0,0,0,0,2,0
financial.income.fair_value_gain.ttm,1991,1,11,0,0,0,0,11,0
financial.income.fair_value_gain.ttm,1992,1,32,0,0,0,0,32,0
financial.income.fair_value_gain.ttm,1993,1,232,0,0,0,0,232,0
financial.income.fair_value_gain.ttm,1994,1,723,0,0,0,0,723,0
financial.income.fair_value_gain.ttm,1994,2,1,0,0,0,0,1,0
financial.income.fair_value_gain.ttm,1994,4,1,0,0,0,0,1,0
financial.income.fair_value_gain.ttm,1995,1,1122,0,0,0,0,1122,0
financial.income.fair_value_gain.ttm,1995,2,2,0,0,0,0,2,0
financial.income.fair_value_gain.ttm,1995,4,2,0,0,0,0,2,0
financial.income.fair_value_gain.ttm,1996,1,1398,0,0,0,0,1398,0
financial.income.fair_value_gain.ttm,1996,2,3,0,0,0,0,3,0
financial.income.fair_value_gain.ttm,1996,4,2,0,0,0,0,2,0
financial.income.fair_value_gain.ttm,1997,1,1821,0,0,0,0,1821,0
financial.income.fair_value_gain.ttm,1997,2,4,0,0,0,0,4,0
financial.income.fair_value_gain.ttm,1997,4,2,0,0,0,0,2,0
financial.income.fair_value_gain.ttm,1998,1,1905,0,0,0,0,1905,0
financial.income.fair_value_gain.ttm,1998,2,4,0,0,0,0,4,0
financial.income.fair_value_gain.ttm,1998,4,2,0,0,0,0,2,0
financial.income.fair_value_gain.ttm,1999,1,2136,2,0,0,0,2134,0
financial.income.fair_value_gain.ttm,1999,2,6,0,0,0,0,6,0
financial.income.fair_value_gain.ttm,1999,4,3,0,0,0,0,3,0
financial.income.fair_value_gain.ttm,2000,1,2383,2,0,0,0,2381,0
financial.income.fair_value_gain.ttm,2000,2,8,0,0,0,0,8,0
financial.income.fair_value_gain.ttm,2000,4,3,0,0,0,0,3,0
financial.income.fair_value_gain.ttm,2001,1,2780,0,0,0,0,2780,0
financial.income.fair_value_gain.ttm,2001,2,16,0,0,0,0,16,0
financial.income.fair_value_gain.ttm,2001,4,4,0,0,0,0,4,0
financial.income.fair_value_gain.ttm,2002,1,4870,2,0,0,0,4868,0
financial.income.fair_value_gain.ttm,2002,2,25,0,0,0,0,25,0
financial.income.fair_value_gain.ttm,2002,4,9,0,0,0,0,9,0
financial.income.fair_value_gain.ttm,2003,1,5262,2,0,0,0,5260,0
financial.income.fair_value_gain.ttm,2003,2,30,0,0,0,0,29,1
financial.income.fair_value_gain.ttm,2003,3,2,0,0,0,0,2,0
financial.income.fair_value_gain.ttm,2003,4,10,0,0,0,0,10,0
financial.income.fair_value_gain.ttm,2004,1,5606,2,0,0,0,5590,14
financial.income.fair_value_gain.ttm,2004,2,31,0,0,0,0,23,8
financial.income.fair_value_gain.ttm,2004,3,3,0,0,0,0,2,1
financial.income.fair_value_gain.ttm,2004,4,11,0,0,0,0,10,1
financial.income.fair_value_gain.ttm,2005,1,5731,4,0,0,0,5694,33
financial.income.fair_value_gain.ttm,2005,2,49,0,0,0,0,33,16
financial.income.fair_value_gain.ttm,2005,3,6,0,0,0,0,5,1
financial.income.fair_value_gain.ttm,2005,4,13,0,0,0,0,10,3
financial.income.fair_value_gain.ttm,2006,1,6360,2,0,0,0,5367,991
financial.income.fair_value_gain.ttm,2006,2,71,0,0,0,0,30,41
financial.income.fair_value_gain.ttm,2006,3,8,0,0,0,0,0,8
financial.income.fair_value_gain.ttm,2006,4,23,0,0,0,0,3,20
financial.income.fair_value_gain.ttm,2007,1,7111,14,0,0,0,5645,1452
financial.income.fair_value_gain.ttm,2007,2,89,0,0,0,0,26,63
financial.income.fair_value_gain.ttm,2007,3,14,0,0,0,0,0,14
financial.income.fair_value_gain.ttm,2007,4,59,2,0,0,0,6,51
financial.income.fair_value_gain.ttm,2008,1,7580,18,0,0,0,5896,1666
financial.income.fair_value_gain.ttm,2008,2,98,0,0,0,0,22,76
financial.income.fair_value_gain.ttm,2008,3,14,0,0,0,0,0,14
financial.income.fair_value_gain.ttm,2008,4,98,4,0,0,0,7,87
financial.income.fair_value_gain.ttm,2009,1,8635,16,0,0,0,6775,1844
financial.income.fair_value_gain.ttm,2009,2,108,0,0,0,0,16,92
financial.income.fair_value_gain.ttm,2009,3,14,0,0,0,0,0,14
financial.income.fair_value_gain.ttm,2009,4,109,2,0,0,0,6,101
financial.income.fair_value_gain.ttm,2010,1,9599,22,0,0,0,7652,1925
financial.income.fair_value_gain.ttm,2010,2,116,4,0,0,0,18,94
financial.income.fair_value_gain.ttm,2010,3,14,0,0,0,0,0,14
financial.income.fair_value_gain.ttm,2010,4,121,4,0,0,0,2,115
financial.income.fair_value_gain.ttm,2011,1,10792,38,0,0,0,8656,2098
financial.income.fair_value_gain.ttm,2011,2,124,14,0,0,0,16,94
financial.income.fair_value_gain.ttm,2011,3,18,2,0,0,0,1,15
financial.income.fair_value_gain.ttm,2011,4,126,2,0,0,0,2,122
financial.income.fair_value_gain.ttm,2012,1,11367,54,0,0,0,8659,2654
financial.income.fair_value_gain.ttm,2012,2,125,2,0,0,0,15,108
financial.income.fair_value_gain.ttm,2012,3,18,0,0,0,0,2,16
financial.income.fair_value_gain.ttm,2012,4,136,4,0,0,0,2,130
financial.income.fair_value_gain.ttm,2013,1,12097,92,0,0,0,9621,2384
financial.income.fair_value_gain.ttm,2013,2,122,0,0,0,0,12,110
financial.income.fair_value_gain.ttm,2013,3,18,0,0,0,0,2,16
financial.income.fair_value_gain.ttm,2013,4,138,4,0,0,0,3,131
financial.income.fair_value_gain.ttm,2014,1,13212,112,0,0,0,10451,2649
financial.income.fair_value_gain.ttm,2014,2,132,0,0,0,0,12,120
financial.income.fair_value_gain.ttm,2014,3,18,0,0,0,0,1,17
financial.income.fair_value_gain.ttm,2014,4,146,8,0,0,0,3,135
financial.income.fair_value_gain.ttm,2015,1,14005,90,0,0,1,11105,2809
financial.income.fair_value_gain.ttm,2015,2,156,8,0,0,0,19,129
financial.income.fair_value_gain.ttm,2015,3,18,0,0,0,0,0,18
financial.income.fair_value_gain.ttm,2015,4,148,4,0,0,0,2,142
financial.income.fair_value_gain.ttm,2016,1,15893,506,0,0,2,12399,2986
financial.income.fair_value_gain.ttm,2016,2,186,6,0,0,0,14,166
financial.income.fair_value_gain.ttm,2016,3,25,0,0,0,0,3,22
financial.income.fair_value_gain.ttm,2016,4,157,4,0,0,0,1,152
financial.income.fair_value_gain.ttm,2017,1,16826,516,0,0,4,12978,3328
financial.income.fair_value_gain.ttm,2017,2,224,4,0,0,0,10,210
financial.income.fair_value_gain.ttm,2017,3,27,0,0,0,0,0,27
financial.income.fair_value_gain.ttm,2017,4,166,4,0,0,0,0,162
financial.income.fair_value_gain.ttm,2018,1,23723,738,0,0,0,17294,5691
financial.income.fair_value_gain.ttm,2018,2,279,114,0,0,0,11,154
financial.income.fair_value_gain.ttm,2018,3,36,14,0,0,0,0,22
financial.income.fair_value_gain.ttm,2018,4,236,122,0,0,0,0,114
financial.income.fair_value_gain.ttm,2019,1,27444,9473,0,0,2,11089,6880
financial.income.fair_value_gain.ttm,2019,2,270,16,0,0,0,10,244
financial.income.fair_value_gain.ttm,2019,3,32,6,0,0,0,2,24
financial.income.fair_value_gain.ttm,2019,4,224,34,0,0,0,0,190
financial.income.fair_value_gain.ttm,2020,1,36317,7298,0,0,1,15954,13064
financial.income.fair_value_gain.ttm,2020,2,322,6,0,0,0,6,310
financial.income.fair_value_gain.ttm,2020,3,46,16,0,0,0,0,30
financial.income.fair_value_gain.ttm,2020,4,293,76,0,0,0,0,217
financial.income.fair_value_gain.ttm,2021,1,27642,5354,0,0,0,10682,11606
financial.income.fair_value_gain.ttm,2021,2,298,4,0,0,0,5,289
financial.income.fair_value_gain.ttm,2021,3,43,0,0,0,0,6,37
financial.income.fair_value_gain.ttm,2021,4,276,2,0,0,0,1,273
financial.income.fair_value_gain.ttm,2022,1,28238,8808,0,0,0,7850,11580
financial.income.fair_value_gain.ttm,2022,2,257,60,0,0,0,3,194
financial.income.fair_value_gain.ttm,2022,3,36,10,0,0,0,2,24
financial.income.fair_value_gain.ttm,2022,4,243,62,0,0,0,2,179
financial.income.fair_value_gain.ttm,2022,7,4,0,0,4,0,0,0
financial.income.fair_value_gain.ttm,2023,1,25177,3934,0,0,0,8670,12573
financial.income.fair_value_gain.ttm,2023,2,246,4,0,0,0,6,236
financial.income.fair_value_gain.ttm,2023,3,32,8,0,0,0,0,24
financial.income.fair_value_gain.ttm,2023,4,227,4,0,0,0,0,223
financial.income.fair_value_gain.ttm,2023,7,4,0,0,4,0,0,0
financial.income.fair_value_gain.ttm,2024,1,22728,3536,0,0,0,7355,11837
financial.income.fair_value_gain.ttm,2024,2,208,8,0,0,0,5,195
financial.income.fair_value_gain.ttm,2024,3,24,2,0,0,0,0,22
financial.income.fair_value_gain.ttm,2024,4,204,16,0,0,0,0,188
financial.income.fair_value_gain.ttm,2024,7,4,0,0,4,0,0,0
financial.income.fair_value_gain.ttm,2025,1,25614,8682,0,0,0,5995,10937
financial.income.fair_value_gain.ttm,2025,2,241,14,0,0,0,3,224
financial.income.fair_value_gain.ttm,2025,3,26,2,0,0,0,0,24
financial.income.fair_value_gain.ttm,2025,4,218,2,0,0,0,0,216
financial.income.fair_value_gain.ttm,2025,7,13,0,0,13,0,0,0
financial.income.fair_value_gain.ttm,2026,1,10446,5807,0,0,0,1720,2919
financial.income.fair_value_gain.ttm,2026,2,119,44,0,0,0,3,72
financial.income.fair_value_gain.ttm,2026,3,13,4,0,0,0,0,9
financial.income.fair_value_gain.ttm,2026,4,109,36,0,0,0,0,73
financial.income.fair_value_gain.ttm,2026,7,6,0,0,6,0,0,0
financial.income.investment_income.ttm,1990,1,2,0,0,0,0,1,1
financial.income.investment_income.ttm,1991,1,11,0,0,0,0,9,2
financial.income.investment_income.ttm,1992,1,32,0,0,0,0,22,10
financial.income.investment_income.ttm,1993,1,232,0,0,0,0,127,105
financial.income.investment_income.ttm,1994,1,723,0,0,0,0,205,518
financial.income.investment_income.ttm,1994,2,1,0,0,0,0,0,1
financial.income.investment_income.ttm,1994,4,1,0,0,0,0,0,1
financial.income.investment_income.ttm,1995,1,1122,0,0,0,0,247,875
financial.income.investment_income.ttm,1995,2,2,0,0,0,0,0,2
financial.income.investment_income.ttm,1995,4,2,0,0,0,0,0,2
financial.income.investment_income.ttm,1996,1,1398,0,0,0,0,309,1089
financial.income.investment_income.ttm,1996,2,3,0,0,0,0,0,3
financial.income.investment_income.ttm,1996,4,2,0,0,0,0,0,2
financial.income.investment_income.ttm,1997,1,1821,0,0,0,0,452,1369
financial.income.investment_income.ttm,1997,2,4,0,0,0,0,0,4
financial.income.investment_income.ttm,1997,4,2,0,0,0,0,0,2
financial.income.investment_income.ttm,1998,1,1905,0,0,0,0,477,1428
financial.income.investment_income.ttm,1998,2,4,0,0,0,0,0,4
financial.income.investment_income.ttm,1998,4,2,0,0,0,0,0,2
financial.income.investment_income.ttm,1999,1,2136,2,0,0,0,596,1538
financial.income.investment_income.ttm,1999,2,6,0,0,0,0,0,6
financial.income.investment_income.ttm,1999,4,3,0,0,0,0,0,3
financial.income.investment_income.ttm,2000,1,2383,2,0,0,0,495,1886
financial.income.investment_income.ttm,2000,2,8,0,0,0,0,0,8
financial.income.investment_income.ttm,2000,4,3,0,0,0,0,0,3
financial.income.investment_income.ttm,2001,1,2780,0,0,0,0,468,2312
financial.income.investment_income.ttm,2001,2,16,0,0,0,0,0,16
financial.income.investment_income.ttm,2001,4,4,0,0,0,0,0,4
financial.income.investment_income.ttm,2002,1,4870,2,0,0,0,973,3895
financial.income.investment_income.ttm,2002,2,25,0,0,0,0,1,24
financial.income.investment_income.ttm,2002,4,9,0,0,0,0,0,9
financial.income.investment_income.ttm,2003,1,5262,2,0,0,0,1011,4249
financial.income.investment_income.ttm,2003,2,30,0,0,0,0,3,27
financial.income.investment_income.ttm,2003,3,2,0,0,0,0,0,2
financial.income.investment_income.ttm,2003,4,10,0,0,0,0,0,10
financial.income.investment_income.ttm,2004,1,5606,2,0,0,0,1011,4593
financial.income.investment_income.ttm,2004,2,31,0,0,0,0,1,30
financial.income.investment_income.ttm,2004,3,3,0,0,0,0,0,3
financial.income.investment_income.ttm,2004,4,11,0,0,0,0,0,11
financial.income.investment_income.ttm,2005,1,5731,4,0,0,0,1115,4612
financial.income.investment_income.ttm,2005,2,49,0,0,0,0,1,48
financial.income.investment_income.ttm,2005,3,6,0,0,0,0,2,4
financial.income.investment_income.ttm,2005,4,13,0,0,0,0,0,13
financial.income.investment_income.ttm,2006,1,6360,2,0,0,0,1629,4729
financial.income.investment_income.ttm,2006,2,71,0,0,0,0,5,66
financial.income.investment_income.ttm,2006,3,8,0,0,0,0,0,8
financial.income.investment_income.ttm,2006,4,23,0,0,0,0,0,23
financial.income.investment_income.ttm,2007,1,7111,14,0,0,0,2176,4921
financial.income.investment_income.ttm,2007,2,89,0,0,0,0,3,86
financial.income.investment_income.ttm,2007,3,14,0,0,0,0,0,14
financial.income.investment_income.ttm,2007,4,59,2,0,0,0,5,52
financial.income.investment_income.ttm,2008,1,7580,18,0,0,0,2436,5126
financial.income.investment_income.ttm,2008,2,98,0,0,0,0,1,97
financial.income.investment_income.ttm,2008,3,14,0,0,0,0,0,14
financial.income.investment_income.ttm,2008,4,98,4,0,0,0,4,90
financial.income.investment_income.ttm,2009,1,8635,16,0,0,0,3029,5590
financial.income.investment_income.ttm,2009,2,108,0,0,0,0,2,106
financial.income.investment_income.ttm,2009,3,14,0,0,0,0,0,14
financial.income.investment_income.ttm,2009,4,109,2,0,0,0,4,103
financial.income.investment_income.ttm,2010,1,9599,22,0,0,0,3575,6002
financial.income.investment_income.ttm,2010,2,116,4,0,0,0,2,110
financial.income.investment_income.ttm,2010,3,14,0,0,0,0,0,14
financial.income.investment_income.ttm,2010,4,121,4,0,0,0,2,115
financial.income.investment_income.ttm,2011,1,10792,38,0,0,0,4123,6631
financial.income.investment_income.ttm,2011,2,124,14,0,0,0,3,107
financial.income.investment_income.ttm,2011,3,18,2,0,0,0,0,16
financial.income.investment_income.ttm,2011,4,126,2,0,0,0,2,122
financial.income.investment_income.ttm,2012,1,11367,54,0,0,0,3943,7370
financial.income.investment_income.ttm,2012,2,125,2,0,0,0,2,121
financial.income.investment_income.ttm,2012,3,18,0,0,0,0,0,18
financial.income.investment_income.ttm,2012,4,136,4,0,0,0,2,130
financial.income.investment_income.ttm,2013,1,12097,92,0,0,0,3982,8023
financial.income.investment_income.ttm,2013,2,122,0,0,0,0,4,118
financial.income.investment_income.ttm,2013,3,18,0,0,0,0,0,18
financial.income.investment_income.ttm,2013,4,138,4,0,0,0,3,131
financial.income.investment_income.ttm,2014,1,13212,112,0,0,0,3769,9331
financial.income.investment_income.ttm,2014,2,132,0,0,0,0,4,128
financial.income.investment_income.ttm,2014,3,18,0,0,0,0,0,18
financial.income.investment_income.ttm,2014,4,146,8,0,0,0,3,135
financial.income.investment_income.ttm,2015,1,14005,90,0,0,1,3494,10420
financial.income.investment_income.ttm,2015,2,156,8,0,0,0,4,144
financial.income.investment_income.ttm,2015,3,18,0,0,0,0,0,18
financial.income.investment_income.ttm,2015,4,148,4,0,0,0,2,142
financial.income.investment_income.ttm,2016,1,15893,506,0,0,2,3408,11977
financial.income.investment_income.ttm,2016,2,186,6,0,0,0,2,178
financial.income.investment_income.ttm,2016,3,25,0,0,0,0,0,25
financial.income.investment_income.ttm,2016,4,157,4,0,0,0,1,152
financial.income.investment_income.ttm,2017,1,16826,516,0,0,4,2755,13551
financial.income.investment_income.ttm,2017,2,224,4,0,0,0,0,220
financial.income.investment_income.ttm,2017,3,27,0,0,0,0,0,27
financial.income.investment_income.ttm,2017,4,166,4,0,0,0,0,162
financial.income.investment_income.ttm,2018,1,23723,738,0,0,0,2729,20256
financial.income.investment_income.ttm,2018,2,279,114,0,0,0,1,164
financial.income.investment_income.ttm,2018,3,36,14,0,0,0,0,22
financial.income.investment_income.ttm,2018,4,236,122,0,0,0,0,114
financial.income.investment_income.ttm,2019,1,27444,9473,0,0,2,2341,15628
financial.income.investment_income.ttm,2019,2,270,16,0,0,0,5,249
financial.income.investment_income.ttm,2019,3,32,6,0,0,0,0,26
financial.income.investment_income.ttm,2019,4,224,34,0,0,0,0,190
financial.income.investment_income.ttm,2020,1,36317,7298,0,0,1,3198,25820
financial.income.investment_income.ttm,2020,2,322,6,0,0,0,6,310
financial.income.investment_income.ttm,2020,3,46,16,0,0,0,0,30
financial.income.investment_income.ttm,2020,4,293,76,0,0,0,0,217
financial.income.investment_income.ttm,2021,1,27642,5354,0,0,0,2351,19937
financial.income.investment_income.ttm,2021,2,298,4,0,0,0,6,288
financial.income.investment_income.ttm,2021,3,43,0,0,0,0,0,43
financial.income.investment_income.ttm,2021,4,276,2,0,0,0,1,273
financial.income.investment_income.ttm,2022,1,28238,8808,0,0,0,1436,17994
financial.income.investment_income.ttm,2022,2,257,60,0,0,0,3,194
financial.income.investment_income.ttm,2022,3,36,10,0,0,0,0,26
financial.income.investment_income.ttm,2022,4,243,62,0,0,0,2,179
financial.income.investment_income.ttm,2022,7,4,0,0,4,0,0,0
financial.income.investment_income.ttm,2023,1,25177,3934,0,0,0,1884,19359
financial.income.investment_income.ttm,2023,2,246,4,0,0,0,6,236
financial.income.investment_income.ttm,2023,3,32,8,0,0,0,0,24
financial.income.investment_income.ttm,2023,4,227,4,0,0,0,0,223
financial.income.investment_income.ttm,2023,7,4,0,0,4,0,0,0
financial.income.investment_income.ttm,2024,1,22728,3536,0,0,0,1391,17801
financial.income.investment_income.ttm,2024,2,208,8,0,0,0,3,197
financial.income.investment_income.ttm,2024,3,24,2,0,0,0,0,22
financial.income.investment_income.ttm,2024,4,204,16,0,0,0,0,188
financial.income.investment_income.ttm,2024,7,4,0,0,4,0,0,0
financial.income.investment_income.ttm,2025,1,25614,8682,0,0,0,1051,15881
financial.income.investment_income.ttm,2025,2,241,14,0,0,0,0,227
financial.income.investment_income.ttm,2025,3,26,2,0,0,0,0,24
financial.income.investment_income.ttm,2025,4,218,2,0,0,0,0,216
financial.income.investment_income.ttm,2025,7,13,0,0,13,0,0,0
financial.income.investment_income.ttm,2026,1,10446,5807,0,0,0,342,4297
financial.income.investment_income.ttm,2026,2,119,44,0,0,0,0,75
financial.income.investment_income.ttm,2026,3,13,4,0,0,0,0,9
financial.income.investment_income.ttm,2026,4,109,36,0,0,0,0,73
financial.income.investment_income.ttm,2026,7,6,0,0,6,0,0,0
financial.income.net_profit_parent.latest_fy,1990,1,2,0,0,0,0,0,2
financial.income.net_profit_parent.latest_fy,1991,1,11,0,0,0,0,1,10
financial.income.net_profit_parent.latest_fy,1992,1,32,0,0,0,3,1,28
financial.income.net_profit_parent.latest_fy,1993,1,232,0,0,0,0,1,231
financial.income.net_profit_parent.latest_fy,1994,1,723,0,0,0,1,0,722
financial.income.net_profit_parent.latest_fy,1994,2,1,0,0,0,0,0,1
financial.income.net_profit_parent.latest_fy,1994,4,1,0,0,0,0,0,1
financial.income.net_profit_parent.latest_fy,1995,1,1122,0,0,0,286,0,836
financial.income.net_profit_parent.latest_fy,1995,2,2,0,0,0,1,0,1
financial.income.net_profit_parent.latest_fy,1995,4,2,0,0,0,1,0,1
financial.income.net_profit_parent.latest_fy,1996,1,1398,0,0,0,472,1,925
financial.income.net_profit_parent.latest_fy,1996,2,3,0,0,0,1,0,2
financial.income.net_profit_parent.latest_fy,1996,4,2,0,0,0,1,0,1
financial.income.net_profit_parent.latest_fy,1997,1,1821,0,0,0,741,1,1079
financial.income.net_profit_parent.latest_fy,1997,2,4,0,0,0,1,0,3
financial.income.net_profit_parent.latest_fy,1997,4,2,0,0,0,1,0,1
financial.income.net_profit_parent.latest_fy,1998,1,1905,0,0,0,785,1,1119
financial.income.net_profit_parent.latest_fy,1998,2,4,0,0,0,1,0,3
financial.income.net_profit_parent.latest_fy,1998,4,2,0,0,0,1,0,1
financial.income.net_profit_parent.latest_fy,1999,1,2136,2,0,0,955,1,1178
financial.income.net_profit_parent.latest_fy,1999,2,6,0,0,0,2,0,4
financial.income.net_profit_parent.latest_fy,1999,4,3,0,0,0,1,0,2
financial.income.net_profit_parent.latest_fy,2000,1,2383,2,0,0,1125,1,1255
financial.income.net_profit_parent.latest_fy,2000,2,8,0,0,0,3,0,5
financial.income.net_profit_parent.latest_fy,2000,4,3,0,0,0,1,0,2
financial.income.net_profit_parent.latest_fy,2001,1,2780,0,0,0,1406,3,1371
financial.income.net_profit_parent.latest_fy,2001,2,16,0,0,0,9,0,7
financial.income.net_profit_parent.latest_fy,2001,4,4,0,0,0,1,0,3
financial.income.net_profit_parent.latest_fy,2002,1,4870,2,0,0,3481,1,1386
financial.income.net_profit_parent.latest_fy,2002,2,25,0,0,0,13,0,12
financial.income.net_profit_parent.latest_fy,2002,4,9,0,0,0,5,0,4
financial.income.net_profit_parent.latest_fy,2003,1,5262,2,0,0,3804,4,1452
financial.income.net_profit_parent.latest_fy,2003,2,30,0,0,0,15,0,15
financial.income.net_profit_parent.latest_fy,2003,3,2,0,0,0,0,0,2
financial.income.net_profit_parent.latest_fy,2003,4,10,0,0,0,6,0,4
financial.income.net_profit_parent.latest_fy,2004,1,5606,2,0,0,4025,7,1572
financial.income.net_profit_parent.latest_fy,2004,2,31,0,0,0,14,0,17
financial.income.net_profit_parent.latest_fy,2004,3,3,0,0,0,0,0,3
financial.income.net_profit_parent.latest_fy,2004,4,11,0,0,0,6,0,5
financial.income.net_profit_parent.latest_fy,2005,1,5731,4,0,0,4011,9,1707
financial.income.net_profit_parent.latest_fy,2005,2,49,0,0,0,17,0,32
financial.income.net_profit_parent.latest_fy,2005,3,6,0,0,0,1,2,3
financial.income.net_profit_parent.latest_fy,2005,4,13,0,0,0,6,0,7
financial.income.net_profit_parent.latest_fy,2006,1,6360,2,0,0,4477,12,1869
financial.income.net_profit_parent.latest_fy,2006,2,71,0,0,0,34,0,37
financial.income.net_profit_parent.latest_fy,2006,3,8,0,0,0,3,0,5
financial.income.net_profit_parent.latest_fy,2006,4,23,0,0,0,12,0,11
financial.income.net_profit_parent.latest_fy,2007,1,7111,14,0,0,4816,22,2259
financial.income.net_profit_parent.latest_fy,2007,2,89,0,0,0,45,0,44
financial.income.net_profit_parent.latest_fy,2007,3,14,0,0,0,9,0,5
financial.income.net_profit_parent.latest_fy,2007,4,59,2,0,0,14,0,43
financial.income.net_profit_parent.latest_fy,2008,1,7580,18,0,0,4981,37,2544
financial.income.net_profit_parent.latest_fy,2008,2,98,0,0,0,54,0,44
financial.income.net_profit_parent.latest_fy,2008,3,14,0,0,0,9,0,5
financial.income.net_profit_parent.latest_fy,2008,4,98,4,0,0,51,0,43
financial.income.net_profit_parent.latest_fy,2009,1,8635,16,0,0,5885,34,2700
financial.income.net_profit_parent.latest_fy,2009,2,108,0,0,0,62,0,46
financial.income.net_profit_parent.latest_fy,2009,3,14,0,0,0,9,0,5
financial.income.net_profit_parent.latest_fy,2009,4,109,2,0,0,63,0,44
financial.income.net_profit_parent.latest_fy,2010,1,9599,22,0,0,6823,37,2717
financial.income.net_profit_parent.latest_fy,2010,2,116,4,0,0,65,0,47
financial.income.net_profit_parent.latest_fy,2010,3,14,0,0,0,10,0,4
financial.income.net_profit_parent.latest_fy,2010,4,121,4,0,0,72,0,45
financial.income.net_profit_parent.latest_fy,2011,1,10792,38,0,0,7440,37,3277
financial.income.net_profit_parent.latest_fy,2011,2,124,14,0,0,62,0,48
financial.income.net_profit_parent.latest_fy,2011,3,18,2,0,0,11,0,5
financial.income.net_profit_parent.latest_fy,2011,4,126,2,0,0,78,0,46
financial.income.net_profit_parent.latest_fy,2012,1,11367,54,0,0,7630,24,3659
financial.income.net_profit_parent.latest_fy,2012,2,125,2,0,0,69,0,54
financial.income.net_profit_parent.latest_fy,2012,3,18,0,0,0,13,0,5
financial.income.net_profit_parent.latest_fy,2012,4,136,4,0,0,86,0,46
financial.income.net_profit_parent.latest_fy,2013,1,12097,92,0,0,7850,8,4147
financial.income.net_profit_parent.latest_fy,2013,2,122,0,0,0,66,0,56
financial.income.net_profit_parent.latest_fy,2013,3,18,0,0,0,13,0,5
financial.income.net_profit_parent.latest_fy,2013,4,138,4,0,0,89,0,45
financial.income.net_profit_parent.latest_fy,2014,1,13212,112,0,0,8714,7,4379
financial.income.net_profit_parent.latest_fy,2014,2,132,0,0,0,75,0,57
financial.income.net_profit_parent.latest_fy,2014,3,18,0,0,0,13,0,5
financial.income.net_profit_parent.latest_fy,2014,4,146,8,0,0,94,0,44
financial.income.net_profit_parent.latest_fy,2015,1,14005,90,0,0,9399,5,4511
financial.income.net_profit_parent.latest_fy,2015,2,156,8,0,0,94,0,54
financial.income.net_profit_parent.latest_fy,2015,3,18,0,0,0,12,0,6
financial.income.net_profit_parent.latest_fy,2015,4,148,4,0,0,98,0,46
financial.income.net_profit_parent.latest_fy,2016,1,15893,506,0,0,10796,0,4591
financial.income.net_profit_parent.latest_fy,2016,2,186,6,0,0,124,0,56
financial.income.net_profit_parent.latest_fy,2016,3,25,0,0,0,18,0,7
financial.income.net_profit_parent.latest_fy,2016,4,157,4,0,0,105,0,48
financial.income.net_profit_parent.latest_fy,2017,1,16826,516,0,0,11124,0,5186
financial.income.net_profit_parent.latest_fy,2017,2,224,4,0,0,142,0,78
financial.income.net_profit_parent.latest_fy,2017,3,27,0,0,0,20,0,7
financial.income.net_profit_parent.latest_fy,2017,4,166,4,0,0,112,0,50
financial.income.net_profit_parent.latest_fy,2018,1,23723,738,0,0,15218,0,7767
financial.income.net_profit_parent.latest_fy,2018,2,279,114,0,0,94,0,71
financial.income.net_profit_parent.latest_fy,2018,3,36,14,0,0,14,0,8
financial.income.net_profit_parent.latest_fy,2018,4,236,122,0,0,67,0,47
financial.income.net_profit_parent.latest_fy,2019,1,27444,9473,0,0,8315,0,9656
financial.income.net_profit_parent.latest_fy,2019,2,270,16,0,0,166,0,88
financial.income.net_profit_parent.latest_fy,2019,3,32,6,0,0,21,0,5
financial.income.net_profit_parent.latest_fy,2019,4,224,34,0,0,126,0,64
financial.income.net_profit_parent.latest_fy,2020,1,36317,7298,0,0,18995,0,10024
financial.income.net_profit_parent.latest_fy,2020,2,322,6,0,0,222,0,94
financial.income.net_profit_parent.latest_fy,2020,3,46,16,0,0,24,0,6
financial.income.net_profit_parent.latest_fy,2020,4,293,76,0,0,163,0,54
financial.income.net_profit_parent.latest_fy,2021,1,27642,5354,0,0,12340,0,9948
financial.income.net_profit_parent.latest_fy,2021,2,298,4,0,0,198,0,96
financial.income.net_profit_parent.latest_fy,2021,3,43,0,0,0,29,0,14
financial.income.net_profit_parent.latest_fy,2021,4,276,2,0,0,185,0,89
financial.income.net_profit_parent.latest_fy,2022,1,28238,8808,0,0,10426,0,9004
financial.income.net_profit_parent.latest_fy,2022,2,257,60,0,0,168,0,29
financial.income.net_profit_parent.latest_fy,2022,3,36,10,0,0,24,0,2
financial.income.net_profit_parent.latest_fy,2022,4,243,62,0,0,157,0,24
financial.income.net_profit_parent.latest_fy,2022,7,4,0,0,4,0,0,0
financial.income.net_profit_parent.latest_fy,2023,1,25177,3934,0,0,15860,0,5383
financial.income.net_profit_parent.latest_fy,2023,2,246,4,0,0,180,0,62
financial.income.net_profit_parent.latest_fy,2023,3,32,8,0,0,17,0,7
financial.income.net_profit_parent.latest_fy,2023,4,227,4,0,0,167,0,56
financial.income.net_profit_parent.latest_fy,2023,7,4,0,0,4,0,0,0
financial.income.net_profit_parent.latest_fy,2024,1,22728,3536,0,0,13804,0,5388
financial.income.net_profit_parent.latest_fy,2024,2,208,8,0,0,149,0,51
financial.income.net_profit_parent.latest_fy,2024,3,24,2,0,0,18,0,4
financial.income.net_profit_parent.latest_fy,2024,4,204,16,0,0,144,0,44
financial.income.net_profit_parent.latest_fy,2024,7,4,0,0,4,0,0,0
financial.income.net_profit_parent.latest_fy,2025,1,25614,8682,0,0,11992,0,4940
financial.income.net_profit_parent.latest_fy,2025,2,241,14,0,0,166,0,61
financial.income.net_profit_parent.latest_fy,2025,3,26,2,0,0,17,0,7
financial.income.net_profit_parent.latest_fy,2025,4,218,2,0,0,162,0,54
financial.income.net_profit_parent.latest_fy,2025,7,13,0,0,13,0,0,0
financial.income.net_profit_parent.latest_fy,2026,1,10446,5807,0,0,4639,0,0
financial.income.net_profit_parent.latest_fy,2026,2,119,44,0,0,75,0,0
financial.income.net_profit_parent.latest_fy,2026,3,13,4,0,0,9,0,0
financial.income.net_profit_parent.latest_fy,2026,4,109,36,0,0,73,0,0
financial.income.net_profit_parent.latest_fy,2026,7,6,0,0,6,0,0,0
financial.income.net_profit_parent.ttm,1990,1,2,0,0,0,0,0,2
financial.income.net_profit_parent.ttm,1991,1,11,0,0,0,0,1,10
financial.income.net_profit_parent.ttm,1992,1,32,0,0,0,0,1,31
financial.income.net_profit_parent.ttm,1993,1,232,0,0,0,0,1,231
financial.income.net_profit_parent.ttm,1994,1,723,0,0,0,0,0,723
financial.income.net_profit_parent.ttm,1994,2,1,0,0,0,0,0,1
financial.income.net_profit_parent.ttm,1994,4,1,0,0,0,0,0,1
financial.income.net_profit_parent.ttm,1995,1,1122,0,0,0,0,0,1122
financial.income.net_profit_parent.ttm,1995,2,2,0,0,0,0,0,2
financial.income.net_profit_parent.ttm,1995,4,2,0,0,0,0,0,2
financial.income.net_profit_parent.ttm,1996,1,1398,0,0,0,0,1,1397
financial.income.net_profit_parent.ttm,1996,2,3,0,0,0,0,0,3
financial.income.net_profit_parent.ttm,1996,4,2,0,0,0,0,0,2
financial.income.net_profit_parent.ttm,1997,1,1821,0,0,0,0,1,1820
financial.income.net_profit_parent.ttm,1997,2,4,0,0,0,0,0,4
financial.income.net_profit_parent.ttm,1997,4,2,0,0,0,0,0,2
financial.income.net_profit_parent.ttm,1998,1,1905,0,0,0,0,1,1904
financial.income.net_profit_parent.ttm,1998,2,4,0,0,0,0,0,4
financial.income.net_profit_parent.ttm,1998,4,2,0,0,0,0,0,2
financial.income.net_profit_parent.ttm,1999,1,2136,2,0,0,0,1,2133
financial.income.net_profit_parent.ttm,1999,2,6,0,0,0,0,0,6
financial.income.net_profit_parent.ttm,1999,4,3,0,0,0,0,0,3
financial.income.net_profit_parent.ttm,2000,1,2383,2,0,0,0,1,2380
financial.income.net_profit_parent.ttm,2000,2,8,0,0,0,0,0,8
financial.income.net_profit_parent.ttm,2000,4,3,0,0,0,0,0,3
financial.income.net_profit_parent.ttm,2001,1,2780,0,0,0,0,4,2776
financial.income.net_profit_parent.ttm,2001,2,16,0,0,0,0,0,16
financial.income.net_profit_parent.ttm,2001,4,4,0,0,0,0,0,4
financial.income.net_profit_parent.ttm,2002,1,4870,2,0,0,0,1,4867
financial.income.net_profit_parent.ttm,2002,2,25,0,0,0,0,0,25
financial.income.net_profit_parent.ttm,2002,4,9,0,0,0,0,0,9
financial.income.net_profit_parent.ttm,2003,1,5262,2,0,0,0,4,5256
financial.income.net_profit_parent.ttm,2003,2,30,0,0,0,0,0,30
financial.income.net_profit_parent.ttm,2003,3,2,0,0,0,0,0,2
financial.income.net_profit_parent.ttm,2003,4,10,0,0,0,0,0,10
financial.income.net_profit_parent.ttm,2004,1,5606,2,0,0,0,7,5597
financial.income.net_profit_parent.ttm,2004,2,31,0,0,0,0,0,31
financial.income.net_profit_parent.ttm,2004,3,3,0,0,0,0,0,3
financial.income.net_profit_parent.ttm,2004,4,11,0,0,0,0,0,11
financial.income.net_profit_parent.ttm,2005,1,5731,4,0,0,0,9,5718
financial.income.net_profit_parent.ttm,2005,2,49,0,0,0,0,0,49
financial.income.net_profit_parent.ttm,2005,3,6,0,0,0,0,2,4
financial.income.net_profit_parent.ttm,2005,4,13,0,0,0,0,0,13
financial.income.net_profit_parent.ttm,2006,1,6360,2,0,0,0,12,6346
financial.income.net_profit_parent.ttm,2006,2,71,0,0,0,0,0,71
financial.income.net_profit_parent.ttm,2006,3,8,0,0,0,0,0,8
financial.income.net_profit_parent.ttm,2006,4,23,0,0,0,0,0,23
financial.income.net_profit_parent.ttm,2007,1,7111,14,0,0,0,22,7075
financial.income.net_profit_parent.ttm,2007,2,89,0,0,0,0,0,89
financial.income.net_profit_parent.ttm,2007,3,14,0,0,0,0,0,14
financial.income.net_profit_parent.ttm,2007,4,59,2,0,0,0,0,57
financial.income.net_profit_parent.ttm,2008,1,7580,18,0,0,0,38,7524
financial.income.net_profit_parent.ttm,2008,2,98,0,0,0,0,0,98
financial.income.net_profit_parent.ttm,2008,3,14,0,0,0,0,0,14
financial.income.net_profit_parent.ttm,2008,4,98,4,0,0,0,1,93
financial.income.net_profit_parent.ttm,2009,1,8635,16,0,0,0,38,8581
financial.income.net_profit_parent.ttm,2009,2,108,0,0,0,0,0,108
financial.income.net_profit_parent.ttm,2009,3,14,0,0,0,0,0,14
financial.income.net_profit_parent.ttm,2009,4,109,2,0,0,0,2,105
financial.income.net_profit_parent.ttm,2010,1,9599,22,0,0,0,40,9537
financial.income.net_profit_parent.ttm,2010,2,116,4,0,0,0,0,112
financial.income.net_profit_parent.ttm,2010,3,14,0,0,0,0,0,14
financial.income.net_profit_parent.ttm,2010,4,121,4,0,0,0,2,115
financial.income.net_profit_parent.ttm,2011,1,10792,38,0,0,0,48,10706
financial.income.net_profit_parent.ttm,2011,2,124,14,0,0,0,0,110
financial.income.net_profit_parent.ttm,2011,3,18,2,0,0,0,0,16
financial.income.net_profit_parent.ttm,2011,4,126,2,0,0,0,2,122
financial.income.net_profit_parent.ttm,2012,1,11367,54,0,0,0,34,11279
financial.income.net_profit_parent.ttm,2012,2,125,2,0,0,0,0,123
financial.income.net_profit_parent.ttm,2012,3,18,0,0,0,0,0,18
financial.income.net_profit_parent.ttm,2012,4,136,4,0,0,0,2,130
financial.income.net_profit_parent.ttm,2013,1,12097,92,0,0,0,15,11990
financial.income.net_profit_parent.ttm,2013,2,122,0,0,0,0,0,122
financial.income.net_profit_parent.ttm,2013,3,18,0,0,0,0,0,18
financial.income.net_profit_parent.ttm,2013,4,138,4,0,0,0,3,131
financial.income.net_profit_parent.ttm,2014,1,13212,112,0,0,0,9,13091
financial.income.net_profit_parent.ttm,2014,2,132,0,0,0,0,0,132
financial.income.net_profit_parent.ttm,2014,3,18,0,0,0,0,0,18
financial.income.net_profit_parent.ttm,2014,4,146,8,0,0,0,3,135
financial.income.net_profit_parent.ttm,2015,1,14005,90,0,0,1,6,13908
financial.income.net_profit_parent.ttm,2015,2,156,8,0,0,0,0,148
financial.income.net_profit_parent.ttm,2015,3,18,0,0,0,0,0,18
financial.income.net_profit_parent.ttm,2015,4,148,4,0,0,0,2,142
financial.income.net_profit_parent.ttm,2016,1,15893,506,0,0,2,0,15385
financial.income.net_profit_parent.ttm,2016,2,186,6,0,0,0,0,180
financial.income.net_profit_parent.ttm,2016,3,25,0,0,0,0,0,25
financial.income.net_profit_parent.ttm,2016,4,157,4,0,0,0,1,152
financial.income.net_profit_parent.ttm,2017,1,16826,516,0,0,4,0,16306
financial.income.net_profit_parent.ttm,2017,2,224,4,0,0,0,0,220
financial.income.net_profit_parent.ttm,2017,3,27,0,0,0,0,0,27
financial.income.net_profit_parent.ttm,2017,4,166,4,0,0,0,0,162
financial.income.net_profit_parent.ttm,2018,1,23723,738,0,0,0,1,22984
financial.income.net_profit_parent.ttm,2018,2,279,114,0,0,0,0,165
financial.income.net_profit_parent.ttm,2018,3,36,14,0,0,0,0,22
financial.income.net_profit_parent.ttm,2018,4,236,122,0,0,0,0,114
financial.income.net_profit_parent.ttm,2019,1,27444,9473,0,0,2,2,17967
financial.income.net_profit_parent.ttm,2019,2,270,16,0,0,0,0,254
financial.income.net_profit_parent.ttm,2019,3,32,6,0,0,0,0,26
financial.income.net_profit_parent.ttm,2019,4,224,34,0,0,0,0,190
financial.income.net_profit_parent.ttm,2020,1,36317,7298,0,0,1,0,29018
financial.income.net_profit_parent.ttm,2020,2,322,6,0,0,0,0,316
financial.income.net_profit_parent.ttm,2020,3,46,16,0,0,0,0,30
financial.income.net_profit_parent.ttm,2020,4,293,76,0,0,0,0,217
financial.income.net_profit_parent.ttm,2021,1,27642,5354,0,0,0,1,22287
financial.income.net_profit_parent.ttm,2021,2,298,4,0,0,0,0,294
financial.income.net_profit_parent.ttm,2021,3,43,0,0,0,0,0,43
financial.income.net_profit_parent.ttm,2021,4,276,2,0,0,0,0,274
financial.income.net_profit_parent.ttm,2022,1,28238,8808,0,0,0,0,19430
financial.income.net_profit_parent.ttm,2022,2,257,60,0,0,0,0,197
financial.income.net_profit_parent.ttm,2022,3,36,10,0,0,0,0,26
financial.income.net_profit_parent.ttm,2022,4,243,62,0,0,0,0,181
financial.income.net_profit_parent.ttm,2022,7,4,0,0,4,0,0,0
financial.income.net_profit_parent.ttm,2023,1,25177,3934,0,0,0,0,21243
financial.income.net_profit_parent.ttm,2023,2,246,4,0,0,0,0,242
financial.income.net_profit_parent.ttm,2023,3,32,8,0,0,0,0,24
financial.income.net_profit_parent.ttm,2023,4,227,4,0,0,0,0,223
financial.income.net_profit_parent.ttm,2023,7,4,0,0,4,0,0,0
financial.income.net_profit_parent.ttm,2024,1,22728,3536,0,0,0,0,19192
financial.income.net_profit_parent.ttm,2024,2,208,8,0,0,0,0,200
financial.income.net_profit_parent.ttm,2024,3,24,2,0,0,0,0,22
financial.income.net_profit_parent.ttm,2024,4,204,16,0,0,0,0,188
financial.income.net_profit_parent.ttm,2024,7,4,0,0,4,0,0,0
financial.income.net_profit_parent.ttm,2025,1,25614,8682,0,0,0,0,16932
financial.income.net_profit_parent.ttm,2025,2,241,14,0,0,0,0,227
financial.income.net_profit_parent.ttm,2025,3,26,2,0,0,0,0,24
financial.income.net_profit_parent.ttm,2025,4,218,2,0,0,0,0,216
financial.income.net_profit_parent.ttm,2025,7,13,0,0,13,0,0,0
financial.income.net_profit_parent.ttm,2026,1,10446,5807,0,0,0,0,4639
financial.income.net_profit_parent.ttm,2026,2,119,44,0,0,0,0,75
financial.income.net_profit_parent.ttm,2026,3,13,4,0,0,0,0,9
financial.income.net_profit_parent.ttm,2026,4,109,36,0,0,0,0,73
financial.income.net_profit_parent.ttm,2026,7,6,0,0,6,0,0,0
financial.income.nonoperating_expense.ttm,1990,1,2,0,0,0,0,0,2
financial.income.nonoperating_expense.ttm,1991,1,11,0,0,0,0,3,8
financial.income.nonoperating_expense.ttm,1992,1,32,0,0,0,0,12,20
financial.income.nonoperating_expense.ttm,1993,1,232,0,0,0,0,79,153
financial.income.nonoperating_expense.ttm,1994,1,723,0,0,0,0,255,468
financial.income.nonoperating_expense.ttm,1994,2,1,0,0,0,0,0,1
financial.income.nonoperating_expense.ttm,1994,4,1,0,0,0,0,0,1
financial.income.nonoperating_expense.ttm,1995,1,1122,0,0,0,0,328,794
financial.income.nonoperating_expense.ttm,1995,2,2,0,0,0,0,0,2
financial.income.nonoperating_expense.ttm,1995,4,2,0,0,0,0,1,1
financial.income.nonoperating_expense.ttm,1996,1,1398,0,0,0,0,437,961
financial.income.nonoperating_expense.ttm,1996,2,3,0,0,0,0,0,3
financial.income.nonoperating_expense.ttm,1996,4,2,0,0,0,0,1,1
financial.income.nonoperating_expense.ttm,1997,1,1821,0,0,0,0,715,1106
financial.income.nonoperating_expense.ttm,1997,2,4,0,0,0,0,0,4
financial.income.nonoperating_expense.ttm,1997,4,2,0,0,0,0,1,1
financial.income.nonoperating_expense.ttm,1998,1,1905,0,0,0,0,90,1815
financial.income.nonoperating_expense.ttm,1998,2,4,0,0,0,0,0,4
financial.income.nonoperating_expense.ttm,1998,4,2,0,0,0,0,0,2
financial.income.nonoperating_expense.ttm,1999,1,2136,2,0,0,0,83,2051
financial.income.nonoperating_expense.ttm,1999,2,6,0,0,0,0,0,6
financial.income.nonoperating_expense.ttm,1999,4,3,0,0,0,0,0,3
financial.income.nonoperating_expense.ttm,2000,1,2383,2,0,0,0,94,2287
financial.income.nonoperating_expense.ttm,2000,2,8,0,0,0,0,0,8
financial.income.nonoperating_expense.ttm,2000,4,3,0,0,0,0,0,3
financial.income.nonoperating_expense.ttm,2001,1,2780,0,0,0,0,106,2674
financial.income.nonoperating_expense.ttm,2001,2,16,0,0,0,0,0,16
financial.income.nonoperating_expense.ttm,2001,4,4,0,0,0,0,0,4
financial.income.nonoperating_expense.ttm,2002,1,4870,2,0,0,0,362,4506
financial.income.nonoperating_expense.ttm,2002,2,25,0,0,0,0,0,25
financial.income.nonoperating_expense.ttm,2002,4,9,0,0,0,0,0,9
financial.income.nonoperating_expense.ttm,2003,1,5262,2,0,0,0,255,5005
financial.income.nonoperating_expense.ttm,2003,2,30,0,0,0,0,2,28
financial.income.nonoperating_expense.ttm,2003,3,2,0,0,0,0,0,2
financial.income.nonoperating_expense.ttm,2003,4,10,0,0,0,0,0,10
financial.income.nonoperating_expense.ttm,2004,1,5606,2,0,0,0,270,5334
financial.income.nonoperating_expense.ttm,2004,2,31,0,0,0,0,3,28
financial.income.nonoperating_expense.ttm,2004,3,3,0,0,0,0,0,3
financial.income.nonoperating_expense.ttm,2004,4,11,0,0,0,0,0,11
financial.income.nonoperating_expense.ttm,2005,1,5731,4,0,0,0,274,5453
financial.income.nonoperating_expense.ttm,2005,2,49,0,0,0,0,4,45
financial.income.nonoperating_expense.ttm,2005,3,6,0,0,0,0,0,6
financial.income.nonoperating_expense.ttm,2005,4,13,0,0,0,0,0,13
financial.income.nonoperating_expense.ttm,2006,1,6360,2,0,0,0,332,6026
financial.income.nonoperating_expense.ttm,2006,2,71,0,0,0,0,11,60
financial.income.nonoperating_expense.ttm,2006,3,8,0,0,0,0,0,8
financial.income.nonoperating_expense.ttm,2006,4,23,0,0,0,0,0,23
financial.income.nonoperating_expense.ttm,2007,1,7111,14,0,0,0,414,6683
financial.income.nonoperating_expense.ttm,2007,2,89,0,0,0,0,4,85
financial.income.nonoperating_expense.ttm,2007,3,14,0,0,0,0,0,14
financial.income.nonoperating_expense.ttm,2007,4,59,2,0,0,0,0,57
financial.income.nonoperating_expense.ttm,2008,1,7580,18,0,0,0,306,7256
financial.income.nonoperating_expense.ttm,2008,2,98,0,0,0,0,2,96
financial.income.nonoperating_expense.ttm,2008,3,14,0,0,0,0,0,14
financial.income.nonoperating_expense.ttm,2008,4,98,4,0,0,0,1,93
financial.income.nonoperating_expense.ttm,2009,1,8635,16,0,0,0,532,8087
financial.income.nonoperating_expense.ttm,2009,2,108,0,0,0,0,2,106
financial.income.nonoperating_expense.ttm,2009,3,14,0,0,0,0,0,14
financial.income.nonoperating_expense.ttm,2009,4,109,2,0,0,0,2,105
financial.income.nonoperating_expense.ttm,2010,1,9599,22,0,0,0,587,8990
financial.income.nonoperating_expense.ttm,2010,2,116,4,0,0,0,4,108
financial.income.nonoperating_expense.ttm,2010,3,14,0,0,0,0,0,14
financial.income.nonoperating_expense.ttm,2010,4,121,4,0,0,0,2,115
financial.income.nonoperating_expense.ttm,2011,1,10792,38,0,0,0,731,10023
financial.income.nonoperating_expense.ttm,2011,2,124,14,0,0,0,4,106
financial.income.nonoperating_expense.ttm,2011,3,18,2,0,0,0,1,15
financial.income.nonoperating_expense.ttm,2011,4,126,2,0,0,0,3,121
financial.income.nonoperating_expense.ttm,2012,1,11367,54,0,0,0,738,10575
financial.income.nonoperating_expense.ttm,2012,2,125,2,0,0,0,5,118
financial.income.nonoperating_expense.ttm,2012,3,18,0,0,0,0,2,16
financial.income.nonoperating_expense.ttm,2012,4,136,4,0,0,0,2,130
financial.income.nonoperating_expense.ttm,2013,1,12097,92,0,0,0,748,11257
financial.income.nonoperating_expense.ttm,2013,2,122,0,0,0,0,6,116
financial.income.nonoperating_expense.ttm,2013,3,18,0,0,0,0,2,16
financial.income.nonoperating_expense.ttm,2013,4,138,4,0,0,0,4,130
financial.income.nonoperating_expense.ttm,2014,1,13212,112,0,0,0,753,12347
financial.income.nonoperating_expense.ttm,2014,2,132,0,0,0,0,8,124
financial.income.nonoperating_expense.ttm,2014,3,18,0,0,0,0,1,17
financial.income.nonoperating_expense.ttm,2014,4,146,8,0,0,0,3,135
financial.income.nonoperating_expense.ttm,2015,1,14005,90,0,0,1,787,13127
financial.income.nonoperating_expense.ttm,2015,2,156,8,0,0,0,10,138
financial.income.nonoperating_expense.ttm,2015,3,18,0,0,0,0,0,18
financial.income.nonoperating_expense.ttm,2015,4,148,4,0,0,0,3,141
financial.income.nonoperating_expense.ttm,2016,1,15893,506,0,0,2,772,14613
financial.income.nonoperating_expense.ttm,2016,2,186,6,0,0,0,7,173
financial.income.nonoperating_expense.ttm,2016,3,25,0,0,0,0,0,25
financial.income.nonoperating_expense.ttm,2016,4,157,4,0,0,0,1,152
financial.income.nonoperating_expense.ttm,2017,1,16826,516,0,0,4,680,15626
financial.income.nonoperating_expense.ttm,2017,2,224,4,0,0,0,10,210
financial.income.nonoperating_expense.ttm,2017,3,27,0,0,0,0,0,27
financial.income.nonoperating_expense.ttm,2017,4,166,4,0,0,0,0,162
financial.income.nonoperating_expense.ttm,2018,1,23723,738,0,0,0,835,22150
financial.income.nonoperating_expense.ttm,2018,2,279,114,0,0,0,7,158
financial.income.nonoperating_expense.ttm,2018,3,36,14,0,0,0,0,22
financial.income.nonoperating_expense.ttm,2018,4,236,122,0,0,0,0,114
financial.income.nonoperating_expense.ttm,2019,1,27444,9473,0,0,2,788,17181
financial.income.nonoperating_expense.ttm,2019,2,270,16,0,0,0,7,247
financial.income.nonoperating_expense.ttm,2019,3,32,6,0,0,0,0,26
financial.income.nonoperating_expense.ttm,2019,4,224,34,0,0,0,0,190
financial.income.nonoperating_expense.ttm,2020,1,36317,7298,0,0,1,609,28409
financial.income.nonoperating_expense.ttm,2020,2,322,6,0,0,0,1,315
financial.income.nonoperating_expense.ttm,2020,3,46,16,0,0,0,0,30
financial.income.nonoperating_expense.ttm,2020,4,293,76,0,0,0,0,217
financial.income.nonoperating_expense.ttm,2021,1,27642,5354,0,0,0,723,21565
financial.income.nonoperating_expense.ttm,2021,2,298,4,0,0,0,0,294
financial.income.nonoperating_expense.ttm,2021,3,43,0,0,0,0,1,42
financial.income.nonoperating_expense.ttm,2021,4,276,2,0,0,0,1,273
financial.income.nonoperating_expense.ttm,2022,1,28238,8808,0,0,0,403,19027
financial.income.nonoperating_expense.ttm,2022,2,257,60,0,0,0,0,197
financial.income.nonoperating_expense.ttm,2022,3,36,10,0,0,0,2,24
financial.income.nonoperating_expense.ttm,2022,4,243,62,0,0,0,2,179
financial.income.nonoperating_expense.ttm,2022,7,4,0,0,4,0,0,0
financial.income.nonoperating_expense.ttm,2023,1,25177,3934,0,0,0,620,20623
financial.income.nonoperating_expense.ttm,2023,2,246,4,0,0,0,0,242
financial.income.nonoperating_expense.ttm,2023,3,32,8,0,0,0,0,24
financial.income.nonoperating_expense.ttm,2023,4,227,4,0,0,0,1,222
financial.income.nonoperating_expense.ttm,2023,7,4,0,0,4,0,0,0
financial.income.nonoperating_expense.ttm,2024,1,22728,3536,0,0,0,450,18742
financial.income.nonoperating_expense.ttm,2024,2,208,8,0,0,0,0,200
financial.income.nonoperating_expense.ttm,2024,3,24,2,0,0,0,0,22
financial.income.nonoperating_expense.ttm,2024,4,204,16,0,0,0,1,187
financial.income.nonoperating_expense.ttm,2024,7,4,0,0,4,0,0,0
financial.income.nonoperating_expense.ttm,2025,1,25614,8682,0,0,0,330,16602
financial.income.nonoperating_expense.ttm,2025,2,241,14,0,0,0,0,227
financial.income.nonoperating_expense.ttm,2025,3,26,2,0,0,0,0,24
financial.income.nonoperating_expense.ttm,2025,4,218,2,0,0,0,1,215
financial.income.nonoperating_expense.ttm,2025,7,13,0,0,13,0,0,0
financial.income.nonoperating_expense.ttm,2026,1,10446,5807,0,0,0,175,4464
financial.income.nonoperating_expense.ttm,2026,2,119,44,0,0,0,0,75
financial.income.nonoperating_expense.ttm,2026,3,13,4,0,0,0,0,9
financial.income.nonoperating_expense.ttm,2026,4,109,36,0,0,0,2,71
financial.income.nonoperating_expense.ttm,2026,7,6,0,0,6,0,0,0
financial.income.nonoperating_income.ttm,1990,1,2,0,0,0,0,1,1
financial.income.nonoperating_income.ttm,1991,1,11,0,0,0,0,3,8
financial.income.nonoperating_income.ttm,1992,1,32,0,0,0,0,11,21
financial.income.nonoperating_income.ttm,1993,1,232,0,0,0,0,83,149
financial.income.nonoperating_income.ttm,1994,1,723,0,0,0,0,266,457
financial.income.nonoperating_income.ttm,1994,2,1,0,0,0,0,0,1
financial.income.nonoperating_income.ttm,1994,4,1,0,0,0,0,0,1
financial.income.nonoperating_income.ttm,1995,1,1122,0,0,0,0,352,770
financial.income.nonoperating_income.ttm,1995,2,2,0,0,0,0,0,2
financial.income.nonoperating_income.ttm,1995,4,2,0,0,0,0,1,1
financial.income.nonoperating_income.ttm,1996,1,1398,0,0,0,0,470,928
financial.income.nonoperating_income.ttm,1996,2,3,0,0,0,0,0,3
financial.income.nonoperating_income.ttm,1996,4,2,0,0,0,0,1,1
financial.income.nonoperating_income.ttm,1997,1,1821,0,0,0,0,734,1087
financial.income.nonoperating_income.ttm,1997,2,4,0,0,0,0,0,4
financial.income.nonoperating_income.ttm,1997,4,2,0,0,0,0,1,1
financial.income.nonoperating_income.ttm,1998,1,1905,0,0,0,0,135,1770
financial.income.nonoperating_income.ttm,1998,2,4,0,0,0,0,0,4
financial.income.nonoperating_income.ttm,1998,4,2,0,0,0,0,0,2
financial.income.nonoperating_income.ttm,1999,1,2136,2,0,0,0,176,1958
financial.income.nonoperating_income.ttm,1999,2,6,0,0,0,0,0,6
financial.income.nonoperating_income.ttm,1999,4,3,0,0,0,0,0,3
financial.income.nonoperating_income.ttm,2000,1,2383,2,0,0,0,154,2227
financial.income.nonoperating_income.ttm,2000,2,8,0,0,0,0,1,7
financial.income.nonoperating_income.ttm,2000,4,3,0,0,0,0,0,3
financial.income.nonoperating_income.ttm,2001,1,2780,0,0,0,0,216,2564
financial.income.nonoperating_income.ttm,2001,2,16,0,0,0,0,1,15
financial.income.nonoperating_income.ttm,2001,4,4,0,0,0,0,0,4
financial.income.nonoperating_income.ttm,2002,1,4870,2,0,0,0,526,4342
financial.income.nonoperating_income.ttm,2002,2,25,0,0,0,0,0,25
financial.income.nonoperating_income.ttm,2002,4,9,0,0,0,0,0,9
financial.income.nonoperating_income.ttm,2003,1,5262,2,0,0,0,436,4824
financial.income.nonoperating_income.ttm,2003,2,30,0,0,0,0,3,27
financial.income.nonoperating_income.ttm,2003,3,2,0,0,0,0,0,2
financial.income.nonoperating_income.ttm,2003,4,10,0,0,0,0,0,10
financial.income.nonoperating_income.ttm,2004,1,5606,2,0,0,0,505,5099
financial.income.nonoperating_income.ttm,2004,2,31,0,0,0,0,3,28
financial.income.nonoperating_income.ttm,2004,3,3,0,0,0,0,0,3
financial.income.nonoperating_income.ttm,2004,4,11,0,0,0,0,0,11
financial.income.nonoperating_income.ttm,2005,1,5731,4,0,0,0,498,5229
financial.income.nonoperating_income.ttm,2005,2,49,0,0,0,0,4,45
financial.income.nonoperating_income.ttm,2005,3,6,0,0,0,0,0,6
financial.income.nonoperating_income.ttm,2005,4,13,0,0,0,0,0,13
financial.income.nonoperating_income.ttm,2006,1,6360,2,0,0,0,430,5928
financial.income.nonoperating_income.ttm,2006,2,71,0,0,0,0,10,61
financial.income.nonoperating_income.ttm,2006,3,8,0,0,0,0,0,8
financial.income.nonoperating_income.ttm,2006,4,23,0,0,0,0,0,23
financial.income.nonoperating_income.ttm,2007,1,7111,14,0,0,0,378,6719
financial.income.nonoperating_income.ttm,2007,2,89,0,0,0,0,4,85
financial.income.nonoperating_income.ttm,2007,3,14,0,0,0,0,0,14
financial.income.nonoperating_income.ttm,2007,4,59,2,0,0,0,3,54
financial.income.nonoperating_income.ttm,2008,1,7580,18,0,0,0,294,7268
financial.income.nonoperating_income.ttm,2008,2,98,0,0,0,0,2,96
financial.income.nonoperating_income.ttm,2008,3,14,0,0,0,0,0,14
financial.income.nonoperating_income.ttm,2008,4,98,4,0,0,0,4,90
financial.income.nonoperating_income.ttm,2009,1,8635,16,0,0,0,324,8295
financial.income.nonoperating_income.ttm,2009,2,108,0,0,0,0,1,107
financial.income.nonoperating_income.ttm,2009,3,14,0,0,0,0,0,14
financial.income.nonoperating_income.ttm,2009,4,109,2,0,0,0,2,105
financial.income.nonoperating_income.ttm,2010,1,9599,22,0,0,0,357,9220
financial.income.nonoperating_income.ttm,2010,2,116,4,0,0,0,5,107
financial.income.nonoperating_income.ttm,2010,3,14,0,0,0,0,0,14
financial.income.nonoperating_income.ttm,2010,4,121,4,0,0,0,2,115
financial.income.nonoperating_income.ttm,2011,1,10792,38,0,0,0,396,10358
financial.income.nonoperating_income.ttm,2011,2,124,14,0,0,0,6,104
financial.income.nonoperating_income.ttm,2011,3,18,2,0,0,0,1,15
financial.income.nonoperating_income.ttm,2011,4,126,2,0,0,0,2,122
financial.income.nonoperating_income.ttm,2012,1,11367,54,0,0,0,416,10897
financial.income.nonoperating_income.ttm,2012,2,125,2,0,0,0,7,116
financial.income.nonoperating_income.ttm,2012,3,18,0,0,0,0,3,15
financial.income.nonoperating_income.ttm,2012,4,136,4,0,0,0,3,129
financial.income.nonoperating_income.ttm,2013,1,12097,92,0,0,0,422,11583
financial.income.nonoperating_income.ttm,2013,2,122,0,0,0,0,6,116
financial.income.nonoperating_income.ttm,2013,3,18,0,0,0,0,3,15
financial.income.nonoperating_income.ttm,2013,4,138,4,0,0,0,3,131
financial.income.nonoperating_income.ttm,2014,1,13212,112,0,0,0,351,12749
financial.income.nonoperating_income.ttm,2014,2,132,0,0,0,0,7,125
financial.income.nonoperating_income.ttm,2014,3,18,0,0,0,0,1,17
financial.income.nonoperating_income.ttm,2014,4,146,8,0,0,0,3,135
financial.income.nonoperating_income.ttm,2015,1,14005,90,0,0,1,310,13604
financial.income.nonoperating_income.ttm,2015,2,156,8,0,0,0,11,137
financial.income.nonoperating_income.ttm,2015,3,18,0,0,0,0,0,18
financial.income.nonoperating_income.ttm,2015,4,148,4,0,0,0,2,142
financial.income.nonoperating_income.ttm,2016,1,15893,506,0,0,2,268,15117
financial.income.nonoperating_income.ttm,2016,2,186,6,0,0,0,7,173
financial.income.nonoperating_income.ttm,2016,3,25,0,0,0,0,0,25
financial.income.nonoperating_income.ttm,2016,4,157,4,0,0,0,1,152
financial.income.nonoperating_income.ttm,2017,1,16826,516,0,0,4,366,15940
financial.income.nonoperating_income.ttm,2017,2,224,4,0,0,0,10,210
financial.income.nonoperating_income.ttm,2017,3,27,0,0,0,0,0,27
financial.income.nonoperating_income.ttm,2017,4,166,4,0,0,0,0,162
financial.income.nonoperating_income.ttm,2018,1,23723,738,0,0,0,769,22216
financial.income.nonoperating_income.ttm,2018,2,279,114,0,0,0,7,158
financial.income.nonoperating_income.ttm,2018,3,36,14,0,0,0,0,22
financial.income.nonoperating_income.ttm,2018,4,236,122,0,0,0,0,114
financial.income.nonoperating_income.ttm,2019,1,27444,9473,0,0,2,824,17145
financial.income.nonoperating_income.ttm,2019,2,270,16,0,0,0,6,248
financial.income.nonoperating_income.ttm,2019,3,32,6,0,0,0,0,26
financial.income.nonoperating_income.ttm,2019,4,224,34,0,0,0,0,190
financial.income.nonoperating_income.ttm,2020,1,36317,7298,0,0,1,991,28027
financial.income.nonoperating_income.ttm,2020,2,322,6,0,0,0,2,314
financial.income.nonoperating_income.ttm,2020,3,46,16,0,0,0,0,30
financial.income.nonoperating_income.ttm,2020,4,293,76,0,0,0,0,217
financial.income.nonoperating_income.ttm,2021,1,27642,5354,0,0,0,796,21492
financial.income.nonoperating_income.ttm,2021,2,298,4,0,0,0,2,292
financial.income.nonoperating_income.ttm,2021,3,43,0,0,0,0,6,37
financial.income.nonoperating_income.ttm,2021,4,276,2,0,0,0,1,273
financial.income.nonoperating_income.ttm,2022,1,28238,8808,0,0,0,599,18831
financial.income.nonoperating_income.ttm,2022,2,257,60,0,0,0,2,195
financial.income.nonoperating_income.ttm,2022,3,36,10,0,0,0,2,24
financial.income.nonoperating_income.ttm,2022,4,243,62,0,0,0,3,178
financial.income.nonoperating_income.ttm,2022,7,4,0,0,4,0,0,0
financial.income.nonoperating_income.ttm,2023,1,25177,3934,0,0,0,760,20483
financial.income.nonoperating_income.ttm,2023,2,246,4,0,0,0,0,242
financial.income.nonoperating_income.ttm,2023,3,32,8,0,0,0,0,24
financial.income.nonoperating_income.ttm,2023,4,227,4,0,0,0,0,223
financial.income.nonoperating_income.ttm,2023,7,4,0,0,4,0,0,0
financial.income.nonoperating_income.ttm,2024,1,22728,3536,0,0,0,653,18539
financial.income.nonoperating_income.ttm,2024,2,208,8,0,0,0,0,200
financial.income.nonoperating_income.ttm,2024,3,24,2,0,0,0,0,22
financial.income.nonoperating_income.ttm,2024,4,204,16,0,0,0,0,188
financial.income.nonoperating_income.ttm,2024,7,4,0,0,4,0,0,0
financial.income.nonoperating_income.ttm,2025,1,25614,8682,0,0,0,523,16409
financial.income.nonoperating_income.ttm,2025,2,241,14,0,0,0,0,227
financial.income.nonoperating_income.ttm,2025,3,26,2,0,0,0,0,24
financial.income.nonoperating_income.ttm,2025,4,218,2,0,0,0,0,216
financial.income.nonoperating_income.ttm,2025,7,13,0,0,13,0,0,0
financial.income.nonoperating_income.ttm,2026,1,10446,5807,0,0,0,230,4409
financial.income.nonoperating_income.ttm,2026,2,119,44,0,0,0,0,75
financial.income.nonoperating_income.ttm,2026,3,13,4,0,0,0,0,9
financial.income.nonoperating_income.ttm,2026,4,109,36,0,0,0,0,73
financial.income.nonoperating_income.ttm,2026,7,6,0,0,6,0,0,0
financial.income.operating_cost.ttm,1990,1,2,0,0,0,0,1,1
financial.income.operating_cost.ttm,1991,1,11,0,0,0,0,2,9
financial.income.operating_cost.ttm,1992,1,32,0,0,0,0,7,25
financial.income.operating_cost.ttm,1993,1,232,0,0,0,0,45,187
financial.income.operating_cost.ttm,1994,1,723,0,0,0,0,206,517
financial.income.operating_cost.ttm,1994,2,1,0,0,0,0,1,0
financial.income.operating_cost.ttm,1994,4,1,0,0,0,0,1,0
financial.income.operating_cost.ttm,1995,1,1122,0,0,0,0,286,836
financial.income.operating_cost.ttm,1995,2,2,0,0,0,0,2,0
financial.income.operating_cost.ttm,1995,4,2,0,0,0,0,2,0
financial.income.operating_cost.ttm,1996,1,1398,0,0,0,0,391,1007
financial.income.operating_cost.ttm,1996,2,3,0,0,0,0,3,0
financial.income.operating_cost.ttm,1996,4,2,0,0,0,0,2,0
financial.income.operating_cost.ttm,1997,1,1821,0,0,0,0,667,1154
financial.income.operating_cost.ttm,1997,2,4,0,0,0,0,4,0
financial.income.operating_cost.ttm,1997,4,2,0,0,0,0,2,0
financial.income.operating_cost.ttm,1998,1,1905,0,0,0,0,3,1902
financial.income.operating_cost.ttm,1998,2,4,0,0,0,0,4,0
financial.income.operating_cost.ttm,1998,4,2,0,0,0,0,1,1
financial.income.operating_cost.ttm,1999,1,2136,2,0,0,0,7,2127
financial.income.operating_cost.ttm,1999,2,6,0,0,0,0,6,0
financial.income.operating_cost.ttm,1999,4,3,0,0,0,0,3,0
financial.income.operating_cost.ttm,2000,1,2383,2,0,0,0,10,2371
financial.income.operating_cost.ttm,2000,2,8,0,0,0,0,8,0
financial.income.operating_cost.ttm,2000,4,3,0,0,0,0,3,0
financial.income.operating_cost.ttm,2001,1,2780,0,0,0,0,47,2733
financial.income.operating_cost.ttm,2001,2,16,0,0,0,0,15,1
financial.income.operating_cost.ttm,2001,4,4,0,0,0,0,2,2
financial.income.operating_cost.ttm,2002,1,4870,2,0,0,0,219,4649
financial.income.operating_cost.ttm,2002,2,25,0,0,0,0,25,0
financial.income.operating_cost.ttm,2002,4,9,0,0,0,0,8,1
financial.income.operating_cost.ttm,2003,1,5262,2,0,0,0,38,5222
financial.income.operating_cost.ttm,2003,2,30,0,0,0,0,30,0
financial.income.operating_cost.ttm,2003,3,2,0,0,0,0,2,0
financial.income.operating_cost.ttm,2003,4,10,0,0,0,0,10,0
financial.income.operating_cost.ttm,2004,1,5606,2,0,0,0,59,5545
financial.income.operating_cost.ttm,2004,2,31,0,0,0,0,31,0
financial.income.operating_cost.ttm,2004,3,3,0,0,0,0,3,0
financial.income.operating_cost.ttm,2004,4,11,0,0,0,0,11,0
financial.income.operating_cost.ttm,2005,1,5731,4,0,0,0,79,5648
financial.income.operating_cost.ttm,2005,2,49,0,0,0,0,49,0
financial.income.operating_cost.ttm,2005,3,6,0,0,0,0,6,0
financial.income.operating_cost.ttm,2005,4,13,0,0,0,0,13,0
financial.income.operating_cost.ttm,2006,1,6360,2,0,0,0,61,6297
financial.income.operating_cost.ttm,2006,2,71,0,0,0,0,66,5
financial.income.operating_cost.ttm,2006,3,8,0,0,0,0,8,0
financial.income.operating_cost.ttm,2006,4,23,0,0,0,0,22,1
financial.income.operating_cost.ttm,2007,1,7111,14,0,0,0,73,7024
financial.income.operating_cost.ttm,2007,2,89,0,0,0,0,83,6
financial.income.operating_cost.ttm,2007,3,14,0,0,0,0,14,0
financial.income.operating_cost.ttm,2007,4,59,2,0,0,0,55,2
financial.income.operating_cost.ttm,2008,1,7580,18,0,0,0,117,7445
financial.income.operating_cost.ttm,2008,2,98,0,0,0,0,92,6
financial.income.operating_cost.ttm,2008,3,14,0,0,0,0,14,0
financial.income.operating_cost.ttm,2008,4,98,4,0,0,0,94,0
financial.income.operating_cost.ttm,2009,1,8635,16,0,0,0,137,8482
financial.income.operating_cost.ttm,2009,2,108,0,0,0,0,100,8
financial.income.operating_cost.ttm,2009,3,14,0,0,0,0,14,0
financial.income.operating_cost.ttm,2009,4,109,2,0,0,0,107,0
financial.income.operating_cost.ttm,2010,1,9599,22,0,0,0,168,9409
financial.income.operating_cost.ttm,2010,2,116,4,0,0,0,105,7
financial.income.operating_cost.ttm,2010,3,14,0,0,0,0,14,0
financial.income.operating_cost.ttm,2010,4,121,4,0,0,0,117,0
financial.income.operating_cost.ttm,2011,1,10792,38,0,0,0,194,10560
financial.income.operating_cost.ttm,2011,2,124,14,0,0,0,105,5
financial.income.operating_cost.ttm,2011,3,18,2,0,0,0,16,0
financial.income.operating_cost.ttm,2011,4,126,2,0,0,0,124,0
financial.income.operating_cost.ttm,2012,1,11367,54,0,0,0,242,11071
financial.income.operating_cost.ttm,2012,2,125,2,0,0,0,119,4
financial.income.operating_cost.ttm,2012,3,18,0,0,0,0,18,0
financial.income.operating_cost.ttm,2012,4,136,4,0,0,0,131,1
financial.income.operating_cost.ttm,2013,1,12097,92,0,0,0,241,11764
financial.income.operating_cost.ttm,2013,2,122,0,0,0,0,122,0
financial.income.operating_cost.ttm,2013,3,18,0,0,0,0,18,0
financial.income.operating_cost.ttm,2013,4,138,4,0,0,0,134,0
financial.income.operating_cost.ttm,2014,1,13212,112,0,0,0,204,12896
financial.income.operating_cost.ttm,2014,2,132,0,0,0,0,132,0
financial.income.operating_cost.ttm,2014,3,18,0,0,0,0,18,0
financial.income.operating_cost.ttm,2014,4,146,8,0,0,0,137,1
financial.income.operating_cost.ttm,2015,1,14005,90,0,0,1,168,13746
financial.income.operating_cost.ttm,2015,2,156,8,0,0,0,148,0
financial.income.operating_cost.ttm,2015,3,18,0,0,0,0,18,0
financial.income.operating_cost.ttm,2015,4,148,4,0,0,0,144,0
financial.income.operating_cost.ttm,2016,1,15893,506,0,0,2,171,15214
financial.income.operating_cost.ttm,2016,2,186,6,0,0,0,178,2
financial.income.operating_cost.ttm,2016,3,25,0,0,0,0,21,4
financial.income.operating_cost.ttm,2016,4,157,4,0,0,0,153,0
financial.income.operating_cost.ttm,2017,1,16826,516,0,0,4,99,16207
financial.income.operating_cost.ttm,2017,2,224,4,0,0,0,219,1
financial.income.operating_cost.ttm,2017,3,27,0,0,0,0,24,3
financial.income.operating_cost.ttm,2017,4,166,4,0,0,0,162,0
financial.income.operating_cost.ttm,2018,1,23723,738,0,0,0,122,22863
financial.income.operating_cost.ttm,2018,2,279,114,0,0,0,164,1
financial.income.operating_cost.ttm,2018,3,36,14,0,0,0,20,2
financial.income.operating_cost.ttm,2018,4,236,122,0,0,0,114,0
financial.income.operating_cost.ttm,2019,1,27444,9473,0,0,2,104,17865
financial.income.operating_cost.ttm,2019,2,270,16,0,0,0,252,2
financial.income.operating_cost.ttm,2019,3,32,6,0,0,0,23,3
financial.income.operating_cost.ttm,2019,4,224,34,0,0,0,190,0
financial.income.operating_cost.ttm,2020,1,36317,7298,0,0,1,89,28929
financial.income.operating_cost.ttm,2020,2,322,6,0,0,0,316,0
financial.income.operating_cost.ttm,2020,3,46,16,0,0,0,30,0
financial.income.operating_cost.ttm,2020,4,293,76,0,0,0,217,0
financial.income.operating_cost.ttm,2021,1,27642,5354,0,0,0,105,22183
financial.income.operating_cost.ttm,2021,2,298,4,0,0,0,294,0
financial.income.operating_cost.ttm,2021,3,43,0,0,0,0,43,0
financial.income.operating_cost.ttm,2021,4,276,2,0,0,0,274,0
financial.income.operating_cost.ttm,2022,1,28238,8808,0,0,0,109,19321
financial.income.operating_cost.ttm,2022,2,257,60,0,0,0,197,0
financial.income.operating_cost.ttm,2022,3,36,10,0,0,0,26,0
financial.income.operating_cost.ttm,2022,4,243,62,0,0,0,181,0
financial.income.operating_cost.ttm,2022,7,4,0,0,4,0,0,0
financial.income.operating_cost.ttm,2023,1,25177,3934,0,0,0,87,21156
financial.income.operating_cost.ttm,2023,2,246,4,0,0,0,242,0
financial.income.operating_cost.ttm,2023,3,32,8,0,0,0,24,0
financial.income.operating_cost.ttm,2023,4,227,4,0,0,0,223,0
financial.income.operating_cost.ttm,2023,7,4,0,0,4,0,0,0
financial.income.operating_cost.ttm,2024,1,22728,3536,0,0,0,56,19136
financial.income.operating_cost.ttm,2024,2,208,8,0,0,0,200,0
financial.income.operating_cost.ttm,2024,3,24,2,0,0,0,22,0
financial.income.operating_cost.ttm,2024,4,204,16,0,0,0,188,0
financial.income.operating_cost.ttm,2024,7,4,0,0,4,0,0,0
financial.income.operating_cost.ttm,2025,1,25614,8682,0,0,0,73,16859
financial.income.operating_cost.ttm,2025,2,241,14,0,0,0,227,0
financial.income.operating_cost.ttm,2025,3,26,2,0,0,0,24,0
financial.income.operating_cost.ttm,2025,4,218,2,0,0,0,216,0
financial.income.operating_cost.ttm,2025,7,13,0,0,13,0,0,0
financial.income.operating_cost.ttm,2026,1,10446,5807,0,0,0,17,4622
financial.income.operating_cost.ttm,2026,2,119,44,0,0,0,75,0
financial.income.operating_cost.ttm,2026,3,13,4,0,0,0,9,0
financial.income.operating_cost.ttm,2026,4,109,36,0,0,0,73,0
financial.income.operating_cost.ttm,2026,7,6,0,0,6,0,0,0
financial.income.operating_revenue.ttm,1990,1,2,0,0,0,0,0,2
financial.income.operating_revenue.ttm,1991,1,11,0,0,0,0,0,11
financial.income.operating_revenue.ttm,1992,1,32,0,0,0,0,0,32
financial.income.operating_revenue.ttm,1993,1,232,0,0,0,0,4,228
financial.income.operating_revenue.ttm,1994,1,723,0,0,0,0,0,723
financial.income.operating_revenue.ttm,1994,2,1,0,0,0,0,0,1
financial.income.operating_revenue.ttm,1994,4,1,0,0,0,0,0,1
financial.income.operating_revenue.ttm,1995,1,1122,0,0,0,0,0,1122
financial.income.operating_revenue.ttm,1995,2,2,0,0,0,0,0,2
financial.income.operating_revenue.ttm,1995,4,2,0,0,0,0,0,2
financial.income.operating_revenue.ttm,1996,1,1398,0,0,0,0,0,1398
financial.income.operating_revenue.ttm,1996,2,3,0,0,0,0,0,3
financial.income.operating_revenue.ttm,1996,4,2,0,0,0,0,0,2
financial.income.operating_revenue.ttm,1997,1,1821,0,0,0,0,0,1821
financial.income.operating_revenue.ttm,1997,2,4,0,0,0,0,0,4
financial.income.operating_revenue.ttm,1997,4,2,0,0,0,0,0,2
financial.income.operating_revenue.ttm,1998,1,1905,0,0,0,0,1,1904
financial.income.operating_revenue.ttm,1998,2,4,0,0,0,0,0,4
financial.income.operating_revenue.ttm,1998,4,2,0,0,0,0,0,2
financial.income.operating_revenue.ttm,1999,1,2136,2,0,0,0,3,2131
financial.income.operating_revenue.ttm,1999,2,6,0,0,0,0,0,6
financial.income.operating_revenue.ttm,1999,4,3,0,0,0,0,0,3
financial.income.operating_revenue.ttm,2000,1,2383,2,0,0,0,7,2374
financial.income.operating_revenue.ttm,2000,2,8,0,0,0,0,0,8
financial.income.operating_revenue.ttm,2000,4,3,0,0,0,0,0,3
financial.income.operating_revenue.ttm,2001,1,2780,0,0,0,0,11,2769
financial.income.operating_revenue.ttm,2001,2,16,0,0,0,0,0,16
financial.income.operating_revenue.ttm,2001,4,4,0,0,0,0,0,4
financial.income.operating_revenue.ttm,2002,1,4870,2,0,0,0,20,4848
financial.income.operating_revenue.ttm,2002,2,25,0,0,0,0,0,25
financial.income.operating_revenue.ttm,2002,4,9,0,0,0,0,0,9
financial.income.operating_revenue.ttm,2003,1,5262,2,0,0,0,17,5243
financial.income.operating_revenue.ttm,2003,2,30,0,0,0,0,0,30
financial.income.operating_revenue.ttm,2003,3,2,0,0,0,0,0,2
financial.income.operating_revenue.ttm,2003,4,10,0,0,0,0,0,10
financial.income.operating_revenue.ttm,2004,1,5606,2,0,0,0,38,5566
financial.income.operating_revenue.ttm,2004,2,31,0,0,0,0,0,31
financial.income.operating_revenue.ttm,2004,3,3,0,0,0,0,0,3
financial.income.operating_revenue.ttm,2004,4,11,0,0,0,0,0,11
financial.income.operating_revenue.ttm,2005,1,5731,4,0,0,0,47,5680
financial.income.operating_revenue.ttm,2005,2,49,0,0,0,0,0,49
financial.income.operating_revenue.ttm,2005,3,6,0,0,0,0,2,4
financial.income.operating_revenue.ttm,2005,4,13,0,0,0,0,0,13
financial.income.operating_revenue.ttm,2006,1,6360,2,0,0,0,21,6337
financial.income.operating_revenue.ttm,2006,2,71,0,0,0,0,0,71
financial.income.operating_revenue.ttm,2006,3,8,0,0,0,0,0,8
financial.income.operating_revenue.ttm,2006,4,23,0,0,0,0,0,23
financial.income.operating_revenue.ttm,2007,1,7111,14,0,0,0,24,7073
financial.income.operating_revenue.ttm,2007,2,89,0,0,0,0,0,89
financial.income.operating_revenue.ttm,2007,3,14,0,0,0,0,0,14
financial.income.operating_revenue.ttm,2007,4,59,2,0,0,0,0,57
financial.income.operating_revenue.ttm,2008,1,7580,18,0,0,0,25,7537
financial.income.operating_revenue.ttm,2008,2,98,0,0,0,0,0,98
financial.income.operating_revenue.ttm,2008,3,14,0,0,0,0,0,14
financial.income.operating_revenue.ttm,2008,4,98,4,0,0,0,1,93
financial.income.operating_revenue.ttm,2009,1,8635,16,0,0,0,43,8576
financial.income.operating_revenue.ttm,2009,2,108,0,0,0,0,1,107
financial.income.operating_revenue.ttm,2009,3,14,0,0,0,0,0,14
financial.income.operating_revenue.ttm,2009,4,109,2,0,0,0,2,105
financial.income.operating_revenue.ttm,2010,1,9599,22,0,0,0,64,9513
financial.income.operating_revenue.ttm,2010,2,116,4,0,0,0,1,111
financial.income.operating_revenue.ttm,2010,3,14,0,0,0,0,0,14
financial.income.operating_revenue.ttm,2010,4,121,4,0,0,0,2,115
financial.income.operating_revenue.ttm,2011,1,10792,38,0,0,0,63,10691
financial.income.operating_revenue.ttm,2011,2,124,14,0,0,0,0,110
financial.income.operating_revenue.ttm,2011,3,18,2,0,0,0,0,16
financial.income.operating_revenue.ttm,2011,4,126,2,0,0,0,2,122
financial.income.operating_revenue.ttm,2012,1,11367,54,0,0,0,62,11251
financial.income.operating_revenue.ttm,2012,2,125,2,0,0,0,0,123
financial.income.operating_revenue.ttm,2012,3,18,0,0,0,0,0,18
financial.income.operating_revenue.ttm,2012,4,136,4,0,0,0,2,130
financial.income.operating_revenue.ttm,2013,1,12097,92,0,0,0,56,11949
financial.income.operating_revenue.ttm,2013,2,122,0,0,0,0,0,122
financial.income.operating_revenue.ttm,2013,3,18,0,0,0,0,0,18
financial.income.operating_revenue.ttm,2013,4,138,4,0,0,0,3,131
financial.income.operating_revenue.ttm,2014,1,13212,112,0,0,0,55,13045
financial.income.operating_revenue.ttm,2014,2,132,0,0,0,0,0,132
financial.income.operating_revenue.ttm,2014,3,18,0,0,0,0,0,18
financial.income.operating_revenue.ttm,2014,4,146,8,0,0,0,3,135
financial.income.operating_revenue.ttm,2015,1,14005,90,0,0,1,46,13868
financial.income.operating_revenue.ttm,2015,2,156,8,0,0,0,0,148
financial.income.operating_revenue.ttm,2015,3,18,0,0,0,0,0,18
financial.income.operating_revenue.ttm,2015,4,148,4,0,0,0,2,142
financial.income.operating_revenue.ttm,2016,1,15893,506,0,0,2,45,15340
financial.income.operating_revenue.ttm,2016,2,186,6,0,0,0,0,180
financial.income.operating_revenue.ttm,2016,3,25,0,0,0,0,0,25
financial.income.operating_revenue.ttm,2016,4,157,4,0,0,0,1,152
financial.income.operating_revenue.ttm,2017,1,16826,516,0,0,4,44,16262
financial.income.operating_revenue.ttm,2017,2,224,4,0,0,0,0,220
financial.income.operating_revenue.ttm,2017,3,27,0,0,0,0,0,27
financial.income.operating_revenue.ttm,2017,4,166,4,0,0,0,0,162
financial.income.operating_revenue.ttm,2018,1,23723,738,0,0,0,59,22926
financial.income.operating_revenue.ttm,2018,2,279,114,0,0,0,0,165
financial.income.operating_revenue.ttm,2018,3,36,14,0,0,0,0,22
financial.income.operating_revenue.ttm,2018,4,236,122,0,0,0,0,114
financial.income.operating_revenue.ttm,2019,1,27444,9473,0,0,2,53,17916
financial.income.operating_revenue.ttm,2019,2,270,16,0,0,0,0,254
financial.income.operating_revenue.ttm,2019,3,32,6,0,0,0,0,26
financial.income.operating_revenue.ttm,2019,4,224,34,0,0,0,0,190
financial.income.operating_revenue.ttm,2020,1,36317,7298,0,0,1,46,28972
financial.income.operating_revenue.ttm,2020,2,322,6,0,0,0,0,316
financial.income.operating_revenue.ttm,2020,3,46,16,0,0,0,0,30
financial.income.operating_revenue.ttm,2020,4,293,76,0,0,0,0,217
financial.income.operating_revenue.ttm,2021,1,27642,5354,0,0,0,35,22253
financial.income.operating_revenue.ttm,2021,2,298,4,0,0,0,0,294
financial.income.operating_revenue.ttm,2021,3,43,0,0,0,0,0,43
financial.income.operating_revenue.ttm,2021,4,276,2,0,0,0,0,274
financial.income.operating_revenue.ttm,2022,1,28238,8808,0,0,0,22,19408
financial.income.operating_revenue.ttm,2022,2,257,60,0,0,0,0,197
financial.income.operating_revenue.ttm,2022,3,36,10,0,0,0,0,26
financial.income.operating_revenue.ttm,2022,4,243,62,0,0,0,0,181
financial.income.operating_revenue.ttm,2022,7,4,0,0,4,0,0,0
financial.income.operating_revenue.ttm,2023,1,25177,3934,0,0,0,16,21227
financial.income.operating_revenue.ttm,2023,2,246,4,0,0,0,0,242
financial.income.operating_revenue.ttm,2023,3,32,8,0,0,0,0,24
financial.income.operating_revenue.ttm,2023,4,227,4,0,0,0,0,223
financial.income.operating_revenue.ttm,2023,7,4,0,0,4,0,0,0
financial.income.operating_revenue.ttm,2024,1,22728,3536,0,0,0,10,19182
financial.income.operating_revenue.ttm,2024,2,208,8,0,0,0,0,200
financial.income.operating_revenue.ttm,2024,3,24,2,0,0,0,0,22
financial.income.operating_revenue.ttm,2024,4,204,16,0,0,0,0,188
financial.income.operating_revenue.ttm,2024,7,4,0,0,4,0,0,0
financial.income.operating_revenue.ttm,2025,1,25614,8682,0,0,0,10,16922
financial.income.operating_revenue.ttm,2025,2,241,14,0,0,0,0,227
financial.income.operating_revenue.ttm,2025,3,26,2,0,0,0,0,24
financial.income.operating_revenue.ttm,2025,4,218,2,0,0,0,0,216
financial.income.operating_revenue.ttm,2025,7,13,0,0,13,0,0,0
financial.income.operating_revenue.ttm,2026,1,10446,5807,0,0,0,5,4634
financial.income.operating_revenue.ttm,2026,2,119,44,0,0,0,0,75
financial.income.operating_revenue.ttm,2026,3,13,4,0,0,0,0,9
financial.income.operating_revenue.ttm,2026,4,109,36,0,0,0,0,73
financial.income.operating_revenue.ttm,2026,7,6,0,0,6,0,0,0
financial.income.rd_expense.ttm,1990,1,2,0,0,0,0,2,0
financial.income.rd_expense.ttm,1991,1,11,0,0,0,0,11,0
financial.income.rd_expense.ttm,1992,1,32,0,0,0,0,32,0
financial.income.rd_expense.ttm,1993,1,232,0,0,0,0,232,0
financial.income.rd_expense.ttm,1994,1,723,0,0,0,0,723,0
financial.income.rd_expense.ttm,1994,2,1,0,0,0,0,1,0
financial.income.rd_expense.ttm,1994,4,1,0,0,0,0,1,0
financial.income.rd_expense.ttm,1995,1,1122,0,0,0,0,1122,0
financial.income.rd_expense.ttm,1995,2,2,0,0,0,0,2,0
financial.income.rd_expense.ttm,1995,4,2,0,0,0,0,2,0
financial.income.rd_expense.ttm,1996,1,1398,0,0,0,0,1398,0
financial.income.rd_expense.ttm,1996,2,3,0,0,0,0,3,0
financial.income.rd_expense.ttm,1996,4,2,0,0,0,0,2,0
financial.income.rd_expense.ttm,1997,1,1821,0,0,0,0,1821,0
financial.income.rd_expense.ttm,1997,2,4,0,0,0,0,4,0
financial.income.rd_expense.ttm,1997,4,2,0,0,0,0,2,0
financial.income.rd_expense.ttm,1998,1,1905,0,0,0,0,1905,0
financial.income.rd_expense.ttm,1998,2,4,0,0,0,0,4,0
financial.income.rd_expense.ttm,1998,4,2,0,0,0,0,2,0
financial.income.rd_expense.ttm,1999,1,2136,2,0,0,0,2134,0
financial.income.rd_expense.ttm,1999,2,6,0,0,0,0,6,0
financial.income.rd_expense.ttm,1999,4,3,0,0,0,0,3,0
financial.income.rd_expense.ttm,2000,1,2383,2,0,0,0,2381,0
financial.income.rd_expense.ttm,2000,2,8,0,0,0,0,8,0
financial.income.rd_expense.ttm,2000,4,3,0,0,0,0,3,0
financial.income.rd_expense.ttm,2001,1,2780,0,0,0,0,2780,0
financial.income.rd_expense.ttm,2001,2,16,0,0,0,0,16,0
financial.income.rd_expense.ttm,2001,4,4,0,0,0,0,4,0
financial.income.rd_expense.ttm,2002,1,4870,2,0,0,0,4868,0
financial.income.rd_expense.ttm,2002,2,25,0,0,0,0,25,0
financial.income.rd_expense.ttm,2002,4,9,0,0,0,0,9,0
financial.income.rd_expense.ttm,2003,1,5262,2,0,0,0,5260,0
financial.income.rd_expense.ttm,2003,2,30,0,0,0,0,30,0
financial.income.rd_expense.ttm,2003,3,2,0,0,0,0,2,0
financial.income.rd_expense.ttm,2003,4,10,0,0,0,0,10,0
financial.income.rd_expense.ttm,2004,1,5606,2,0,0,0,5604,0
financial.income.rd_expense.ttm,2004,2,31,0,0,0,0,31,0
financial.income.rd_expense.ttm,2004,3,3,0,0,0,0,3,0
financial.income.rd_expense.ttm,2004,4,11,0,0,0,0,11,0
financial.income.rd_expense.ttm,2005,1,5731,4,0,0,0,5727,0
financial.income.rd_expense.ttm,2005,2,49,0,0,0,0,49,0
financial.income.rd_expense.ttm,2005,3,6,0,0,0,0,6,0
financial.income.rd_expense.ttm,2005,4,13,0,0,0,0,13,0
financial.income.rd_expense.ttm,2006,1,6360,2,0,0,0,6355,3
financial.income.rd_expense.ttm,2006,2,71,0,0,0,0,71,0
financial.income.rd_expense.ttm,2006,3,8,0,0,0,0,8,0
financial.income.rd_expense.ttm,2006,4,23,0,0,0,0,23,0
financial.income.rd_expense.ttm,2007,1,7111,14,0,0,0,7095,2
financial.income.rd_expense.ttm,2007,2,89,0,0,0,0,89,0
financial.income.rd_expense.ttm,2007,3,14,0,0,0,0,14,0
financial.income.rd_expense.ttm,2007,4,59,2,0,0,0,57,0
financial.income.rd_expense.ttm,2008,1,7580,18,0,0,0,7560,2
financial.income.rd_expense.ttm,2008,2,98,0,0,0,0,98,0
financial.income.rd_expense.ttm,2008,3,14,0,0,0,0,14,0
financial.income.rd_expense.ttm,2008,4,98,4,0,0,0,94,0
financial.income.rd_expense.ttm,2009,1,8635,16,0,0,0,8617,2
financial.income.rd_expense.ttm,2009,2,108,0,0,0,0,108,0
financial.income.rd_expense.ttm,2009,3,14,0,0,0,0,14,0
financial.income.rd_expense.ttm,2009,4,109,2,0,0,0,107,0
financial.income.rd_expense.ttm,2010,1,9599,22,0,0,0,9574,3
financial.income.rd_expense.ttm,2010,2,116,4,0,0,0,112,0
financial.income.rd_expense.ttm,2010,3,14,0,0,0,0,14,0
financial.income.rd_expense.ttm,2010,4,121,4,0,0,0,117,0
financial.income.rd_expense.ttm,2011,1,10792,38,0,0,0,10750,4
financial.income.rd_expense.ttm,2011,2,124,14,0,0,0,110,0
financial.income.rd_expense.ttm,2011,3,18,2,0,0,0,16,0
financial.income.rd_expense.ttm,2011,4,126,2,0,0,0,124,0
financial.income.rd_expense.ttm,2012,1,11367,54,0,0,0,11311,2
financial.income.rd_expense.ttm,2012,2,125,2,0,0,0,123,0
financial.income.rd_expense.ttm,2012,3,18,0,0,0,0,18,0
financial.income.rd_expense.ttm,2012,4,136,4,0,0,0,132,0
financial.income.rd_expense.ttm,2013,1,12097,92,0,0,0,12002,3
financial.income.rd_expense.ttm,2013,2,122,0,0,0,0,122,0
financial.income.rd_expense.ttm,2013,3,18,0,0,0,0,18,0
financial.income.rd_expense.ttm,2013,4,138,4,0,0,0,134,0
financial.income.rd_expense.ttm,2014,1,13212,112,0,0,0,13097,3
financial.income.rd_expense.ttm,2014,2,132,0,0,0,0,132,0
financial.income.rd_expense.ttm,2014,3,18,0,0,0,0,18,0
financial.income.rd_expense.ttm,2014,4,146,8,0,0,0,138,0
financial.income.rd_expense.ttm,2015,1,14005,90,0,0,1,13769,145
financial.income.rd_expense.ttm,2015,2,156,8,0,0,0,148,0
financial.income.rd_expense.ttm,2015,3,18,0,0,0,0,18,0
financial.income.rd_expense.ttm,2015,4,148,4,0,0,0,144,0
financial.income.rd_expense.ttm,2016,1,15893,506,0,0,2,14796,589
financial.income.rd_expense.ttm,2016,2,186,6,0,0,0,180,0
financial.income.rd_expense.ttm,2016,3,25,0,0,0,0,25,0
financial.income.rd_expense.ttm,2016,4,157,4,0,0,0,153,0
financial.income.rd_expense.ttm,2017,1,16826,516,0,0,4,14740,1566
financial.income.rd_expense.ttm,2017,2,224,4,0,0,0,220,0
financial.income.rd_expense.ttm,2017,3,27,0,0,0,0,27,0
financial.income.rd_expense.ttm,2017,4,166,4,0,0,0,162,0
financial.income.rd_expense.ttm,2018,1,23723,738,0,0,0,9293,13692
financial.income.rd_expense.ttm,2018,2,279,114,0,0,0,165,0
financial.income.rd_expense.ttm,2018,3,36,14,0,0,0,20,2
financial.income.rd_expense.ttm,2018,4,236,122,0,0,0,114,0
financial.income.rd_expense.ttm,2019,1,27444,9473,0,0,2,2019,15950
financial.income.rd_expense.ttm,2019,2,270,16,0,0,0,253,1
financial.income.rd_expense.ttm,2019,3,32,6,0,0,0,23,3
financial.income.rd_expense.ttm,2019,4,224,34,0,0,0,190,0
financial.income.rd_expense.ttm,2020,1,36317,7298,0,0,1,2799,26219
financial.income.rd_expense.ttm,2020,2,322,6,0,0,0,316,0
financial.income.rd_expense.ttm,2020,3,46,16,0,0,0,30,0
financial.income.rd_expense.ttm,2020,4,293,76,0,0,0,217,0
financial.income.rd_expense.ttm,2021,1,27642,5354,0,0,0,2069,20219
financial.income.rd_expense.ttm,2021,2,298,4,0,0,0,294,0
financial.income.rd_expense.ttm,2021,3,43,0,0,0,0,43,0
financial.income.rd_expense.ttm,2021,4,276,2,0,0,0,274,0
financial.income.rd_expense.ttm,2022,1,28238,8808,0,0,0,1509,17921
financial.income.rd_expense.ttm,2022,2,257,60,0,0,0,197,0
financial.income.rd_expense.ttm,2022,3,36,10,0,0,0,26,0
financial.income.rd_expense.ttm,2022,4,243,62,0,0,0,181,0
financial.income.rd_expense.ttm,2022,7,4,0,0,4,0,0,0
financial.income.rd_expense.ttm,2023,1,25177,3934,0,0,0,1485,19758
financial.income.rd_expense.ttm,2023,2,246,4,0,0,0,242,0
financial.income.rd_expense.ttm,2023,3,32,8,0,0,0,24,0
financial.income.rd_expense.ttm,2023,4,227,4,0,0,0,223,0
financial.income.rd_expense.ttm,2023,7,4,0,0,4,0,0,0
financial.income.rd_expense.ttm,2024,1,22728,3536,0,0,0,1277,17915
financial.income.rd_expense.ttm,2024,2,208,8,0,0,0,200,0
financial.income.rd_expense.ttm,2024,3,24,2,0,0,0,22,0
financial.income.rd_expense.ttm,2024,4,204,16,0,0,0,188,0
financial.income.rd_expense.ttm,2024,7,4,0,0,4,0,0,0
financial.income.rd_expense.ttm,2025,1,25614,8682,0,0,0,1047,15885
financial.income.rd_expense.ttm,2025,2,241,14,0,0,0,227,0
financial.income.rd_expense.ttm,2025,3,26,2,0,0,0,24,0
financial.income.rd_expense.ttm,2025,4,218,2,0,0,0,216,0
financial.income.rd_expense.ttm,2025,7,13,0,0,13,0,0,0
financial.income.rd_expense.ttm,2026,1,10446,5807,0,0,0,268,4371
financial.income.rd_expense.ttm,2026,2,119,44,0,0,0,75,0
financial.income.rd_expense.ttm,2026,3,13,4,0,0,0,9,0
financial.income.rd_expense.ttm,2026,4,109,36,0,0,0,73,0
financial.income.rd_expense.ttm,2026,7,6,0,0,6,0,0,0
financial.income.total_revenue.latest_fy,1990,1,2,0,0,0,0,0,2
financial.income.total_revenue.latest_fy,1991,1,11,0,0,0,0,0,11
financial.income.total_revenue.latest_fy,1992,1,32,0,0,0,3,0,29
financial.income.total_revenue.latest_fy,1993,1,232,0,0,0,0,0,232
financial.income.total_revenue.latest_fy,1994,1,723,0,0,0,1,0,722
financial.income.total_revenue.latest_fy,1994,2,1,0,0,0,0,0,1
financial.income.total_revenue.latest_fy,1994,4,1,0,0,0,0,0,1
financial.income.total_revenue.latest_fy,1995,1,1122,0,0,0,286,0,836
financial.income.total_revenue.latest_fy,1995,2,2,0,0,0,1,0,1
financial.income.total_revenue.latest_fy,1995,4,2,0,0,0,1,0,1
financial.income.total_revenue.latest_fy,1996,1,1398,0,0,0,472,0,926
financial.income.total_revenue.latest_fy,1996,2,3,0,0,0,1,0,2
financial.income.total_revenue.latest_fy,1996,4,2,0,0,0,1,0,1
financial.income.total_revenue.latest_fy,1997,1,1821,0,0,0,741,0,1080
financial.income.total_revenue.latest_fy,1997,2,4,0,0,0,1,0,3
financial.income.total_revenue.latest_fy,1997,4,2,0,0,0,1,0,1
financial.income.total_revenue.latest_fy,1998,1,1905,0,0,0,785,0,1120
financial.income.total_revenue.latest_fy,1998,2,4,0,0,0,1,0,3
financial.income.total_revenue.latest_fy,1998,4,2,0,0,0,1,0,1
financial.income.total_revenue.latest_fy,1999,1,2136,2,0,0,955,0,1179
financial.income.total_revenue.latest_fy,1999,2,6,0,0,0,2,0,4
financial.income.total_revenue.latest_fy,1999,4,3,0,0,0,1,0,2
financial.income.total_revenue.latest_fy,2000,1,2383,2,0,0,1125,0,1256
financial.income.total_revenue.latest_fy,2000,2,8,0,0,0,3,0,5
financial.income.total_revenue.latest_fy,2000,4,3,0,0,0,1,0,2
financial.income.total_revenue.latest_fy,2001,1,2780,0,0,0,1406,1,1373
financial.income.total_revenue.latest_fy,2001,2,16,0,0,0,9,0,7
financial.income.total_revenue.latest_fy,2001,4,4,0,0,0,1,0,3
financial.income.total_revenue.latest_fy,2002,1,4870,2,0,0,3481,0,1387
financial.income.total_revenue.latest_fy,2002,2,25,0,0,0,13,0,12
financial.income.total_revenue.latest_fy,2002,4,9,0,0,0,5,0,4
financial.income.total_revenue.latest_fy,2003,1,5262,2,0,0,3804,0,1456
financial.income.total_revenue.latest_fy,2003,2,30,0,0,0,15,0,15
financial.income.total_revenue.latest_fy,2003,3,2,0,0,0,0,0,2
financial.income.total_revenue.latest_fy,2003,4,10,0,0,0,6,0,4
financial.income.total_revenue.latest_fy,2004,1,5606,2,0,0,4025,0,1579
financial.income.total_revenue.latest_fy,2004,2,31,0,0,0,14,0,17
financial.income.total_revenue.latest_fy,2004,3,3,0,0,0,0,0,3
financial.income.total_revenue.latest_fy,2004,4,11,0,0,0,6,0,5
financial.income.total_revenue.latest_fy,2005,1,5731,4,0,0,4011,0,1716
financial.income.total_revenue.latest_fy,2005,2,49,0,0,0,17,0,32
financial.income.total_revenue.latest_fy,2005,3,6,0,0,0,1,2,3
financial.income.total_revenue.latest_fy,2005,4,13,0,0,0,6,0,7
financial.income.total_revenue.latest_fy,2006,1,6360,2,0,0,4477,0,1881
financial.income.total_revenue.latest_fy,2006,2,71,0,0,0,34,0,37
financial.income.total_revenue.latest_fy,2006,3,8,0,0,0,3,0,5
financial.income.total_revenue.latest_fy,2006,4,23,0,0,0,12,0,11
financial.income.total_revenue.latest_fy,2007,1,7111,14,0,0,4816,1,2280
financial.income.total_revenue.latest_fy,2007,2,89,0,0,0,45,0,44
financial.income.total_revenue.latest_fy,2007,3,14,0,0,0,9,0,5
financial.income.total_revenue.latest_fy,2007,4,59,2,0,0,14,0,43
financial.income.total_revenue.latest_fy,2008,1,7580,18,0,0,4981,12,2569
financial.income.total_revenue.latest_fy,2008,2,98,0,0,0,54,0,44
financial.income.total_revenue.latest_fy,2008,3,14,0,0,0,9,0,5
financial.income.total_revenue.latest_fy,2008,4,98,4,0,0,51,0,43
financial.income.total_revenue.latest_fy,2009,1,8635,16,0,0,5885,13,2721
financial.income.total_revenue.latest_fy,2009,2,108,0,0,0,62,1,45
financial.income.total_revenue.latest_fy,2009,3,14,0,0,0,9,0,5
financial.income.total_revenue.latest_fy,2009,4,109,2,0,0,63,0,44
financial.income.total_revenue.latest_fy,2010,1,9599,22,0,0,6823,13,2741
financial.income.total_revenue.latest_fy,2010,2,116,4,0,0,65,1,46
financial.income.total_revenue.latest_fy,2010,3,14,0,0,0,10,0,4
financial.income.total_revenue.latest_fy,2010,4,121,4,0,0,72,0,45
financial.income.total_revenue.latest_fy,2011,1,10792,38,0,0,7440,17,3297
financial.income.total_revenue.latest_fy,2011,2,124,14,0,0,62,0,48
financial.income.total_revenue.latest_fy,2011,3,18,2,0,0,11,0,5
financial.income.total_revenue.latest_fy,2011,4,126,2,0,0,78,0,46
financial.income.total_revenue.latest_fy,2012,1,11367,54,0,0,7630,27,3656
financial.income.total_revenue.latest_fy,2012,2,125,2,0,0,69,0,54
financial.income.total_revenue.latest_fy,2012,3,18,0,0,0,13,0,5
financial.income.total_revenue.latest_fy,2012,4,136,4,0,0,86,0,46
financial.income.total_revenue.latest_fy,2013,1,12097,92,0,0,7850,23,4132
financial.income.total_revenue.latest_fy,2013,2,122,0,0,0,66,0,56
financial.income.total_revenue.latest_fy,2013,3,18,0,0,0,13,0,5
financial.income.total_revenue.latest_fy,2013,4,138,4,0,0,89,0,45
financial.income.total_revenue.latest_fy,2014,1,13212,112,0,0,8714,19,4367
financial.income.total_revenue.latest_fy,2014,2,132,0,0,0,75,0,57
financial.income.total_revenue.latest_fy,2014,3,18,0,0,0,13,0,5
financial.income.total_revenue.latest_fy,2014,4,146,8,0,0,94,0,44
financial.income.total_revenue.latest_fy,2015,1,14005,90,0,0,9399,10,4506
financial.income.total_revenue.latest_fy,2015,2,156,8,0,0,94,0,54
financial.income.total_revenue.latest_fy,2015,3,18,0,0,0,12,0,6
financial.income.total_revenue.latest_fy,2015,4,148,4,0,0,98,0,46
financial.income.total_revenue.latest_fy,2016,1,15893,506,0,0,10796,12,4579
financial.income.total_revenue.latest_fy,2016,2,186,6,0,0,124,0,56
financial.income.total_revenue.latest_fy,2016,3,25,0,0,0,18,0,7
financial.income.total_revenue.latest_fy,2016,4,157,4,0,0,105,0,48
financial.income.total_revenue.latest_fy,2017,1,16826,516,0,0,11124,13,5173
financial.income.total_revenue.latest_fy,2017,2,224,4,0,0,142,0,78
financial.income.total_revenue.latest_fy,2017,3,27,0,0,0,20,0,7
financial.income.total_revenue.latest_fy,2017,4,166,4,0,0,112,0,50
financial.income.total_revenue.latest_fy,2018,1,23723,738,0,0,15218,14,7753
financial.income.total_revenue.latest_fy,2018,2,279,114,0,0,94,0,71
financial.income.total_revenue.latest_fy,2018,3,36,14,0,0,14,0,8
financial.income.total_revenue.latest_fy,2018,4,236,122,0,0,67,0,47
financial.income.total_revenue.latest_fy,2019,1,27444,9473,0,0,8315,15,9641
financial.income.total_revenue.latest_fy,2019,2,270,16,0,0,166,0,88
financial.income.total_revenue.latest_fy,2019,3,32,6,0,0,21,0,5
financial.income.total_revenue.latest_fy,2019,4,224,34,0,0,126,0,64
financial.income.total_revenue.latest_fy,2020,1,36317,7298,0,0,18995,13,10011
financial.income.total_revenue.latest_fy,2020,2,322,6,0,0,222,0,94
financial.income.total_revenue.latest_fy,2020,3,46,16,0,0,24,0,6
financial.income.total_revenue.latest_fy,2020,4,293,76,0,0,163,0,54
financial.income.total_revenue.latest_fy,2021,1,27642,5354,0,0,12340,6,9942
financial.income.total_revenue.latest_fy,2021,2,298,4,0,0,198,0,96
financial.income.total_revenue.latest_fy,2021,3,43,0,0,0,29,0,14
financial.income.total_revenue.latest_fy,2021,4,276,2,0,0,185,0,89
financial.income.total_revenue.latest_fy,2022,1,28238,8808,0,0,10426,3,9001
financial.income.total_revenue.latest_fy,2022,2,257,60,0,0,168,0,29
financial.income.total_revenue.latest_fy,2022,3,36,10,0,0,24,0,2
financial.income.total_revenue.latest_fy,2022,4,243,62,0,0,157,0,24
financial.income.total_revenue.latest_fy,2022,7,4,0,0,4,0,0,0
financial.income.total_revenue.latest_fy,2023,1,25177,3934,0,0,15860,3,5380
financial.income.total_revenue.latest_fy,2023,2,246,4,0,0,180,0,62
financial.income.total_revenue.latest_fy,2023,3,32,8,0,0,17,0,7
financial.income.total_revenue.latest_fy,2023,4,227,4,0,0,167,0,56
financial.income.total_revenue.latest_fy,2023,7,4,0,0,4,0,0,0
financial.income.total_revenue.latest_fy,2024,1,22728,3536,0,0,13804,2,5386
financial.income.total_revenue.latest_fy,2024,2,208,8,0,0,149,0,51
financial.income.total_revenue.latest_fy,2024,3,24,2,0,0,18,0,4
financial.income.total_revenue.latest_fy,2024,4,204,16,0,0,144,0,44
financial.income.total_revenue.latest_fy,2024,7,4,0,0,4,0,0,0
financial.income.total_revenue.latest_fy,2025,1,25614,8682,0,0,11992,1,4939
financial.income.total_revenue.latest_fy,2025,2,241,14,0,0,166,0,61
financial.income.total_revenue.latest_fy,2025,3,26,2,0,0,17,0,7
financial.income.total_revenue.latest_fy,2025,4,218,2,0,0,162,0,54
financial.income.total_revenue.latest_fy,2025,7,13,0,0,13,0,0,0
financial.income.total_revenue.latest_fy,2026,1,10446,5807,0,0,4639,0,0
financial.income.total_revenue.latest_fy,2026,2,119,44,0,0,75,0,0
financial.income.total_revenue.latest_fy,2026,3,13,4,0,0,9,0,0
financial.income.total_revenue.latest_fy,2026,4,109,36,0,0,73,0,0
financial.income.total_revenue.latest_fy,2026,7,6,0,0,6,0,0,0
financial.income.total_revenue.ttm,1990,1,2,0,0,0,0,0,2
financial.income.total_revenue.ttm,1991,1,11,0,0,0,0,0,11
financial.income.total_revenue.ttm,1992,1,32,0,0,0,0,0,32
financial.income.total_revenue.ttm,1993,1,232,0,0,0,0,0,232
financial.income.total_revenue.ttm,1994,1,723,0,0,0,0,0,723
financial.income.total_revenue.ttm,1994,2,1,0,0,0,0,0,1
financial.income.total_revenue.ttm,1994,4,1,0,0,0,0,0,1
financial.income.total_revenue.ttm,1995,1,1122,0,0,0,0,0,1122
financial.income.total_revenue.ttm,1995,2,2,0,0,0,0,0,2
financial.income.total_revenue.ttm,1995,4,2,0,0,0,0,0,2
financial.income.total_revenue.ttm,1996,1,1398,0,0,0,0,0,1398
financial.income.total_revenue.ttm,1996,2,3,0,0,0,0,0,3
financial.income.total_revenue.ttm,1996,4,2,0,0,0,0,0,2
financial.income.total_revenue.ttm,1997,1,1821,0,0,0,0,0,1821
financial.income.total_revenue.ttm,1997,2,4,0,0,0,0,0,4
financial.income.total_revenue.ttm,1997,4,2,0,0,0,0,0,2
financial.income.total_revenue.ttm,1998,1,1905,0,0,0,0,0,1905
financial.income.total_revenue.ttm,1998,2,4,0,0,0,0,0,4
financial.income.total_revenue.ttm,1998,4,2,0,0,0,0,0,2
financial.income.total_revenue.ttm,1999,1,2136,2,0,0,0,0,2134
financial.income.total_revenue.ttm,1999,2,6,0,0,0,0,0,6
financial.income.total_revenue.ttm,1999,4,3,0,0,0,0,0,3
financial.income.total_revenue.ttm,2000,1,2383,2,0,0,0,0,2381
financial.income.total_revenue.ttm,2000,2,8,0,0,0,0,0,8
financial.income.total_revenue.ttm,2000,4,3,0,0,0,0,0,3
financial.income.total_revenue.ttm,2001,1,2780,0,0,0,0,1,2779
financial.income.total_revenue.ttm,2001,2,16,0,0,0,0,0,16
financial.income.total_revenue.ttm,2001,4,4,0,0,0,0,0,4
financial.income.total_revenue.ttm,2002,1,4870,2,0,0,0,0,4868
financial.income.total_revenue.ttm,2002,2,25,0,0,0,0,0,25
financial.income.total_revenue.ttm,2002,4,9,0,0,0,0,0,9
financial.income.total_revenue.ttm,2003,1,5262,2,0,0,0,0,5260
financial.income.total_revenue.ttm,2003,2,30,0,0,0,0,0,30
financial.income.total_revenue.ttm,2003,3,2,0,0,0,0,0,2
financial.income.total_revenue.ttm,2003,4,10,0,0,0,0,0,10
financial.income.total_revenue.ttm,2004,1,5606,2,0,0,0,0,5604
financial.income.total_revenue.ttm,2004,2,31,0,0,0,0,0,31
financial.income.total_revenue.ttm,2004,3,3,0,0,0,0,0,3
financial.income.total_revenue.ttm,2004,4,11,0,0,0,0,0,11
financial.income.total_revenue.ttm,2005,1,5731,4,0,0,0,0,5727
financial.income.total_revenue.ttm,2005,2,49,0,0,0,0,0,49
financial.income.total_revenue.ttm,2005,3,6,0,0,0,0,2,4
financial.income.total_revenue.ttm,2005,4,13,0,0,0,0,0,13
financial.income.total_revenue.ttm,2006,1,6360,2,0,0,0,2,6356
financial.income.total_revenue.ttm,2006,2,71,0,0,0,0,0,71
financial.income.total_revenue.ttm,2006,3,8,0,0,0,0,0,8
financial.income.total_revenue.ttm,2006,4,23,0,0,0,0,0,23
financial.income.total_revenue.ttm,2007,1,7111,14,0,0,0,13,7084
financial.income.total_revenue.ttm,2007,2,89,0,0,0,0,0,89
financial.income.total_revenue.ttm,2007,3,14,0,0,0,0,0,14
financial.income.total_revenue.ttm,2007,4,59,2,0,0,0,0,57
financial.income.total_revenue.ttm,2008,1,7580,18,0,0,0,25,7537
financial.income.total_revenue.ttm,2008,2,98,0,0,0,0,0,98
financial.income.total_revenue.ttm,2008,3,14,0,0,0,0,0,14
financial.income.total_revenue.ttm,2008,4,98,4,0,0,0,1,93
financial.income.total_revenue.ttm,2009,1,8635,16,0,0,0,43,8576
financial.income.total_revenue.ttm,2009,2,108,0,0,0,0,1,107
financial.income.total_revenue.ttm,2009,3,14,0,0,0,0,0,14
financial.income.total_revenue.ttm,2009,4,109,2,0,0,0,2,105
financial.income.total_revenue.ttm,2010,1,9599,22,0,0,0,61,9516
financial.income.total_revenue.ttm,2010,2,116,4,0,0,0,1,111
financial.income.total_revenue.ttm,2010,3,14,0,0,0,0,0,14
financial.income.total_revenue.ttm,2010,4,121,4,0,0,0,2,115
financial.income.total_revenue.ttm,2011,1,10792,38,0,0,0,64,10690
financial.income.total_revenue.ttm,2011,2,124,14,0,0,0,0,110
financial.income.total_revenue.ttm,2011,3,18,2,0,0,0,0,16
financial.income.total_revenue.ttm,2011,4,126,2,0,0,0,2,122
financial.income.total_revenue.ttm,2012,1,11367,54,0,0,0,74,11239
financial.income.total_revenue.ttm,2012,2,125,2,0,0,0,0,123
financial.income.total_revenue.ttm,2012,3,18,0,0,0,0,0,18
financial.income.total_revenue.ttm,2012,4,136,4,0,0,0,2,130
financial.income.total_revenue.ttm,2013,1,12097,92,0,0,0,50,11955
financial.income.total_revenue.ttm,2013,2,122,0,0,0,0,0,122
financial.income.total_revenue.ttm,2013,3,18,0,0,0,0,0,18
financial.income.total_revenue.ttm,2013,4,138,4,0,0,0,3,131
financial.income.total_revenue.ttm,2014,1,13212,112,0,0,0,47,13053
financial.income.total_revenue.ttm,2014,2,132,0,0,0,0,0,132
financial.income.total_revenue.ttm,2014,3,18,0,0,0,0,0,18
financial.income.total_revenue.ttm,2014,4,146,8,0,0,0,3,135
financial.income.total_revenue.ttm,2015,1,14005,90,0,0,1,36,13878
financial.income.total_revenue.ttm,2015,2,156,8,0,0,0,0,148
financial.income.total_revenue.ttm,2015,3,18,0,0,0,0,0,18
financial.income.total_revenue.ttm,2015,4,148,4,0,0,0,2,142
financial.income.total_revenue.ttm,2016,1,15893,506,0,0,2,45,15340
financial.income.total_revenue.ttm,2016,2,186,6,0,0,0,0,180
financial.income.total_revenue.ttm,2016,3,25,0,0,0,0,0,25
financial.income.total_revenue.ttm,2016,4,157,4,0,0,0,1,152
financial.income.total_revenue.ttm,2017,1,16826,516,0,0,4,44,16262
financial.income.total_revenue.ttm,2017,2,224,4,0,0,0,0,220
financial.income.total_revenue.ttm,2017,3,27,0,0,0,0,0,27
financial.income.total_revenue.ttm,2017,4,166,4,0,0,0,0,162
financial.income.total_revenue.ttm,2018,1,23723,738,0,0,0,59,22926
financial.income.total_revenue.ttm,2018,2,279,114,0,0,0,0,165
financial.income.total_revenue.ttm,2018,3,36,14,0,0,0,0,22
financial.income.total_revenue.ttm,2018,4,236,122,0,0,0,0,114
financial.income.total_revenue.ttm,2019,1,27444,9473,0,0,2,50,17919
financial.income.total_revenue.ttm,2019,2,270,16,0,0,0,0,254
financial.income.total_revenue.ttm,2019,3,32,6,0,0,0,0,26
financial.income.total_revenue.ttm,2019,4,224,34,0,0,0,0,190
financial.income.total_revenue.ttm,2020,1,36317,7298,0,0,1,43,28975
financial.income.total_revenue.ttm,2020,2,322,6,0,0,0,0,316
financial.income.total_revenue.ttm,2020,3,46,16,0,0,0,0,30
financial.income.total_revenue.ttm,2020,4,293,76,0,0,0,0,217
financial.income.total_revenue.ttm,2021,1,27642,5354,0,0,0,31,22257
financial.income.total_revenue.ttm,2021,2,298,4,0,0,0,0,294
financial.income.total_revenue.ttm,2021,3,43,0,0,0,0,0,43
financial.income.total_revenue.ttm,2021,4,276,2,0,0,0,0,274
financial.income.total_revenue.ttm,2022,1,28238,8808,0,0,0,17,19413
financial.income.total_revenue.ttm,2022,2,257,60,0,0,0,0,197
financial.income.total_revenue.ttm,2022,3,36,10,0,0,0,0,26
financial.income.total_revenue.ttm,2022,4,243,62,0,0,0,0,181
financial.income.total_revenue.ttm,2022,7,4,0,0,4,0,0,0
financial.income.total_revenue.ttm,2023,1,25177,3934,0,0,0,12,21231
financial.income.total_revenue.ttm,2023,2,246,4,0,0,0,0,242
financial.income.total_revenue.ttm,2023,3,32,8,0,0,0,0,24
financial.income.total_revenue.ttm,2023,4,227,4,0,0,0,0,223
financial.income.total_revenue.ttm,2023,7,4,0,0,4,0,0,0
financial.income.total_revenue.ttm,2024,1,22728,3536,0,0,0,7,19185
financial.income.total_revenue.ttm,2024,2,208,8,0,0,0,0,200
financial.income.total_revenue.ttm,2024,3,24,2,0,0,0,0,22
financial.income.total_revenue.ttm,2024,4,204,16,0,0,0,0,188
financial.income.total_revenue.ttm,2024,7,4,0,0,4,0,0,0
financial.income.total_revenue.ttm,2025,1,25614,8682,0,0,0,7,16925
financial.income.total_revenue.ttm,2025,2,241,14,0,0,0,0,227
financial.income.total_revenue.ttm,2025,3,26,2,0,0,0,0,24
financial.income.total_revenue.ttm,2025,4,218,2,0,0,0,0,216
financial.income.total_revenue.ttm,2025,7,13,0,0,13,0,0,0
financial.income.total_revenue.ttm,2026,1,10446,5807,0,0,0,3,4636
financial.income.total_revenue.ttm,2026,2,119,44,0,0,0,0,75
financial.income.total_revenue.ttm,2026,3,13,4,0,0,0,0,9
financial.income.total_revenue.ttm,2026,4,109,36,0,0,0,0,73
financial.income.total_revenue.ttm,2026,7,6,0,0,6,0,0,0
