field_id,year,company_type,listed_security_sessions,dsl_non_null,dsl_missing
financial.indicator.adminexp_of_gr,2010,not_provided_by_source,452712,83,452629
financial.indicator.adminexp_of_gr,2011,not_provided_by_source,536606,244,536362
financial.indicator.adminexp_of_gr,2012,not_provided_by_source,586712,274,586438
financial.indicator.adminexp_of_gr,2013,not_provided_by_source,587580,238,587342
financial.indicator.adminexp_of_gr,2014,not_provided_by_source,620068,265,619803
financial.indicator.adminexp_of_gr,2015,not_provided_by_source,665185,257,664928
financial.indicator.adminexp_of_gr,2016,not_provided_by_source,704146,258,703888
financial.indicator.adminexp_of_gr,2017,not_provided_by_source,799069,757,798312
financial.indicator.adminexp_of_gr,2018,not_provided_by_source,856805,1845,854960
financial.indicator.adminexp_of_gr,2019,not_provided_by_source,890261,1603,888658
financial.indicator.adminexp_of_gr,2020,not_provided_by_source,952002,3557,948445
financial.indicator.adminexp_of_gr,2021,not_provided_by_source,1062390,905,1061485
financial.indicator.adminexp_of_gr,2022,not_provided_by_source,1149262,2483,1146779
financial.indicator.adminexp_of_gr,2023,not_provided_by_source,1211954,374060,837894
financial.indicator.adminexp_of_gr,2024,not_provided_by_source,1236332,1059899,176433
financial.indicator.adminexp_of_gr,2025,not_provided_by_source,1251467,895021,356446
financial.indicator.adminexp_of_gr,2026,not_provided_by_source,868253,660767,207486
financial.indicator.ar_turn,2010,not_provided_by_source,452712,83,452629
financial.indicator.ar_turn,2011,not_provided_by_source,536606,244,536362
financial.indicator.ar_turn,2012,not_provided_by_source,586712,274,586438
financial.indicator.ar_turn,2013,not_provided_by_source,587580,238,587342
financial.indicator.ar_turn,2014,not_provided_by_source,620068,265,619803
financial.indicator.ar_turn,2015,not_provided_by_source,665185,257,664928
financial.indicator.ar_turn,2016,not_provided_by_source,704146,258,703888
financial.indicator.ar_turn,2017,not_provided_by_source,799069,757,798312
financial.indicator.ar_turn,2018,not_provided_by_source,856805,1805,855000
financial.indicator.ar_turn,2019,not_provided_by_source,890261,1603,888658
financial.indicator.ar_turn,2020,not_provided_by_source,952002,3436,948566
financial.indicator.ar_turn,2021,not_provided_by_source,1062390,905,1061485
financial.indicator.ar_turn,2022,not_provided_by_source,1149262,2483,1146779
financial.indicator.ar_turn,2023,not_provided_by_source,1211954,365977,845977
financial.indicator.ar_turn,2024,not_provided_by_source,1236332,1036794,199538
financial.indicator.ar_turn,2025,not_provided_by_source,1251467,873548,377919
financial.indicator.ar_turn,2026,not_provided_by_source,868253,645313,222940
financial.indicator.arturn_days,2010,not_provided_by_source,452712,83,452629
financial.indicator.arturn_days,2011,not_provided_by_source,536606,244,536362
financial.indicator.arturn_days,2012,not_provided_by_source,586712,274,586438
financial.indicator.arturn_days,2013,not_provided_by_source,587580,238,587342
financial.indicator.arturn_days,2014,not_provided_by_source,620068,265,619803
financial.indicator.arturn_days,2015,not_provided_by_source,665185,257,664928
financial.indicator.arturn_days,2016,not_provided_by_source,704146,258,703888
financial.indicator.arturn_days,2017,not_provided_by_source,799069,757,798312
financial.indicator.arturn_days,2018,not_provided_by_source,856805,1805,855000
financial.indicator.arturn_days,2019,not_provided_by_source,890261,1603,888658
financial.indicator.arturn_days,2020,not_provided_by_source,952002,3436,948566
financial.indicator.arturn_days,2021,not_provided_by_source,1062390,905,1061485
financial.indicator.arturn_days,2022,not_provided_by_source,1149262,2483,1146779
financial.indicator.arturn_days,2023,not_provided_by_source,1211954,365977,845977
financial.indicator.arturn_days,2024,not_provided_by_source,1236332,1036755,199577
financial.indicator.arturn_days,2025,not_provided_by_source,1251467,873548,377919
financial.indicator.arturn_days,2026,not_provided_by_source,868253,645313,222940
financial.indicator.assets_to_eqt,2010,not_provided_by_source,452712,83,452629
financial.indicator.assets_to_eqt,2011,not_provided_by_source,536606,244,536362
financial.indicator.assets_to_eqt,2012,not_provided_by_source,586712,274,586438
financial.indicator.assets_to_eqt,2013,not_provided_by_source,587580,238,587342
financial.indicator.assets_to_eqt,2014,not_provided_by_source,620068,265,619803
financial.indicator.assets_to_eqt,2015,not_provided_by_source,665185,257,664928
financial.indicator.assets_to_eqt,2016,not_provided_by_source,704146,258,703888
financial.indicator.assets_to_eqt,2017,not_provided_by_source,799069,757,798312
financial.indicator.assets_to_eqt,2018,not_provided_by_source,856805,1845,854960
financial.indicator.assets_to_eqt,2019,not_provided_by_source,890261,1603,888658
financial.indicator.assets_to_eqt,2020,not_provided_by_source,952002,3557,948445
financial.indicator.assets_to_eqt,2021,not_provided_by_source,1062390,905,1061485
financial.indicator.assets_to_eqt,2022,not_provided_by_source,1149262,2483,1146779
financial.indicator.assets_to_eqt,2023,not_provided_by_source,1211954,371868,840086
financial.indicator.assets_to_eqt,2024,not_provided_by_source,1236332,1054731,181601
financial.indicator.assets_to_eqt,2025,not_provided_by_source,1251467,889931,361536
financial.indicator.assets_to_eqt,2026,not_provided_by_source,868253,656399,211854
financial.indicator.assets_turn,2010,not_provided_by_source,452712,83,452629
financial.indicator.assets_turn,2011,not_provided_by_source,536606,244,536362
financial.indicator.assets_turn,2012,not_provided_by_source,586712,274,586438
financial.indicator.assets_turn,2013,not_provided_by_source,587580,238,587342
financial.indicator.assets_turn,2014,not_provided_by_source,620068,265,619803
financial.indicator.assets_turn,2015,not_provided_by_source,665185,257,664928
financial.indicator.assets_turn,2016,not_provided_by_source,704146,258,703888
financial.indicator.assets_turn,2017,not_provided_by_source,799069,757,798312
financial.indicator.assets_turn,2018,not_provided_by_source,856805,1845,854960
financial.indicator.assets_turn,2019,not_provided_by_source,890261,1603,888658
financial.indicator.assets_turn,2020,not_provided_by_source,952002,3557,948445
financial.indicator.assets_turn,2021,not_provided_by_source,1062390,905,1061485
financial.indicator.assets_turn,2022,not_provided_by_source,1149262,2483,1146779
financial.indicator.assets_turn,2023,not_provided_by_source,1211954,374060,837894
financial.indicator.assets_turn,2024,not_provided_by_source,1236332,1059938,176394
financial.indicator.assets_turn,2025,not_provided_by_source,1251467,895089,356378
financial.indicator.assets_turn,2026,not_provided_by_source,868253,660814,207439
financial.indicator.assets_ytd_growth,2010,not_provided_by_source,452712,83,452629
financial.indicator.assets_ytd_growth,2011,not_provided_by_source,536606,244,536362
financial.indicator.assets_ytd_growth,2012,not_provided_by_source,586712,274,586438
financial.indicator.assets_ytd_growth,2013,not_provided_by_source,587580,238,587342
financial.indicator.assets_ytd_growth,2014,not_provided_by_source,620068,265,619803
financial.indicator.assets_ytd_growth,2015,not_provided_by_source,665185,257,664928
financial.indicator.assets_ytd_growth,2016,not_provided_by_source,704146,258,703888
financial.indicator.assets_ytd_growth,2017,not_provided_by_source,799069,757,798312
financial.indicator.assets_ytd_growth,2018,not_provided_by_source,856805,1845,854960
financial.indicator.assets_ytd_growth,2019,not_provided_by_source,890261,1603,888658
financial.indicator.assets_ytd_growth,2020,not_provided_by_source,952002,3557,948445
financial.indicator.assets_ytd_growth,2021,not_provided_by_source,1062390,905,1061485
financial.indicator.assets_ytd_growth,2022,not_provided_by_source,1149262,2483,1146779
financial.indicator.assets_ytd_growth,2023,not_provided_by_source,1211954,374105,837849
financial.indicator.assets_ytd_growth,2024,not_provided_by_source,1236332,1060176,176156
financial.indicator.assets_ytd_growth,2025,not_provided_by_source,1251467,895136,356331
financial.indicator.assets_ytd_growth,2026,not_provided_by_source,868253,660866,207387
financial.indicator.basic_eps_yoy,2010,not_provided_by_source,452712,51,452661
financial.indicator.basic_eps_yoy,2011,not_provided_by_source,536606,244,536362
financial.indicator.basic_eps_yoy,2012,not_provided_by_source,586712,274,586438
financial.indicator.basic_eps_yoy,2013,not_provided_by_source,587580,238,587342
financial.indicator.basic_eps_yoy,2014,not_provided_by_source,620068,265,619803
financial.indicator.basic_eps_yoy,2015,not_provided_by_source,665185,257,664928
financial.indicator.basic_eps_yoy,2016,not_provided_by_source,704146,258,703888
financial.indicator.basic_eps_yoy,2017,not_provided_by_source,799069,757,798312
financial.indicator.basic_eps_yoy,2018,not_provided_by_source,856805,1845,854960
financial.indicator.basic_eps_yoy,2019,not_provided_by_source,890261,1585,888676
financial.indicator.basic_eps_yoy,2020,not_provided_by_source,952002,3557,948445
financial.indicator.basic_eps_yoy,2021,not_provided_by_source,1062390,905,1061485
financial.indicator.basic_eps_yoy,2022,not_provided_by_source,1149262,2483,1146779
financial.indicator.basic_eps_yoy,2023,not_provided_by_source,1211954,373905,838049
financial.indicator.basic_eps_yoy,2024,not_provided_by_source,1236332,1058323,178009
financial.indicator.basic_eps_yoy,2025,not_provided_by_source,1251467,893791,357676
financial.indicator.basic_eps_yoy,2026,not_provided_by_source,868253,659054,209199
financial.indicator.bps,2010,not_provided_by_source,452712,83,452629
financial.indicator.bps,2011,not_provided_by_source,536606,244,536362
financial.indicator.bps,2012,not_provided_by_source,586712,274,586438
financial.indicator.bps,2013,not_provided_by_source,587580,238,587342
financial.indicator.bps,2014,not_provided_by_source,620068,265,619803
financial.indicator.bps,2015,not_provided_by_source,665185,257,664928
financial.indicator.bps,2016,not_provided_by_source,704146,258,703888
financial.indicator.bps,2017,not_provided_by_source,799069,757,798312
financial.indicator.bps,2018,not_provided_by_source,856805,1845,854960
financial.indicator.bps,2019,not_provided_by_source,890261,1603,888658
financial.indicator.bps,2020,not_provided_by_source,952002,3557,948445
financial.indicator.bps,2021,not_provided_by_source,1062390,905,1061485
financial.indicator.bps,2022,not_provided_by_source,1149262,2483,1146779
financial.indicator.bps,2023,not_provided_by_source,1211954,374105,837849
financial.indicator.bps,2024,not_provided_by_source,1236332,1060176,176156
financial.indicator.bps,2025,not_provided_by_source,1251467,895068,356399
financial.indicator.bps,2026,not_provided_by_source,868253,660918,207335
financial.indicator.bps_ytd_growth,2010,not_provided_by_source,452712,83,452629
financial.indicator.bps_ytd_growth,2011,not_provided_by_source,536606,244,536362
financial.indicator.bps_ytd_growth,2012,not_provided_by_source,586712,274,586438
financial.indicator.bps_ytd_growth,2013,not_provided_by_source,587580,238,587342
financial.indicator.bps_ytd_growth,2014,not_provided_by_source,620068,265,619803
financial.indicator.bps_ytd_growth,2015,not_provided_by_source,665185,257,664928
financial.indicator.bps_ytd_growth,2016,not_provided_by_source,704146,258,703888
financial.indicator.bps_ytd_growth,2017,not_provided_by_source,799069,757,798312
financial.indicator.bps_ytd_growth,2018,not_provided_by_source,856805,1845,854960
financial.indicator.bps_ytd_growth,2019,not_provided_by_source,890261,1603,888658
financial.indicator.bps_ytd_growth,2020,not_provided_by_source,952002,3557,948445
financial.indicator.bps_ytd_growth,2021,not_provided_by_source,1062390,905,1061485
financial.indicator.bps_ytd_growth,2022,not_provided_by_source,1149262,2483,1146779
financial.indicator.bps_ytd_growth,2023,not_provided_by_source,1211954,374105,837849
financial.indicator.bps_ytd_growth,2024,not_provided_by_source,1236332,1060176,176156
financial.indicator.bps_ytd_growth,2025,not_provided_by_source,1251467,895068,356399
financial.indicator.bps_ytd_growth,2026,not_provided_by_source,868253,660814,207439
financial.indicator.ca_to_assets,2010,not_provided_by_source,452712,83,452629
financial.indicator.ca_to_assets,2011,not_provided_by_source,536606,244,536362
financial.indicator.ca_to_assets,2012,not_provided_by_source,586712,274,586438
financial.indicator.ca_to_assets,2013,not_provided_by_source,587580,238,587342
financial.indicator.ca_to_assets,2014,not_provided_by_source,620068,265,619803
financial.indicator.ca_to_assets,2015,not_provided_by_source,665185,257,664928
financial.indicator.ca_to_assets,2016,not_provided_by_source,704146,258,703888
financial.indicator.ca_to_assets,2017,not_provided_by_source,799069,757,798312
financial.indicator.ca_to_assets,2018,not_provided_by_source,856805,1845,854960
financial.indicator.ca_to_assets,2019,not_provided_by_source,890261,1603,888658
financial.indicator.ca_to_assets,2020,not_provided_by_source,952002,3436,948566
financial.indicator.ca_to_assets,2021,not_provided_by_source,1062390,905,1061485
financial.indicator.ca_to_assets,2022,not_provided_by_source,1149262,2483,1146779
financial.indicator.ca_to_assets,2023,not_provided_by_source,1211954,367020,844934
financial.indicator.ca_to_assets,2024,not_provided_by_source,1236332,1040163,196169
financial.indicator.ca_to_assets,2025,not_provided_by_source,1251467,875436,376031
financial.indicator.ca_to_assets,2026,not_provided_by_source,868253,646559,221694
financial.indicator.ca_turn,2010,not_provided_by_source,452712,83,452629
financial.indicator.ca_turn,2011,not_provided_by_source,536606,244,536362
financial.indicator.ca_turn,2012,not_provided_by_source,586712,274,586438
financial.indicator.ca_turn,2013,not_provided_by_source,587580,238,587342
financial.indicator.ca_turn,2014,not_provided_by_source,620068,265,619803
financial.indicator.ca_turn,2015,not_provided_by_source,665185,257,664928
financial.indicator.ca_turn,2016,not_provided_by_source,704146,258,703888
financial.indicator.ca_turn,2017,not_provided_by_source,799069,757,798312
financial.indicator.ca_turn,2018,not_provided_by_source,856805,1845,854960
financial.indicator.ca_turn,2019,not_provided_by_source,890261,1603,888658
financial.indicator.ca_turn,2020,not_provided_by_source,952002,3436,948566
financial.indicator.ca_turn,2021,not_provided_by_source,1062390,905,1061485
financial.indicator.ca_turn,2022,not_provided_by_source,1149262,2483,1146779
financial.indicator.ca_turn,2023,not_provided_by_source,1211954,366975,844979
financial.indicator.ca_turn,2024,not_provided_by_source,1236332,1039925,196407
financial.indicator.ca_turn,2025,not_provided_by_source,1251467,875389,376078
financial.indicator.ca_turn,2026,not_provided_by_source,868253,646403,221850
financial.indicator.capital_rese_ps,2010,not_provided_by_source,452712,83,452629
financial.indicator.capital_rese_ps,2011,not_provided_by_source,536606,244,536362
financial.indicator.capital_rese_ps,2012,not_provided_by_source,586712,274,586438
financial.indicator.capital_rese_ps,2013,not_provided_by_source,587580,238,587342
financial.indicator.capital_rese_ps,2014,not_provided_by_source,620068,265,619803
financial.indicator.capital_rese_ps,2015,not_provided_by_source,665185,257,664928
financial.indicator.capital_rese_ps,2016,not_provided_by_source,704146,258,703888
financial.indicator.capital_rese_ps,2017,not_provided_by_source,799069,757,798312
financial.indicator.capital_rese_ps,2018,not_provided_by_source,856805,1845,854960
financial.indicator.capital_rese_ps,2019,not_provided_by_source,890261,1603,888658
financial.indicator.capital_rese_ps,2020,not_provided_by_source,952002,3557,948445
financial.indicator.capital_rese_ps,2021,not_provided_by_source,1062390,905,1061485
financial.indicator.capital_rese_ps,2022,not_provided_by_source,1149262,2437,1146825
financial.indicator.capital_rese_ps,2023,not_provided_by_source,1211954,373319,838635
financial.indicator.capital_rese_ps,2024,not_provided_by_source,1236332,1057873,178459
financial.indicator.capital_rese_ps,2025,not_provided_by_source,1251467,892798,358669
financial.indicator.capital_rese_ps,2026,not_provided_by_source,868253,659368,208885
financial.indicator.capitalized_to_da,2010,not_provided_by_source,452712,32,452680
financial.indicator.capitalized_to_da,2011,not_provided_by_source,536606,52,536554
financial.indicator.capitalized_to_da,2012,not_provided_by_source,586712,90,586622
financial.indicator.capitalized_to_da,2013,not_provided_by_source,587580,53,587527
financial.indicator.capitalized_to_da,2014,not_provided_by_source,620068,77,619991
financial.indicator.capitalized_to_da,2015,not_provided_by_source,665185,68,665117
financial.indicator.capitalized_to_da,2016,not_provided_by_source,704146,71,704075
financial.indicator.capitalized_to_da,2017,not_provided_by_source,799069,178,798891
financial.indicator.capitalized_to_da,2018,not_provided_by_source,856805,458,856347
financial.indicator.capitalized_to_da,2019,not_provided_by_source,890261,390,889871
financial.indicator.capitalized_to_da,2020,not_provided_by_source,952002,867,951135
financial.indicator.capitalized_to_da,2021,not_provided_by_source,1062390,148,1062242
financial.indicator.capitalized_to_da,2022,not_provided_by_source,1149262,847,1148415
financial.indicator.capitalized_to_da,2023,not_provided_by_source,1211954,169583,1042371
financial.indicator.capitalized_to_da,2024,not_provided_by_source,1236332,211594,1024738
financial.indicator.capitalized_to_da,2025,not_provided_by_source,1251467,195632,1055835
financial.indicator.capitalized_to_da,2026,not_provided_by_source,868253,48893,819360
financial.indicator.cash_ratio,2010,not_provided_by_source,452712,83,452629
financial.indicator.cash_ratio,2011,not_provided_by_source,536606,244,536362
financial.indicator.cash_ratio,2012,not_provided_by_source,586712,274,586438
financial.indicator.cash_ratio,2013,not_provided_by_source,587580,238,587342
financial.indicator.cash_ratio,2014,not_provided_by_source,620068,265,619803
financial.indicator.cash_ratio,2015,not_provided_by_source,665185,257,664928
financial.indicator.cash_ratio,2016,not_provided_by_source,704146,258,703888
financial.indicator.cash_ratio,2017,not_provided_by_source,799069,757,798312
financial.indicator.cash_ratio,2018,not_provided_by_source,856805,1845,854960
financial.indicator.cash_ratio,2019,not_provided_by_source,890261,1603,888658
financial.indicator.cash_ratio,2020,not_provided_by_source,952002,3436,948566
financial.indicator.cash_ratio,2021,not_provided_by_source,1062390,905,1061485
financial.indicator.cash_ratio,2022,not_provided_by_source,1149262,2483,1146779
financial.indicator.cash_ratio,2023,not_provided_by_source,1211954,367020,844934
financial.indicator.cash_ratio,2024,not_provided_by_source,1236332,1040163,196169
financial.indicator.cash_ratio,2025,not_provided_by_source,1251467,875436,376031
financial.indicator.cash_ratio,2026,not_provided_by_source,868253,646554,221699
financial.indicator.cash_to_liqdebt,2010,not_provided_by_source,452712,83,452629
financial.indicator.cash_to_liqdebt,2011,not_provided_by_source,536606,244,536362
financial.indicator.cash_to_liqdebt,2012,not_provided_by_source,586712,274,586438
financial.indicator.cash_to_liqdebt,2013,not_provided_by_source,587580,238,587342
financial.indicator.cash_to_liqdebt,2014,not_provided_by_source,620068,265,619803
financial.indicator.cash_to_liqdebt,2015,not_provided_by_source,665185,257,664928
financial.indicator.cash_to_liqdebt,2016,not_provided_by_source,704146,258,703888
financial.indicator.cash_to_liqdebt,2017,not_provided_by_source,799069,757,798312
financial.indicator.cash_to_liqdebt,2018,not_provided_by_source,856805,1845,854960
financial.indicator.cash_to_liqdebt,2019,not_provided_by_source,890261,1603,888658
financial.indicator.cash_to_liqdebt,2020,not_provided_by_source,952002,3436,948566
financial.indicator.cash_to_liqdebt,2021,not_provided_by_source,1062390,905,1061485
financial.indicator.cash_to_liqdebt,2022,not_provided_by_source,1149262,2483,1146779
financial.indicator.cash_to_liqdebt,2023,not_provided_by_source,1211954,366973,844981
financial.indicator.cash_to_liqdebt,2024,not_provided_by_source,1236332,1040008,196324
financial.indicator.cash_to_liqdebt,2025,not_provided_by_source,1251467,875436,376031
financial.indicator.cash_to_liqdebt,2026,not_provided_by_source,868253,646554,221699
financial.indicator.cash_to_liqdebt_withinterest,2010,not_provided_by_source,452712,32,452680
financial.indicator.cash_to_liqdebt_withinterest,2011,not_provided_by_source,536606,0,536606
financial.indicator.cash_to_liqdebt_withinterest,2012,not_provided_by_source,586712,31,586681
financial.indicator.cash_to_liqdebt_withinterest,2013,not_provided_by_source,587580,0,587580
financial.indicator.cash_to_liqdebt_withinterest,2014,not_provided_by_source,620068,20,620048
financial.indicator.cash_to_liqdebt_withinterest,2015,not_provided_by_source,665185,32,665153
financial.indicator.cash_to_liqdebt_withinterest,2016,not_provided_by_source,704146,14,704132
financial.indicator.cash_to_liqdebt_withinterest,2017,not_provided_by_source,799069,513,798556
financial.indicator.cash_to_liqdebt_withinterest,2018,not_provided_by_source,856805,1562,855243
financial.indicator.cash_to_liqdebt_withinterest,2019,not_provided_by_source,890261,1345,888916
financial.indicator.cash_to_liqdebt_withinterest,2020,not_provided_by_source,952002,2919,949083
financial.indicator.cash_to_liqdebt_withinterest,2021,not_provided_by_source,1062390,747,1061643
financial.indicator.cash_to_liqdebt_withinterest,2022,not_provided_by_source,1149262,2393,1146869
financial.indicator.cash_to_liqdebt_withinterest,2023,not_provided_by_source,1211954,352580,859374
financial.indicator.cash_to_liqdebt_withinterest,2024,not_provided_by_source,1236332,1003663,232669
financial.indicator.cash_to_liqdebt_withinterest,2025,not_provided_by_source,1251467,849492,401975
financial.indicator.cash_to_liqdebt_withinterest,2026,not_provided_by_source,868253,629867,238386
financial.indicator.cfps,2010,not_provided_by_source,452712,83,452629
financial.indicator.cfps,2011,not_provided_by_source,536606,244,536362
financial.indicator.cfps,2012,not_provided_by_source,586712,274,586438
financial.indicator.cfps,2013,not_provided_by_source,587580,238,587342
financial.indicator.cfps,2014,not_provided_by_source,620068,265,619803
financial.indicator.cfps,2015,not_provided_by_source,665185,257,664928
financial.indicator.cfps,2016,not_provided_by_source,704146,258,703888
financial.indicator.cfps,2017,not_provided_by_source,799069,757,798312
financial.indicator.cfps,2018,not_provided_by_source,856805,1845,854960
financial.indicator.cfps,2019,not_provided_by_source,890261,1603,888658
financial.indicator.cfps,2020,not_provided_by_source,952002,3557,948445
financial.indicator.cfps,2021,not_provided_by_source,1062390,905,1061485
financial.indicator.cfps,2022,not_provided_by_source,1149262,2483,1146779
financial.indicator.cfps,2023,not_provided_by_source,1211954,374105,837849
financial.indicator.cfps,2024,not_provided_by_source,1236332,1060176,176156
financial.indicator.cfps,2025,not_provided_by_source,1251467,894989,356478
financial.indicator.cfps,2026,not_provided_by_source,868253,660918,207335
financial.indicator.cogs_of_sales,2010,not_provided_by_source,452712,83,452629
financial.indicator.cogs_of_sales,2011,not_provided_by_source,536606,244,536362
financial.indicator.cogs_of_sales,2012,not_provided_by_source,586712,274,586438
financial.indicator.cogs_of_sales,2013,not_provided_by_source,587580,238,587342
financial.indicator.cogs_of_sales,2014,not_provided_by_source,620068,265,619803
financial.indicator.cogs_of_sales,2015,not_provided_by_source,665185,257,664928
financial.indicator.cogs_of_sales,2016,not_provided_by_source,704146,258,703888
financial.indicator.cogs_of_sales,2017,not_provided_by_source,799069,757,798312
financial.indicator.cogs_of_sales,2018,not_provided_by_source,856805,1845,854960
financial.indicator.cogs_of_sales,2019,not_provided_by_source,890261,1603,888658
financial.indicator.cogs_of_sales,2020,not_provided_by_source,952002,3436,948566
financial.indicator.cogs_of_sales,2021,not_provided_by_source,1062390,905,1061485
financial.indicator.cogs_of_sales,2022,not_provided_by_source,1149262,2483,1146779
financial.indicator.cogs_of_sales,2023,not_provided_by_source,1211954,366680,845274
financial.indicator.cogs_of_sales,2024,not_provided_by_source,1236332,1039202,197130
financial.indicator.cogs_of_sales,2025,not_provided_by_source,1251467,874998,376469
financial.indicator.cogs_of_sales,2026,not_provided_by_source,868253,646235,222018
financial.indicator.current_exint,2010,not_provided_by_source,452712,83,452629
financial.indicator.current_exint,2011,not_provided_by_source,536606,244,536362
financial.indicator.current_exint,2012,not_provided_by_source,586712,274,586438
financial.indicator.current_exint,2013,not_provided_by_source,587580,238,587342
financial.indicator.current_exint,2014,not_provided_by_source,620068,265,619803
financial.indicator.current_exint,2015,not_provided_by_source,665185,257,664928
financial.indicator.current_exint,2016,not_provided_by_source,704146,258,703888
financial.indicator.current_exint,2017,not_provided_by_source,799069,757,798312
financial.indicator.current_exint,2018,not_provided_by_source,856805,1845,854960
financial.indicator.current_exint,2019,not_provided_by_source,890261,1603,888658
financial.indicator.current_exint,2020,not_provided_by_source,952002,3436,948566
financial.indicator.current_exint,2021,not_provided_by_source,1062390,905,1061485
financial.indicator.current_exint,2022,not_provided_by_source,1149262,2483,1146779
financial.indicator.current_exint,2023,not_provided_by_source,1211954,367020,844934
financial.indicator.current_exint,2024,not_provided_by_source,1236332,1040163,196169
financial.indicator.current_exint,2025,not_provided_by_source,1251467,875436,376031
financial.indicator.current_exint,2026,not_provided_by_source,868253,646554,221699
financial.indicator.current_ratio,2010,not_provided_by_source,452712,83,452629
financial.indicator.current_ratio,2011,not_provided_by_source,536606,244,536362
financial.indicator.current_ratio,2012,not_provided_by_source,586712,274,586438
financial.indicator.current_ratio,2013,not_provided_by_source,587580,238,587342
financial.indicator.current_ratio,2014,not_provided_by_source,620068,265,619803
financial.indicator.current_ratio,2015,not_provided_by_source,665185,257,664928
financial.indicator.current_ratio,2016,not_provided_by_source,704146,258,703888
financial.indicator.current_ratio,2017,not_provided_by_source,799069,757,798312
financial.indicator.current_ratio,2018,not_provided_by_source,856805,1845,854960
financial.indicator.current_ratio,2019,not_provided_by_source,890261,1603,888658
financial.indicator.current_ratio,2020,not_provided_by_source,952002,3436,948566
financial.indicator.current_ratio,2021,not_provided_by_source,1062390,905,1061485
financial.indicator.current_ratio,2022,not_provided_by_source,1149262,2483,1146779
financial.indicator.current_ratio,2023,not_provided_by_source,1211954,368656,843298
financial.indicator.current_ratio,2024,not_provided_by_source,1236332,1042189,194143
financial.indicator.current_ratio,2025,not_provided_by_source,1251467,876895,374572
financial.indicator.current_ratio,2026,not_provided_by_source,868253,647289,220964
financial.indicator.currentdebt_to_debt,2010,not_provided_by_source,452712,83,452629
financial.indicator.currentdebt_to_debt,2011,not_provided_by_source,536606,244,536362
financial.indicator.currentdebt_to_debt,2012,not_provided_by_source,586712,274,586438
financial.indicator.currentdebt_to_debt,2013,not_provided_by_source,587580,238,587342
financial.indicator.currentdebt_to_debt,2014,not_provided_by_source,620068,265,619803
financial.indicator.currentdebt_to_debt,2015,not_provided_by_source,665185,257,664928
financial.indicator.currentdebt_to_debt,2016,not_provided_by_source,704146,258,703888
financial.indicator.currentdebt_to_debt,2017,not_provided_by_source,799069,757,798312
financial.indicator.currentdebt_to_debt,2018,not_provided_by_source,856805,1845,854960
financial.indicator.currentdebt_to_debt,2019,not_provided_by_source,890261,1603,888658
financial.indicator.currentdebt_to_debt,2020,not_provided_by_source,952002,3436,948566
financial.indicator.currentdebt_to_debt,2021,not_provided_by_source,1062390,905,1061485
financial.indicator.currentdebt_to_debt,2022,not_provided_by_source,1149262,2483,1146779
financial.indicator.currentdebt_to_debt,2023,not_provided_by_source,1211954,367020,844934
financial.indicator.currentdebt_to_debt,2024,not_provided_by_source,1236332,1040163,196169
financial.indicator.currentdebt_to_debt,2025,not_provided_by_source,1251467,875436,376031
financial.indicator.currentdebt_to_debt,2026,not_provided_by_source,868253,646554,221699
financial.indicator.daa,2010,not_provided_by_source,452712,32,452680
financial.indicator.daa,2011,not_provided_by_source,536606,52,536554
financial.indicator.daa,2012,not_provided_by_source,586712,90,586622
financial.indicator.daa,2013,not_provided_by_source,587580,53,587527
financial.indicator.daa,2014,not_provided_by_source,620068,77,619991
financial.indicator.daa,2015,not_provided_by_source,665185,68,665117
financial.indicator.daa,2016,not_provided_by_source,704146,71,704075
financial.indicator.daa,2017,not_provided_by_source,799069,178,798891
financial.indicator.daa,2018,not_provided_by_source,856805,458,856347
financial.indicator.daa,2019,not_provided_by_source,890261,390,889871
financial.indicator.daa,2020,not_provided_by_source,952002,867,951135
financial.indicator.daa,2021,not_provided_by_source,1062390,148,1062242
financial.indicator.daa,2022,not_provided_by_source,1149262,847,1148415
financial.indicator.daa,2023,not_provided_by_source,1211954,170058,1041896
financial.indicator.daa,2024,not_provided_by_source,1236332,212082,1024250
financial.indicator.daa,2025,not_provided_by_source,1251467,196236,1055231
financial.indicator.daa,2026,not_provided_by_source,868253,48915,819338
financial.indicator.debt_to_assets,2010,not_provided_by_source,452712,83,452629
financial.indicator.debt_to_assets,2011,not_provided_by_source,536606,244,536362
financial.indicator.debt_to_assets,2012,not_provided_by_source,586712,274,586438
financial.indicator.debt_to_assets,2013,not_provided_by_source,587580,238,587342
financial.indicator.debt_to_assets,2014,not_provided_by_source,620068,265,619803
financial.indicator.debt_to_assets,2015,not_provided_by_source,665185,257,664928
financial.indicator.debt_to_assets,2016,not_provided_by_source,704146,258,703888
financial.indicator.debt_to_assets,2017,not_provided_by_source,799069,757,798312
financial.indicator.debt_to_assets,2018,not_provided_by_source,856805,1845,854960
financial.indicator.debt_to_assets,2019,not_provided_by_source,890261,1603,888658
financial.indicator.debt_to_assets,2020,not_provided_by_source,952002,3557,948445
financial.indicator.debt_to_assets,2021,not_provided_by_source,1062390,905,1061485
financial.indicator.debt_to_assets,2022,not_provided_by_source,1149262,2483,1146779
financial.indicator.debt_to_assets,2023,not_provided_by_source,1211954,374105,837849
financial.indicator.debt_to_assets,2024,not_provided_by_source,1236332,1060176,176156
financial.indicator.debt_to_assets,2025,not_provided_by_source,1251467,895101,356366
financial.indicator.debt_to_assets,2026,not_provided_by_source,868253,660965,207288
financial.indicator.debt_to_eqt,2010,not_provided_by_source,452712,83,452629
financial.indicator.debt_to_eqt,2011,not_provided_by_source,536606,244,536362
financial.indicator.debt_to_eqt,2012,not_provided_by_source,586712,274,586438
financial.indicator.debt_to_eqt,2013,not_provided_by_source,587580,238,587342
financial.indicator.debt_to_eqt,2014,not_provided_by_source,620068,265,619803
financial.indicator.debt_to_eqt,2015,not_provided_by_source,665185,257,664928
financial.indicator.debt_to_eqt,2016,not_provided_by_source,704146,258,703888
financial.indicator.debt_to_eqt,2017,not_provided_by_source,799069,757,798312
financial.indicator.debt_to_eqt,2018,not_provided_by_source,856805,1845,854960
financial.indicator.debt_to_eqt,2019,not_provided_by_source,890261,1603,888658
financial.indicator.debt_to_eqt,2020,not_provided_by_source,952002,3557,948445
financial.indicator.debt_to_eqt,2021,not_provided_by_source,1062390,905,1061485
financial.indicator.debt_to_eqt,2022,not_provided_by_source,1149262,2483,1146779
financial.indicator.debt_to_eqt,2023,not_provided_by_source,1211954,371418,840536
financial.indicator.debt_to_eqt,2024,not_provided_by_source,1236332,1053683,182649
financial.indicator.debt_to_eqt,2025,not_provided_by_source,1251467,889086,362381
financial.indicator.debt_to_eqt,2026,not_provided_by_source,868253,656249,212004
financial.indicator.diluted2_eps,2010,not_provided_by_source,452712,83,452629
financial.indicator.diluted2_eps,2011,not_provided_by_source,536606,244,536362
financial.indicator.diluted2_eps,2012,not_provided_by_source,586712,274,586438
financial.indicator.diluted2_eps,2013,not_provided_by_source,587580,238,587342
financial.indicator.diluted2_eps,2014,not_provided_by_source,620068,265,619803
financial.indicator.diluted2_eps,2015,not_provided_by_source,665185,257,664928
financial.indicator.diluted2_eps,2016,not_provided_by_source,704146,258,703888
financial.indicator.diluted2_eps,2017,not_provided_by_source,799069,757,798312
financial.indicator.diluted2_eps,2018,not_provided_by_source,856805,1845,854960
financial.indicator.diluted2_eps,2019,not_provided_by_source,890261,1603,888658
financial.indicator.diluted2_eps,2020,not_provided_by_source,952002,3557,948445
financial.indicator.diluted2_eps,2021,not_provided_by_source,1062390,905,1061485
financial.indicator.diluted2_eps,2022,not_provided_by_source,1149262,2483,1146779
financial.indicator.diluted2_eps,2023,not_provided_by_source,1211954,374105,837849
financial.indicator.diluted2_eps,2024,not_provided_by_source,1236332,1060176,176156
financial.indicator.diluted2_eps,2025,not_provided_by_source,1251467,895068,356399
financial.indicator.diluted2_eps,2026,not_provided_by_source,868253,660918,207335
financial.indicator.dp_assets_to_eqt,2010,not_provided_by_source,452712,83,452629
financial.indicator.dp_assets_to_eqt,2011,not_provided_by_source,536606,244,536362
financial.indicator.dp_assets_to_eqt,2012,not_provided_by_source,586712,274,586438
financial.indicator.dp_assets_to_eqt,2013,not_provided_by_source,587580,238,587342
financial.indicator.dp_assets_to_eqt,2014,not_provided_by_source,620068,265,619803
financial.indicator.dp_assets_to_eqt,2015,not_provided_by_source,665185,257,664928
financial.indicator.dp_assets_to_eqt,2016,not_provided_by_source,704146,258,703888
financial.indicator.dp_assets_to_eqt,2017,not_provided_by_source,799069,757,798312
financial.indicator.dp_assets_to_eqt,2018,not_provided_by_source,856805,1845,854960
financial.indicator.dp_assets_to_eqt,2019,not_provided_by_source,890261,1603,888658
financial.indicator.dp_assets_to_eqt,2020,not_provided_by_source,952002,3557,948445
financial.indicator.dp_assets_to_eqt,2021,not_provided_by_source,1062390,905,1061485
financial.indicator.dp_assets_to_eqt,2022,not_provided_by_source,1149262,2480,1146782
financial.indicator.dp_assets_to_eqt,2023,not_provided_by_source,1211954,371658,840296
financial.indicator.dp_assets_to_eqt,2024,not_provided_by_source,1236332,1054339,181993
financial.indicator.dp_assets_to_eqt,2025,not_provided_by_source,1251467,889658,361809
financial.indicator.dp_assets_to_eqt,2026,not_provided_by_source,868253,656681,211572
financial.indicator.dt_eps,2010,not_provided_by_source,452712,83,452629
financial.indicator.dt_eps,2011,not_provided_by_source,536606,244,536362
financial.indicator.dt_eps,2012,not_provided_by_source,586712,274,586438
financial.indicator.dt_eps,2013,not_provided_by_source,587580,238,587342
financial.indicator.dt_eps,2014,not_provided_by_source,620068,265,619803
financial.indicator.dt_eps,2015,not_provided_by_source,665185,257,664928
financial.indicator.dt_eps,2016,not_provided_by_source,704146,258,703888
financial.indicator.dt_eps,2017,not_provided_by_source,799069,757,798312
financial.indicator.dt_eps,2018,not_provided_by_source,856805,1845,854960
financial.indicator.dt_eps,2019,not_provided_by_source,890261,1603,888658
financial.indicator.dt_eps,2020,not_provided_by_source,952002,3557,948445
financial.indicator.dt_eps,2021,not_provided_by_source,1062390,896,1061494
financial.indicator.dt_eps,2022,not_provided_by_source,1149262,2460,1146802
financial.indicator.dt_eps,2023,not_provided_by_source,1211954,368596,843358
financial.indicator.dt_eps,2024,not_provided_by_source,1236332,1044253,192079
financial.indicator.dt_eps,2025,not_provided_by_source,1251467,883181,368286
financial.indicator.dt_eps,2026,not_provided_by_source,868253,652540,215713
financial.indicator.dt_eps_yoy,2010,not_provided_by_source,452712,51,452661
financial.indicator.dt_eps_yoy,2011,not_provided_by_source,536606,244,536362
financial.indicator.dt_eps_yoy,2012,not_provided_by_source,586712,274,586438
financial.indicator.dt_eps_yoy,2013,not_provided_by_source,587580,238,587342
financial.indicator.dt_eps_yoy,2014,not_provided_by_source,620068,265,619803
financial.indicator.dt_eps_yoy,2015,not_provided_by_source,665185,257,664928
financial.indicator.dt_eps_yoy,2016,not_provided_by_source,704146,258,703888
financial.indicator.dt_eps_yoy,2017,not_provided_by_source,799069,757,798312
financial.indicator.dt_eps_yoy,2018,not_provided_by_source,856805,1845,854960
financial.indicator.dt_eps_yoy,2019,not_provided_by_source,890261,1585,888676
financial.indicator.dt_eps_yoy,2020,not_provided_by_source,952002,3557,948445
financial.indicator.dt_eps_yoy,2021,not_provided_by_source,1062390,896,1061494
financial.indicator.dt_eps_yoy,2022,not_provided_by_source,1149262,2460,1146802
financial.indicator.dt_eps_yoy,2023,not_provided_by_source,1211954,368039,843915
financial.indicator.dt_eps_yoy,2024,not_provided_by_source,1236332,1041959,194373
financial.indicator.dt_eps_yoy,2025,not_provided_by_source,1251467,881748,369719
financial.indicator.dt_eps_yoy,2026,not_provided_by_source,868253,650437,217816
financial.indicator.dt_netprofit_yoy,2010,not_provided_by_source,452712,0,452712
financial.indicator.dt_netprofit_yoy,2011,not_provided_by_source,536606,100,536506
financial.indicator.dt_netprofit_yoy,2012,not_provided_by_source,586712,274,586438
financial.indicator.dt_netprofit_yoy,2013,not_provided_by_source,587580,238,587342
financial.indicator.dt_netprofit_yoy,2014,not_provided_by_source,620068,265,619803
financial.indicator.dt_netprofit_yoy,2015,not_provided_by_source,665185,257,664928
financial.indicator.dt_netprofit_yoy,2016,not_provided_by_source,704146,258,703888
financial.indicator.dt_netprofit_yoy,2017,not_provided_by_source,799069,757,798312
financial.indicator.dt_netprofit_yoy,2018,not_provided_by_source,856805,1845,854960
financial.indicator.dt_netprofit_yoy,2019,not_provided_by_source,890261,1603,888658
financial.indicator.dt_netprofit_yoy,2020,not_provided_by_source,952002,3519,948483
financial.indicator.dt_netprofit_yoy,2021,not_provided_by_source,1062390,824,1061566
financial.indicator.dt_netprofit_yoy,2022,not_provided_by_source,1149262,2483,1146779
financial.indicator.dt_netprofit_yoy,2023,not_provided_by_source,1211954,373925,838029
financial.indicator.dt_netprofit_yoy,2024,not_provided_by_source,1236332,1059685,176647
financial.indicator.dt_netprofit_yoy,2025,not_provided_by_source,1251467,894540,356927
financial.indicator.dt_netprofit_yoy,2026,not_provided_by_source,868253,660024,208229
financial.indicator.dtprofit_to_profit,2010,not_provided_by_source,452712,83,452629
financial.indicator.dtprofit_to_profit,2011,not_provided_by_source,536606,244,536362
financial.indicator.dtprofit_to_profit,2012,not_provided_by_source,586712,274,586438
financial.indicator.dtprofit_to_profit,2013,not_provided_by_source,587580,238,587342
financial.indicator.dtprofit_to_profit,2014,not_provided_by_source,620068,265,619803
financial.indicator.dtprofit_to_profit,2015,not_provided_by_source,665185,257,664928
financial.indicator.dtprofit_to_profit,2016,not_provided_by_source,704146,258,703888
financial.indicator.dtprofit_to_profit,2017,not_provided_by_source,799069,757,798312
financial.indicator.dtprofit_to_profit,2018,not_provided_by_source,856805,1845,854960
financial.indicator.dtprofit_to_profit,2019,not_provided_by_source,890261,1585,888676
financial.indicator.dtprofit_to_profit,2020,not_provided_by_source,952002,2410,949592
financial.indicator.dtprofit_to_profit,2021,not_provided_by_source,1062390,507,1061883
financial.indicator.dtprofit_to_profit,2022,not_provided_by_source,1149262,2079,1147183
financial.indicator.dtprofit_to_profit,2023,not_provided_by_source,1211954,301868,910086
financial.indicator.dtprofit_to_profit,2024,not_provided_by_source,1236332,823651,412681
financial.indicator.dtprofit_to_profit,2025,not_provided_by_source,1251467,676955,574512
financial.indicator.dtprofit_to_profit,2026,not_provided_by_source,868253,484941,383312
financial.indicator.ebit,2010,not_provided_by_source,452712,83,452629
financial.indicator.ebit,2011,not_provided_by_source,536606,244,536362
financial.indicator.ebit,2012,not_provided_by_source,586712,274,586438
financial.indicator.ebit,2013,not_provided_by_source,587580,238,587342
financial.indicator.ebit,2014,not_provided_by_source,620068,265,619803
financial.indicator.ebit,2015,not_provided_by_source,665185,257,664928
financial.indicator.ebit,2016,not_provided_by_source,704146,258,703888
financial.indicator.ebit,2017,not_provided_by_source,799069,757,798312
financial.indicator.ebit,2018,not_provided_by_source,856805,1845,854960
financial.indicator.ebit,2019,not_provided_by_source,890261,1603,888658
financial.indicator.ebit,2020,not_provided_by_source,952002,3436,948566
financial.indicator.ebit,2021,not_provided_by_source,1062390,905,1061485
financial.indicator.ebit,2022,not_provided_by_source,1149262,2483,1146779
financial.indicator.ebit,2023,not_provided_by_source,1211954,367020,844934
financial.indicator.ebit,2024,not_provided_by_source,1236332,1040163,196169
financial.indicator.ebit,2025,not_provided_by_source,1251467,875504,375963
financial.indicator.ebit,2026,not_provided_by_source,868253,646606,221647
financial.indicator.ebit_of_gr,2010,not_provided_by_source,452712,83,452629
financial.indicator.ebit_of_gr,2011,not_provided_by_source,536606,244,536362
financial.indicator.ebit_of_gr,2012,not_provided_by_source,586712,274,586438
financial.indicator.ebit_of_gr,2013,not_provided_by_source,587580,238,587342
financial.indicator.ebit_of_gr,2014,not_provided_by_source,620068,265,619803
financial.indicator.ebit_of_gr,2015,not_provided_by_source,665185,257,664928
financial.indicator.ebit_of_gr,2016,not_provided_by_source,704146,258,703888
financial.indicator.ebit_of_gr,2017,not_provided_by_source,799069,757,798312
financial.indicator.ebit_of_gr,2018,not_provided_by_source,856805,1845,854960
financial.indicator.ebit_of_gr,2019,not_provided_by_source,890261,1603,888658
financial.indicator.ebit_of_gr,2020,not_provided_by_source,952002,3436,948566
financial.indicator.ebit_of_gr,2021,not_provided_by_source,1062390,905,1061485
financial.indicator.ebit_of_gr,2022,not_provided_by_source,1149262,2483,1146779
financial.indicator.ebit_of_gr,2023,not_provided_by_source,1211954,366975,844979
financial.indicator.ebit_of_gr,2024,not_provided_by_source,1236332,1039886,196446
financial.indicator.ebit_of_gr,2025,not_provided_by_source,1251467,875457,376010
financial.indicator.ebit_of_gr,2026,not_provided_by_source,868253,646450,221803
financial.indicator.ebit_ps,2010,not_provided_by_source,452712,83,452629
financial.indicator.ebit_ps,2011,not_provided_by_source,536606,244,536362
financial.indicator.ebit_ps,2012,not_provided_by_source,586712,274,586438
financial.indicator.ebit_ps,2013,not_provided_by_source,587580,238,587342
financial.indicator.ebit_ps,2014,not_provided_by_source,620068,265,619803
financial.indicator.ebit_ps,2015,not_provided_by_source,665185,257,664928
financial.indicator.ebit_ps,2016,not_provided_by_source,704146,258,703888
financial.indicator.ebit_ps,2017,not_provided_by_source,799069,757,798312
financial.indicator.ebit_ps,2018,not_provided_by_source,856805,1845,854960
financial.indicator.ebit_ps,2019,not_provided_by_source,890261,1603,888658
financial.indicator.ebit_ps,2020,not_provided_by_source,952002,3436,948566
financial.indicator.ebit_ps,2021,not_provided_by_source,1062390,905,1061485
financial.indicator.ebit_ps,2022,not_provided_by_source,1149262,2483,1146779
financial.indicator.ebit_ps,2023,not_provided_by_source,1211954,367020,844934
financial.indicator.ebit_ps,2024,not_provided_by_source,1236332,1040163,196169
financial.indicator.ebit_ps,2025,not_provided_by_source,1251467,875436,376031
financial.indicator.ebit_ps,2026,not_provided_by_source,868253,646554,221699
financial.indicator.ebit_to_interest,2010,not_provided_by_source,452712,83,452629
financial.indicator.ebit_to_interest,2011,not_provided_by_source,536606,57,536549
financial.indicator.ebit_to_interest,2012,not_provided_by_source,586712,31,586681
financial.indicator.ebit_to_interest,2013,not_provided_by_source,587580,0,587580
financial.indicator.ebit_to_interest,2014,not_provided_by_source,620068,20,620048
financial.indicator.ebit_to_interest,2015,not_provided_by_source,665185,13,665172
financial.indicator.ebit_to_interest,2016,not_provided_by_source,704146,14,704132
financial.indicator.ebit_to_interest,2017,not_provided_by_source,799069,513,798556
financial.indicator.ebit_to_interest,2018,not_provided_by_source,856805,1517,855288
financial.indicator.ebit_to_interest,2019,not_provided_by_source,890261,1059,889202
financial.indicator.ebit_to_interest,2020,not_provided_by_source,952002,2380,949622
financial.indicator.ebit_to_interest,2021,not_provided_by_source,1062390,572,1061818
financial.indicator.ebit_to_interest,2022,not_provided_by_source,1149262,1579,1147683
financial.indicator.ebit_to_interest,2023,not_provided_by_source,1211954,205599,1006355
financial.indicator.ebit_to_interest,2024,not_provided_by_source,1236332,593180,643152
financial.indicator.ebit_to_interest,2025,not_provided_by_source,1251467,533788,717679
financial.indicator.ebit_to_interest,2026,not_provided_by_source,868253,467981,400272
financial.indicator.ebitda,2010,not_provided_by_source,452712,32,452680
financial.indicator.ebitda,2011,not_provided_by_source,536606,52,536554
financial.indicator.ebitda,2012,not_provided_by_source,586712,90,586622
financial.indicator.ebitda,2013,not_provided_by_source,587580,53,587527
financial.indicator.ebitda,2014,not_provided_by_source,620068,77,619991
financial.indicator.ebitda,2015,not_provided_by_source,665185,68,665117
financial.indicator.ebitda,2016,not_provided_by_source,704146,71,704075
financial.indicator.ebitda,2017,not_provided_by_source,799069,178,798891
financial.indicator.ebitda,2018,not_provided_by_source,856805,458,856347
financial.indicator.ebitda,2019,not_provided_by_source,890261,390,889871
financial.indicator.ebitda,2020,not_provided_by_source,952002,746,951256
financial.indicator.ebitda,2021,not_provided_by_source,1062390,148,1062242
financial.indicator.ebitda,2022,not_provided_by_source,1149262,847,1148415
financial.indicator.ebitda,2023,not_provided_by_source,1211954,166475,1045479
financial.indicator.ebitda,2024,not_provided_by_source,1236332,207354,1028978
financial.indicator.ebitda,2025,not_provided_by_source,1251467,192260,1059207
financial.indicator.ebitda,2026,not_provided_by_source,868253,47244,821009
financial.indicator.ebitda_to_debt,2010,not_provided_by_source,452712,32,452680
financial.indicator.ebitda_to_debt,2011,not_provided_by_source,536606,52,536554
financial.indicator.ebitda_to_debt,2012,not_provided_by_source,586712,90,586622
financial.indicator.ebitda_to_debt,2013,not_provided_by_source,587580,53,587527
financial.indicator.ebitda_to_debt,2014,not_provided_by_source,620068,77,619991
financial.indicator.ebitda_to_debt,2015,not_provided_by_source,665185,68,665117
financial.indicator.ebitda_to_debt,2016,not_provided_by_source,704146,71,704075
financial.indicator.ebitda_to_debt,2017,not_provided_by_source,799069,178,798891
financial.indicator.ebitda_to_debt,2018,not_provided_by_source,856805,458,856347
financial.indicator.ebitda_to_debt,2019,not_provided_by_source,890261,390,889871
financial.indicator.ebitda_to_debt,2020,not_provided_by_source,952002,746,951256
financial.indicator.ebitda_to_debt,2021,not_provided_by_source,1062390,148,1062242
financial.indicator.ebitda_to_debt,2022,not_provided_by_source,1149262,847,1148415
financial.indicator.ebitda_to_debt,2023,not_provided_by_source,1211954,166475,1045479
financial.indicator.ebitda_to_debt,2024,not_provided_by_source,1236332,207354,1028978
financial.indicator.ebitda_to_debt,2025,not_provided_by_source,1251467,192260,1059207
financial.indicator.ebitda_to_debt,2026,not_provided_by_source,868253,47244,821009
financial.indicator.ebt_yoy,2010,not_provided_by_source,452712,51,452661
financial.indicator.ebt_yoy,2011,not_provided_by_source,536606,244,536362
financial.indicator.ebt_yoy,2012,not_provided_by_source,586712,274,586438
financial.indicator.ebt_yoy,2013,not_provided_by_source,587580,238,587342
financial.indicator.ebt_yoy,2014,not_provided_by_source,620068,265,619803
financial.indicator.ebt_yoy,2015,not_provided_by_source,665185,257,664928
financial.indicator.ebt_yoy,2016,not_provided_by_source,704146,258,703888
financial.indicator.ebt_yoy,2017,not_provided_by_source,799069,757,798312
financial.indicator.ebt_yoy,2018,not_provided_by_source,856805,1845,854960
financial.indicator.ebt_yoy,2019,not_provided_by_source,890261,1603,888658
financial.indicator.ebt_yoy,2020,not_provided_by_source,952002,3557,948445
financial.indicator.ebt_yoy,2021,not_provided_by_source,1062390,905,1061485
financial.indicator.ebt_yoy,2022,not_provided_by_source,1149262,2483,1146779
financial.indicator.ebt_yoy,2023,not_provided_by_source,1211954,374105,837849
financial.indicator.ebt_yoy,2024,not_provided_by_source,1236332,1060152,176180
financial.indicator.ebt_yoy,2025,not_provided_by_source,1251467,894879,356588
financial.indicator.ebt_yoy,2026,not_provided_by_source,868253,660754,207499
financial.indicator.eps,2010,not_provided_by_source,452712,83,452629
financial.indicator.eps,2011,not_provided_by_source,536606,244,536362
financial.indicator.eps,2012,not_provided_by_source,586712,274,586438
financial.indicator.eps,2013,not_provided_by_source,587580,238,587342
financial.indicator.eps,2014,not_provided_by_source,620068,265,619803
financial.indicator.eps,2015,not_provided_by_source,665185,257,664928
financial.indicator.eps,2016,not_provided_by_source,704146,258,703888
financial.indicator.eps,2017,not_provided_by_source,799069,757,798312
financial.indicator.eps,2018,not_provided_by_source,856805,1845,854960
financial.indicator.eps,2019,not_provided_by_source,890261,1603,888658
financial.indicator.eps,2020,not_provided_by_source,952002,3557,948445
financial.indicator.eps,2021,not_provided_by_source,1062390,905,1061485
financial.indicator.eps,2022,not_provided_by_source,1149262,2483,1146779
financial.indicator.eps,2023,not_provided_by_source,1211954,374019,837935
financial.indicator.eps,2024,not_provided_by_source,1236332,1059955,176377
financial.indicator.eps,2025,not_provided_by_source,1251467,895029,356438
financial.indicator.eps,2026,not_provided_by_source,868253,660735,207518
financial.indicator.eqt_to_debt,2010,not_provided_by_source,452712,83,452629
financial.indicator.eqt_to_debt,2011,not_provided_by_source,536606,244,536362
financial.indicator.eqt_to_debt,2012,not_provided_by_source,586712,274,586438
financial.indicator.eqt_to_debt,2013,not_provided_by_source,587580,238,587342
financial.indicator.eqt_to_debt,2014,not_provided_by_source,620068,265,619803
financial.indicator.eqt_to_debt,2015,not_provided_by_source,665185,257,664928
financial.indicator.eqt_to_debt,2016,not_provided_by_source,704146,258,703888
financial.indicator.eqt_to_debt,2017,not_provided_by_source,799069,757,798312
financial.indicator.eqt_to_debt,2018,not_provided_by_source,856805,1845,854960
financial.indicator.eqt_to_debt,2019,not_provided_by_source,890261,1603,888658
financial.indicator.eqt_to_debt,2020,not_provided_by_source,952002,3557,948445
financial.indicator.eqt_to_debt,2021,not_provided_by_source,1062390,905,1061485
financial.indicator.eqt_to_debt,2022,not_provided_by_source,1149262,2483,1146779
financial.indicator.eqt_to_debt,2023,not_provided_by_source,1211954,374105,837849
financial.indicator.eqt_to_debt,2024,not_provided_by_source,1236332,1060176,176156
financial.indicator.eqt_to_debt,2025,not_provided_by_source,1251467,895101,356366
financial.indicator.eqt_to_debt,2026,not_provided_by_source,868253,660965,207288
financial.indicator.eqt_to_interestdebt,2010,not_provided_by_source,452712,32,452680
financial.indicator.eqt_to_interestdebt,2011,not_provided_by_source,536606,0,536606
financial.indicator.eqt_to_interestdebt,2012,not_provided_by_source,586712,31,586681
financial.indicator.eqt_to_interestdebt,2013,not_provided_by_source,587580,0,587580
financial.indicator.eqt_to_interestdebt,2014,not_provided_by_source,620068,20,620048
financial.indicator.eqt_to_interestdebt,2015,not_provided_by_source,665185,32,665153
financial.indicator.eqt_to_interestdebt,2016,not_provided_by_source,704146,14,704132
financial.indicator.eqt_to_interestdebt,2017,not_provided_by_source,799069,513,798556
financial.indicator.eqt_to_interestdebt,2018,not_provided_by_source,856805,1562,855243
financial.indicator.eqt_to_interestdebt,2019,not_provided_by_source,890261,1345,888916
financial.indicator.eqt_to_interestdebt,2020,not_provided_by_source,952002,2919,949083
financial.indicator.eqt_to_interestdebt,2021,not_provided_by_source,1062390,747,1061643
financial.indicator.eqt_to_interestdebt,2022,not_provided_by_source,1149262,2393,1146869
financial.indicator.eqt_to_interestdebt,2023,not_provided_by_source,1211954,355444,856510
financial.indicator.eqt_to_interestdebt,2024,not_provided_by_source,1236332,1010140,226192
financial.indicator.eqt_to_interestdebt,2025,not_provided_by_source,1251467,853189,398278
financial.indicator.eqt_to_interestdebt,2026,not_provided_by_source,868253,631942,236311
financial.indicator.eqt_to_talcapital,2010,not_provided_by_source,452712,83,452629
financial.indicator.eqt_to_talcapital,2011,not_provided_by_source,536606,244,536362
financial.indicator.eqt_to_talcapital,2012,not_provided_by_source,586712,274,586438
financial.indicator.eqt_to_talcapital,2013,not_provided_by_source,587580,238,587342
financial.indicator.eqt_to_talcapital,2014,not_provided_by_source,620068,265,619803
financial.indicator.eqt_to_talcapital,2015,not_provided_by_source,665185,257,664928
financial.indicator.eqt_to_talcapital,2016,not_provided_by_source,704146,258,703888
financial.indicator.eqt_to_talcapital,2017,not_provided_by_source,799069,757,798312
financial.indicator.eqt_to_talcapital,2018,not_provided_by_source,856805,1845,854960
financial.indicator.eqt_to_talcapital,2019,not_provided_by_source,890261,1603,888658
financial.indicator.eqt_to_talcapital,2020,not_provided_by_source,952002,3436,948566
financial.indicator.eqt_to_talcapital,2021,not_provided_by_source,1062390,905,1061485
financial.indicator.eqt_to_talcapital,2022,not_provided_by_source,1149262,2483,1146779
financial.indicator.eqt_to_talcapital,2023,not_provided_by_source,1211954,366688,845266
financial.indicator.eqt_to_talcapital,2024,not_provided_by_source,1236332,1038897,197435
financial.indicator.eqt_to_talcapital,2025,not_provided_by_source,1251467,874799,376668
financial.indicator.eqt_to_talcapital,2026,not_provided_by_source,868253,645923,222330
financial.indicator.equity_parent_ytd_growth,2010,not_provided_by_source,452712,83,452629
financial.indicator.equity_parent_ytd_growth,2011,not_provided_by_source,536606,244,536362
financial.indicator.equity_parent_ytd_growth,2012,not_provided_by_source,586712,274,586438
financial.indicator.equity_parent_ytd_growth,2013,not_provided_by_source,587580,238,587342
financial.indicator.equity_parent_ytd_growth,2014,not_provided_by_source,620068,265,619803
financial.indicator.equity_parent_ytd_growth,2015,not_provided_by_source,665185,257,664928
financial.indicator.equity_parent_ytd_growth,2016,not_provided_by_source,704146,258,703888
financial.indicator.equity_parent_ytd_growth,2017,not_provided_by_source,799069,757,798312
financial.indicator.equity_parent_ytd_growth,2018,not_provided_by_source,856805,1845,854960
financial.indicator.equity_parent_ytd_growth,2019,not_provided_by_source,890261,1603,888658
financial.indicator.equity_parent_ytd_growth,2020,not_provided_by_source,952002,3557,948445
financial.indicator.equity_parent_ytd_growth,2021,not_provided_by_source,1062390,905,1061485
financial.indicator.equity_parent_ytd_growth,2022,not_provided_by_source,1149262,2483,1146779
financial.indicator.equity_parent_ytd_growth,2023,not_provided_by_source,1211954,374105,837849
financial.indicator.equity_parent_ytd_growth,2024,not_provided_by_source,1236332,1060176,176156
financial.indicator.equity_parent_ytd_growth,2025,not_provided_by_source,1251467,895136,356331
financial.indicator.equity_parent_ytd_growth,2026,not_provided_by_source,868253,660861,207392
financial.indicator.equity_yoy,2010,not_provided_by_source,452712,0,452712
financial.indicator.equity_yoy,2011,not_provided_by_source,536606,100,536506
financial.indicator.equity_yoy,2012,not_provided_by_source,586712,274,586438
financial.indicator.equity_yoy,2013,not_provided_by_source,587580,238,587342
financial.indicator.equity_yoy,2014,not_provided_by_source,620068,265,619803
financial.indicator.equity_yoy,2015,not_provided_by_source,665185,257,664928
financial.indicator.equity_yoy,2016,not_provided_by_source,704146,258,703888
financial.indicator.equity_yoy,2017,not_provided_by_source,799069,757,798312
financial.indicator.equity_yoy,2018,not_provided_by_source,856805,1845,854960
financial.indicator.equity_yoy,2019,not_provided_by_source,890261,1603,888658
financial.indicator.equity_yoy,2020,not_provided_by_source,952002,3519,948483
financial.indicator.equity_yoy,2021,not_provided_by_source,1062390,824,1061566
financial.indicator.equity_yoy,2022,not_provided_by_source,1149262,2460,1146802
financial.indicator.equity_yoy,2023,not_provided_by_source,1211954,366068,845886
financial.indicator.equity_yoy,2024,not_provided_by_source,1236332,1047345,188987
financial.indicator.equity_yoy,2025,not_provided_by_source,1251467,887150,364317
financial.indicator.equity_yoy,2026,not_provided_by_source,868253,654318,213935
financial.indicator.expense_of_sales,2010,not_provided_by_source,452712,83,452629
financial.indicator.expense_of_sales,2011,not_provided_by_source,536606,244,536362
financial.indicator.expense_of_sales,2012,not_provided_by_source,586712,274,586438
financial.indicator.expense_of_sales,2013,not_provided_by_source,587580,238,587342
financial.indicator.expense_of_sales,2014,not_provided_by_source,620068,265,619803
financial.indicator.expense_of_sales,2015,not_provided_by_source,665185,257,664928
financial.indicator.expense_of_sales,2016,not_provided_by_source,704146,258,703888
financial.indicator.expense_of_sales,2017,not_provided_by_source,799069,757,798312
financial.indicator.expense_of_sales,2018,not_provided_by_source,856805,1845,854960
financial.indicator.expense_of_sales,2019,not_provided_by_source,890261,1603,888658
financial.indicator.expense_of_sales,2020,not_provided_by_source,952002,3436,948566
financial.indicator.expense_of_sales,2021,not_provided_by_source,1062390,905,1061485
financial.indicator.expense_of_sales,2022,not_provided_by_source,1149262,2483,1146779
financial.indicator.expense_of_sales,2023,not_provided_by_source,1211954,366932,845022
financial.indicator.expense_of_sales,2024,not_provided_by_source,1236332,1039644,196688
financial.indicator.expense_of_sales,2025,not_provided_by_source,1251467,875230,376237
financial.indicator.expense_of_sales,2026,not_provided_by_source,868253,646391,221862
financial.indicator.extra_item,2010,not_provided_by_source,452712,83,452629
financial.indicator.extra_item,2011,not_provided_by_source,536606,244,536362
financial.indicator.extra_item,2012,not_provided_by_source,586712,274,586438
financial.indicator.extra_item,2013,not_provided_by_source,587580,238,587342
financial.indicator.extra_item,2014,not_provided_by_source,620068,265,619803
financial.indicator.extra_item,2015,not_provided_by_source,665185,257,664928
financial.indicator.extra_item,2016,not_provided_by_source,704146,258,703888
financial.indicator.extra_item,2017,not_provided_by_source,799069,757,798312
financial.indicator.extra_item,2018,not_provided_by_source,856805,1845,854960
financial.indicator.extra_item,2019,not_provided_by_source,890261,1603,888658
financial.indicator.extra_item,2020,not_provided_by_source,952002,3557,948445
financial.indicator.extra_item,2021,not_provided_by_source,1062390,905,1061485
financial.indicator.extra_item,2022,not_provided_by_source,1149262,2483,1146779
financial.indicator.extra_item,2023,not_provided_by_source,1211954,374060,837894
financial.indicator.extra_item,2024,not_provided_by_source,1236332,1060036,176296
financial.indicator.extra_item,2025,not_provided_by_source,1251467,894989,356478
financial.indicator.extra_item,2026,not_provided_by_source,868253,660814,207439
financial.indicator.fa_turn,2010,not_provided_by_source,452712,83,452629
financial.indicator.fa_turn,2011,not_provided_by_source,536606,244,536362
financial.indicator.fa_turn,2012,not_provided_by_source,586712,274,586438
financial.indicator.fa_turn,2013,not_provided_by_source,587580,238,587342
financial.indicator.fa_turn,2014,not_provided_by_source,620068,265,619803
financial.indicator.fa_turn,2015,not_provided_by_source,665185,257,664928
financial.indicator.fa_turn,2016,not_provided_by_source,704146,258,703888
financial.indicator.fa_turn,2017,not_provided_by_source,799069,757,798312
financial.indicator.fa_turn,2018,not_provided_by_source,856805,1845,854960
financial.indicator.fa_turn,2019,not_provided_by_source,890261,1603,888658
financial.indicator.fa_turn,2020,not_provided_by_source,952002,3436,948566
financial.indicator.fa_turn,2021,not_provided_by_source,1062390,905,1061485
financial.indicator.fa_turn,2022,not_provided_by_source,1149262,2483,1146779
financial.indicator.fa_turn,2023,not_provided_by_source,1211954,366975,844979
financial.indicator.fa_turn,2024,not_provided_by_source,1236332,1039925,196407
financial.indicator.fa_turn,2025,not_provided_by_source,1251467,875623,375844
financial.indicator.fa_turn,2026,not_provided_by_source,868253,646619,221634
financial.indicator.fcfe,2010,not_provided_by_source,452712,83,452629
financial.indicator.fcfe,2011,not_provided_by_source,536606,244,536362
financial.indicator.fcfe,2012,not_provided_by_source,586712,274,586438
financial.indicator.fcfe,2013,not_provided_by_source,587580,238,587342
financial.indicator.fcfe,2014,not_provided_by_source,620068,265,619803
financial.indicator.fcfe,2015,not_provided_by_source,665185,257,664928
financial.indicator.fcfe,2016,not_provided_by_source,704146,258,703888
financial.indicator.fcfe,2017,not_provided_by_source,799069,757,798312
financial.indicator.fcfe,2018,not_provided_by_source,856805,1845,854960
financial.indicator.fcfe,2019,not_provided_by_source,890261,1603,888658
financial.indicator.fcfe,2020,not_provided_by_source,952002,3436,948566
financial.indicator.fcfe,2021,not_provided_by_source,1062390,905,1061485
financial.indicator.fcfe,2022,not_provided_by_source,1149262,2414,1146848
financial.indicator.fcfe,2023,not_provided_by_source,1211954,366213,845741
financial.indicator.fcfe,2024,not_provided_by_source,1236332,1036270,200062
financial.indicator.fcfe,2025,not_provided_by_source,1251467,872330,379137
financial.indicator.fcfe,2026,not_provided_by_source,868253,645449,222804
financial.indicator.fcfe_ps,2010,not_provided_by_source,452712,83,452629
financial.indicator.fcfe_ps,2011,not_provided_by_source,536606,244,536362
financial.indicator.fcfe_ps,2012,not_provided_by_source,586712,274,586438
financial.indicator.fcfe_ps,2013,not_provided_by_source,587580,238,587342
financial.indicator.fcfe_ps,2014,not_provided_by_source,620068,265,619803
financial.indicator.fcfe_ps,2015,not_provided_by_source,665185,257,664928
financial.indicator.fcfe_ps,2016,not_provided_by_source,704146,258,703888
financial.indicator.fcfe_ps,2017,not_provided_by_source,799069,757,798312
financial.indicator.fcfe_ps,2018,not_provided_by_source,856805,1845,854960
financial.indicator.fcfe_ps,2019,not_provided_by_source,890261,1603,888658
financial.indicator.fcfe_ps,2020,not_provided_by_source,952002,3436,948566
financial.indicator.fcfe_ps,2021,not_provided_by_source,1062390,905,1061485
financial.indicator.fcfe_ps,2022,not_provided_by_source,1149262,2414,1146848
financial.indicator.fcfe_ps,2023,not_provided_by_source,1211954,366213,845741
financial.indicator.fcfe_ps,2024,not_provided_by_source,1236332,1036270,200062
financial.indicator.fcfe_ps,2025,not_provided_by_source,1251467,872262,379205
financial.indicator.fcfe_ps,2026,not_provided_by_source,868253,645402,222851
financial.indicator.fcff,2010,not_provided_by_source,452712,83,452629
financial.indicator.fcff,2011,not_provided_by_source,536606,244,536362
financial.indicator.fcff,2012,not_provided_by_source,586712,274,586438
financial.indicator.fcff,2013,not_provided_by_source,587580,238,587342
financial.indicator.fcff,2014,not_provided_by_source,620068,265,619803
financial.indicator.fcff,2015,not_provided_by_source,665185,257,664928
financial.indicator.fcff,2016,not_provided_by_source,704146,258,703888
financial.indicator.fcff,2017,not_provided_by_source,799069,757,798312
financial.indicator.fcff,2018,not_provided_by_source,856805,1845,854960
financial.indicator.fcff,2019,not_provided_by_source,890261,1603,888658
financial.indicator.fcff,2020,not_provided_by_source,952002,3436,948566
financial.indicator.fcff,2021,not_provided_by_source,1062390,905,1061485
financial.indicator.fcff,2022,not_provided_by_source,1149262,2414,1146848
financial.indicator.fcff,2023,not_provided_by_source,1211954,366213,845741
financial.indicator.fcff,2024,not_provided_by_source,1236332,1036270,200062
financial.indicator.fcff,2025,not_provided_by_source,1251467,872330,379137
financial.indicator.fcff,2026,not_provided_by_source,868253,645449,222804
financial.indicator.fcff_ps,2010,not_provided_by_source,452712,83,452629
financial.indicator.fcff_ps,2011,not_provided_by_source,536606,244,536362
financial.indicator.fcff_ps,2012,not_provided_by_source,586712,274,586438
financial.indicator.fcff_ps,2013,not_provided_by_source,587580,238,587342
financial.indicator.fcff_ps,2014,not_provided_by_source,620068,265,619803
financial.indicator.fcff_ps,2015,not_provided_by_source,665185,257,664928
financial.indicator.fcff_ps,2016,not_provided_by_source,704146,258,703888
financial.indicator.fcff_ps,2017,not_provided_by_source,799069,757,798312
financial.indicator.fcff_ps,2018,not_provided_by_source,856805,1845,854960
financial.indicator.fcff_ps,2019,not_provided_by_source,890261,1603,888658
financial.indicator.fcff_ps,2020,not_provided_by_source,952002,3436,948566
financial.indicator.fcff_ps,2021,not_provided_by_source,1062390,905,1061485
financial.indicator.fcff_ps,2022,not_provided_by_source,1149262,2414,1146848
financial.indicator.fcff_ps,2023,not_provided_by_source,1211954,366213,845741
financial.indicator.fcff_ps,2024,not_provided_by_source,1236332,1036270,200062
financial.indicator.fcff_ps,2025,not_provided_by_source,1251467,872262,379205
financial.indicator.fcff_ps,2026,not_provided_by_source,868253,645402,222851
financial.indicator.finaexp_of_gr,2010,not_provided_by_source,452712,83,452629
financial.indicator.finaexp_of_gr,2011,not_provided_by_source,536606,244,536362
financial.indicator.finaexp_of_gr,2012,not_provided_by_source,586712,274,586438
financial.indicator.finaexp_of_gr,2013,not_provided_by_source,587580,238,587342
financial.indicator.finaexp_of_gr,2014,not_provided_by_source,620068,265,619803
financial.indicator.finaexp_of_gr,2015,not_provided_by_source,665185,257,664928
financial.indicator.finaexp_of_gr,2016,not_provided_by_source,704146,258,703888
financial.indicator.finaexp_of_gr,2017,not_provided_by_source,799069,757,798312
financial.indicator.finaexp_of_gr,2018,not_provided_by_source,856805,1845,854960
financial.indicator.finaexp_of_gr,2019,not_provided_by_source,890261,1603,888658
financial.indicator.finaexp_of_gr,2020,not_provided_by_source,952002,3436,948566
financial.indicator.finaexp_of_gr,2021,not_provided_by_source,1062390,905,1061485
financial.indicator.finaexp_of_gr,2022,not_provided_by_source,1149262,2483,1146779
financial.indicator.finaexp_of_gr,2023,not_provided_by_source,1211954,366851,845103
financial.indicator.finaexp_of_gr,2024,not_provided_by_source,1236332,1039402,196930
financial.indicator.finaexp_of_gr,2025,not_provided_by_source,1251467,874948,376519
financial.indicator.finaexp_of_gr,2026,not_provided_by_source,868253,646141,222112
financial.indicator.fixed_assets,2010,not_provided_by_source,452712,83,452629
financial.indicator.fixed_assets,2011,not_provided_by_source,536606,244,536362
financial.indicator.fixed_assets,2012,not_provided_by_source,586712,274,586438
financial.indicator.fixed_assets,2013,not_provided_by_source,587580,238,587342
financial.indicator.fixed_assets,2014,not_provided_by_source,620068,265,619803
financial.indicator.fixed_assets,2015,not_provided_by_source,665185,257,664928
financial.indicator.fixed_assets,2016,not_provided_by_source,704146,258,703888
financial.indicator.fixed_assets,2017,not_provided_by_source,799069,757,798312
financial.indicator.fixed_assets,2018,not_provided_by_source,856805,1845,854960
financial.indicator.fixed_assets,2019,not_provided_by_source,890261,1603,888658
financial.indicator.fixed_assets,2020,not_provided_by_source,952002,3557,948445
financial.indicator.fixed_assets,2021,not_provided_by_source,1062390,905,1061485
financial.indicator.fixed_assets,2022,not_provided_by_source,1149262,2483,1146779
financial.indicator.fixed_assets,2023,not_provided_by_source,1211954,374105,837849
financial.indicator.fixed_assets,2024,not_provided_by_source,1236332,1060176,176156
financial.indicator.fixed_assets,2025,not_provided_by_source,1251467,895068,356399
financial.indicator.fixed_assets,2026,not_provided_by_source,868253,660923,207330
financial.indicator.gc_of_gr,2010,not_provided_by_source,452712,83,452629
financial.indicator.gc_of_gr,2011,not_provided_by_source,536606,244,536362
financial.indicator.gc_of_gr,2012,not_provided_by_source,586712,274,586438
financial.indicator.gc_of_gr,2013,not_provided_by_source,587580,238,587342
financial.indicator.gc_of_gr,2014,not_provided_by_source,620068,265,619803
financial.indicator.gc_of_gr,2015,not_provided_by_source,665185,257,664928
financial.indicator.gc_of_gr,2016,not_provided_by_source,704146,258,703888
financial.indicator.gc_of_gr,2017,not_provided_by_source,799069,757,798312
financial.indicator.gc_of_gr,2018,not_provided_by_source,856805,1845,854960
financial.indicator.gc_of_gr,2019,not_provided_by_source,890261,1603,888658
financial.indicator.gc_of_gr,2020,not_provided_by_source,952002,3436,948566
financial.indicator.gc_of_gr,2021,not_provided_by_source,1062390,905,1061485
financial.indicator.gc_of_gr,2022,not_provided_by_source,1149262,2483,1146779
financial.indicator.gc_of_gr,2023,not_provided_by_source,1211954,366975,844979
financial.indicator.gc_of_gr,2024,not_provided_by_source,1236332,1039886,196446
financial.indicator.gc_of_gr,2025,not_provided_by_source,1251467,875422,376045
financial.indicator.gc_of_gr,2026,not_provided_by_source,868253,646491,221762
financial.indicator.gross_profit,2010,not_provided_by_source,452712,83,452629
financial.indicator.gross_profit,2011,not_provided_by_source,536606,244,536362
financial.indicator.gross_profit,2012,not_provided_by_source,586712,274,586438
financial.indicator.gross_profit,2013,not_provided_by_source,587580,238,587342
financial.indicator.gross_profit,2014,not_provided_by_source,620068,265,619803
financial.indicator.gross_profit,2015,not_provided_by_source,665185,257,664928
financial.indicator.gross_profit,2016,not_provided_by_source,704146,258,703888
financial.indicator.gross_profit,2017,not_provided_by_source,799069,757,798312
financial.indicator.gross_profit,2018,not_provided_by_source,856805,1845,854960
financial.indicator.gross_profit,2019,not_provided_by_source,890261,1603,888658
financial.indicator.gross_profit,2020,not_provided_by_source,952002,3436,948566
financial.indicator.gross_profit,2021,not_provided_by_source,1062390,905,1061485
financial.indicator.gross_profit,2022,not_provided_by_source,1149262,2483,1146779
financial.indicator.gross_profit,2023,not_provided_by_source,1211954,366680,845274
financial.indicator.gross_profit,2024,not_provided_by_source,1236332,1039241,197091
financial.indicator.gross_profit,2025,not_provided_by_source,1251467,874998,376469
financial.indicator.gross_profit,2026,not_provided_by_source,868253,646235,222018
financial.indicator.gross_profit_margin,2010,not_provided_by_source,452712,83,452629
financial.indicator.gross_profit_margin,2011,not_provided_by_source,536606,244,536362
financial.indicator.gross_profit_margin,2012,not_provided_by_source,586712,274,586438
financial.indicator.gross_profit_margin,2013,not_provided_by_source,587580,238,587342
financial.indicator.gross_profit_margin,2014,not_provided_by_source,620068,265,619803
financial.indicator.gross_profit_margin,2015,not_provided_by_source,665185,257,664928
financial.indicator.gross_profit_margin,2016,not_provided_by_source,704146,258,703888
financial.indicator.gross_profit_margin,2017,not_provided_by_source,799069,757,798312
financial.indicator.gross_profit_margin,2018,not_provided_by_source,856805,1845,854960
financial.indicator.gross_profit_margin,2019,not_provided_by_source,890261,1603,888658
financial.indicator.gross_profit_margin,2020,not_provided_by_source,952002,3436,948566
financial.indicator.gross_profit_margin,2021,not_provided_by_source,1062390,905,1061485
financial.indicator.gross_profit_margin,2022,not_provided_by_source,1149262,2483,1146779
financial.indicator.gross_profit_margin,2023,not_provided_by_source,1211954,366680,845274
financial.indicator.gross_profit_margin,2024,not_provided_by_source,1236332,1039202,197130
financial.indicator.gross_profit_margin,2025,not_provided_by_source,1251467,874998,376469
financial.indicator.gross_profit_margin,2026,not_provided_by_source,868253,646235,222018
financial.indicator.impai_ttm,2010,not_provided_by_source,452712,83,452629
financial.indicator.impai_ttm,2011,not_provided_by_source,536606,244,536362
financial.indicator.impai_ttm,2012,not_provided_by_source,586712,274,586438
financial.indicator.impai_ttm,2013,not_provided_by_source,587580,238,587342
financial.indicator.impai_ttm,2014,not_provided_by_source,620068,265,619803
financial.indicator.impai_ttm,2015,not_provided_by_source,665185,257,664928
financial.indicator.impai_ttm,2016,not_provided_by_source,704146,258,703888
financial.indicator.impai_ttm,2017,not_provided_by_source,799069,676,798393
financial.indicator.impai_ttm,2018,not_provided_by_source,856805,1758,855047
financial.indicator.impai_ttm,2019,not_provided_by_source,890261,1267,888994
financial.indicator.impai_ttm,2020,not_provided_by_source,952002,1275,950727
financial.indicator.impai_ttm,2021,not_provided_by_source,1062390,453,1061937
financial.indicator.impai_ttm,2022,not_provided_by_source,1149262,1825,1147437
financial.indicator.impai_ttm,2023,not_provided_by_source,1211954,296965,914989
financial.indicator.impai_ttm,2024,not_provided_by_source,1236332,827520,408812
financial.indicator.impai_ttm,2025,not_provided_by_source,1251467,732632,518835
financial.indicator.impai_ttm,2026,not_provided_by_source,868253,534843,333410
financial.indicator.int_to_talcap,2010,not_provided_by_source,452712,83,452629
financial.indicator.int_to_talcap,2011,not_provided_by_source,536606,244,536362
financial.indicator.int_to_talcap,2012,not_provided_by_source,586712,274,586438
financial.indicator.int_to_talcap,2013,not_provided_by_source,587580,238,587342
financial.indicator.int_to_talcap,2014,not_provided_by_source,620068,265,619803
financial.indicator.int_to_talcap,2015,not_provided_by_source,665185,257,664928
financial.indicator.int_to_talcap,2016,not_provided_by_source,704146,258,703888
financial.indicator.int_to_talcap,2017,not_provided_by_source,799069,757,798312
financial.indicator.int_to_talcap,2018,not_provided_by_source,856805,1845,854960
financial.indicator.int_to_talcap,2019,not_provided_by_source,890261,1603,888658
financial.indicator.int_to_talcap,2020,not_provided_by_source,952002,3436,948566
financial.indicator.int_to_talcap,2021,not_provided_by_source,1062390,905,1061485
financial.indicator.int_to_talcap,2022,not_provided_by_source,1149262,2483,1146779
financial.indicator.int_to_talcap,2023,not_provided_by_source,1211954,366688,845266
financial.indicator.int_to_talcap,2024,not_provided_by_source,1236332,1038897,197435
financial.indicator.int_to_talcap,2025,not_provided_by_source,1251467,874764,376703
financial.indicator.int_to_talcap,2026,not_provided_by_source,868253,645923,222330
financial.indicator.interest_expense,2010,not_provided_by_source,452712,32,452680
financial.indicator.interest_expense,2011,not_provided_by_source,536606,52,536554
financial.indicator.interest_expense,2012,not_provided_by_source,586712,50,586662
financial.indicator.interest_expense,2013,not_provided_by_source,587580,53,587527
financial.indicator.interest_expense,2014,not_provided_by_source,620068,77,619991
financial.indicator.interest_expense,2015,not_provided_by_source,665185,68,665117
financial.indicator.interest_expense,2016,not_provided_by_source,704146,71,704075
financial.indicator.interest_expense,2017,not_provided_by_source,799069,178,798891
financial.indicator.interest_expense,2018,not_provided_by_source,856805,637,856168
financial.indicator.interest_expense,2019,not_provided_by_source,890261,1297,888964
financial.indicator.interest_expense,2020,not_provided_by_source,952002,3077,948925
financial.indicator.interest_expense,2021,not_provided_by_source,1062390,693,1061697
financial.indicator.interest_expense,2022,not_provided_by_source,1149262,2438,1146824
financial.indicator.interest_expense,2023,not_provided_by_source,1211954,351632,860322
financial.indicator.interest_expense,2024,not_provided_by_source,1236332,974326,262006
financial.indicator.interest_expense,2025,not_provided_by_source,1251467,829985,421482
financial.indicator.interest_expense,2026,not_provided_by_source,868253,608664,259589
financial.indicator.interestdebt,2010,not_provided_by_source,452712,83,452629
financial.indicator.interestdebt,2011,not_provided_by_source,536606,244,536362
financial.indicator.interestdebt,2012,not_provided_by_source,586712,274,586438
financial.indicator.interestdebt,2013,not_provided_by_source,587580,238,587342
financial.indicator.interestdebt,2014,not_provided_by_source,620068,265,619803
financial.indicator.interestdebt,2015,not_provided_by_source,665185,257,664928
financial.indicator.interestdebt,2016,not_provided_by_source,704146,258,703888
financial.indicator.interestdebt,2017,not_provided_by_source,799069,757,798312
financial.indicator.interestdebt,2018,not_provided_by_source,856805,1845,854960
financial.indicator.interestdebt,2019,not_provided_by_source,890261,1603,888658
financial.indicator.interestdebt,2020,not_provided_by_source,952002,3436,948566
financial.indicator.interestdebt,2021,not_provided_by_source,1062390,905,1061485
financial.indicator.interestdebt,2022,not_provided_by_source,1149262,2483,1146779
financial.indicator.interestdebt,2023,not_provided_by_source,1211954,367020,844934
financial.indicator.interestdebt,2024,not_provided_by_source,1236332,1040163,196169
financial.indicator.interestdebt,2025,not_provided_by_source,1251467,875469,375998
financial.indicator.interestdebt,2026,not_provided_by_source,868253,646601,221652
financial.indicator.inv_turn,2010,not_provided_by_source,452712,83,452629
financial.indicator.inv_turn,2011,not_provided_by_source,536606,244,536362
financial.indicator.inv_turn,2012,not_provided_by_source,586712,274,586438
financial.indicator.inv_turn,2013,not_provided_by_source,587580,238,587342
financial.indicator.inv_turn,2014,not_provided_by_source,620068,265,619803
financial.indicator.inv_turn,2015,not_provided_by_source,665185,257,664928
financial.indicator.inv_turn,2016,not_provided_by_source,704146,258,703888
financial.indicator.inv_turn,2017,not_provided_by_source,799069,757,798312
financial.indicator.inv_turn,2018,not_provided_by_source,856805,1805,855000
financial.indicator.inv_turn,2019,not_provided_by_source,890261,1589,888672
financial.indicator.inv_turn,2020,not_provided_by_source,952002,3413,948589
financial.indicator.inv_turn,2021,not_provided_by_source,1062390,905,1061485
financial.indicator.inv_turn,2022,not_provided_by_source,1149262,2483,1146779
financial.indicator.inv_turn,2023,not_provided_by_source,1211954,362999,848955
financial.indicator.inv_turn,2024,not_provided_by_source,1236332,1030436,205896
financial.indicator.inv_turn,2025,not_provided_by_source,1251467,868449,383018
financial.indicator.inv_turn,2026,not_provided_by_source,868253,640807,227446
financial.indicator.invest_capital,2010,not_provided_by_source,452712,83,452629
financial.indicator.invest_capital,2011,not_provided_by_source,536606,244,536362
financial.indicator.invest_capital,2012,not_provided_by_source,586712,274,586438
financial.indicator.invest_capital,2013,not_provided_by_source,587580,238,587342
financial.indicator.invest_capital,2014,not_provided_by_source,620068,265,619803
financial.indicator.invest_capital,2015,not_provided_by_source,665185,257,664928
financial.indicator.invest_capital,2016,not_provided_by_source,704146,258,703888
financial.indicator.invest_capital,2017,not_provided_by_source,799069,757,798312
financial.indicator.invest_capital,2018,not_provided_by_source,856805,1845,854960
financial.indicator.invest_capital,2019,not_provided_by_source,890261,1603,888658
financial.indicator.invest_capital,2020,not_provided_by_source,952002,3436,948566
financial.indicator.invest_capital,2021,not_provided_by_source,1062390,905,1061485
financial.indicator.invest_capital,2022,not_provided_by_source,1149262,2483,1146779
financial.indicator.invest_capital,2023,not_provided_by_source,1211954,367020,844934
financial.indicator.invest_capital,2024,not_provided_by_source,1236332,1040163,196169
financial.indicator.invest_capital,2025,not_provided_by_source,1251467,875504,375963
financial.indicator.invest_capital,2026,not_provided_by_source,868253,646601,221652
financial.indicator.investincome_of_ebt,2010,not_provided_by_source,452712,83,452629
financial.indicator.investincome_of_ebt,2011,not_provided_by_source,536606,244,536362
financial.indicator.investincome_of_ebt,2012,not_provided_by_source,586712,274,586438
financial.indicator.investincome_of_ebt,2013,not_provided_by_source,587580,238,587342
financial.indicator.investincome_of_ebt,2014,not_provided_by_source,620068,265,619803
financial.indicator.investincome_of_ebt,2015,not_provided_by_source,665185,257,664928
financial.indicator.investincome_of_ebt,2016,not_provided_by_source,704146,258,703888
financial.indicator.investincome_of_ebt,2017,not_provided_by_source,799069,757,798312
financial.indicator.investincome_of_ebt,2018,not_provided_by_source,856805,1845,854960
financial.indicator.investincome_of_ebt,2019,not_provided_by_source,890261,1536,888725
financial.indicator.investincome_of_ebt,2020,not_provided_by_source,952002,2178,949824
financial.indicator.investincome_of_ebt,2021,not_provided_by_source,1062390,507,1061883
financial.indicator.investincome_of_ebt,2022,not_provided_by_source,1149262,1831,1147431
financial.indicator.investincome_of_ebt,2023,not_provided_by_source,1211954,285023,926931
financial.indicator.investincome_of_ebt,2024,not_provided_by_source,1236332,774148,462184
financial.indicator.investincome_of_ebt,2025,not_provided_by_source,1251467,647099,604368
financial.indicator.investincome_of_ebt,2026,not_provided_by_source,868253,467420,400833
financial.indicator.invturn_days,2010,not_provided_by_source,452712,83,452629
financial.indicator.invturn_days,2011,not_provided_by_source,536606,244,536362
financial.indicator.invturn_days,2012,not_provided_by_source,586712,274,586438
financial.indicator.invturn_days,2013,not_provided_by_source,587580,238,587342
financial.indicator.invturn_days,2014,not_provided_by_source,620068,265,619803
financial.indicator.invturn_days,2015,not_provided_by_source,665185,257,664928
financial.indicator.invturn_days,2016,not_provided_by_source,704146,258,703888
financial.indicator.invturn_days,2017,not_provided_by_source,799069,757,798312
financial.indicator.invturn_days,2018,not_provided_by_source,856805,1805,855000
financial.indicator.invturn_days,2019,not_provided_by_source,890261,1589,888672
financial.indicator.invturn_days,2020,not_provided_by_source,952002,3413,948589
financial.indicator.invturn_days,2021,not_provided_by_source,1062390,905,1061485
financial.indicator.invturn_days,2022,not_provided_by_source,1149262,2483,1146779
financial.indicator.invturn_days,2023,not_provided_by_source,1211954,362999,848955
financial.indicator.invturn_days,2024,not_provided_by_source,1236332,1030436,205896
financial.indicator.invturn_days,2025,not_provided_by_source,1251467,868449,383018
financial.indicator.invturn_days,2026,not_provided_by_source,868253,640807,227446
financial.indicator.longdeb_to_debt,2010,not_provided_by_source,452712,83,452629
financial.indicator.longdeb_to_debt,2011,not_provided_by_source,536606,244,536362
financial.indicator.longdeb_to_debt,2012,not_provided_by_source,586712,243,586469
financial.indicator.longdeb_to_debt,2013,not_provided_by_source,587580,238,587342
financial.indicator.longdeb_to_debt,2014,not_provided_by_source,620068,265,619803
financial.indicator.longdeb_to_debt,2015,not_provided_by_source,665185,257,664928
financial.indicator.longdeb_to_debt,2016,not_provided_by_source,704146,258,703888
financial.indicator.longdeb_to_debt,2017,not_provided_by_source,799069,757,798312
financial.indicator.longdeb_to_debt,2018,not_provided_by_source,856805,1845,854960
financial.indicator.longdeb_to_debt,2019,not_provided_by_source,890261,1603,888658
financial.indicator.longdeb_to_debt,2020,not_provided_by_source,952002,3293,948709
financial.indicator.longdeb_to_debt,2021,not_provided_by_source,1062390,905,1061485
financial.indicator.longdeb_to_debt,2022,not_provided_by_source,1149262,2483,1146779
financial.indicator.longdeb_to_debt,2023,not_provided_by_source,1211954,366363,845591
financial.indicator.longdeb_to_debt,2024,not_provided_by_source,1236332,1038899,197433
financial.indicator.longdeb_to_debt,2025,not_provided_by_source,1251467,874118,377349
financial.indicator.longdeb_to_debt,2026,not_provided_by_source,868253,645679,222574
financial.indicator.longdebt_to_workingcapital,2010,not_provided_by_source,452712,83,452629
financial.indicator.longdebt_to_workingcapital,2011,not_provided_by_source,536606,244,536362
financial.indicator.longdebt_to_workingcapital,2012,not_provided_by_source,586712,243,586469
financial.indicator.longdebt_to_workingcapital,2013,not_provided_by_source,587580,238,587342
financial.indicator.longdebt_to_workingcapital,2014,not_provided_by_source,620068,245,619823
financial.indicator.longdebt_to_workingcapital,2015,not_provided_by_source,665185,257,664928
financial.indicator.longdebt_to_workingcapital,2016,not_provided_by_source,704146,258,703888
financial.indicator.longdebt_to_workingcapital,2017,not_provided_by_source,799069,711,798358
financial.indicator.longdebt_to_workingcapital,2018,not_provided_by_source,856805,1646,855159
financial.indicator.longdebt_to_workingcapital,2019,not_provided_by_source,890261,1511,888750
financial.indicator.longdebt_to_workingcapital,2020,not_provided_by_source,952002,2802,949200
financial.indicator.longdebt_to_workingcapital,2021,not_provided_by_source,1062390,880,1061510
financial.indicator.longdebt_to_workingcapital,2022,not_provided_by_source,1149262,1845,1147417
financial.indicator.longdebt_to_workingcapital,2023,not_provided_by_source,1211954,315509,896445
financial.indicator.longdebt_to_workingcapital,2024,not_provided_by_source,1236332,891386,344946
financial.indicator.longdebt_to_workingcapital,2025,not_provided_by_source,1251467,739473,511994
financial.indicator.longdebt_to_workingcapital,2026,not_provided_by_source,868253,540981,327272
financial.indicator.n_op_profit_of_ebt,2010,not_provided_by_source,452712,83,452629
financial.indicator.n_op_profit_of_ebt,2011,not_provided_by_source,536606,244,536362
financial.indicator.n_op_profit_of_ebt,2012,not_provided_by_source,586712,274,586438
financial.indicator.n_op_profit_of_ebt,2013,not_provided_by_source,587580,238,587342
financial.indicator.n_op_profit_of_ebt,2014,not_provided_by_source,620068,265,619803
financial.indicator.n_op_profit_of_ebt,2015,not_provided_by_source,665185,257,664928
financial.indicator.n_op_profit_of_ebt,2016,not_provided_by_source,704146,258,703888
financial.indicator.n_op_profit_of_ebt,2017,not_provided_by_source,799069,757,798312
financial.indicator.n_op_profit_of_ebt,2018,not_provided_by_source,856805,1845,854960
financial.indicator.n_op_profit_of_ebt,2019,not_provided_by_source,890261,1585,888676
financial.indicator.n_op_profit_of_ebt,2020,not_provided_by_source,952002,2367,949635
financial.indicator.n_op_profit_of_ebt,2021,not_provided_by_source,1062390,507,1061883
financial.indicator.n_op_profit_of_ebt,2022,not_provided_by_source,1149262,1912,1147350
financial.indicator.n_op_profit_of_ebt,2023,not_provided_by_source,1211954,299658,912296
financial.indicator.n_op_profit_of_ebt,2024,not_provided_by_source,1236332,814438,421894
financial.indicator.n_op_profit_of_ebt,2025,not_provided_by_source,1251467,672020,579447
financial.indicator.n_op_profit_of_ebt,2026,not_provided_by_source,868253,483362,384891
financial.indicator.nca_to_assets,2010,not_provided_by_source,452712,83,452629
financial.indicator.nca_to_assets,2011,not_provided_by_source,536606,244,536362
financial.indicator.nca_to_assets,2012,not_provided_by_source,586712,274,586438
financial.indicator.nca_to_assets,2013,not_provided_by_source,587580,238,587342
financial.indicator.nca_to_assets,2014,not_provided_by_source,620068,265,619803
financial.indicator.nca_to_assets,2015,not_provided_by_source,665185,257,664928
financial.indicator.nca_to_assets,2016,not_provided_by_source,704146,258,703888
financial.indicator.nca_to_assets,2017,not_provided_by_source,799069,757,798312
financial.indicator.nca_to_assets,2018,not_provided_by_source,856805,1845,854960
financial.indicator.nca_to_assets,2019,not_provided_by_source,890261,1603,888658
financial.indicator.nca_to_assets,2020,not_provided_by_source,952002,3436,948566
financial.indicator.nca_to_assets,2021,not_provided_by_source,1062390,905,1061485
financial.indicator.nca_to_assets,2022,not_provided_by_source,1149262,2483,1146779
financial.indicator.nca_to_assets,2023,not_provided_by_source,1211954,367020,844934
financial.indicator.nca_to_assets,2024,not_provided_by_source,1236332,1040163,196169
financial.indicator.nca_to_assets,2025,not_provided_by_source,1251467,875436,376031
financial.indicator.nca_to_assets,2026,not_provided_by_source,868253,646559,221694
financial.indicator.net_profit_margin,2010,not_provided_by_source,452712,83,452629
financial.indicator.net_profit_margin,2011,not_provided_by_source,536606,244,536362
financial.indicator.net_profit_margin,2012,not_provided_by_source,586712,274,586438
financial.indicator.net_profit_margin,2013,not_provided_by_source,587580,238,587342
financial.indicator.net_profit_margin,2014,not_provided_by_source,620068,265,619803
financial.indicator.net_profit_margin,2015,not_provided_by_source,665185,257,664928
financial.indicator.net_profit_margin,2016,not_provided_by_source,704146,258,703888
financial.indicator.net_profit_margin,2017,not_provided_by_source,799069,757,798312
financial.indicator.net_profit_margin,2018,not_provided_by_source,856805,1845,854960
financial.indicator.net_profit_margin,2019,not_provided_by_source,890261,1603,888658
financial.indicator.net_profit_margin,2020,not_provided_by_source,952002,3557,948445
financial.indicator.net_profit_margin,2021,not_provided_by_source,1062390,905,1061485
financial.indicator.net_profit_margin,2022,not_provided_by_source,1149262,2483,1146779
financial.indicator.net_profit_margin,2023,not_provided_by_source,1211954,374017,837937
financial.indicator.net_profit_margin,2024,not_provided_by_source,1236332,1059657,176675
financial.indicator.net_profit_margin,2025,not_provided_by_source,1251467,894930,356537
financial.indicator.net_profit_margin,2026,not_provided_by_source,868253,660714,207539
financial.indicator.netdebt,2010,not_provided_by_source,452712,83,452629
financial.indicator.netdebt,2011,not_provided_by_source,536606,244,536362
financial.indicator.netdebt,2012,not_provided_by_source,586712,274,586438
financial.indicator.netdebt,2013,not_provided_by_source,587580,238,587342
financial.indicator.netdebt,2014,not_provided_by_source,620068,265,619803
financial.indicator.netdebt,2015,not_provided_by_source,665185,257,664928
financial.indicator.netdebt,2016,not_provided_by_source,704146,258,703888
financial.indicator.netdebt,2017,not_provided_by_source,799069,757,798312
financial.indicator.netdebt,2018,not_provided_by_source,856805,1845,854960
financial.indicator.netdebt,2019,not_provided_by_source,890261,1603,888658
financial.indicator.netdebt,2020,not_provided_by_source,952002,3436,948566
financial.indicator.netdebt,2021,not_provided_by_source,1062390,905,1061485
financial.indicator.netdebt,2022,not_provided_by_source,1149262,2483,1146779
financial.indicator.netdebt,2023,not_provided_by_source,1211954,367020,844934
financial.indicator.netdebt,2024,not_provided_by_source,1236332,1040163,196169
financial.indicator.netdebt,2025,not_provided_by_source,1251467,875469,375998
financial.indicator.netdebt,2026,not_provided_by_source,868253,646601,221652
financial.indicator.netprofit_yoy,2010,not_provided_by_source,452712,51,452661
financial.indicator.netprofit_yoy,2011,not_provided_by_source,536606,244,536362
financial.indicator.netprofit_yoy,2012,not_provided_by_source,586712,274,586438
financial.indicator.netprofit_yoy,2013,not_provided_by_source,587580,238,587342
financial.indicator.netprofit_yoy,2014,not_provided_by_source,620068,265,619803
financial.indicator.netprofit_yoy,2015,not_provided_by_source,665185,257,664928
financial.indicator.netprofit_yoy,2016,not_provided_by_source,704146,258,703888
financial.indicator.netprofit_yoy,2017,not_provided_by_source,799069,757,798312
financial.indicator.netprofit_yoy,2018,not_provided_by_source,856805,1845,854960
financial.indicator.netprofit_yoy,2019,not_provided_by_source,890261,1603,888658
financial.indicator.netprofit_yoy,2020,not_provided_by_source,952002,3557,948445
financial.indicator.netprofit_yoy,2021,not_provided_by_source,1062390,905,1061485
financial.indicator.netprofit_yoy,2022,not_provided_by_source,1149262,2483,1146779
financial.indicator.netprofit_yoy,2023,not_provided_by_source,1211954,374105,837849
financial.indicator.netprofit_yoy,2024,not_provided_by_source,1236332,1060152,176180
financial.indicator.netprofit_yoy,2025,not_provided_by_source,1251467,894923,356544
financial.indicator.netprofit_yoy,2026,not_provided_by_source,868253,660754,207499
financial.indicator.networking_capital,2010,not_provided_by_source,452712,83,452629
financial.indicator.networking_capital,2011,not_provided_by_source,536606,244,536362
financial.indicator.networking_capital,2012,not_provided_by_source,586712,274,586438
financial.indicator.networking_capital,2013,not_provided_by_source,587580,238,587342
financial.indicator.networking_capital,2014,not_provided_by_source,620068,265,619803
financial.indicator.networking_capital,2015,not_provided_by_source,665185,257,664928
financial.indicator.networking_capital,2016,not_provided_by_source,704146,258,703888
financial.indicator.networking_capital,2017,not_provided_by_source,799069,757,798312
financial.indicator.networking_capital,2018,not_provided_by_source,856805,1845,854960
financial.indicator.networking_capital,2019,not_provided_by_source,890261,1603,888658
financial.indicator.networking_capital,2020,not_provided_by_source,952002,3436,948566
financial.indicator.networking_capital,2021,not_provided_by_source,1062390,905,1061485
financial.indicator.networking_capital,2022,not_provided_by_source,1149262,2483,1146779
financial.indicator.networking_capital,2023,not_provided_by_source,1211954,367020,844934
financial.indicator.networking_capital,2024,not_provided_by_source,1236332,1040163,196169
financial.indicator.networking_capital,2025,not_provided_by_source,1251467,875436,376031
financial.indicator.networking_capital,2026,not_provided_by_source,868253,646554,221699
financial.indicator.non_op_profit,2010,not_provided_by_source,452712,83,452629
financial.indicator.non_op_profit,2011,not_provided_by_source,536606,244,536362
financial.indicator.non_op_profit,2012,not_provided_by_source,586712,274,586438
financial.indicator.non_op_profit,2013,not_provided_by_source,587580,238,587342
financial.indicator.non_op_profit,2014,not_provided_by_source,620068,265,619803
financial.indicator.non_op_profit,2015,not_provided_by_source,665185,257,664928
financial.indicator.non_op_profit,2016,not_provided_by_source,704146,258,703888
financial.indicator.non_op_profit,2017,not_provided_by_source,799069,757,798312
financial.indicator.non_op_profit,2018,not_provided_by_source,856805,1845,854960
financial.indicator.non_op_profit,2019,not_provided_by_source,890261,1603,888658
financial.indicator.non_op_profit,2020,not_provided_by_source,952002,3557,948445
financial.indicator.non_op_profit,2021,not_provided_by_source,1062390,905,1061485
financial.indicator.non_op_profit,2022,not_provided_by_source,1149262,2483,1146779
financial.indicator.non_op_profit,2023,not_provided_by_source,1211954,374105,837849
financial.indicator.non_op_profit,2024,not_provided_by_source,1236332,1060176,176156
financial.indicator.non_op_profit,2025,not_provided_by_source,1251467,895136,356331
financial.indicator.non_op_profit,2026,not_provided_by_source,868253,660970,207283
financial.indicator.noncurrent_exint,2010,not_provided_by_source,452712,83,452629
financial.indicator.noncurrent_exint,2011,not_provided_by_source,536606,244,536362
financial.indicator.noncurrent_exint,2012,not_provided_by_source,586712,243,586469
financial.indicator.noncurrent_exint,2013,not_provided_by_source,587580,238,587342
financial.indicator.noncurrent_exint,2014,not_provided_by_source,620068,265,619803
financial.indicator.noncurrent_exint,2015,not_provided_by_source,665185,257,664928
financial.indicator.noncurrent_exint,2016,not_provided_by_source,704146,258,703888
financial.indicator.noncurrent_exint,2017,not_provided_by_source,799069,757,798312
financial.indicator.noncurrent_exint,2018,not_provided_by_source,856805,1845,854960
financial.indicator.noncurrent_exint,2019,not_provided_by_source,890261,1603,888658
financial.indicator.noncurrent_exint,2020,not_provided_by_source,952002,3293,948709
financial.indicator.noncurrent_exint,2021,not_provided_by_source,1062390,905,1061485
financial.indicator.noncurrent_exint,2022,not_provided_by_source,1149262,2483,1146779
financial.indicator.noncurrent_exint,2023,not_provided_by_source,1211954,366363,845591
financial.indicator.noncurrent_exint,2024,not_provided_by_source,1236332,1038899,197433
financial.indicator.noncurrent_exint,2025,not_provided_by_source,1251467,874118,377349
financial.indicator.noncurrent_exint,2026,not_provided_by_source,868253,645679,222574
financial.indicator.nop_to_ebt,2010,not_provided_by_source,452712,83,452629
financial.indicator.nop_to_ebt,2011,not_provided_by_source,536606,244,536362
financial.indicator.nop_to_ebt,2012,not_provided_by_source,586712,274,586438
financial.indicator.nop_to_ebt,2013,not_provided_by_source,587580,238,587342
financial.indicator.nop_to_ebt,2014,not_provided_by_source,620068,265,619803
financial.indicator.nop_to_ebt,2015,not_provided_by_source,665185,257,664928
financial.indicator.nop_to_ebt,2016,not_provided_by_source,704146,258,703888
financial.indicator.nop_to_ebt,2017,not_provided_by_source,799069,757,798312
financial.indicator.nop_to_ebt,2018,not_provided_by_source,856805,1845,854960
financial.indicator.nop_to_ebt,2019,not_provided_by_source,890261,1585,888676
financial.indicator.nop_to_ebt,2020,not_provided_by_source,952002,2367,949635
financial.indicator.nop_to_ebt,2021,not_provided_by_source,1062390,507,1061883
financial.indicator.nop_to_ebt,2022,not_provided_by_source,1149262,1912,1147350
financial.indicator.nop_to_ebt,2023,not_provided_by_source,1211954,300562,911392
financial.indicator.nop_to_ebt,2024,not_provided_by_source,1236332,819214,417118
financial.indicator.nop_to_ebt,2025,not_provided_by_source,1251467,674482,576985
financial.indicator.nop_to_ebt,2026,not_provided_by_source,868253,486372,381881
financial.indicator.npta,2010,not_provided_by_source,452712,83,452629
financial.indicator.npta,2011,not_provided_by_source,536606,244,536362
financial.indicator.npta,2012,not_provided_by_source,586712,274,586438
financial.indicator.npta,2013,not_provided_by_source,587580,238,587342
financial.indicator.npta,2014,not_provided_by_source,620068,265,619803
financial.indicator.npta,2015,not_provided_by_source,665185,257,664928
financial.indicator.npta,2016,not_provided_by_source,704146,258,703888
financial.indicator.npta,2017,not_provided_by_source,799069,757,798312
financial.indicator.npta,2018,not_provided_by_source,856805,1845,854960
financial.indicator.npta,2019,not_provided_by_source,890261,1603,888658
financial.indicator.npta,2020,not_provided_by_source,952002,3557,948445
financial.indicator.npta,2021,not_provided_by_source,1062390,905,1061485
financial.indicator.npta,2022,not_provided_by_source,1149262,2483,1146779
financial.indicator.npta,2023,not_provided_by_source,1211954,374105,837849
financial.indicator.npta,2024,not_provided_by_source,1236332,1060176,176156
financial.indicator.npta,2025,not_provided_by_source,1251467,895136,356331
financial.indicator.npta,2026,not_provided_by_source,868253,660970,207283
financial.indicator.ocf_to_debt,2010,not_provided_by_source,452712,83,452629
financial.indicator.ocf_to_debt,2011,not_provided_by_source,536606,244,536362
financial.indicator.ocf_to_debt,2012,not_provided_by_source,586712,274,586438
financial.indicator.ocf_to_debt,2013,not_provided_by_source,587580,238,587342
financial.indicator.ocf_to_debt,2014,not_provided_by_source,620068,265,619803
financial.indicator.ocf_to_debt,2015,not_provided_by_source,665185,257,664928
financial.indicator.ocf_to_debt,2016,not_provided_by_source,704146,258,703888
financial.indicator.ocf_to_debt,2017,not_provided_by_source,799069,757,798312
financial.indicator.ocf_to_debt,2018,not_provided_by_source,856805,1845,854960
financial.indicator.ocf_to_debt,2019,not_provided_by_source,890261,1603,888658
financial.indicator.ocf_to_debt,2020,not_provided_by_source,952002,3557,948445
financial.indicator.ocf_to_debt,2021,not_provided_by_source,1062390,905,1061485
financial.indicator.ocf_to_debt,2022,not_provided_by_source,1149262,2483,1146779
financial.indicator.ocf_to_debt,2023,not_provided_by_source,1211954,374105,837849
financial.indicator.ocf_to_debt,2024,not_provided_by_source,1236332,1060176,176156
financial.indicator.ocf_to_debt,2025,not_provided_by_source,1251467,895022,356445
financial.indicator.ocf_to_debt,2026,not_provided_by_source,868253,660933,207320
financial.indicator.ocf_to_interestdebt,2010,not_provided_by_source,452712,32,452680
financial.indicator.ocf_to_interestdebt,2011,not_provided_by_source,536606,0,536606
financial.indicator.ocf_to_interestdebt,2012,not_provided_by_source,586712,31,586681
financial.indicator.ocf_to_interestdebt,2013,not_provided_by_source,587580,0,587580
financial.indicator.ocf_to_interestdebt,2014,not_provided_by_source,620068,20,620048
financial.indicator.ocf_to_interestdebt,2015,not_provided_by_source,665185,32,665153
financial.indicator.ocf_to_interestdebt,2016,not_provided_by_source,704146,14,704132
financial.indicator.ocf_to_interestdebt,2017,not_provided_by_source,799069,513,798556
financial.indicator.ocf_to_interestdebt,2018,not_provided_by_source,856805,1562,855243
financial.indicator.ocf_to_interestdebt,2019,not_provided_by_source,890261,1345,888916
financial.indicator.ocf_to_interestdebt,2020,not_provided_by_source,952002,2919,949083
financial.indicator.ocf_to_interestdebt,2021,not_provided_by_source,1062390,747,1061643
financial.indicator.ocf_to_interestdebt,2022,not_provided_by_source,1149262,2393,1146869
financial.indicator.ocf_to_interestdebt,2023,not_provided_by_source,1211954,355444,856510
financial.indicator.ocf_to_interestdebt,2024,not_provided_by_source,1236332,1010140,226192
financial.indicator.ocf_to_interestdebt,2025,not_provided_by_source,1251467,853110,398357
financial.indicator.ocf_to_interestdebt,2026,not_provided_by_source,868253,631910,236343
financial.indicator.ocf_to_netdebt,2010,not_provided_by_source,452712,0,452712
financial.indicator.ocf_to_netdebt,2011,not_provided_by_source,536606,0,536606
financial.indicator.ocf_to_netdebt,2012,not_provided_by_source,586712,0,586712
financial.indicator.ocf_to_netdebt,2013,not_provided_by_source,587580,0,587580
financial.indicator.ocf_to_netdebt,2014,not_provided_by_source,620068,20,620048
financial.indicator.ocf_to_netdebt,2015,not_provided_by_source,665185,13,665172
financial.indicator.ocf_to_netdebt,2016,not_provided_by_source,704146,14,704132
financial.indicator.ocf_to_netdebt,2017,not_provided_by_source,799069,270,798799
financial.indicator.ocf_to_netdebt,2018,not_provided_by_source,856805,1237,855568
financial.indicator.ocf_to_netdebt,2019,not_provided_by_source,890261,1082,889179
financial.indicator.ocf_to_netdebt,2020,not_provided_by_source,952002,2320,949682
financial.indicator.ocf_to_netdebt,2021,not_provided_by_source,1062390,353,1062037
financial.indicator.ocf_to_netdebt,2022,not_provided_by_source,1149262,1374,1147888
financial.indicator.ocf_to_netdebt,2023,not_provided_by_source,1211954,167472,1044482
financial.indicator.ocf_to_netdebt,2024,not_provided_by_source,1236332,491497,744835
financial.indicator.ocf_to_netdebt,2025,not_provided_by_source,1251467,433700,817767
financial.indicator.ocf_to_netdebt,2026,not_provided_by_source,868253,324277,543976
financial.indicator.ocf_to_opincome,2010,not_provided_by_source,452712,83,452629
financial.indicator.ocf_to_opincome,2011,not_provided_by_source,536606,244,536362
financial.indicator.ocf_to_opincome,2012,not_provided_by_source,586712,274,586438
financial.indicator.ocf_to_opincome,2013,not_provided_by_source,587580,238,587342
financial.indicator.ocf_to_opincome,2014,not_provided_by_source,620068,265,619803
financial.indicator.ocf_to_opincome,2015,not_provided_by_source,665185,257,664928
financial.indicator.ocf_to_opincome,2016,not_provided_by_source,704146,258,703888
financial.indicator.ocf_to_opincome,2017,not_provided_by_source,799069,757,798312
financial.indicator.ocf_to_opincome,2018,not_provided_by_source,856805,1808,854997
financial.indicator.ocf_to_opincome,2019,not_provided_by_source,890261,1551,888710
financial.indicator.ocf_to_opincome,2020,not_provided_by_source,952002,2248,949754
financial.indicator.ocf_to_opincome,2021,not_provided_by_source,1062390,424,1061966
financial.indicator.ocf_to_opincome,2022,not_provided_by_source,1149262,1775,1147487
financial.indicator.ocf_to_opincome,2023,not_provided_by_source,1211954,273032,938922
financial.indicator.ocf_to_opincome,2024,not_provided_by_source,1236332,739440,496892
financial.indicator.ocf_to_opincome,2025,not_provided_by_source,1251467,605526,645941
financial.indicator.ocf_to_opincome,2026,not_provided_by_source,868253,438454,429799
financial.indicator.ocf_to_or,2010,not_provided_by_source,452712,83,452629
financial.indicator.ocf_to_or,2011,not_provided_by_source,536606,244,536362
financial.indicator.ocf_to_or,2012,not_provided_by_source,586712,274,586438
financial.indicator.ocf_to_or,2013,not_provided_by_source,587580,238,587342
financial.indicator.ocf_to_or,2014,not_provided_by_source,620068,265,619803
financial.indicator.ocf_to_or,2015,not_provided_by_source,665185,257,664928
financial.indicator.ocf_to_or,2016,not_provided_by_source,704146,258,703888
financial.indicator.ocf_to_or,2017,not_provided_by_source,799069,757,798312
financial.indicator.ocf_to_or,2018,not_provided_by_source,856805,1845,854960
financial.indicator.ocf_to_or,2019,not_provided_by_source,890261,1603,888658
financial.indicator.ocf_to_or,2020,not_provided_by_source,952002,3557,948445
financial.indicator.ocf_to_or,2021,not_provided_by_source,1062390,905,1061485
financial.indicator.ocf_to_or,2022,not_provided_by_source,1149262,2483,1146779
financial.indicator.ocf_to_or,2023,not_provided_by_source,1211954,374017,837937
financial.indicator.ocf_to_or,2024,not_provided_by_source,1236332,1059657,176675
financial.indicator.ocf_to_or,2025,not_provided_by_source,1251467,894851,356616
financial.indicator.ocf_to_or,2026,not_provided_by_source,868253,660682,207571
financial.indicator.ocf_to_profit,2010,not_provided_by_source,452712,83,452629
financial.indicator.ocf_to_profit,2011,not_provided_by_source,536606,244,536362
financial.indicator.ocf_to_profit,2012,not_provided_by_source,586712,274,586438
financial.indicator.ocf_to_profit,2013,not_provided_by_source,587580,238,587342
financial.indicator.ocf_to_profit,2014,not_provided_by_source,620068,265,619803
financial.indicator.ocf_to_profit,2015,not_provided_by_source,665185,257,664928
financial.indicator.ocf_to_profit,2016,not_provided_by_source,704146,258,703888
financial.indicator.ocf_to_profit,2017,not_provided_by_source,799069,757,798312
financial.indicator.ocf_to_profit,2018,not_provided_by_source,856805,1845,854960
financial.indicator.ocf_to_profit,2019,not_provided_by_source,890261,1585,888676
financial.indicator.ocf_to_profit,2020,not_provided_by_source,952002,2286,949716
financial.indicator.ocf_to_profit,2021,not_provided_by_source,1062390,507,1061883
financial.indicator.ocf_to_profit,2022,not_provided_by_source,1149262,1996,1147266
financial.indicator.ocf_to_profit,2023,not_provided_by_source,1211954,298907,913047
financial.indicator.ocf_to_profit,2024,not_provided_by_source,1236332,816916,419416
financial.indicator.ocf_to_profit,2025,not_provided_by_source,1251467,673469,577998
financial.indicator.ocf_to_profit,2026,not_provided_by_source,868253,484983,383270
financial.indicator.ocf_to_shortdebt,2010,not_provided_by_source,452712,83,452629
financial.indicator.ocf_to_shortdebt,2011,not_provided_by_source,536606,244,536362
financial.indicator.ocf_to_shortdebt,2012,not_provided_by_source,586712,274,586438
financial.indicator.ocf_to_shortdebt,2013,not_provided_by_source,587580,238,587342
financial.indicator.ocf_to_shortdebt,2014,not_provided_by_source,620068,265,619803
financial.indicator.ocf_to_shortdebt,2015,not_provided_by_source,665185,257,664928
financial.indicator.ocf_to_shortdebt,2016,not_provided_by_source,704146,258,703888
financial.indicator.ocf_to_shortdebt,2017,not_provided_by_source,799069,757,798312
financial.indicator.ocf_to_shortdebt,2018,not_provided_by_source,856805,1845,854960
financial.indicator.ocf_to_shortdebt,2019,not_provided_by_source,890261,1603,888658
financial.indicator.ocf_to_shortdebt,2020,not_provided_by_source,952002,3436,948566
financial.indicator.ocf_to_shortdebt,2021,not_provided_by_source,1062390,905,1061485
financial.indicator.ocf_to_shortdebt,2022,not_provided_by_source,1149262,2483,1146779
financial.indicator.ocf_to_shortdebt,2023,not_provided_by_source,1211954,367020,844934
financial.indicator.ocf_to_shortdebt,2024,not_provided_by_source,1236332,1040163,196169
financial.indicator.ocf_to_shortdebt,2025,not_provided_by_source,1251467,875357,376110
financial.indicator.ocf_to_shortdebt,2026,not_provided_by_source,868253,646554,221699
financial.indicator.ocf_yoy,2010,not_provided_by_source,452712,51,452661
financial.indicator.ocf_yoy,2011,not_provided_by_source,536606,244,536362
financial.indicator.ocf_yoy,2012,not_provided_by_source,586712,274,586438
financial.indicator.ocf_yoy,2013,not_provided_by_source,587580,238,587342
financial.indicator.ocf_yoy,2014,not_provided_by_source,620068,265,619803
financial.indicator.ocf_yoy,2015,not_provided_by_source,665185,257,664928
financial.indicator.ocf_yoy,2016,not_provided_by_source,704146,258,703888
financial.indicator.ocf_yoy,2017,not_provided_by_source,799069,757,798312
financial.indicator.ocf_yoy,2018,not_provided_by_source,856805,1845,854960
financial.indicator.ocf_yoy,2019,not_provided_by_source,890261,1603,888658
financial.indicator.ocf_yoy,2020,not_provided_by_source,952002,3557,948445
financial.indicator.ocf_yoy,2021,not_provided_by_source,1062390,905,1061485
financial.indicator.ocf_yoy,2022,not_provided_by_source,1149262,2483,1146779
financial.indicator.ocf_yoy,2023,not_provided_by_source,1211954,374105,837849
financial.indicator.ocf_yoy,2024,not_provided_by_source,1236332,1060152,176180
financial.indicator.ocf_yoy,2025,not_provided_by_source,1251467,894768,356699
financial.indicator.ocf_yoy,2026,not_provided_by_source,868253,660722,207531
financial.indicator.ocfps,2010,not_provided_by_source,452712,83,452629
financial.indicator.ocfps,2011,not_provided_by_source,536606,244,536362
financial.indicator.ocfps,2012,not_provided_by_source,586712,274,586438
financial.indicator.ocfps,2013,not_provided_by_source,587580,238,587342
financial.indicator.ocfps,2014,not_provided_by_source,620068,265,619803
financial.indicator.ocfps,2015,not_provided_by_source,665185,257,664928
financial.indicator.ocfps,2016,not_provided_by_source,704146,258,703888
financial.indicator.ocfps,2017,not_provided_by_source,799069,757,798312
financial.indicator.ocfps,2018,not_provided_by_source,856805,1845,854960
financial.indicator.ocfps,2019,not_provided_by_source,890261,1603,888658
financial.indicator.ocfps,2020,not_provided_by_source,952002,3557,948445
financial.indicator.ocfps,2021,not_provided_by_source,1062390,905,1061485
financial.indicator.ocfps,2022,not_provided_by_source,1149262,2483,1146779
financial.indicator.ocfps,2023,not_provided_by_source,1211954,374105,837849
financial.indicator.ocfps,2024,not_provided_by_source,1236332,1060176,176156
financial.indicator.ocfps,2025,not_provided_by_source,1251467,894989,356478
financial.indicator.ocfps,2026,not_provided_by_source,868253,660918,207335
financial.indicator.ocfps_yoy,2010,not_provided_by_source,452712,51,452661
financial.indicator.ocfps_yoy,2011,not_provided_by_source,536606,244,536362
financial.indicator.ocfps_yoy,2012,not_provided_by_source,586712,274,586438
financial.indicator.ocfps_yoy,2013,not_provided_by_source,587580,238,587342
financial.indicator.ocfps_yoy,2014,not_provided_by_source,620068,265,619803
financial.indicator.ocfps_yoy,2015,not_provided_by_source,665185,257,664928
financial.indicator.ocfps_yoy,2016,not_provided_by_source,704146,258,703888
financial.indicator.ocfps_yoy,2017,not_provided_by_source,799069,757,798312
financial.indicator.ocfps_yoy,2018,not_provided_by_source,856805,1845,854960
financial.indicator.ocfps_yoy,2019,not_provided_by_source,890261,1603,888658
financial.indicator.ocfps_yoy,2020,not_provided_by_source,952002,3519,948483
financial.indicator.ocfps_yoy,2021,not_provided_by_source,1062390,824,1061566
financial.indicator.ocfps_yoy,2022,not_provided_by_source,1149262,2483,1146779
financial.indicator.ocfps_yoy,2023,not_provided_by_source,1211954,363615,848339
financial.indicator.ocfps_yoy,2024,not_provided_by_source,1236332,1039434,196898
financial.indicator.ocfps_yoy,2025,not_provided_by_source,1251467,885168,366299
financial.indicator.ocfps_yoy,2026,not_provided_by_source,868253,652906,215347
financial.indicator.op_income,2010,not_provided_by_source,452712,83,452629
financial.indicator.op_income,2011,not_provided_by_source,536606,244,536362
financial.indicator.op_income,2012,not_provided_by_source,586712,274,586438
financial.indicator.op_income,2013,not_provided_by_source,587580,238,587342
financial.indicator.op_income,2014,not_provided_by_source,620068,265,619803
financial.indicator.op_income,2015,not_provided_by_source,665185,257,664928
financial.indicator.op_income,2016,not_provided_by_source,704146,258,703888
financial.indicator.op_income,2017,not_provided_by_source,799069,757,798312
financial.indicator.op_income,2018,not_provided_by_source,856805,1845,854960
financial.indicator.op_income,2019,not_provided_by_source,890261,1603,888658
financial.indicator.op_income,2020,not_provided_by_source,952002,3557,948445
financial.indicator.op_income,2021,not_provided_by_source,1062390,905,1061485
financial.indicator.op_income,2022,not_provided_by_source,1149262,2483,1146779
financial.indicator.op_income,2023,not_provided_by_source,1211954,373805,838149
financial.indicator.op_income,2024,not_provided_by_source,1236332,1059208,177124
financial.indicator.op_income,2025,not_provided_by_source,1251467,894405,357062
financial.indicator.op_income,2026,not_provided_by_source,868253,660540,207713
financial.indicator.op_of_gr,2010,not_provided_by_source,452712,83,452629
financial.indicator.op_of_gr,2011,not_provided_by_source,536606,244,536362
financial.indicator.op_of_gr,2012,not_provided_by_source,586712,274,586438
financial.indicator.op_of_gr,2013,not_provided_by_source,587580,238,587342
financial.indicator.op_of_gr,2014,not_provided_by_source,620068,265,619803
financial.indicator.op_of_gr,2015,not_provided_by_source,665185,257,664928
financial.indicator.op_of_gr,2016,not_provided_by_source,704146,258,703888
financial.indicator.op_of_gr,2017,not_provided_by_source,799069,757,798312
financial.indicator.op_of_gr,2018,not_provided_by_source,856805,1845,854960
financial.indicator.op_of_gr,2019,not_provided_by_source,890261,1603,888658
financial.indicator.op_of_gr,2020,not_provided_by_source,952002,3557,948445
financial.indicator.op_of_gr,2021,not_provided_by_source,1062390,905,1061485
financial.indicator.op_of_gr,2022,not_provided_by_source,1149262,2483,1146779
financial.indicator.op_of_gr,2023,not_provided_by_source,1211954,374060,837894
financial.indicator.op_of_gr,2024,not_provided_by_source,1236332,1059899,176433
financial.indicator.op_of_gr,2025,not_provided_by_source,1251467,895089,356378
financial.indicator.op_of_gr,2026,not_provided_by_source,868253,660814,207439
financial.indicator.op_to_debt,2010,not_provided_by_source,452712,83,452629
financial.indicator.op_to_debt,2011,not_provided_by_source,536606,244,536362
financial.indicator.op_to_debt,2012,not_provided_by_source,586712,274,586438
financial.indicator.op_to_debt,2013,not_provided_by_source,587580,238,587342
financial.indicator.op_to_debt,2014,not_provided_by_source,620068,265,619803
financial.indicator.op_to_debt,2015,not_provided_by_source,665185,257,664928
financial.indicator.op_to_debt,2016,not_provided_by_source,704146,258,703888
financial.indicator.op_to_debt,2017,not_provided_by_source,799069,757,798312
financial.indicator.op_to_debt,2018,not_provided_by_source,856805,1845,854960
financial.indicator.op_to_debt,2019,not_provided_by_source,890261,1603,888658
financial.indicator.op_to_debt,2020,not_provided_by_source,952002,3557,948445
financial.indicator.op_to_debt,2021,not_provided_by_source,1062390,905,1061485
financial.indicator.op_to_debt,2022,not_provided_by_source,1149262,2483,1146779
financial.indicator.op_to_debt,2023,not_provided_by_source,1211954,374105,837849
financial.indicator.op_to_debt,2024,not_provided_by_source,1236332,1060176,176156
financial.indicator.op_to_debt,2025,not_provided_by_source,1251467,895101,356366
financial.indicator.op_to_debt,2026,not_provided_by_source,868253,660965,207288
financial.indicator.op_to_ebt,2010,not_provided_by_source,452712,83,452629
financial.indicator.op_to_ebt,2011,not_provided_by_source,536606,244,536362
financial.indicator.op_to_ebt,2012,not_provided_by_source,586712,274,586438
financial.indicator.op_to_ebt,2013,not_provided_by_source,587580,238,587342
financial.indicator.op_to_ebt,2014,not_provided_by_source,620068,265,619803
financial.indicator.op_to_ebt,2015,not_provided_by_source,665185,257,664928
financial.indicator.op_to_ebt,2016,not_provided_by_source,704146,258,703888
financial.indicator.op_to_ebt,2017,not_provided_by_source,799069,757,798312
financial.indicator.op_to_ebt,2018,not_provided_by_source,856805,1845,854960
financial.indicator.op_to_ebt,2019,not_provided_by_source,890261,1585,888676
financial.indicator.op_to_ebt,2020,not_provided_by_source,952002,2367,949635
financial.indicator.op_to_ebt,2021,not_provided_by_source,1062390,507,1061883
financial.indicator.op_to_ebt,2022,not_provided_by_source,1149262,1912,1147350
financial.indicator.op_to_ebt,2023,not_provided_by_source,1211954,300562,911392
financial.indicator.op_to_ebt,2024,not_provided_by_source,1236332,819214,417118
financial.indicator.op_to_ebt,2025,not_provided_by_source,1251467,674482,576985
financial.indicator.op_to_ebt,2026,not_provided_by_source,868253,486372,381881
financial.indicator.op_to_liqdebt,2010,not_provided_by_source,452712,83,452629
financial.indicator.op_to_liqdebt,2011,not_provided_by_source,536606,244,536362
financial.indicator.op_to_liqdebt,2012,not_provided_by_source,586712,274,586438
financial.indicator.op_to_liqdebt,2013,not_provided_by_source,587580,238,587342
financial.indicator.op_to_liqdebt,2014,not_provided_by_source,620068,265,619803
financial.indicator.op_to_liqdebt,2015,not_provided_by_source,665185,257,664928
financial.indicator.op_to_liqdebt,2016,not_provided_by_source,704146,258,703888
financial.indicator.op_to_liqdebt,2017,not_provided_by_source,799069,757,798312
financial.indicator.op_to_liqdebt,2018,not_provided_by_source,856805,1845,854960
financial.indicator.op_to_liqdebt,2019,not_provided_by_source,890261,1603,888658
financial.indicator.op_to_liqdebt,2020,not_provided_by_source,952002,3436,948566
financial.indicator.op_to_liqdebt,2021,not_provided_by_source,1062390,905,1061485
financial.indicator.op_to_liqdebt,2022,not_provided_by_source,1149262,2483,1146779
financial.indicator.op_to_liqdebt,2023,not_provided_by_source,1211954,367020,844934
financial.indicator.op_to_liqdebt,2024,not_provided_by_source,1236332,1040163,196169
financial.indicator.op_to_liqdebt,2025,not_provided_by_source,1251467,875436,376031
financial.indicator.op_to_liqdebt,2026,not_provided_by_source,868253,646554,221699
financial.indicator.op_yoy,2010,not_provided_by_source,452712,51,452661
financial.indicator.op_yoy,2011,not_provided_by_source,536606,244,536362
financial.indicator.op_yoy,2012,not_provided_by_source,586712,274,586438
financial.indicator.op_yoy,2013,not_provided_by_source,587580,238,587342
financial.indicator.op_yoy,2014,not_provided_by_source,620068,265,619803
financial.indicator.op_yoy,2015,not_provided_by_source,665185,257,664928
financial.indicator.op_yoy,2016,not_provided_by_source,704146,258,703888
financial.indicator.op_yoy,2017,not_provided_by_source,799069,757,798312
financial.indicator.op_yoy,2018,not_provided_by_source,856805,1845,854960
financial.indicator.op_yoy,2019,not_provided_by_source,890261,1603,888658
financial.indicator.op_yoy,2020,not_provided_by_source,952002,3557,948445
financial.indicator.op_yoy,2021,not_provided_by_source,1062390,905,1061485
financial.indicator.op_yoy,2022,not_provided_by_source,1149262,2483,1146779
financial.indicator.op_yoy,2023,not_provided_by_source,1211954,374105,837849
financial.indicator.op_yoy,2024,not_provided_by_source,1236332,1060117,176215
financial.indicator.op_yoy,2025,not_provided_by_source,1251467,894879,356588
financial.indicator.op_yoy,2026,not_provided_by_source,868253,660754,207499
financial.indicator.opincome_of_ebt,2010,not_provided_by_source,452712,83,452629
financial.indicator.opincome_of_ebt,2011,not_provided_by_source,536606,244,536362
financial.indicator.opincome_of_ebt,2012,not_provided_by_source,586712,274,586438
financial.indicator.opincome_of_ebt,2013,not_provided_by_source,587580,238,587342
financial.indicator.opincome_of_ebt,2014,not_provided_by_source,620068,265,619803
financial.indicator.opincome_of_ebt,2015,not_provided_by_source,665185,257,664928
financial.indicator.opincome_of_ebt,2016,not_provided_by_source,704146,258,703888
financial.indicator.opincome_of_ebt,2017,not_provided_by_source,799069,757,798312
financial.indicator.opincome_of_ebt,2018,not_provided_by_source,856805,1845,854960
financial.indicator.opincome_of_ebt,2019,not_provided_by_source,890261,1585,888676
financial.indicator.opincome_of_ebt,2020,not_provided_by_source,952002,2367,949635
financial.indicator.opincome_of_ebt,2021,not_provided_by_source,1062390,507,1061883
financial.indicator.opincome_of_ebt,2022,not_provided_by_source,1149262,1912,1147350
financial.indicator.opincome_of_ebt,2023,not_provided_by_source,1211954,300262,911692
financial.indicator.opincome_of_ebt,2024,not_provided_by_source,1236332,818322,418010
financial.indicator.opincome_of_ebt,2025,not_provided_by_source,1251467,673874,577593
financial.indicator.opincome_of_ebt,2026,not_provided_by_source,868253,485942,382311
financial.indicator.or_yoy,2010,not_provided_by_source,452712,51,452661
financial.indicator.or_yoy,2011,not_provided_by_source,536606,244,536362
financial.indicator.or_yoy,2012,not_provided_by_source,586712,274,586438
financial.indicator.or_yoy,2013,not_provided_by_source,587580,238,587342
financial.indicator.or_yoy,2014,not_provided_by_source,620068,265,619803
financial.indicator.or_yoy,2015,not_provided_by_source,665185,257,664928
financial.indicator.or_yoy,2016,not_provided_by_source,704146,258,703888
financial.indicator.or_yoy,2017,not_provided_by_source,799069,757,798312
financial.indicator.or_yoy,2018,not_provided_by_source,856805,1845,854960
financial.indicator.or_yoy,2019,not_provided_by_source,890261,1603,888658
financial.indicator.or_yoy,2020,not_provided_by_source,952002,3557,948445
financial.indicator.or_yoy,2021,not_provided_by_source,1062390,905,1061485
financial.indicator.or_yoy,2022,not_provided_by_source,1149262,2483,1146779
financial.indicator.or_yoy,2023,not_provided_by_source,1211954,373930,838024
financial.indicator.or_yoy,2024,not_provided_by_source,1236332,1059307,177025
financial.indicator.or_yoy,2025,not_provided_by_source,1251467,894618,356849
financial.indicator.or_yoy,2026,not_provided_by_source,868253,660488,207765
financial.indicator.profit_dedt,2010,not_provided_by_source,452712,83,452629
financial.indicator.profit_dedt,2011,not_provided_by_source,536606,244,536362
financial.indicator.profit_dedt,2012,not_provided_by_source,586712,274,586438
financial.indicator.profit_dedt,2013,not_provided_by_source,587580,238,587342
financial.indicator.profit_dedt,2014,not_provided_by_source,620068,265,619803
financial.indicator.profit_dedt,2015,not_provided_by_source,665185,257,664928
financial.indicator.profit_dedt,2016,not_provided_by_source,704146,258,703888
financial.indicator.profit_dedt,2017,not_provided_by_source,799069,757,798312
financial.indicator.profit_dedt,2018,not_provided_by_source,856805,1845,854960
financial.indicator.profit_dedt,2019,not_provided_by_source,890261,1603,888658
financial.indicator.profit_dedt,2020,not_provided_by_source,952002,3557,948445
financial.indicator.profit_dedt,2021,not_provided_by_source,1062390,905,1061485
financial.indicator.profit_dedt,2022,not_provided_by_source,1149262,2483,1146779
financial.indicator.profit_dedt,2023,not_provided_by_source,1211954,374060,837894
financial.indicator.profit_dedt,2024,not_provided_by_source,1236332,1060036,176296
financial.indicator.profit_dedt,2025,not_provided_by_source,1251467,895021,356446
financial.indicator.profit_dedt,2026,not_provided_by_source,868253,660814,207439
financial.indicator.profit_prefin_exp,2010,not_provided_by_source,452712,83,452629
financial.indicator.profit_prefin_exp,2011,not_provided_by_source,536606,244,536362
financial.indicator.profit_prefin_exp,2012,not_provided_by_source,586712,274,586438
financial.indicator.profit_prefin_exp,2013,not_provided_by_source,587580,238,587342
financial.indicator.profit_prefin_exp,2014,not_provided_by_source,620068,265,619803
financial.indicator.profit_prefin_exp,2015,not_provided_by_source,665185,257,664928
financial.indicator.profit_prefin_exp,2016,not_provided_by_source,704146,258,703888
financial.indicator.profit_prefin_exp,2017,not_provided_by_source,799069,757,798312
financial.indicator.profit_prefin_exp,2018,not_provided_by_source,856805,1845,854960
financial.indicator.profit_prefin_exp,2019,not_provided_by_source,890261,1603,888658
financial.indicator.profit_prefin_exp,2020,not_provided_by_source,952002,3436,948566
financial.indicator.profit_prefin_exp,2021,not_provided_by_source,1062390,905,1061485
financial.indicator.profit_prefin_exp,2022,not_provided_by_source,1149262,2483,1146779
financial.indicator.profit_prefin_exp,2023,not_provided_by_source,1211954,367020,844934
financial.indicator.profit_prefin_exp,2024,not_provided_by_source,1236332,1040163,196169
financial.indicator.profit_prefin_exp,2025,not_provided_by_source,1251467,875504,375963
financial.indicator.profit_prefin_exp,2026,not_provided_by_source,868253,646606,221647
financial.indicator.profit_to_gr,2010,not_provided_by_source,452712,83,452629
financial.indicator.profit_to_gr,2011,not_provided_by_source,536606,244,536362
financial.indicator.profit_to_gr,2012,not_provided_by_source,586712,274,586438
financial.indicator.profit_to_gr,2013,not_provided_by_source,587580,238,587342
financial.indicator.profit_to_gr,2014,not_provided_by_source,620068,265,619803
financial.indicator.profit_to_gr,2015,not_provided_by_source,665185,257,664928
financial.indicator.profit_to_gr,2016,not_provided_by_source,704146,258,703888
financial.indicator.profit_to_gr,2017,not_provided_by_source,799069,757,798312
financial.indicator.profit_to_gr,2018,not_provided_by_source,856805,1845,854960
financial.indicator.profit_to_gr,2019,not_provided_by_source,890261,1603,888658
financial.indicator.profit_to_gr,2020,not_provided_by_source,952002,3557,948445
financial.indicator.profit_to_gr,2021,not_provided_by_source,1062390,905,1061485
financial.indicator.profit_to_gr,2022,not_provided_by_source,1149262,2483,1146779
financial.indicator.profit_to_gr,2023,not_provided_by_source,1211954,374060,837894
financial.indicator.profit_to_gr,2024,not_provided_by_source,1236332,1059899,176433
financial.indicator.profit_to_gr,2025,not_provided_by_source,1251467,895089,356378
financial.indicator.profit_to_gr,2026,not_provided_by_source,868253,660814,207439
financial.indicator.profit_to_op,2010,not_provided_by_source,452712,83,452629
financial.indicator.profit_to_op,2011,not_provided_by_source,536606,244,536362
financial.indicator.profit_to_op,2012,not_provided_by_source,586712,274,586438
financial.indicator.profit_to_op,2013,not_provided_by_source,587580,238,587342
financial.indicator.profit_to_op,2014,not_provided_by_source,620068,265,619803
financial.indicator.profit_to_op,2015,not_provided_by_source,665185,257,664928
financial.indicator.profit_to_op,2016,not_provided_by_source,704146,258,703888
financial.indicator.profit_to_op,2017,not_provided_by_source,799069,757,798312
financial.indicator.profit_to_op,2018,not_provided_by_source,856805,1845,854960
financial.indicator.profit_to_op,2019,not_provided_by_source,890261,1603,888658
financial.indicator.profit_to_op,2020,not_provided_by_source,952002,3557,948445
financial.indicator.profit_to_op,2021,not_provided_by_source,1062390,905,1061485
financial.indicator.profit_to_op,2022,not_provided_by_source,1149262,2483,1146779
financial.indicator.profit_to_op,2023,not_provided_by_source,1211954,374060,837894
financial.indicator.profit_to_op,2024,not_provided_by_source,1236332,1059899,176433
financial.indicator.profit_to_op,2025,not_provided_by_source,1251467,895089,356378
financial.indicator.profit_to_op,2026,not_provided_by_source,868253,660814,207439
financial.indicator.q_adminexp_to_gr,2010,not_provided_by_source,452712,83,452629
financial.indicator.q_adminexp_to_gr,2011,not_provided_by_source,536606,244,536362
financial.indicator.q_adminexp_to_gr,2012,not_provided_by_source,586712,274,586438
financial.indicator.q_adminexp_to_gr,2013,not_provided_by_source,587580,238,587342
financial.indicator.q_adminexp_to_gr,2014,not_provided_by_source,620068,265,619803
financial.indicator.q_adminexp_to_gr,2015,not_provided_by_source,665185,257,664928
financial.indicator.q_adminexp_to_gr,2016,not_provided_by_source,704146,258,703888
financial.indicator.q_adminexp_to_gr,2017,not_provided_by_source,799069,757,798312
financial.indicator.q_adminexp_to_gr,2018,not_provided_by_source,856805,1845,854960
financial.indicator.q_adminexp_to_gr,2019,not_provided_by_source,890261,1585,888676
financial.indicator.q_adminexp_to_gr,2020,not_provided_by_source,952002,3557,948445
financial.indicator.q_adminexp_to_gr,2021,not_provided_by_source,1062390,905,1061485
financial.indicator.q_adminexp_to_gr,2022,not_provided_by_source,1149262,2483,1146779
financial.indicator.q_adminexp_to_gr,2023,not_provided_by_source,1211954,373856,838098
financial.indicator.q_adminexp_to_gr,2024,not_provided_by_source,1236332,1059540,176792
financial.indicator.q_adminexp_to_gr,2025,not_provided_by_source,1251467,894600,356867
financial.indicator.q_adminexp_to_gr,2026,not_provided_by_source,868253,660310,207943
financial.indicator.q_dt_roe,2010,not_provided_by_source,452712,51,452661
financial.indicator.q_dt_roe,2011,not_provided_by_source,536606,244,536362
financial.indicator.q_dt_roe,2012,not_provided_by_source,586712,274,586438
financial.indicator.q_dt_roe,2013,not_provided_by_source,587580,238,587342
financial.indicator.q_dt_roe,2014,not_provided_by_source,620068,245,619823
financial.indicator.q_dt_roe,2015,not_provided_by_source,665185,257,664928
financial.indicator.q_dt_roe,2016,not_provided_by_source,704146,258,703888
financial.indicator.q_dt_roe,2017,not_provided_by_source,799069,757,798312
financial.indicator.q_dt_roe,2018,not_provided_by_source,856805,1845,854960
financial.indicator.q_dt_roe,2019,not_provided_by_source,890261,1603,888658
financial.indicator.q_dt_roe,2020,not_provided_by_source,952002,3486,948516
financial.indicator.q_dt_roe,2021,not_provided_by_source,1062390,905,1061485
financial.indicator.q_dt_roe,2022,not_provided_by_source,1149262,2480,1146782
financial.indicator.q_dt_roe,2023,not_provided_by_source,1211954,371165,840789
financial.indicator.q_dt_roe,2024,not_provided_by_source,1236332,1053426,182906
financial.indicator.q_dt_roe,2025,not_provided_by_source,1251467,888735,362732
financial.indicator.q_dt_roe,2026,not_provided_by_source,868253,656352,211901
financial.indicator.q_dtprofit,2010,not_provided_by_source,452712,51,452661
financial.indicator.q_dtprofit,2011,not_provided_by_source,536606,244,536362
financial.indicator.q_dtprofit,2012,not_provided_by_source,586712,274,586438
financial.indicator.q_dtprofit,2013,not_provided_by_source,587580,238,587342
financial.indicator.q_dtprofit,2014,not_provided_by_source,620068,245,619823
financial.indicator.q_dtprofit,2015,not_provided_by_source,665185,257,664928
financial.indicator.q_dtprofit,2016,not_provided_by_source,704146,258,703888
financial.indicator.q_dtprofit,2017,not_provided_by_source,799069,757,798312
financial.indicator.q_dtprofit,2018,not_provided_by_source,856805,1845,854960
financial.indicator.q_dtprofit,2019,not_provided_by_source,890261,1603,888658
financial.indicator.q_dtprofit,2020,not_provided_by_source,952002,3486,948516
financial.indicator.q_dtprofit,2021,not_provided_by_source,1062390,905,1061485
financial.indicator.q_dtprofit,2022,not_provided_by_source,1149262,2483,1146779
financial.indicator.q_dtprofit,2023,not_provided_by_source,1211954,373785,838169
financial.indicator.q_dtprofit,2024,not_provided_by_source,1236332,1059731,176601
financial.indicator.q_dtprofit,2025,not_provided_by_source,1251467,894708,356759
financial.indicator.q_dtprofit,2026,not_provided_by_source,868253,660714,207539
financial.indicator.q_dtprofit_to_profit,2010,not_provided_by_source,452712,51,452661
financial.indicator.q_dtprofit_to_profit,2011,not_provided_by_source,536606,244,536362
financial.indicator.q_dtprofit_to_profit,2012,not_provided_by_source,586712,274,586438
financial.indicator.q_dtprofit_to_profit,2013,not_provided_by_source,587580,238,587342
financial.indicator.q_dtprofit_to_profit,2014,not_provided_by_source,620068,245,619823
financial.indicator.q_dtprofit_to_profit,2015,not_provided_by_source,665185,257,664928
financial.indicator.q_dtprofit_to_profit,2016,not_provided_by_source,704146,258,703888
financial.indicator.q_dtprofit_to_profit,2017,not_provided_by_source,799069,757,798312
financial.indicator.q_dtprofit_to_profit,2018,not_provided_by_source,856805,1808,854997
financial.indicator.q_dtprofit_to_profit,2019,not_provided_by_source,890261,1438,888823
financial.indicator.q_dtprofit_to_profit,2020,not_provided_by_source,952002,2458,949544
financial.indicator.q_dtprofit_to_profit,2021,not_provided_by_source,1062390,576,1061814
financial.indicator.q_dtprofit_to_profit,2022,not_provided_by_source,1149262,1946,1147316
financial.indicator.q_dtprofit_to_profit,2023,not_provided_by_source,1211954,294449,917505
financial.indicator.q_dtprofit_to_profit,2024,not_provided_by_source,1236332,803023,433309
financial.indicator.q_dtprofit_to_profit,2025,not_provided_by_source,1251467,660462,591005
financial.indicator.q_dtprofit_to_profit,2026,not_provided_by_source,868253,476084,392169
financial.indicator.q_eps,2010,not_provided_by_source,452712,83,452629
financial.indicator.q_eps,2011,not_provided_by_source,536606,244,536362
financial.indicator.q_eps,2012,not_provided_by_source,586712,274,586438
financial.indicator.q_eps,2013,not_provided_by_source,587580,238,587342
financial.indicator.q_eps,2014,not_provided_by_source,620068,265,619803
financial.indicator.q_eps,2015,not_provided_by_source,665185,257,664928
financial.indicator.q_eps,2016,not_provided_by_source,704146,258,703888
financial.indicator.q_eps,2017,not_provided_by_source,799069,757,798312
financial.indicator.q_eps,2018,not_provided_by_source,856805,1845,854960
financial.indicator.q_eps,2019,not_provided_by_source,890261,1603,888658
financial.indicator.q_eps,2020,not_provided_by_source,952002,3557,948445
financial.indicator.q_eps,2021,not_provided_by_source,1062390,905,1061485
financial.indicator.q_eps,2022,not_provided_by_source,1149262,2483,1146779
financial.indicator.q_eps,2023,not_provided_by_source,1211954,374105,837849
financial.indicator.q_eps,2024,not_provided_by_source,1236332,1060154,176178
financial.indicator.q_eps,2025,not_provided_by_source,1251467,895003,356464
financial.indicator.q_eps,2026,not_provided_by_source,868253,660787,207466
financial.indicator.q_exp_to_sales,2010,not_provided_by_source,452712,83,452629
financial.indicator.q_exp_to_sales,2011,not_provided_by_source,536606,244,536362
financial.indicator.q_exp_to_sales,2012,not_provided_by_source,586712,274,586438
financial.indicator.q_exp_to_sales,2013,not_provided_by_source,587580,238,587342
financial.indicator.q_exp_to_sales,2014,not_provided_by_source,620068,265,619803
financial.indicator.q_exp_to_sales,2015,not_provided_by_source,665185,257,664928
financial.indicator.q_exp_to_sales,2016,not_provided_by_source,704146,258,703888
financial.indicator.q_exp_to_sales,2017,not_provided_by_source,799069,757,798312
financial.indicator.q_exp_to_sales,2018,not_provided_by_source,856805,1845,854960
financial.indicator.q_exp_to_sales,2019,not_provided_by_source,890261,1585,888676
financial.indicator.q_exp_to_sales,2020,not_provided_by_source,952002,3436,948566
financial.indicator.q_exp_to_sales,2021,not_provided_by_source,1062390,905,1061485
financial.indicator.q_exp_to_sales,2022,not_provided_by_source,1149262,2483,1146779
financial.indicator.q_exp_to_sales,2023,not_provided_by_source,1211954,366727,845227
financial.indicator.q_exp_to_sales,2024,not_provided_by_source,1236332,1039242,197090
financial.indicator.q_exp_to_sales,2025,not_provided_by_source,1251467,874782,376685
financial.indicator.q_exp_to_sales,2026,not_provided_by_source,868253,646037,222216
financial.indicator.q_finaexp_to_gr,2010,not_provided_by_source,452712,83,452629
financial.indicator.q_finaexp_to_gr,2011,not_provided_by_source,536606,244,536362
financial.indicator.q_finaexp_to_gr,2012,not_provided_by_source,586712,274,586438
financial.indicator.q_finaexp_to_gr,2013,not_provided_by_source,587580,238,587342
financial.indicator.q_finaexp_to_gr,2014,not_provided_by_source,620068,265,619803
financial.indicator.q_finaexp_to_gr,2015,not_provided_by_source,665185,257,664928
financial.indicator.q_finaexp_to_gr,2016,not_provided_by_source,704146,258,703888
financial.indicator.q_finaexp_to_gr,2017,not_provided_by_source,799069,757,798312
financial.indicator.q_finaexp_to_gr,2018,not_provided_by_source,856805,1845,854960
financial.indicator.q_finaexp_to_gr,2019,not_provided_by_source,890261,1585,888676
financial.indicator.q_finaexp_to_gr,2020,not_provided_by_source,952002,3436,948566
financial.indicator.q_finaexp_to_gr,2021,not_provided_by_source,1062390,905,1061485
financial.indicator.q_finaexp_to_gr,2022,not_provided_by_source,1149262,2483,1146779
financial.indicator.q_finaexp_to_gr,2023,not_provided_by_source,1211954,366683,845271
financial.indicator.q_finaexp_to_gr,2024,not_provided_by_source,1236332,1039043,197289
financial.indicator.q_finaexp_to_gr,2025,not_provided_by_source,1251467,874564,376903
financial.indicator.q_finaexp_to_gr,2026,not_provided_by_source,868253,645809,222444
financial.indicator.q_gc_to_gr,2010,not_provided_by_source,452712,83,452629
financial.indicator.q_gc_to_gr,2011,not_provided_by_source,536606,244,536362
financial.indicator.q_gc_to_gr,2012,not_provided_by_source,586712,274,586438
financial.indicator.q_gc_to_gr,2013,not_provided_by_source,587580,238,587342
financial.indicator.q_gc_to_gr,2014,not_provided_by_source,620068,265,619803
financial.indicator.q_gc_to_gr,2015,not_provided_by_source,665185,257,664928
financial.indicator.q_gc_to_gr,2016,not_provided_by_source,704146,258,703888
financial.indicator.q_gc_to_gr,2017,not_provided_by_source,799069,757,798312
financial.indicator.q_gc_to_gr,2018,not_provided_by_source,856805,1845,854960
financial.indicator.q_gc_to_gr,2019,not_provided_by_source,890261,1585,888676
financial.indicator.q_gc_to_gr,2020,not_provided_by_source,952002,3436,948566
financial.indicator.q_gc_to_gr,2021,not_provided_by_source,1062390,905,1061485
financial.indicator.q_gc_to_gr,2022,not_provided_by_source,1149262,2483,1146779
financial.indicator.q_gc_to_gr,2023,not_provided_by_source,1211954,366807,845147
financial.indicator.q_gc_to_gr,2024,not_provided_by_source,1236332,1039527,196805
financial.indicator.q_gc_to_gr,2025,not_provided_by_source,1251467,875038,376429
financial.indicator.q_gc_to_gr,2026,not_provided_by_source,868253,646159,222094
financial.indicator.q_gr_qoq,2010,not_provided_by_source,452712,83,452629
financial.indicator.q_gr_qoq,2011,not_provided_by_source,536606,244,536362
financial.indicator.q_gr_qoq,2012,not_provided_by_source,586712,274,586438
financial.indicator.q_gr_qoq,2013,not_provided_by_source,587580,238,587342
financial.indicator.q_gr_qoq,2014,not_provided_by_source,620068,265,619803
financial.indicator.q_gr_qoq,2015,not_provided_by_source,665185,257,664928
financial.indicator.q_gr_qoq,2016,not_provided_by_source,704146,258,703888
financial.indicator.q_gr_qoq,2017,not_provided_by_source,799069,757,798312
financial.indicator.q_gr_qoq,2018,not_provided_by_source,856805,1845,854960
financial.indicator.q_gr_qoq,2019,not_provided_by_source,890261,1603,888658
financial.indicator.q_gr_qoq,2020,not_provided_by_source,952002,3557,948445
financial.indicator.q_gr_qoq,2021,not_provided_by_source,1062390,905,1061485
financial.indicator.q_gr_qoq,2022,not_provided_by_source,1149262,2460,1146802
financial.indicator.q_gr_qoq,2023,not_provided_by_source,1211954,373854,838100
financial.indicator.q_gr_qoq,2024,not_provided_by_source,1236332,1059762,176570
financial.indicator.q_gr_qoq,2025,not_provided_by_source,1251467,894958,356509
financial.indicator.q_gr_qoq,2026,not_provided_by_source,868253,660530,207723
financial.indicator.q_gr_yoy,2010,not_provided_by_source,452712,51,452661
financial.indicator.q_gr_yoy,2011,not_provided_by_source,536606,244,536362
financial.indicator.q_gr_yoy,2012,not_provided_by_source,586712,274,586438
financial.indicator.q_gr_yoy,2013,not_provided_by_source,587580,238,587342
financial.indicator.q_gr_yoy,2014,not_provided_by_source,620068,245,619823
financial.indicator.q_gr_yoy,2015,not_provided_by_source,665185,257,664928
financial.indicator.q_gr_yoy,2016,not_provided_by_source,704146,258,703888
financial.indicator.q_gr_yoy,2017,not_provided_by_source,799069,757,798312
financial.indicator.q_gr_yoy,2018,not_provided_by_source,856805,1845,854960
financial.indicator.q_gr_yoy,2019,not_provided_by_source,890261,1603,888658
financial.indicator.q_gr_yoy,2020,not_provided_by_source,952002,3486,948516
financial.indicator.q_gr_yoy,2021,not_provided_by_source,1062390,905,1061485
financial.indicator.q_gr_yoy,2022,not_provided_by_source,1149262,2483,1146779
financial.indicator.q_gr_yoy,2023,not_provided_by_source,1211954,373142,838812
financial.indicator.q_gr_yoy,2024,not_provided_by_source,1236332,1058548,177784
financial.indicator.q_gr_yoy,2025,not_provided_by_source,1251467,893182,358285
financial.indicator.q_gr_yoy,2026,not_provided_by_source,868253,659677,208576
financial.indicator.q_gross_profit_margin,2010,not_provided_by_source,452712,83,452629
financial.indicator.q_gross_profit_margin,2011,not_provided_by_source,536606,244,536362
financial.indicator.q_gross_profit_margin,2012,not_provided_by_source,586712,274,586438
financial.indicator.q_gross_profit_margin,2013,not_provided_by_source,587580,238,587342
financial.indicator.q_gross_profit_margin,2014,not_provided_by_source,620068,265,619803
financial.indicator.q_gross_profit_margin,2015,not_provided_by_source,665185,257,664928
financial.indicator.q_gross_profit_margin,2016,not_provided_by_source,704146,258,703888
financial.indicator.q_gross_profit_margin,2017,not_provided_by_source,799069,757,798312
financial.indicator.q_gross_profit_margin,2018,not_provided_by_source,856805,1845,854960
financial.indicator.q_gross_profit_margin,2019,not_provided_by_source,890261,1585,888676
financial.indicator.q_gross_profit_margin,2020,not_provided_by_source,952002,3436,948566
financial.indicator.q_gross_profit_margin,2021,not_provided_by_source,1062390,905,1061485
financial.indicator.q_gross_profit_margin,2022,not_provided_by_source,1149262,2483,1146779
financial.indicator.q_gross_profit_margin,2023,not_provided_by_source,1211954,366727,845227
financial.indicator.q_gross_profit_margin,2024,not_provided_by_source,1236332,1039242,197090
financial.indicator.q_gross_profit_margin,2025,not_provided_by_source,1251467,874850,376617
financial.indicator.q_gross_profit_margin,2026,not_provided_by_source,868253,646004,222249
financial.indicator.q_impair_to_gr_ttm,2010,not_provided_by_source,452712,83,452629
financial.indicator.q_impair_to_gr_ttm,2011,not_provided_by_source,536606,244,536362
financial.indicator.q_impair_to_gr_ttm,2012,not_provided_by_source,586712,274,586438
financial.indicator.q_impair_to_gr_ttm,2013,not_provided_by_source,587580,238,587342
financial.indicator.q_impair_to_gr_ttm,2014,not_provided_by_source,620068,265,619803
financial.indicator.q_impair_to_gr_ttm,2015,not_provided_by_source,665185,257,664928
financial.indicator.q_impair_to_gr_ttm,2016,not_provided_by_source,704146,258,703888
financial.indicator.q_impair_to_gr_ttm,2017,not_provided_by_source,799069,626,798443
financial.indicator.q_impair_to_gr_ttm,2018,not_provided_by_source,856805,1639,855166
financial.indicator.q_impair_to_gr_ttm,2019,not_provided_by_source,890261,1100,889161
financial.indicator.q_impair_to_gr_ttm,2020,not_provided_by_source,952002,1166,950836
financial.indicator.q_impair_to_gr_ttm,2021,not_provided_by_source,1062390,532,1061858
financial.indicator.q_impair_to_gr_ttm,2022,not_provided_by_source,1149262,1825,1147437
financial.indicator.q_impair_to_gr_ttm,2023,not_provided_by_source,1211954,296840,915114
financial.indicator.q_impair_to_gr_ttm,2024,not_provided_by_source,1236332,827242,409090
financial.indicator.q_impair_to_gr_ttm,2025,not_provided_by_source,1251467,732400,519067
financial.indicator.q_impair_to_gr_ttm,2026,not_provided_by_source,868253,534524,333729
financial.indicator.q_investincome,2010,not_provided_by_source,452712,83,452629
financial.indicator.q_investincome,2011,not_provided_by_source,536606,244,536362
financial.indicator.q_investincome,2012,not_provided_by_source,586712,274,586438
financial.indicator.q_investincome,2013,not_provided_by_source,587580,238,587342
financial.indicator.q_investincome,2014,not_provided_by_source,620068,265,619803
financial.indicator.q_investincome,2015,not_provided_by_source,665185,257,664928
financial.indicator.q_investincome,2016,not_provided_by_source,704146,258,703888
financial.indicator.q_investincome,2017,not_provided_by_source,799069,757,798312
financial.indicator.q_investincome,2018,not_provided_by_source,856805,1845,854960
financial.indicator.q_investincome,2019,not_provided_by_source,890261,1554,888707
financial.indicator.q_investincome,2020,not_provided_by_source,952002,3287,948715
financial.indicator.q_investincome,2021,not_provided_by_source,1062390,905,1061485
financial.indicator.q_investincome,2022,not_provided_by_source,1149262,2402,1146860
financial.indicator.q_investincome,2023,not_provided_by_source,1211954,351210,860744
financial.indicator.q_investincome,2024,not_provided_by_source,1236332,992700,243632
financial.indicator.q_investincome,2025,not_provided_by_source,1251467,851585,399882
financial.indicator.q_investincome,2026,not_provided_by_source,868253,630256,237997
financial.indicator.q_investincome_to_ebt,2010,not_provided_by_source,452712,83,452629
financial.indicator.q_investincome_to_ebt,2011,not_provided_by_source,536606,244,536362
financial.indicator.q_investincome_to_ebt,2012,not_provided_by_source,586712,274,586438
financial.indicator.q_investincome_to_ebt,2013,not_provided_by_source,587580,238,587342
financial.indicator.q_investincome_to_ebt,2014,not_provided_by_source,620068,265,619803
financial.indicator.q_investincome_to_ebt,2015,not_provided_by_source,665185,257,664928
financial.indicator.q_investincome_to_ebt,2016,not_provided_by_source,704146,258,703888
financial.indicator.q_investincome_to_ebt,2017,not_provided_by_source,799069,757,798312
financial.indicator.q_investincome_to_ebt,2018,not_provided_by_source,856805,1808,854997
financial.indicator.q_investincome_to_ebt,2019,not_provided_by_source,890261,1472,888789
financial.indicator.q_investincome_to_ebt,2020,not_provided_by_source,952002,2263,949739
financial.indicator.q_investincome_to_ebt,2021,not_provided_by_source,1062390,576,1061814
financial.indicator.q_investincome_to_ebt,2022,not_provided_by_source,1149262,1743,1147519
financial.indicator.q_investincome_to_ebt,2023,not_provided_by_source,1211954,277286,934668
financial.indicator.q_investincome_to_ebt,2024,not_provided_by_source,1236332,753930,482402
financial.indicator.q_investincome_to_ebt,2025,not_provided_by_source,1251467,631240,620227
financial.indicator.q_investincome_to_ebt,2026,not_provided_by_source,868253,458757,409496
financial.indicator.q_net_profit_margin,2010,not_provided_by_source,452712,83,452629
financial.indicator.q_net_profit_margin,2011,not_provided_by_source,536606,244,536362
financial.indicator.q_net_profit_margin,2012,not_provided_by_source,586712,274,586438
financial.indicator.q_net_profit_margin,2013,not_provided_by_source,587580,238,587342
financial.indicator.q_net_profit_margin,2014,not_provided_by_source,620068,265,619803
financial.indicator.q_net_profit_margin,2015,not_provided_by_source,665185,257,664928
financial.indicator.q_net_profit_margin,2016,not_provided_by_source,704146,258,703888
financial.indicator.q_net_profit_margin,2017,not_provided_by_source,799069,757,798312
financial.indicator.q_net_profit_margin,2018,not_provided_by_source,856805,1845,854960
financial.indicator.q_net_profit_margin,2019,not_provided_by_source,890261,1585,888676
financial.indicator.q_net_profit_margin,2020,not_provided_by_source,952002,3557,948445
financial.indicator.q_net_profit_margin,2021,not_provided_by_source,1062390,905,1061485
financial.indicator.q_net_profit_margin,2022,not_provided_by_source,1149262,2483,1146779
financial.indicator.q_net_profit_margin,2023,not_provided_by_source,1211954,373776,838178
financial.indicator.q_net_profit_margin,2024,not_provided_by_source,1236332,1059255,177077
financial.indicator.q_net_profit_margin,2025,not_provided_by_source,1251467,894445,357022
financial.indicator.q_net_profit_margin,2026,not_provided_by_source,868253,660331,207922
financial.indicator.q_netprofit_qoq,2010,not_provided_by_source,452712,83,452629
financial.indicator.q_netprofit_qoq,2011,not_provided_by_source,536606,244,536362
financial.indicator.q_netprofit_qoq,2012,not_provided_by_source,586712,274,586438
financial.indicator.q_netprofit_qoq,2013,not_provided_by_source,587580,238,587342
financial.indicator.q_netprofit_qoq,2014,not_provided_by_source,620068,265,619803
financial.indicator.q_netprofit_qoq,2015,not_provided_by_source,665185,257,664928
financial.indicator.q_netprofit_qoq,2016,not_provided_by_source,704146,258,703888
financial.indicator.q_netprofit_qoq,2017,not_provided_by_source,799069,757,798312
financial.indicator.q_netprofit_qoq,2018,not_provided_by_source,856805,1845,854960
financial.indicator.q_netprofit_qoq,2019,not_provided_by_source,890261,1603,888658
financial.indicator.q_netprofit_qoq,2020,not_provided_by_source,952002,3557,948445
financial.indicator.q_netprofit_qoq,2021,not_provided_by_source,1062390,905,1061485
financial.indicator.q_netprofit_qoq,2022,not_provided_by_source,1149262,2460,1146802
financial.indicator.q_netprofit_qoq,2023,not_provided_by_source,1211954,374030,837924
financial.indicator.q_netprofit_qoq,2024,not_provided_by_source,1236332,1060154,176178
financial.indicator.q_netprofit_qoq,2025,not_provided_by_source,1251467,895103,356364
financial.indicator.q_netprofit_qoq,2026,not_provided_by_source,868253,660839,207414
financial.indicator.q_netprofit_yoy,2010,not_provided_by_source,452712,51,452661
financial.indicator.q_netprofit_yoy,2011,not_provided_by_source,536606,244,536362
financial.indicator.q_netprofit_yoy,2012,not_provided_by_source,586712,274,586438
financial.indicator.q_netprofit_yoy,2013,not_provided_by_source,587580,238,587342
financial.indicator.q_netprofit_yoy,2014,not_provided_by_source,620068,245,619823
financial.indicator.q_netprofit_yoy,2015,not_provided_by_source,665185,257,664928
financial.indicator.q_netprofit_yoy,2016,not_provided_by_source,704146,258,703888
financial.indicator.q_netprofit_yoy,2017,not_provided_by_source,799069,757,798312
financial.indicator.q_netprofit_yoy,2018,not_provided_by_source,856805,1845,854960
financial.indicator.q_netprofit_yoy,2019,not_provided_by_source,890261,1603,888658
financial.indicator.q_netprofit_yoy,2020,not_provided_by_source,952002,3486,948516
financial.indicator.q_netprofit_yoy,2021,not_provided_by_source,1062390,905,1061485
financial.indicator.q_netprofit_yoy,2022,not_provided_by_source,1149262,2483,1146779
financial.indicator.q_netprofit_yoy,2023,not_provided_by_source,1211954,373360,838594
financial.indicator.q_netprofit_yoy,2024,not_provided_by_source,1236332,1059274,177058
financial.indicator.q_netprofit_yoy,2025,not_provided_by_source,1251467,893419,358048
financial.indicator.q_netprofit_yoy,2026,not_provided_by_source,868253,660078,208175
financial.indicator.q_npta,2010,not_provided_by_source,452712,83,452629
financial.indicator.q_npta,2011,not_provided_by_source,536606,244,536362
financial.indicator.q_npta,2012,not_provided_by_source,586712,274,586438
financial.indicator.q_npta,2013,not_provided_by_source,587580,238,587342
financial.indicator.q_npta,2014,not_provided_by_source,620068,265,619803
financial.indicator.q_npta,2015,not_provided_by_source,665185,257,664928
financial.indicator.q_npta,2016,not_provided_by_source,704146,258,703888
financial.indicator.q_npta,2017,not_provided_by_source,799069,757,798312
financial.indicator.q_npta,2018,not_provided_by_source,856805,1845,854960
financial.indicator.q_npta,2019,not_provided_by_source,890261,1603,888658
financial.indicator.q_npta,2020,not_provided_by_source,952002,3557,948445
financial.indicator.q_npta,2021,not_provided_by_source,1062390,905,1061485
financial.indicator.q_npta,2022,not_provided_by_source,1149262,2483,1146779
financial.indicator.q_npta,2023,not_provided_by_source,1211954,374105,837849
financial.indicator.q_npta,2024,not_provided_by_source,1236332,1060154,176178
financial.indicator.q_npta,2025,not_provided_by_source,1251467,895071,356396
financial.indicator.q_npta,2026,not_provided_by_source,868253,660839,207414
financial.indicator.q_ocf_to_or,2010,not_provided_by_source,452712,83,452629
financial.indicator.q_ocf_to_or,2011,not_provided_by_source,536606,244,536362
financial.indicator.q_ocf_to_or,2012,not_provided_by_source,586712,274,586438
financial.indicator.q_ocf_to_or,2013,not_provided_by_source,587580,238,587342
financial.indicator.q_ocf_to_or,2014,not_provided_by_source,620068,265,619803
financial.indicator.q_ocf_to_or,2015,not_provided_by_source,665185,257,664928
financial.indicator.q_ocf_to_or,2016,not_provided_by_source,704146,258,703888
financial.indicator.q_ocf_to_or,2017,not_provided_by_source,799069,757,798312
financial.indicator.q_ocf_to_or,2018,not_provided_by_source,856805,1808,854997
financial.indicator.q_ocf_to_or,2019,not_provided_by_source,890261,1409,888852
financial.indicator.q_ocf_to_or,2020,not_provided_by_source,952002,2286,949716
financial.indicator.q_ocf_to_or,2021,not_provided_by_source,1062390,502,1061888
financial.indicator.q_ocf_to_or,2022,not_provided_by_source,1149262,1599,1147663
financial.indicator.q_ocf_to_or,2023,not_provided_by_source,1211954,269475,942479
financial.indicator.q_ocf_to_or,2024,not_provided_by_source,1236332,721511,514821
financial.indicator.q_ocf_to_or,2025,not_provided_by_source,1251467,585291,666176
financial.indicator.q_ocf_to_or,2026,not_provided_by_source,868253,427914,440339
financial.indicator.q_ocf_to_sales,2010,not_provided_by_source,452712,83,452629
financial.indicator.q_ocf_to_sales,2011,not_provided_by_source,536606,244,536362
financial.indicator.q_ocf_to_sales,2012,not_provided_by_source,586712,274,586438
financial.indicator.q_ocf_to_sales,2013,not_provided_by_source,587580,238,587342
financial.indicator.q_ocf_to_sales,2014,not_provided_by_source,620068,265,619803
financial.indicator.q_ocf_to_sales,2015,not_provided_by_source,665185,257,664928
financial.indicator.q_ocf_to_sales,2016,not_provided_by_source,704146,258,703888
financial.indicator.q_ocf_to_sales,2017,not_provided_by_source,799069,757,798312
financial.indicator.q_ocf_to_sales,2018,not_provided_by_source,856805,1845,854960
financial.indicator.q_ocf_to_sales,2019,not_provided_by_source,890261,1585,888676
financial.indicator.q_ocf_to_sales,2020,not_provided_by_source,952002,3557,948445
financial.indicator.q_ocf_to_sales,2021,not_provided_by_source,1062390,905,1061485
financial.indicator.q_ocf_to_sales,2022,not_provided_by_source,1149262,2483,1146779
financial.indicator.q_ocf_to_sales,2023,not_provided_by_source,1211954,373776,838178
financial.indicator.q_ocf_to_sales,2024,not_provided_by_source,1236332,1059236,177096
financial.indicator.q_ocf_to_sales,2025,not_provided_by_source,1251467,894366,357101
financial.indicator.q_ocf_to_sales,2026,not_provided_by_source,868253,660299,207954
financial.indicator.q_op_qoq,2010,not_provided_by_source,452712,83,452629
financial.indicator.q_op_qoq,2011,not_provided_by_source,536606,244,536362
financial.indicator.q_op_qoq,2012,not_provided_by_source,586712,274,586438
financial.indicator.q_op_qoq,2013,not_provided_by_source,587580,238,587342
financial.indicator.q_op_qoq,2014,not_provided_by_source,620068,265,619803
financial.indicator.q_op_qoq,2015,not_provided_by_source,665185,257,664928
financial.indicator.q_op_qoq,2016,not_provided_by_source,704146,258,703888
financial.indicator.q_op_qoq,2017,not_provided_by_source,799069,757,798312
financial.indicator.q_op_qoq,2018,not_provided_by_source,856805,1845,854960
financial.indicator.q_op_qoq,2019,not_provided_by_source,890261,1603,888658
financial.indicator.q_op_qoq,2020,not_provided_by_source,952002,3557,948445
financial.indicator.q_op_qoq,2021,not_provided_by_source,1062390,905,1061485
financial.indicator.q_op_qoq,2022,not_provided_by_source,1149262,2460,1146802
financial.indicator.q_op_qoq,2023,not_provided_by_source,1211954,374030,837924
financial.indicator.q_op_qoq,2024,not_provided_by_source,1236332,1060154,176178
financial.indicator.q_op_qoq,2025,not_provided_by_source,1251467,895103,356364
financial.indicator.q_op_qoq,2026,not_provided_by_source,868253,660671,207582
financial.indicator.q_op_to_gr,2010,not_provided_by_source,452712,83,452629
financial.indicator.q_op_to_gr,2011,not_provided_by_source,536606,244,536362
financial.indicator.q_op_to_gr,2012,not_provided_by_source,586712,274,586438
financial.indicator.q_op_to_gr,2013,not_provided_by_source,587580,238,587342
financial.indicator.q_op_to_gr,2014,not_provided_by_source,620068,265,619803
financial.indicator.q_op_to_gr,2015,not_provided_by_source,665185,257,664928
financial.indicator.q_op_to_gr,2016,not_provided_by_source,704146,258,703888
financial.indicator.q_op_to_gr,2017,not_provided_by_source,799069,757,798312
financial.indicator.q_op_to_gr,2018,not_provided_by_source,856805,1845,854960
financial.indicator.q_op_to_gr,2019,not_provided_by_source,890261,1585,888676
financial.indicator.q_op_to_gr,2020,not_provided_by_source,952002,3557,948445
financial.indicator.q_op_to_gr,2021,not_provided_by_source,1062390,905,1061485
financial.indicator.q_op_to_gr,2022,not_provided_by_source,1149262,2483,1146779
financial.indicator.q_op_to_gr,2023,not_provided_by_source,1211954,373856,838098
financial.indicator.q_op_to_gr,2024,not_provided_by_source,1236332,1059540,176792
financial.indicator.q_op_to_gr,2025,not_provided_by_source,1251467,894668,356799
financial.indicator.q_op_to_gr,2026,not_provided_by_source,868253,660445,207808
financial.indicator.q_op_yoy,2010,not_provided_by_source,452712,51,452661
financial.indicator.q_op_yoy,2011,not_provided_by_source,536606,244,536362
financial.indicator.q_op_yoy,2012,not_provided_by_source,586712,274,586438
financial.indicator.q_op_yoy,2013,not_provided_by_source,587580,238,587342
financial.indicator.q_op_yoy,2014,not_provided_by_source,620068,245,619823
financial.indicator.q_op_yoy,2015,not_provided_by_source,665185,257,664928
financial.indicator.q_op_yoy,2016,not_provided_by_source,704146,258,703888
financial.indicator.q_op_yoy,2017,not_provided_by_source,799069,757,798312
financial.indicator.q_op_yoy,2018,not_provided_by_source,856805,1845,854960
financial.indicator.q_op_yoy,2019,not_provided_by_source,890261,1603,888658
financial.indicator.q_op_yoy,2020,not_provided_by_source,952002,3486,948516
financial.indicator.q_op_yoy,2021,not_provided_by_source,1062390,905,1061485
financial.indicator.q_op_yoy,2022,not_provided_by_source,1149262,2483,1146779
financial.indicator.q_op_yoy,2023,not_provided_by_source,1211954,373360,838594
financial.indicator.q_op_yoy,2024,not_provided_by_source,1236332,1059274,177058
financial.indicator.q_op_yoy,2025,not_provided_by_source,1251467,893419,358048
financial.indicator.q_op_yoy,2026,not_provided_by_source,868253,660064,208189
financial.indicator.q_opincome,2010,not_provided_by_source,452712,83,452629
financial.indicator.q_opincome,2011,not_provided_by_source,536606,244,536362
financial.indicator.q_opincome,2012,not_provided_by_source,586712,274,586438
financial.indicator.q_opincome,2013,not_provided_by_source,587580,238,587342
financial.indicator.q_opincome,2014,not_provided_by_source,620068,265,619803
financial.indicator.q_opincome,2015,not_provided_by_source,665185,257,664928
financial.indicator.q_opincome,2016,not_provided_by_source,704146,258,703888
financial.indicator.q_opincome,2017,not_provided_by_source,799069,757,798312
financial.indicator.q_opincome,2018,not_provided_by_source,856805,1845,854960
financial.indicator.q_opincome,2019,not_provided_by_source,890261,1603,888658
financial.indicator.q_opincome,2020,not_provided_by_source,952002,3557,948445
financial.indicator.q_opincome,2021,not_provided_by_source,1062390,905,1061485
financial.indicator.q_opincome,2022,not_provided_by_source,1149262,2483,1146779
financial.indicator.q_opincome,2023,not_provided_by_source,1211954,373805,838149
financial.indicator.q_opincome,2024,not_provided_by_source,1236332,1059186,177146
financial.indicator.q_opincome,2025,not_provided_by_source,1251467,894340,357127
financial.indicator.q_opincome,2026,not_provided_by_source,868253,660403,207850
financial.indicator.q_opincome_to_ebt,2010,not_provided_by_source,452712,83,452629
financial.indicator.q_opincome_to_ebt,2011,not_provided_by_source,536606,244,536362
financial.indicator.q_opincome_to_ebt,2012,not_provided_by_source,586712,274,586438
financial.indicator.q_opincome_to_ebt,2013,not_provided_by_source,587580,238,587342
financial.indicator.q_opincome_to_ebt,2014,not_provided_by_source,620068,265,619803
financial.indicator.q_opincome_to_ebt,2015,not_provided_by_source,665185,257,664928
financial.indicator.q_opincome_to_ebt,2016,not_provided_by_source,704146,258,703888
financial.indicator.q_opincome_to_ebt,2017,not_provided_by_source,799069,757,798312
financial.indicator.q_opincome_to_ebt,2018,not_provided_by_source,856805,1808,854997
financial.indicator.q_opincome_to_ebt,2019,not_provided_by_source,890261,1472,888789
financial.indicator.q_opincome_to_ebt,2020,not_provided_by_source,952002,2452,949550
financial.indicator.q_opincome_to_ebt,2021,not_provided_by_source,1062390,576,1061814
financial.indicator.q_opincome_to_ebt,2022,not_provided_by_source,1149262,1779,1147483
financial.indicator.q_opincome_to_ebt,2023,not_provided_by_source,1211954,292480,919474
financial.indicator.q_opincome_to_ebt,2024,not_provided_by_source,1236332,797483,438849
financial.indicator.q_opincome_to_ebt,2025,not_provided_by_source,1251467,657290,594177
financial.indicator.q_opincome_to_ebt,2026,not_provided_by_source,868253,476870,391383
financial.indicator.q_profit_qoq,2010,not_provided_by_source,452712,83,452629
financial.indicator.q_profit_qoq,2011,not_provided_by_source,536606,244,536362
financial.indicator.q_profit_qoq,2012,not_provided_by_source,586712,274,586438
financial.indicator.q_profit_qoq,2013,not_provided_by_source,587580,238,587342
financial.indicator.q_profit_qoq,2014,not_provided_by_source,620068,265,619803
financial.indicator.q_profit_qoq,2015,not_provided_by_source,665185,257,664928
financial.indicator.q_profit_qoq,2016,not_provided_by_source,704146,258,703888
financial.indicator.q_profit_qoq,2017,not_provided_by_source,799069,757,798312
financial.indicator.q_profit_qoq,2018,not_provided_by_source,856805,1845,854960
financial.indicator.q_profit_qoq,2019,not_provided_by_source,890261,1603,888658
financial.indicator.q_profit_qoq,2020,not_provided_by_source,952002,3557,948445
financial.indicator.q_profit_qoq,2021,not_provided_by_source,1062390,905,1061485
financial.indicator.q_profit_qoq,2022,not_provided_by_source,1149262,2460,1146802
financial.indicator.q_profit_qoq,2023,not_provided_by_source,1211954,374030,837924
financial.indicator.q_profit_qoq,2024,not_provided_by_source,1236332,1060154,176178
financial.indicator.q_profit_qoq,2025,not_provided_by_source,1251467,895071,356396
financial.indicator.q_profit_qoq,2026,not_provided_by_source,868253,660839,207414
financial.indicator.q_profit_to_gr,2010,not_provided_by_source,452712,83,452629
financial.indicator.q_profit_to_gr,2011,not_provided_by_source,536606,244,536362
financial.indicator.q_profit_to_gr,2012,not_provided_by_source,586712,274,586438
financial.indicator.q_profit_to_gr,2013,not_provided_by_source,587580,238,587342
financial.indicator.q_profit_to_gr,2014,not_provided_by_source,620068,265,619803
financial.indicator.q_profit_to_gr,2015,not_provided_by_source,665185,257,664928
financial.indicator.q_profit_to_gr,2016,not_provided_by_source,704146,258,703888
financial.indicator.q_profit_to_gr,2017,not_provided_by_source,799069,757,798312
financial.indicator.q_profit_to_gr,2018,not_provided_by_source,856805,1845,854960
financial.indicator.q_profit_to_gr,2019,not_provided_by_source,890261,1585,888676
financial.indicator.q_profit_to_gr,2020,not_provided_by_source,952002,3557,948445
financial.indicator.q_profit_to_gr,2021,not_provided_by_source,1062390,905,1061485
financial.indicator.q_profit_to_gr,2022,not_provided_by_source,1149262,2483,1146779
financial.indicator.q_profit_to_gr,2023,not_provided_by_source,1211954,373856,838098
financial.indicator.q_profit_to_gr,2024,not_provided_by_source,1236332,1059540,176792
financial.indicator.q_profit_to_gr,2025,not_provided_by_source,1251467,894668,356799
financial.indicator.q_profit_to_gr,2026,not_provided_by_source,868253,660453,207800
financial.indicator.q_profit_yoy,2010,not_provided_by_source,452712,51,452661
financial.indicator.q_profit_yoy,2011,not_provided_by_source,536606,244,536362
financial.indicator.q_profit_yoy,2012,not_provided_by_source,586712,274,586438
financial.indicator.q_profit_yoy,2013,not_provided_by_source,587580,238,587342
financial.indicator.q_profit_yoy,2014,not_provided_by_source,620068,245,619823
financial.indicator.q_profit_yoy,2015,not_provided_by_source,665185,257,664928
financial.indicator.q_profit_yoy,2016,not_provided_by_source,704146,258,703888
financial.indicator.q_profit_yoy,2017,not_provided_by_source,799069,757,798312
financial.indicator.q_profit_yoy,2018,not_provided_by_source,856805,1845,854960
financial.indicator.q_profit_yoy,2019,not_provided_by_source,890261,1603,888658
financial.indicator.q_profit_yoy,2020,not_provided_by_source,952002,3486,948516
financial.indicator.q_profit_yoy,2021,not_provided_by_source,1062390,905,1061485
financial.indicator.q_profit_yoy,2022,not_provided_by_source,1149262,2483,1146779
financial.indicator.q_profit_yoy,2023,not_provided_by_source,1211954,373360,838594
financial.indicator.q_profit_yoy,2024,not_provided_by_source,1236332,1059274,177058
financial.indicator.q_profit_yoy,2025,not_provided_by_source,1251467,893387,358080
financial.indicator.q_profit_yoy,2026,not_provided_by_source,868253,660078,208175
financial.indicator.q_roe,2010,not_provided_by_source,452712,83,452629
financial.indicator.q_roe,2011,not_provided_by_source,536606,244,536362
financial.indicator.q_roe,2012,not_provided_by_source,586712,274,586438
financial.indicator.q_roe,2013,not_provided_by_source,587580,238,587342
financial.indicator.q_roe,2014,not_provided_by_source,620068,265,619803
financial.indicator.q_roe,2015,not_provided_by_source,665185,257,664928
financial.indicator.q_roe,2016,not_provided_by_source,704146,258,703888
financial.indicator.q_roe,2017,not_provided_by_source,799069,757,798312
financial.indicator.q_roe,2018,not_provided_by_source,856805,1845,854960
financial.indicator.q_roe,2019,not_provided_by_source,890261,1603,888658
financial.indicator.q_roe,2020,not_provided_by_source,952002,3557,948445
financial.indicator.q_roe,2021,not_provided_by_source,1062390,905,1061485
financial.indicator.q_roe,2022,not_provided_by_source,1149262,2480,1146782
financial.indicator.q_roe,2023,not_provided_by_source,1211954,371485,840469
financial.indicator.q_roe,2024,not_provided_by_source,1236332,1053849,182483
financial.indicator.q_roe,2025,not_provided_by_source,1251467,889098,362369
financial.indicator.q_roe,2026,not_provided_by_source,868253,656477,211776
financial.indicator.q_saleexp_to_gr,2010,not_provided_by_source,452712,83,452629
financial.indicator.q_saleexp_to_gr,2011,not_provided_by_source,536606,244,536362
financial.indicator.q_saleexp_to_gr,2012,not_provided_by_source,586712,274,586438
financial.indicator.q_saleexp_to_gr,2013,not_provided_by_source,587580,238,587342
financial.indicator.q_saleexp_to_gr,2014,not_provided_by_source,620068,245,619823
financial.indicator.q_saleexp_to_gr,2015,not_provided_by_source,665185,244,664941
financial.indicator.q_saleexp_to_gr,2016,not_provided_by_source,704146,244,703902
financial.indicator.q_saleexp_to_gr,2017,not_provided_by_source,799069,744,798325
financial.indicator.q_saleexp_to_gr,2018,not_provided_by_source,856805,1845,854960
financial.indicator.q_saleexp_to_gr,2019,not_provided_by_source,890261,1585,888676
financial.indicator.q_saleexp_to_gr,2020,not_provided_by_source,952002,3355,948647
financial.indicator.q_saleexp_to_gr,2021,not_provided_by_source,1062390,905,1061485
financial.indicator.q_saleexp_to_gr,2022,not_provided_by_source,1149262,2483,1146779
financial.indicator.q_saleexp_to_gr,2023,not_provided_by_source,1211954,361966,849988
financial.indicator.q_saleexp_to_gr,2024,not_provided_by_source,1236332,1025441,210891
financial.indicator.q_saleexp_to_gr,2025,not_provided_by_source,1251467,863578,387889
financial.indicator.q_saleexp_to_gr,2026,not_provided_by_source,868253,637255,230998
financial.indicator.q_sales_qoq,2010,not_provided_by_source,452712,83,452629
financial.indicator.q_sales_qoq,2011,not_provided_by_source,536606,244,536362
financial.indicator.q_sales_qoq,2012,not_provided_by_source,586712,274,586438
financial.indicator.q_sales_qoq,2013,not_provided_by_source,587580,238,587342
financial.indicator.q_sales_qoq,2014,not_provided_by_source,620068,265,619803
financial.indicator.q_sales_qoq,2015,not_provided_by_source,665185,257,664928
financial.indicator.q_sales_qoq,2016,not_provided_by_source,704146,258,703888
financial.indicator.q_sales_qoq,2017,not_provided_by_source,799069,757,798312
financial.indicator.q_sales_qoq,2018,not_provided_by_source,856805,1845,854960
financial.indicator.q_sales_qoq,2019,not_provided_by_source,890261,1603,888658
financial.indicator.q_sales_qoq,2020,not_provided_by_source,952002,3557,948445
financial.indicator.q_sales_qoq,2021,not_provided_by_source,1062390,905,1061485
financial.indicator.q_sales_qoq,2022,not_provided_by_source,1149262,2460,1146802
financial.indicator.q_sales_qoq,2023,not_provided_by_source,1211954,373811,838143
financial.indicator.q_sales_qoq,2024,not_provided_by_source,1236332,1059520,176812
financial.indicator.q_sales_qoq,2025,not_provided_by_source,1251467,894728,356739
financial.indicator.q_sales_qoq,2026,not_provided_by_source,868253,660430,207823
financial.indicator.q_sales_yoy,2010,not_provided_by_source,452712,51,452661
financial.indicator.q_sales_yoy,2011,not_provided_by_source,536606,244,536362
financial.indicator.q_sales_yoy,2012,not_provided_by_source,586712,274,586438
financial.indicator.q_sales_yoy,2013,not_provided_by_source,587580,238,587342
financial.indicator.q_sales_yoy,2014,not_provided_by_source,620068,245,619823
financial.indicator.q_sales_yoy,2015,not_provided_by_source,665185,257,664928
financial.indicator.q_sales_yoy,2016,not_provided_by_source,704146,258,703888
financial.indicator.q_sales_yoy,2017,not_provided_by_source,799069,757,798312
financial.indicator.q_sales_yoy,2018,not_provided_by_source,856805,1845,854960
financial.indicator.q_sales_yoy,2019,not_provided_by_source,890261,1603,888658
financial.indicator.q_sales_yoy,2020,not_provided_by_source,952002,3486,948516
financial.indicator.q_sales_yoy,2021,not_provided_by_source,1062390,905,1061485
financial.indicator.q_sales_yoy,2022,not_provided_by_source,1149262,2483,1146779
financial.indicator.q_sales_yoy,2023,not_provided_by_source,1211954,373099,838855
financial.indicator.q_sales_yoy,2024,not_provided_by_source,1236332,1058306,178026
financial.indicator.q_sales_yoy,2025,not_provided_by_source,1251467,892952,358515
financial.indicator.q_sales_yoy,2026,not_provided_by_source,868253,659665,208588
financial.indicator.q_salescash_to_or,2010,not_provided_by_source,452712,83,452629
financial.indicator.q_salescash_to_or,2011,not_provided_by_source,536606,244,536362
financial.indicator.q_salescash_to_or,2012,not_provided_by_source,586712,274,586438
financial.indicator.q_salescash_to_or,2013,not_provided_by_source,587580,238,587342
financial.indicator.q_salescash_to_or,2014,not_provided_by_source,620068,265,619803
financial.indicator.q_salescash_to_or,2015,not_provided_by_source,665185,257,664928
financial.indicator.q_salescash_to_or,2016,not_provided_by_source,704146,258,703888
financial.indicator.q_salescash_to_or,2017,not_provided_by_source,799069,757,798312
financial.indicator.q_salescash_to_or,2018,not_provided_by_source,856805,1845,854960
financial.indicator.q_salescash_to_or,2019,not_provided_by_source,890261,1585,888676
financial.indicator.q_salescash_to_or,2020,not_provided_by_source,952002,3436,948566
financial.indicator.q_salescash_to_or,2021,not_provided_by_source,1062390,905,1061485
financial.indicator.q_salescash_to_or,2022,not_provided_by_source,1149262,2483,1146779
financial.indicator.q_salescash_to_or,2023,not_provided_by_source,1211954,366472,845482
financial.indicator.q_salescash_to_or,2024,not_provided_by_source,1236332,1038737,197595
financial.indicator.q_salescash_to_or,2025,not_provided_by_source,1251467,874297,377170
financial.indicator.q_salescash_to_or,2026,not_provided_by_source,868253,645886,222367
financial.indicator.quick_ratio,2010,not_provided_by_source,452712,83,452629
financial.indicator.quick_ratio,2011,not_provided_by_source,536606,244,536362
financial.indicator.quick_ratio,2012,not_provided_by_source,586712,274,586438
financial.indicator.quick_ratio,2013,not_provided_by_source,587580,238,587342
financial.indicator.quick_ratio,2014,not_provided_by_source,620068,265,619803
financial.indicator.quick_ratio,2015,not_provided_by_source,665185,257,664928
financial.indicator.quick_ratio,2016,not_provided_by_source,704146,258,703888
financial.indicator.quick_ratio,2017,not_provided_by_source,799069,757,798312
financial.indicator.quick_ratio,2018,not_provided_by_source,856805,1845,854960
financial.indicator.quick_ratio,2019,not_provided_by_source,890261,1603,888658
financial.indicator.quick_ratio,2020,not_provided_by_source,952002,3436,948566
financial.indicator.quick_ratio,2021,not_provided_by_source,1062390,905,1061485
financial.indicator.quick_ratio,2022,not_provided_by_source,1149262,2483,1146779
financial.indicator.quick_ratio,2023,not_provided_by_source,1211954,368656,843298
financial.indicator.quick_ratio,2024,not_provided_by_source,1236332,1042189,194143
financial.indicator.quick_ratio,2025,not_provided_by_source,1251467,876895,374572
financial.indicator.quick_ratio,2026,not_provided_by_source,868253,647289,220964
financial.indicator.rd_exp,2010,not_provided_by_source,452712,32,452680
financial.indicator.rd_exp,2011,not_provided_by_source,536606,52,536554
financial.indicator.rd_exp,2012,not_provided_by_source,586712,90,586622
financial.indicator.rd_exp,2013,not_provided_by_source,587580,53,587527
financial.indicator.rd_exp,2014,not_provided_by_source,620068,57,620011
financial.indicator.rd_exp,2015,not_provided_by_source,665185,55,665130
financial.indicator.rd_exp,2016,not_provided_by_source,704146,57,704089
financial.indicator.rd_exp,2017,not_provided_by_source,799069,165,798904
financial.indicator.rd_exp,2018,not_provided_by_source,856805,491,856314
financial.indicator.rd_exp,2019,not_provided_by_source,890261,1253,889008
financial.indicator.rd_exp,2020,not_provided_by_source,952002,2932,949070
financial.indicator.rd_exp,2021,not_provided_by_source,1062390,741,1061649
financial.indicator.rd_exp,2022,not_provided_by_source,1149262,1977,1147285
financial.indicator.rd_exp,2023,not_provided_by_source,1211954,344377,867577
financial.indicator.rd_exp,2024,not_provided_by_source,1236332,522895,713437
financial.indicator.rd_exp,2025,not_provided_by_source,1251467,232078,1019389
financial.indicator.rd_exp,2026,not_provided_by_source,868253,116781,751472
financial.indicator.retained_earnings,2010,not_provided_by_source,452712,83,452629
financial.indicator.retained_earnings,2011,not_provided_by_source,536606,244,536362
financial.indicator.retained_earnings,2012,not_provided_by_source,586712,274,586438
financial.indicator.retained_earnings,2013,not_provided_by_source,587580,238,587342
financial.indicator.retained_earnings,2014,not_provided_by_source,620068,265,619803
financial.indicator.retained_earnings,2015,not_provided_by_source,665185,257,664928
financial.indicator.retained_earnings,2016,not_provided_by_source,704146,258,703888
financial.indicator.retained_earnings,2017,not_provided_by_source,799069,757,798312
financial.indicator.retained_earnings,2018,not_provided_by_source,856805,1845,854960
financial.indicator.retained_earnings,2019,not_provided_by_source,890261,1603,888658
financial.indicator.retained_earnings,2020,not_provided_by_source,952002,3557,948445
financial.indicator.retained_earnings,2021,not_provided_by_source,1062390,905,1061485
financial.indicator.retained_earnings,2022,not_provided_by_source,1149262,2483,1146779
financial.indicator.retained_earnings,2023,not_provided_by_source,1211954,374105,837849
financial.indicator.retained_earnings,2024,not_provided_by_source,1236332,1060176,176156
financial.indicator.retained_earnings,2025,not_provided_by_source,1251467,895068,356399
financial.indicator.retained_earnings,2026,not_provided_by_source,868253,660918,207335
financial.indicator.retainedps,2010,not_provided_by_source,452712,83,452629
financial.indicator.retainedps,2011,not_provided_by_source,536606,244,536362
financial.indicator.retainedps,2012,not_provided_by_source,586712,274,586438
financial.indicator.retainedps,2013,not_provided_by_source,587580,238,587342
financial.indicator.retainedps,2014,not_provided_by_source,620068,265,619803
financial.indicator.retainedps,2015,not_provided_by_source,665185,257,664928
financial.indicator.retainedps,2016,not_provided_by_source,704146,258,703888
financial.indicator.retainedps,2017,not_provided_by_source,799069,757,798312
financial.indicator.retainedps,2018,not_provided_by_source,856805,1845,854960
financial.indicator.retainedps,2019,not_provided_by_source,890261,1603,888658
financial.indicator.retainedps,2020,not_provided_by_source,952002,3557,948445
financial.indicator.retainedps,2021,not_provided_by_source,1062390,905,1061485
financial.indicator.retainedps,2022,not_provided_by_source,1149262,2483,1146779
financial.indicator.retainedps,2023,not_provided_by_source,1211954,374105,837849
financial.indicator.retainedps,2024,not_provided_by_source,1236332,1060176,176156
financial.indicator.retainedps,2025,not_provided_by_source,1251467,895068,356399
financial.indicator.retainedps,2026,not_provided_by_source,868253,660918,207335
financial.indicator.revenue_ps,2010,not_provided_by_source,452712,83,452629
financial.indicator.revenue_ps,2011,not_provided_by_source,536606,244,536362
financial.indicator.revenue_ps,2012,not_provided_by_source,586712,274,586438
financial.indicator.revenue_ps,2013,not_provided_by_source,587580,238,587342
financial.indicator.revenue_ps,2014,not_provided_by_source,620068,265,619803
financial.indicator.revenue_ps,2015,not_provided_by_source,665185,257,664928
financial.indicator.revenue_ps,2016,not_provided_by_source,704146,258,703888
financial.indicator.revenue_ps,2017,not_provided_by_source,799069,757,798312
financial.indicator.revenue_ps,2018,not_provided_by_source,856805,1845,854960
financial.indicator.revenue_ps,2019,not_provided_by_source,890261,1603,888658
financial.indicator.revenue_ps,2020,not_provided_by_source,952002,3557,948445
financial.indicator.revenue_ps,2021,not_provided_by_source,1062390,905,1061485
financial.indicator.revenue_ps,2022,not_provided_by_source,1149262,2483,1146779
financial.indicator.revenue_ps,2023,not_provided_by_source,1211954,374017,837937
financial.indicator.revenue_ps,2024,not_provided_by_source,1236332,1059696,176636
financial.indicator.revenue_ps,2025,not_provided_by_source,1251467,894862,356605
financial.indicator.revenue_ps,2026,not_provided_by_source,868253,660667,207586
financial.indicator.roa,2010,not_provided_by_source,452712,83,452629
financial.indicator.roa,2011,not_provided_by_source,536606,244,536362
financial.indicator.roa,2012,not_provided_by_source,586712,274,586438
financial.indicator.roa,2013,not_provided_by_source,587580,238,587342
financial.indicator.roa,2014,not_provided_by_source,620068,265,619803
financial.indicator.roa,2015,not_provided_by_source,665185,257,664928
financial.indicator.roa,2016,not_provided_by_source,704146,258,703888
financial.indicator.roa,2017,not_provided_by_source,799069,757,798312
financial.indicator.roa,2018,not_provided_by_source,856805,1845,854960
financial.indicator.roa,2019,not_provided_by_source,890261,1603,888658
financial.indicator.roa,2020,not_provided_by_source,952002,3436,948566
financial.indicator.roa,2021,not_provided_by_source,1062390,905,1061485
financial.indicator.roa,2022,not_provided_by_source,1149262,2483,1146779
financial.indicator.roa,2023,not_provided_by_source,1211954,367020,844934
financial.indicator.roa,2024,not_provided_by_source,1236332,1040163,196169
financial.indicator.roa,2025,not_provided_by_source,1251467,875504,375963
financial.indicator.roa,2026,not_provided_by_source,868253,646606,221647
financial.indicator.roa2_yearly,2010,not_provided_by_source,452712,83,452629
financial.indicator.roa2_yearly,2011,not_provided_by_source,536606,244,536362
financial.indicator.roa2_yearly,2012,not_provided_by_source,586712,274,586438
financial.indicator.roa2_yearly,2013,not_provided_by_source,587580,238,587342
financial.indicator.roa2_yearly,2014,not_provided_by_source,620068,265,619803
financial.indicator.roa2_yearly,2015,not_provided_by_source,665185,257,664928
financial.indicator.roa2_yearly,2016,not_provided_by_source,704146,258,703888
financial.indicator.roa2_yearly,2017,not_provided_by_source,799069,757,798312
financial.indicator.roa2_yearly,2018,not_provided_by_source,856805,1845,854960
financial.indicator.roa2_yearly,2019,not_provided_by_source,890261,1603,888658
financial.indicator.roa2_yearly,2020,not_provided_by_source,952002,3436,948566
financial.indicator.roa2_yearly,2021,not_provided_by_source,1062390,905,1061485
financial.indicator.roa2_yearly,2022,not_provided_by_source,1149262,2483,1146779
financial.indicator.roa2_yearly,2023,not_provided_by_source,1211954,367020,844934
financial.indicator.roa2_yearly,2024,not_provided_by_source,1236332,1040163,196169
financial.indicator.roa2_yearly,2025,not_provided_by_source,1251467,875504,375963
financial.indicator.roa2_yearly,2026,not_provided_by_source,868253,646606,221647
financial.indicator.roa_dp,2010,not_provided_by_source,452712,83,452629
financial.indicator.roa_dp,2011,not_provided_by_source,536606,244,536362
financial.indicator.roa_dp,2012,not_provided_by_source,586712,274,586438
financial.indicator.roa_dp,2013,not_provided_by_source,587580,238,587342
financial.indicator.roa_dp,2014,not_provided_by_source,620068,265,619803
financial.indicator.roa_dp,2015,not_provided_by_source,665185,257,664928
financial.indicator.roa_dp,2016,not_provided_by_source,704146,258,703888
financial.indicator.roa_dp,2017,not_provided_by_source,799069,757,798312
financial.indicator.roa_dp,2018,not_provided_by_source,856805,1845,854960
financial.indicator.roa_dp,2019,not_provided_by_source,890261,1603,888658
financial.indicator.roa_dp,2020,not_provided_by_source,952002,3557,948445
financial.indicator.roa_dp,2021,not_provided_by_source,1062390,905,1061485
financial.indicator.roa_dp,2022,not_provided_by_source,1149262,2483,1146779
financial.indicator.roa_dp,2023,not_provided_by_source,1211954,374105,837849
financial.indicator.roa_dp,2024,not_provided_by_source,1236332,1060176,176156
financial.indicator.roa_dp,2025,not_provided_by_source,1251467,895136,356331
financial.indicator.roa_dp,2026,not_provided_by_source,868253,660866,207387
financial.indicator.roa_yearly,2010,not_provided_by_source,452712,83,452629
financial.indicator.roa_yearly,2011,not_provided_by_source,536606,244,536362
financial.indicator.roa_yearly,2012,not_provided_by_source,586712,274,586438
financial.indicator.roa_yearly,2013,not_provided_by_source,587580,238,587342
financial.indicator.roa_yearly,2014,not_provided_by_source,620068,265,619803
financial.indicator.roa_yearly,2015,not_provided_by_source,665185,257,664928
financial.indicator.roa_yearly,2016,not_provided_by_source,704146,258,703888
financial.indicator.roa_yearly,2017,not_provided_by_source,799069,757,798312
financial.indicator.roa_yearly,2018,not_provided_by_source,856805,1845,854960
financial.indicator.roa_yearly,2019,not_provided_by_source,890261,1603,888658
financial.indicator.roa_yearly,2020,not_provided_by_source,952002,3557,948445
financial.indicator.roa_yearly,2021,not_provided_by_source,1062390,905,1061485
financial.indicator.roa_yearly,2022,not_provided_by_source,1149262,2483,1146779
financial.indicator.roa_yearly,2023,not_provided_by_source,1211954,374105,837849
financial.indicator.roa_yearly,2024,not_provided_by_source,1236332,1060176,176156
financial.indicator.roa_yearly,2025,not_provided_by_source,1251467,895136,356331
financial.indicator.roa_yearly,2026,not_provided_by_source,868253,660970,207283
financial.indicator.roe,2010,not_provided_by_source,452712,83,452629
financial.indicator.roe,2011,not_provided_by_source,536606,244,536362
financial.indicator.roe,2012,not_provided_by_source,586712,274,586438
financial.indicator.roe,2013,not_provided_by_source,587580,238,587342
financial.indicator.roe,2014,not_provided_by_source,620068,265,619803
financial.indicator.roe,2015,not_provided_by_source,665185,257,664928
financial.indicator.roe,2016,not_provided_by_source,704146,258,703888
financial.indicator.roe,2017,not_provided_by_source,799069,757,798312
financial.indicator.roe,2018,not_provided_by_source,856805,1845,854960
financial.indicator.roe,2019,not_provided_by_source,890261,1603,888658
financial.indicator.roe,2020,not_provided_by_source,952002,3557,948445
financial.indicator.roe,2021,not_provided_by_source,1062390,905,1061485
financial.indicator.roe,2022,not_provided_by_source,1149262,2480,1146782
financial.indicator.roe,2023,not_provided_by_source,1211954,371658,840296
financial.indicator.roe,2024,not_provided_by_source,1236332,1054339,181993
financial.indicator.roe,2025,not_provided_by_source,1251467,889658,361809
financial.indicator.roe,2026,not_provided_by_source,868253,656790,211463
financial.indicator.roe_avg,2010,not_provided_by_source,452712,32,452680
financial.indicator.roe_avg,2011,not_provided_by_source,536606,187,536419
financial.indicator.roe_avg,2012,not_provided_by_source,586712,274,586438
financial.indicator.roe_avg,2013,not_provided_by_source,587580,238,587342
financial.indicator.roe_avg,2014,not_provided_by_source,620068,265,619803
financial.indicator.roe_avg,2015,not_provided_by_source,665185,257,664928
financial.indicator.roe_avg,2016,not_provided_by_source,704146,125,704021
financial.indicator.roe_avg,2017,not_provided_by_source,799069,178,798891
financial.indicator.roe_avg,2018,not_provided_by_source,856805,458,856347
financial.indicator.roe_avg,2019,not_provided_by_source,890261,390,889871
financial.indicator.roe_avg,2020,not_provided_by_source,952002,784,951218
financial.indicator.roe_avg,2021,not_provided_by_source,1062390,148,1062242
financial.indicator.roe_avg,2022,not_provided_by_source,1149262,870,1148392
financial.indicator.roe_avg,2023,not_provided_by_source,1211954,170958,1040996
financial.indicator.roe_avg,2024,not_provided_by_source,1236332,215825,1020507
financial.indicator.roe_avg,2025,not_provided_by_source,1251467,200088,1051379
financial.indicator.roe_avg,2026,not_provided_by_source,868253,53373,814880
financial.indicator.roe_dt,2010,not_provided_by_source,452712,83,452629
financial.indicator.roe_dt,2011,not_provided_by_source,536606,244,536362
financial.indicator.roe_dt,2012,not_provided_by_source,586712,274,586438
financial.indicator.roe_dt,2013,not_provided_by_source,587580,238,587342
financial.indicator.roe_dt,2014,not_provided_by_source,620068,265,619803
financial.indicator.roe_dt,2015,not_provided_by_source,665185,257,664928
financial.indicator.roe_dt,2016,not_provided_by_source,704146,258,703888
financial.indicator.roe_dt,2017,not_provided_by_source,799069,757,798312
financial.indicator.roe_dt,2018,not_provided_by_source,856805,1845,854960
financial.indicator.roe_dt,2019,not_provided_by_source,890261,1603,888658
financial.indicator.roe_dt,2020,not_provided_by_source,952002,3557,948445
financial.indicator.roe_dt,2021,not_provided_by_source,1062390,905,1061485
financial.indicator.roe_dt,2022,not_provided_by_source,1149262,2480,1146782
financial.indicator.roe_dt,2023,not_provided_by_source,1211954,371613,840341
financial.indicator.roe_dt,2024,not_provided_by_source,1236332,1054199,182133
financial.indicator.roe_dt,2025,not_provided_by_source,1251467,889511,361956
financial.indicator.roe_dt,2026,not_provided_by_source,868253,656634,211619
financial.indicator.roe_waa,2010,not_provided_by_source,452712,32,452680
financial.indicator.roe_waa,2011,not_provided_by_source,536606,187,536419
financial.indicator.roe_waa,2012,not_provided_by_source,586712,274,586438
financial.indicator.roe_waa,2013,not_provided_by_source,587580,238,587342
financial.indicator.roe_waa,2014,not_provided_by_source,620068,265,619803
financial.indicator.roe_waa,2015,not_provided_by_source,665185,257,664928
financial.indicator.roe_waa,2016,not_provided_by_source,704146,258,703888
financial.indicator.roe_waa,2017,not_provided_by_source,799069,757,798312
financial.indicator.roe_waa,2018,not_provided_by_source,856805,1845,854960
financial.indicator.roe_waa,2019,not_provided_by_source,890261,1603,888658
financial.indicator.roe_waa,2020,not_provided_by_source,952002,3557,948445
financial.indicator.roe_waa,2021,not_provided_by_source,1062390,905,1061485
financial.indicator.roe_waa,2022,not_provided_by_source,1149262,2483,1146779
financial.indicator.roe_waa,2023,not_provided_by_source,1211954,371379,840575
financial.indicator.roe_waa,2024,not_provided_by_source,1236332,1053429,182903
financial.indicator.roe_waa,2025,not_provided_by_source,1251467,888402,363065
financial.indicator.roe_waa,2026,not_provided_by_source,868253,655336,212917
financial.indicator.roe_yearly,2010,not_provided_by_source,452712,83,452629
financial.indicator.roe_yearly,2011,not_provided_by_source,536606,244,536362
financial.indicator.roe_yearly,2012,not_provided_by_source,586712,274,586438
financial.indicator.roe_yearly,2013,not_provided_by_source,587580,238,587342
financial.indicator.roe_yearly,2014,not_provided_by_source,620068,265,619803
financial.indicator.roe_yearly,2015,not_provided_by_source,665185,257,664928
financial.indicator.roe_yearly,2016,not_provided_by_source,704146,258,703888
financial.indicator.roe_yearly,2017,not_provided_by_source,799069,757,798312
financial.indicator.roe_yearly,2018,not_provided_by_source,856805,1845,854960
financial.indicator.roe_yearly,2019,not_provided_by_source,890261,1603,888658
financial.indicator.roe_yearly,2020,not_provided_by_source,952002,3557,948445
financial.indicator.roe_yearly,2021,not_provided_by_source,1062390,905,1061485
financial.indicator.roe_yearly,2022,not_provided_by_source,1149262,2480,1146782
financial.indicator.roe_yearly,2023,not_provided_by_source,1211954,371658,840296
financial.indicator.roe_yearly,2024,not_provided_by_source,1236332,1054339,181993
financial.indicator.roe_yearly,2025,not_provided_by_source,1251467,889658,361809
financial.indicator.roe_yearly,2026,not_provided_by_source,868253,656790,211463
financial.indicator.roe_yoy,2010,not_provided_by_source,452712,0,452712
financial.indicator.roe_yoy,2011,not_provided_by_source,536606,100,536506
financial.indicator.roe_yoy,2012,not_provided_by_source,586712,274,586438
financial.indicator.roe_yoy,2013,not_provided_by_source,587580,238,587342
financial.indicator.roe_yoy,2014,not_provided_by_source,620068,265,619803
financial.indicator.roe_yoy,2015,not_provided_by_source,665185,257,664928
financial.indicator.roe_yoy,2016,not_provided_by_source,704146,258,703888
financial.indicator.roe_yoy,2017,not_provided_by_source,799069,757,798312
financial.indicator.roe_yoy,2018,not_provided_by_source,856805,1845,854960
financial.indicator.roe_yoy,2019,not_provided_by_source,890261,1603,888658
financial.indicator.roe_yoy,2020,not_provided_by_source,952002,3519,948483
financial.indicator.roe_yoy,2021,not_provided_by_source,1062390,824,1061566
financial.indicator.roe_yoy,2022,not_provided_by_source,1149262,2457,1146805
financial.indicator.roe_yoy,2023,not_provided_by_source,1211954,362383,849571
financial.indicator.roe_yoy,2024,not_provided_by_source,1236332,1036959,199373
financial.indicator.roe_yoy,2025,not_provided_by_source,1251467,878383,373084
financial.indicator.roe_yoy,2026,not_provided_by_source,868253,647329,220924
financial.indicator.roic,2010,not_provided_by_source,452712,83,452629
financial.indicator.roic,2011,not_provided_by_source,536606,244,536362
financial.indicator.roic,2012,not_provided_by_source,586712,274,586438
financial.indicator.roic,2013,not_provided_by_source,587580,238,587342
financial.indicator.roic,2014,not_provided_by_source,620068,265,619803
financial.indicator.roic,2015,not_provided_by_source,665185,257,664928
financial.indicator.roic,2016,not_provided_by_source,704146,258,703888
financial.indicator.roic,2017,not_provided_by_source,799069,757,798312
financial.indicator.roic,2018,not_provided_by_source,856805,1845,854960
financial.indicator.roic,2019,not_provided_by_source,890261,1603,888658
financial.indicator.roic,2020,not_provided_by_source,952002,3436,948566
financial.indicator.roic,2021,not_provided_by_source,1062390,905,1061485
financial.indicator.roic,2022,not_provided_by_source,1149262,2483,1146779
financial.indicator.roic,2023,not_provided_by_source,1211954,366738,845216
financial.indicator.roic,2024,not_provided_by_source,1236332,1039109,197223
financial.indicator.roic,2025,not_provided_by_source,1251467,874940,376527
financial.indicator.roic,2026,not_provided_by_source,868253,646230,222023
financial.indicator.roic_yearly,2010,not_provided_by_source,452712,83,452629
financial.indicator.roic_yearly,2011,not_provided_by_source,536606,244,536362
financial.indicator.roic_yearly,2012,not_provided_by_source,586712,274,586438
financial.indicator.roic_yearly,2013,not_provided_by_source,587580,238,587342
financial.indicator.roic_yearly,2014,not_provided_by_source,620068,265,619803
financial.indicator.roic_yearly,2015,not_provided_by_source,665185,257,664928
financial.indicator.roic_yearly,2016,not_provided_by_source,704146,258,703888
financial.indicator.roic_yearly,2017,not_provided_by_source,799069,757,798312
financial.indicator.roic_yearly,2018,not_provided_by_source,856805,1845,854960
financial.indicator.roic_yearly,2019,not_provided_by_source,890261,1603,888658
financial.indicator.roic_yearly,2020,not_provided_by_source,952002,3436,948566
financial.indicator.roic_yearly,2021,not_provided_by_source,1062390,905,1061485
financial.indicator.roic_yearly,2022,not_provided_by_source,1149262,2483,1146779
financial.indicator.roic_yearly,2023,not_provided_by_source,1211954,366738,845216
financial.indicator.roic_yearly,2024,not_provided_by_source,1236332,1039109,197223
financial.indicator.roic_yearly,2025,not_provided_by_source,1251467,874940,376527
financial.indicator.roic_yearly,2026,not_provided_by_source,868253,646230,222023
financial.indicator.saleexp_to_gr,2010,not_provided_by_source,452712,83,452629
financial.indicator.saleexp_to_gr,2011,not_provided_by_source,536606,244,536362
financial.indicator.saleexp_to_gr,2012,not_provided_by_source,586712,274,586438
financial.indicator.saleexp_to_gr,2013,not_provided_by_source,587580,238,587342
financial.indicator.saleexp_to_gr,2014,not_provided_by_source,620068,245,619823
financial.indicator.saleexp_to_gr,2015,not_provided_by_source,665185,244,664941
financial.indicator.saleexp_to_gr,2016,not_provided_by_source,704146,244,703902
financial.indicator.saleexp_to_gr,2017,not_provided_by_source,799069,744,798325
financial.indicator.saleexp_to_gr,2018,not_provided_by_source,856805,1845,854960
financial.indicator.saleexp_to_gr,2019,not_provided_by_source,890261,1603,888658
financial.indicator.saleexp_to_gr,2020,not_provided_by_source,952002,3355,948647
financial.indicator.saleexp_to_gr,2021,not_provided_by_source,1062390,905,1061485
financial.indicator.saleexp_to_gr,2022,not_provided_by_source,1149262,2483,1146779
financial.indicator.saleexp_to_gr,2023,not_provided_by_source,1211954,362091,849863
financial.indicator.saleexp_to_gr,2024,not_provided_by_source,1236332,1025677,210655
financial.indicator.saleexp_to_gr,2025,not_provided_by_source,1251467,863803,387664
financial.indicator.saleexp_to_gr,2026,not_provided_by_source,868253,637519,230734
financial.indicator.salescash_to_or,2010,not_provided_by_source,452712,83,452629
financial.indicator.salescash_to_or,2011,not_provided_by_source,536606,244,536362
financial.indicator.salescash_to_or,2012,not_provided_by_source,586712,274,586438
financial.indicator.salescash_to_or,2013,not_provided_by_source,587580,238,587342
financial.indicator.salescash_to_or,2014,not_provided_by_source,620068,265,619803
financial.indicator.salescash_to_or,2015,not_provided_by_source,665185,257,664928
financial.indicator.salescash_to_or,2016,not_provided_by_source,704146,258,703888
financial.indicator.salescash_to_or,2017,not_provided_by_source,799069,757,798312
financial.indicator.salescash_to_or,2018,not_provided_by_source,856805,1845,854960
financial.indicator.salescash_to_or,2019,not_provided_by_source,890261,1603,888658
financial.indicator.salescash_to_or,2020,not_provided_by_source,952002,3436,948566
financial.indicator.salescash_to_or,2021,not_provided_by_source,1062390,905,1061485
financial.indicator.salescash_to_or,2022,not_provided_by_source,1149262,2483,1146779
financial.indicator.salescash_to_or,2023,not_provided_by_source,1211954,366677,845277
financial.indicator.salescash_to_or,2024,not_provided_by_source,1236332,1039158,197174
financial.indicator.salescash_to_or,2025,not_provided_by_source,1251467,874742,376725
financial.indicator.salescash_to_or,2026,not_provided_by_source,868253,646222,222031
financial.indicator.surplus_rese_ps,2010,not_provided_by_source,452712,83,452629
financial.indicator.surplus_rese_ps,2011,not_provided_by_source,536606,244,536362
financial.indicator.surplus_rese_ps,2012,not_provided_by_source,586712,274,586438
financial.indicator.surplus_rese_ps,2013,not_provided_by_source,587580,238,587342
financial.indicator.surplus_rese_ps,2014,not_provided_by_source,620068,265,619803
financial.indicator.surplus_rese_ps,2015,not_provided_by_source,665185,257,664928
financial.indicator.surplus_rese_ps,2016,not_provided_by_source,704146,258,703888
financial.indicator.surplus_rese_ps,2017,not_provided_by_source,799069,757,798312
financial.indicator.surplus_rese_ps,2018,not_provided_by_source,856805,1845,854960
financial.indicator.surplus_rese_ps,2019,not_provided_by_source,890261,1603,888658
financial.indicator.surplus_rese_ps,2020,not_provided_by_source,952002,3534,948468
financial.indicator.surplus_rese_ps,2021,not_provided_by_source,1062390,905,1061485
financial.indicator.surplus_rese_ps,2022,not_provided_by_source,1149262,2483,1146779
financial.indicator.surplus_rese_ps,2023,not_provided_by_source,1211954,368803,843151
financial.indicator.surplus_rese_ps,2024,not_provided_by_source,1236332,1045851,190481
financial.indicator.surplus_rese_ps,2025,not_provided_by_source,1251467,883454,368013
financial.indicator.surplus_rese_ps,2026,not_provided_by_source,868253,650054,218199
financial.indicator.tangasset_to_intdebt,2010,not_provided_by_source,452712,32,452680
financial.indicator.tangasset_to_intdebt,2011,not_provided_by_source,536606,0,536606
financial.indicator.tangasset_to_intdebt,2012,not_provided_by_source,586712,31,586681
financial.indicator.tangasset_to_intdebt,2013,not_provided_by_source,587580,0,587580
financial.indicator.tangasset_to_intdebt,2014,not_provided_by_source,620068,20,620048
financial.indicator.tangasset_to_intdebt,2015,not_provided_by_source,665185,32,665153
financial.indicator.tangasset_to_intdebt,2016,not_provided_by_source,704146,14,704132
financial.indicator.tangasset_to_intdebt,2017,not_provided_by_source,799069,513,798556
financial.indicator.tangasset_to_intdebt,2018,not_provided_by_source,856805,1562,855243
financial.indicator.tangasset_to_intdebt,2019,not_provided_by_source,890261,1345,888916
financial.indicator.tangasset_to_intdebt,2020,not_provided_by_source,952002,2919,949083
financial.indicator.tangasset_to_intdebt,2021,not_provided_by_source,1062390,747,1061643
financial.indicator.tangasset_to_intdebt,2022,not_provided_by_source,1149262,2393,1146869
financial.indicator.tangasset_to_intdebt,2023,not_provided_by_source,1211954,355444,856510
financial.indicator.tangasset_to_intdebt,2024,not_provided_by_source,1236332,1010140,226192
financial.indicator.tangasset_to_intdebt,2025,not_provided_by_source,1251467,853189,398278
financial.indicator.tangasset_to_intdebt,2026,not_provided_by_source,868253,631942,236311
financial.indicator.tangible_asset,2010,not_provided_by_source,452712,83,452629
financial.indicator.tangible_asset,2011,not_provided_by_source,536606,244,536362
financial.indicator.tangible_asset,2012,not_provided_by_source,586712,274,586438
financial.indicator.tangible_asset,2013,not_provided_by_source,587580,238,587342
financial.indicator.tangible_asset,2014,not_provided_by_source,620068,265,619803
financial.indicator.tangible_asset,2015,not_provided_by_source,665185,257,664928
financial.indicator.tangible_asset,2016,not_provided_by_source,704146,258,703888
financial.indicator.tangible_asset,2017,not_provided_by_source,799069,757,798312
financial.indicator.tangible_asset,2018,not_provided_by_source,856805,1845,854960
financial.indicator.tangible_asset,2019,not_provided_by_source,890261,1603,888658
financial.indicator.tangible_asset,2020,not_provided_by_source,952002,3436,948566
financial.indicator.tangible_asset,2021,not_provided_by_source,1062390,905,1061485
financial.indicator.tangible_asset,2022,not_provided_by_source,1149262,2483,1146779
financial.indicator.tangible_asset,2023,not_provided_by_source,1211954,367020,844934
financial.indicator.tangible_asset,2024,not_provided_by_source,1236332,1040163,196169
financial.indicator.tangible_asset,2025,not_provided_by_source,1251467,875504,375963
financial.indicator.tangible_asset,2026,not_provided_by_source,868253,646694,221559
financial.indicator.tangibleasset_to_debt,2010,not_provided_by_source,452712,83,452629
financial.indicator.tangibleasset_to_debt,2011,not_provided_by_source,536606,244,536362
financial.indicator.tangibleasset_to_debt,2012,not_provided_by_source,586712,274,586438
financial.indicator.tangibleasset_to_debt,2013,not_provided_by_source,587580,238,587342
financial.indicator.tangibleasset_to_debt,2014,not_provided_by_source,620068,265,619803
financial.indicator.tangibleasset_to_debt,2015,not_provided_by_source,665185,257,664928
financial.indicator.tangibleasset_to_debt,2016,not_provided_by_source,704146,258,703888
financial.indicator.tangibleasset_to_debt,2017,not_provided_by_source,799069,757,798312
financial.indicator.tangibleasset_to_debt,2018,not_provided_by_source,856805,1845,854960
financial.indicator.tangibleasset_to_debt,2019,not_provided_by_source,890261,1603,888658
financial.indicator.tangibleasset_to_debt,2020,not_provided_by_source,952002,3436,948566
financial.indicator.tangibleasset_to_debt,2021,not_provided_by_source,1062390,905,1061485
financial.indicator.tangibleasset_to_debt,2022,not_provided_by_source,1149262,2483,1146779
financial.indicator.tangibleasset_to_debt,2023,not_provided_by_source,1211954,367020,844934
financial.indicator.tangibleasset_to_debt,2024,not_provided_by_source,1236332,1040163,196169
financial.indicator.tangibleasset_to_debt,2025,not_provided_by_source,1251467,875469,375998
financial.indicator.tangibleasset_to_debt,2026,not_provided_by_source,868253,646689,221564
financial.indicator.tangibleasset_to_netdebt,2010,not_provided_by_source,452712,0,452712
financial.indicator.tangibleasset_to_netdebt,2011,not_provided_by_source,536606,0,536606
financial.indicator.tangibleasset_to_netdebt,2012,not_provided_by_source,586712,0,586712
financial.indicator.tangibleasset_to_netdebt,2013,not_provided_by_source,587580,0,587580
financial.indicator.tangibleasset_to_netdebt,2014,not_provided_by_source,620068,20,620048
financial.indicator.tangibleasset_to_netdebt,2015,not_provided_by_source,665185,13,665172
financial.indicator.tangibleasset_to_netdebt,2016,not_provided_by_source,704146,14,704132
financial.indicator.tangibleasset_to_netdebt,2017,not_provided_by_source,799069,270,798799
financial.indicator.tangibleasset_to_netdebt,2018,not_provided_by_source,856805,1237,855568
financial.indicator.tangibleasset_to_netdebt,2019,not_provided_by_source,890261,1082,889179
financial.indicator.tangibleasset_to_netdebt,2020,not_provided_by_source,952002,2320,949682
financial.indicator.tangibleasset_to_netdebt,2021,not_provided_by_source,1062390,353,1062037
financial.indicator.tangibleasset_to_netdebt,2022,not_provided_by_source,1149262,1374,1147888
financial.indicator.tangibleasset_to_netdebt,2023,not_provided_by_source,1211954,167472,1044482
financial.indicator.tangibleasset_to_netdebt,2024,not_provided_by_source,1236332,491497,744835
financial.indicator.tangibleasset_to_netdebt,2025,not_provided_by_source,1251467,433700,817767
financial.indicator.tangibleasset_to_netdebt,2026,not_provided_by_source,868253,324309,543944
financial.indicator.tax_to_ebt,2010,not_provided_by_source,452712,83,452629
financial.indicator.tax_to_ebt,2011,not_provided_by_source,536606,244,536362
financial.indicator.tax_to_ebt,2012,not_provided_by_source,586712,274,586438
financial.indicator.tax_to_ebt,2013,not_provided_by_source,587580,238,587342
financial.indicator.tax_to_ebt,2014,not_provided_by_source,620068,265,619803
financial.indicator.tax_to_ebt,2015,not_provided_by_source,665185,257,664928
financial.indicator.tax_to_ebt,2016,not_provided_by_source,704146,258,703888
financial.indicator.tax_to_ebt,2017,not_provided_by_source,799069,757,798312
financial.indicator.tax_to_ebt,2018,not_provided_by_source,856805,1845,854960
financial.indicator.tax_to_ebt,2019,not_provided_by_source,890261,1585,888676
financial.indicator.tax_to_ebt,2020,not_provided_by_source,952002,2367,949635
financial.indicator.tax_to_ebt,2021,not_provided_by_source,1062390,507,1061883
financial.indicator.tax_to_ebt,2022,not_provided_by_source,1149262,1912,1147350
financial.indicator.tax_to_ebt,2023,not_provided_by_source,1211954,298919,913035
financial.indicator.tax_to_ebt,2024,not_provided_by_source,1236332,814440,421892
financial.indicator.tax_to_ebt,2025,not_provided_by_source,1251467,670757,580710
financial.indicator.tax_to_ebt,2026,not_provided_by_source,868253,483105,385148
financial.indicator.tbassets_to_totalassets,2010,not_provided_by_source,452712,83,452629
financial.indicator.tbassets_to_totalassets,2011,not_provided_by_source,536606,244,536362
financial.indicator.tbassets_to_totalassets,2012,not_provided_by_source,586712,274,586438
financial.indicator.tbassets_to_totalassets,2013,not_provided_by_source,587580,238,587342
financial.indicator.tbassets_to_totalassets,2014,not_provided_by_source,620068,265,619803
financial.indicator.tbassets_to_totalassets,2015,not_provided_by_source,665185,257,664928
financial.indicator.tbassets_to_totalassets,2016,not_provided_by_source,704146,258,703888
financial.indicator.tbassets_to_totalassets,2017,not_provided_by_source,799069,757,798312
financial.indicator.tbassets_to_totalassets,2018,not_provided_by_source,856805,1845,854960
financial.indicator.tbassets_to_totalassets,2019,not_provided_by_source,890261,1603,888658
financial.indicator.tbassets_to_totalassets,2020,not_provided_by_source,952002,3436,948566
financial.indicator.tbassets_to_totalassets,2021,not_provided_by_source,1062390,905,1061485
financial.indicator.tbassets_to_totalassets,2022,not_provided_by_source,1149262,2483,1146779
financial.indicator.tbassets_to_totalassets,2023,not_provided_by_source,1211954,367020,844934
financial.indicator.tbassets_to_totalassets,2024,not_provided_by_source,1236332,1040163,196169
financial.indicator.tbassets_to_totalassets,2025,not_provided_by_source,1251467,875504,375963
financial.indicator.tbassets_to_totalassets,2026,not_provided_by_source,868253,646694,221559
financial.indicator.total_fa_trun,2010,not_provided_by_source,452712,83,452629
financial.indicator.total_fa_trun,2011,not_provided_by_source,536606,244,536362
financial.indicator.total_fa_trun,2012,not_provided_by_source,586712,274,586438
financial.indicator.total_fa_trun,2013,not_provided_by_source,587580,238,587342
financial.indicator.total_fa_trun,2014,not_provided_by_source,620068,265,619803
financial.indicator.total_fa_trun,2015,not_provided_by_source,665185,257,664928
financial.indicator.total_fa_trun,2016,not_provided_by_source,704146,258,703888
financial.indicator.total_fa_trun,2017,not_provided_by_source,799069,757,798312
financial.indicator.total_fa_trun,2018,not_provided_by_source,856805,1845,854960
financial.indicator.total_fa_trun,2019,not_provided_by_source,890261,1603,888658
financial.indicator.total_fa_trun,2020,not_provided_by_source,952002,3557,948445
financial.indicator.total_fa_trun,2021,not_provided_by_source,1062390,905,1061485
financial.indicator.total_fa_trun,2022,not_provided_by_source,1149262,2483,1146779
financial.indicator.total_fa_trun,2023,not_provided_by_source,1211954,374060,837894
financial.indicator.total_fa_trun,2024,not_provided_by_source,1236332,1059938,176394
financial.indicator.total_fa_trun,2025,not_provided_by_source,1251467,895021,356446
financial.indicator.total_fa_trun,2026,not_provided_by_source,868253,660767,207486
financial.indicator.total_revenue_ps,2010,not_provided_by_source,452712,83,452629
financial.indicator.total_revenue_ps,2011,not_provided_by_source,536606,244,536362
financial.indicator.total_revenue_ps,2012,not_provided_by_source,586712,274,586438
financial.indicator.total_revenue_ps,2013,not_provided_by_source,587580,238,587342
financial.indicator.total_revenue_ps,2014,not_provided_by_source,620068,265,619803
financial.indicator.total_revenue_ps,2015,not_provided_by_source,665185,257,664928
financial.indicator.total_revenue_ps,2016,not_provided_by_source,704146,258,703888
financial.indicator.total_revenue_ps,2017,not_provided_by_source,799069,757,798312
financial.indicator.total_revenue_ps,2018,not_provided_by_source,856805,1845,854960
financial.indicator.total_revenue_ps,2019,not_provided_by_source,890261,1603,888658
financial.indicator.total_revenue_ps,2020,not_provided_by_source,952002,3557,948445
financial.indicator.total_revenue_ps,2021,not_provided_by_source,1062390,905,1061485
financial.indicator.total_revenue_ps,2022,not_provided_by_source,1149262,2483,1146779
financial.indicator.total_revenue_ps,2023,not_provided_by_source,1211954,374060,837894
financial.indicator.total_revenue_ps,2024,not_provided_by_source,1236332,1059938,176394
financial.indicator.total_revenue_ps,2025,not_provided_by_source,1251467,895021,356446
financial.indicator.total_revenue_ps,2026,not_provided_by_source,868253,660762,207491
financial.indicator.tr_yoy,2010,not_provided_by_source,452712,51,452661
financial.indicator.tr_yoy,2011,not_provided_by_source,536606,244,536362
financial.indicator.tr_yoy,2012,not_provided_by_source,586712,274,586438
financial.indicator.tr_yoy,2013,not_provided_by_source,587580,238,587342
financial.indicator.tr_yoy,2014,not_provided_by_source,620068,265,619803
financial.indicator.tr_yoy,2015,not_provided_by_source,665185,257,664928
financial.indicator.tr_yoy,2016,not_provided_by_source,704146,258,703888
financial.indicator.tr_yoy,2017,not_provided_by_source,799069,757,798312
financial.indicator.tr_yoy,2018,not_provided_by_source,856805,1845,854960
financial.indicator.tr_yoy,2019,not_provided_by_source,890261,1603,888658
financial.indicator.tr_yoy,2020,not_provided_by_source,952002,3557,948445
financial.indicator.tr_yoy,2021,not_provided_by_source,1062390,905,1061485
financial.indicator.tr_yoy,2022,not_provided_by_source,1149262,2483,1146779
financial.indicator.tr_yoy,2023,not_provided_by_source,1211954,373973,837981
financial.indicator.tr_yoy,2024,not_provided_by_source,1236332,1059549,176783
financial.indicator.tr_yoy,2025,not_provided_by_source,1251467,894848,356619
financial.indicator.tr_yoy,2026,not_provided_by_source,868253,660588,207665
financial.indicator.turn_days,2010,not_provided_by_source,452712,83,452629
financial.indicator.turn_days,2011,not_provided_by_source,536606,244,536362
financial.indicator.turn_days,2012,not_provided_by_source,586712,274,586438
financial.indicator.turn_days,2013,not_provided_by_source,587580,238,587342
financial.indicator.turn_days,2014,not_provided_by_source,620068,265,619803
financial.indicator.turn_days,2015,not_provided_by_source,665185,257,664928
financial.indicator.turn_days,2016,not_provided_by_source,704146,258,703888
financial.indicator.turn_days,2017,not_provided_by_source,799069,757,798312
financial.indicator.turn_days,2018,not_provided_by_source,856805,1805,855000
financial.indicator.turn_days,2019,not_provided_by_source,890261,1603,888658
financial.indicator.turn_days,2020,not_provided_by_source,952002,3436,948566
financial.indicator.turn_days,2021,not_provided_by_source,1062390,905,1061485
financial.indicator.turn_days,2022,not_provided_by_source,1149262,2483,1146779
financial.indicator.turn_days,2023,not_provided_by_source,1211954,366889,845065
financial.indicator.turn_days,2024,not_provided_by_source,1236332,1039521,196811
financial.indicator.turn_days,2025,not_provided_by_source,1251467,875071,376396
financial.indicator.turn_days,2026,not_provided_by_source,868253,646240,222013
financial.indicator.undist_profit_ps,2010,not_provided_by_source,452712,83,452629
financial.indicator.undist_profit_ps,2011,not_provided_by_source,536606,244,536362
financial.indicator.undist_profit_ps,2012,not_provided_by_source,586712,274,586438
financial.indicator.undist_profit_ps,2013,not_provided_by_source,587580,238,587342
financial.indicator.undist_profit_ps,2014,not_provided_by_source,620068,265,619803
financial.indicator.undist_profit_ps,2015,not_provided_by_source,665185,257,664928
financial.indicator.undist_profit_ps,2016,not_provided_by_source,704146,258,703888
financial.indicator.undist_profit_ps,2017,not_provided_by_source,799069,757,798312
financial.indicator.undist_profit_ps,2018,not_provided_by_source,856805,1845,854960
financial.indicator.undist_profit_ps,2019,not_provided_by_source,890261,1603,888658
financial.indicator.undist_profit_ps,2020,not_provided_by_source,952002,3557,948445
financial.indicator.undist_profit_ps,2021,not_provided_by_source,1062390,905,1061485
financial.indicator.undist_profit_ps,2022,not_provided_by_source,1149262,2483,1146779
financial.indicator.undist_profit_ps,2023,not_provided_by_source,1211954,374105,837849
financial.indicator.undist_profit_ps,2024,not_provided_by_source,1236332,1060176,176156
financial.indicator.undist_profit_ps,2025,not_provided_by_source,1251467,895068,356399
financial.indicator.undist_profit_ps,2026,not_provided_by_source,868253,660897,207356
financial.indicator.valuechange_income,2010,not_provided_by_source,452712,83,452629
financial.indicator.valuechange_income,2011,not_provided_by_source,536606,244,536362
financial.indicator.valuechange_income,2012,not_provided_by_source,586712,274,586438
financial.indicator.valuechange_income,2013,not_provided_by_source,587580,238,587342
financial.indicator.valuechange_income,2014,not_provided_by_source,620068,265,619803
financial.indicator.valuechange_income,2015,not_provided_by_source,665185,257,664928
financial.indicator.valuechange_income,2016,not_provided_by_source,704146,258,703888
financial.indicator.valuechange_income,2017,not_provided_by_source,799069,757,798312
financial.indicator.valuechange_income,2018,not_provided_by_source,856805,1845,854960
financial.indicator.valuechange_income,2019,not_provided_by_source,890261,1554,888707
financial.indicator.valuechange_income,2020,not_provided_by_source,952002,3287,948715
financial.indicator.valuechange_income,2021,not_provided_by_source,1062390,905,1061485
financial.indicator.valuechange_income,2022,not_provided_by_source,1149262,2402,1146860
financial.indicator.valuechange_income,2023,not_provided_by_source,1211954,351175,860779
financial.indicator.valuechange_income,2024,not_provided_by_source,1236332,992664,243668
financial.indicator.valuechange_income,2025,not_provided_by_source,1251467,851555,399912
financial.indicator.valuechange_income,2026,not_provided_by_source,868253,630399,237854
financial.indicator.working_capital,2010,not_provided_by_source,452712,83,452629
financial.indicator.working_capital,2011,not_provided_by_source,536606,244,536362
financial.indicator.working_capital,2012,not_provided_by_source,586712,274,586438
financial.indicator.working_capital,2013,not_provided_by_source,587580,238,587342
financial.indicator.working_capital,2014,not_provided_by_source,620068,265,619803
financial.indicator.working_capital,2015,not_provided_by_source,665185,257,664928
financial.indicator.working_capital,2016,not_provided_by_source,704146,258,703888
financial.indicator.working_capital,2017,not_provided_by_source,799069,757,798312
financial.indicator.working_capital,2018,not_provided_by_source,856805,1845,854960
financial.indicator.working_capital,2019,not_provided_by_source,890261,1603,888658
financial.indicator.working_capital,2020,not_provided_by_source,952002,3436,948566
financial.indicator.working_capital,2021,not_provided_by_source,1062390,905,1061485
financial.indicator.working_capital,2022,not_provided_by_source,1149262,2483,1146779
financial.indicator.working_capital,2023,not_provided_by_source,1211954,367020,844934
financial.indicator.working_capital,2024,not_provided_by_source,1236332,1040163,196169
financial.indicator.working_capital,2025,not_provided_by_source,1251467,875436,376031
financial.indicator.working_capital,2026,not_provided_by_source,868253,646559,221694
