field_id,identifier,report_year,company_type,source_observation_rows,source_non_null,source_null
financial.indicator.adminexp_of_gr,adminexp_of_gr,1990,not_provided_by_source,284,60,224
financial.indicator.adminexp_of_gr,adminexp_of_gr,1991,not_provided_by_source,372,104,268
financial.indicator.adminexp_of_gr,adminexp_of_gr,1992,not_provided_by_source,626,248,378
financial.indicator.adminexp_of_gr,adminexp_of_gr,1993,not_provided_by_source,1362,1052,310
financial.indicator.adminexp_of_gr,adminexp_of_gr,1994,not_provided_by_source,2056,1075,981
financial.indicator.adminexp_of_gr,adminexp_of_gr,1995,not_provided_by_source,2333,1689,644
financial.indicator.adminexp_of_gr,adminexp_of_gr,1996,not_provided_by_source,2899,2043,856
financial.indicator.adminexp_of_gr,adminexp_of_gr,1997,not_provided_by_source,3711,2338,1373
financial.indicator.adminexp_of_gr,adminexp_of_gr,1998,not_provided_by_source,3934,3910,24
financial.indicator.adminexp_of_gr,adminexp_of_gr,1999,not_provided_by_source,4456,4414,42
financial.indicator.adminexp_of_gr,adminexp_of_gr,2000,not_provided_by_source,4904,4850,54
financial.indicator.adminexp_of_gr,adminexp_of_gr,2001,not_provided_by_source,5803,5633,170
financial.indicator.adminexp_of_gr,adminexp_of_gr,2002,not_provided_by_source,10138,9606,532
financial.indicator.adminexp_of_gr,adminexp_of_gr,2003,not_provided_by_source,11038,10870,168
financial.indicator.adminexp_of_gr,adminexp_of_gr,2004,not_provided_by_source,11591,11373,218
financial.indicator.adminexp_of_gr,adminexp_of_gr,2005,not_provided_by_source,11984,11730,254
financial.indicator.adminexp_of_gr,adminexp_of_gr,2006,not_provided_by_source,13014,12851,163
financial.indicator.adminexp_of_gr,adminexp_of_gr,2007,not_provided_by_source,14483,14338,145
financial.indicator.adminexp_of_gr,adminexp_of_gr,2008,not_provided_by_source,15481,15303,178
financial.indicator.adminexp_of_gr,adminexp_of_gr,2009,not_provided_by_source,17455,17204,251
financial.indicator.adminexp_of_gr,adminexp_of_gr,2010,not_provided_by_source,18522,18227,295
financial.indicator.adminexp_of_gr,adminexp_of_gr,2011,not_provided_by_source,21209,20861,348
financial.indicator.adminexp_of_gr,adminexp_of_gr,2012,not_provided_by_source,22867,22427,440
financial.indicator.adminexp_of_gr,adminexp_of_gr,2013,not_provided_by_source,23933,23518,415
financial.indicator.adminexp_of_gr,adminexp_of_gr,2014,not_provided_by_source,25674,25336,338
financial.indicator.adminexp_of_gr,adminexp_of_gr,2015,not_provided_by_source,27586,27253,333
financial.indicator.adminexp_of_gr,adminexp_of_gr,2016,not_provided_by_source,31074,30780,294
financial.indicator.adminexp_of_gr,adminexp_of_gr,2017,not_provided_by_source,32844,32653,191
financial.indicator.adminexp_of_gr,adminexp_of_gr,2018,not_provided_by_source,33975,33792,183
financial.indicator.adminexp_of_gr,adminexp_of_gr,2019,not_provided_by_source,36005,35825,180
financial.indicator.adminexp_of_gr,adminexp_of_gr,2020,not_provided_by_source,38841,38703,138
financial.indicator.adminexp_of_gr,adminexp_of_gr,2021,not_provided_by_source,40961,40666,295
financial.indicator.adminexp_of_gr,adminexp_of_gr,2022,not_provided_by_source,41878,41675,203
financial.indicator.adminexp_of_gr,adminexp_of_gr,2023,not_provided_by_source,28609,28491,118
financial.indicator.adminexp_of_gr,adminexp_of_gr,2024,not_provided_by_source,24134,24075,59
financial.indicator.adminexp_of_gr,adminexp_of_gr,2025,not_provided_by_source,26352,26317,35
financial.indicator.adminexp_of_gr,adminexp_of_gr,2026,not_provided_by_source,15888,15857,31
financial.indicator.ar_turn,ar_turn,1990,not_provided_by_source,284,86,198
financial.indicator.ar_turn,ar_turn,1991,not_provided_by_source,372,170,202
financial.indicator.ar_turn,ar_turn,1992,not_provided_by_source,626,398,228
financial.indicator.ar_turn,ar_turn,1993,not_provided_by_source,1362,1038,324
financial.indicator.ar_turn,ar_turn,1994,not_provided_by_source,2056,1801,255
financial.indicator.ar_turn,ar_turn,1995,not_provided_by_source,2333,2199,134
financial.indicator.ar_turn,ar_turn,1996,not_provided_by_source,2899,2093,806
financial.indicator.ar_turn,ar_turn,1997,not_provided_by_source,3711,2199,1512
financial.indicator.ar_turn,ar_turn,1998,not_provided_by_source,3934,3858,76
financial.indicator.ar_turn,ar_turn,1999,not_provided_by_source,4456,4214,242
financial.indicator.ar_turn,ar_turn,2000,not_provided_by_source,4904,4620,284
financial.indicator.ar_turn,ar_turn,2001,not_provided_by_source,5803,5201,602
financial.indicator.ar_turn,ar_turn,2002,not_provided_by_source,10138,9713,425
financial.indicator.ar_turn,ar_turn,2003,not_provided_by_source,11038,10328,710
financial.indicator.ar_turn,ar_turn,2004,not_provided_by_source,11591,11089,502
financial.indicator.ar_turn,ar_turn,2005,not_provided_by_source,11984,11257,727
financial.indicator.ar_turn,ar_turn,2006,not_provided_by_source,13014,11972,1042
financial.indicator.ar_turn,ar_turn,2007,not_provided_by_source,14483,13360,1123
financial.indicator.ar_turn,ar_turn,2008,not_provided_by_source,15481,14413,1068
financial.indicator.ar_turn,ar_turn,2009,not_provided_by_source,17455,15377,2078
financial.indicator.ar_turn,ar_turn,2010,not_provided_by_source,18522,17293,1229
financial.indicator.ar_turn,ar_turn,2011,not_provided_by_source,21209,20076,1133
financial.indicator.ar_turn,ar_turn,2012,not_provided_by_source,22867,21691,1176
financial.indicator.ar_turn,ar_turn,2013,not_provided_by_source,23933,22771,1162
financial.indicator.ar_turn,ar_turn,2014,not_provided_by_source,25674,24377,1297
financial.indicator.ar_turn,ar_turn,2015,not_provided_by_source,27586,26095,1491
financial.indicator.ar_turn,ar_turn,2016,not_provided_by_source,31074,29443,1631
financial.indicator.ar_turn,ar_turn,2017,not_provided_by_source,32844,30995,1849
financial.indicator.ar_turn,ar_turn,2018,not_provided_by_source,33975,31780,2195
financial.indicator.ar_turn,ar_turn,2019,not_provided_by_source,36005,33135,2870
financial.indicator.ar_turn,ar_turn,2020,not_provided_by_source,38841,35894,2947
financial.indicator.ar_turn,ar_turn,2021,not_provided_by_source,40961,38441,2520
financial.indicator.ar_turn,ar_turn,2022,not_provided_by_source,41878,39748,2130
financial.indicator.ar_turn,ar_turn,2023,not_provided_by_source,28609,27625,984
financial.indicator.ar_turn,ar_turn,2024,not_provided_by_source,24134,23305,829
financial.indicator.ar_turn,ar_turn,2025,not_provided_by_source,26352,25671,681
financial.indicator.ar_turn,ar_turn,2026,not_provided_by_source,15888,15537,351
financial.indicator.arturn_days,arturn_days,1990,not_provided_by_source,284,42,242
financial.indicator.arturn_days,arturn_days,1991,not_provided_by_source,372,98,274
financial.indicator.arturn_days,arturn_days,1992,not_provided_by_source,626,260,366
financial.indicator.arturn_days,arturn_days,1993,not_provided_by_source,1362,914,448
financial.indicator.arturn_days,arturn_days,1994,not_provided_by_source,2056,1638,418
financial.indicator.arturn_days,arturn_days,1995,not_provided_by_source,2333,1838,495
financial.indicator.arturn_days,arturn_days,1996,not_provided_by_source,2899,1810,1089
financial.indicator.arturn_days,arturn_days,1997,not_provided_by_source,3711,2191,1520
financial.indicator.arturn_days,arturn_days,1998,not_provided_by_source,3934,3854,80
financial.indicator.arturn_days,arturn_days,1999,not_provided_by_source,4456,4166,290
financial.indicator.arturn_days,arturn_days,2000,not_provided_by_source,4904,4616,288
financial.indicator.arturn_days,arturn_days,2001,not_provided_by_source,5803,4250,1553
financial.indicator.arturn_days,arturn_days,2002,not_provided_by_source,10138,9713,425
financial.indicator.arturn_days,arturn_days,2003,not_provided_by_source,11038,10328,710
financial.indicator.arturn_days,arturn_days,2004,not_provided_by_source,11591,11089,502
financial.indicator.arturn_days,arturn_days,2005,not_provided_by_source,11984,11257,727
financial.indicator.arturn_days,arturn_days,2006,not_provided_by_source,13014,11962,1052
financial.indicator.arturn_days,arturn_days,2007,not_provided_by_source,14483,13352,1131
financial.indicator.arturn_days,arturn_days,2008,not_provided_by_source,15481,14395,1086
financial.indicator.arturn_days,arturn_days,2009,not_provided_by_source,17455,15353,2102
financial.indicator.arturn_days,arturn_days,2010,not_provided_by_source,18522,17273,1249
financial.indicator.arturn_days,arturn_days,2011,not_provided_by_source,21209,20068,1141
financial.indicator.arturn_days,arturn_days,2012,not_provided_by_source,22867,21683,1184
financial.indicator.arturn_days,arturn_days,2013,not_provided_by_source,23933,22767,1166
financial.indicator.arturn_days,arturn_days,2014,not_provided_by_source,25674,24377,1297
financial.indicator.arturn_days,arturn_days,2015,not_provided_by_source,27586,26089,1497
financial.indicator.arturn_days,arturn_days,2016,not_provided_by_source,31074,29439,1635
financial.indicator.arturn_days,arturn_days,2017,not_provided_by_source,32844,30993,1851
financial.indicator.arturn_days,arturn_days,2018,not_provided_by_source,33975,31778,2197
financial.indicator.arturn_days,arturn_days,2019,not_provided_by_source,36005,33135,2870
financial.indicator.arturn_days,arturn_days,2020,not_provided_by_source,38841,35884,2957
financial.indicator.arturn_days,arturn_days,2021,not_provided_by_source,40961,38433,2528
financial.indicator.arturn_days,arturn_days,2022,not_provided_by_source,41878,39742,2136
financial.indicator.arturn_days,arturn_days,2023,not_provided_by_source,28609,27625,984
financial.indicator.arturn_days,arturn_days,2024,not_provided_by_source,24134,23304,830
financial.indicator.arturn_days,arturn_days,2025,not_provided_by_source,26352,25671,681
financial.indicator.arturn_days,arturn_days,2026,not_provided_by_source,15888,15537,351
financial.indicator.assets_to_eqt,assets_to_eqt,1990,not_provided_by_source,284,126,158
financial.indicator.assets_to_eqt,assets_to_eqt,1991,not_provided_by_source,372,198,174
financial.indicator.assets_to_eqt,assets_to_eqt,1992,not_provided_by_source,626,526,100
financial.indicator.assets_to_eqt,assets_to_eqt,1993,not_provided_by_source,1362,1206,156
financial.indicator.assets_to_eqt,assets_to_eqt,1994,not_provided_by_source,2056,1998,58
financial.indicator.assets_to_eqt,assets_to_eqt,1995,not_provided_by_source,2333,2325,8
financial.indicator.assets_to_eqt,assets_to_eqt,1996,not_provided_by_source,2899,2877,22
financial.indicator.assets_to_eqt,assets_to_eqt,1997,not_provided_by_source,3711,3637,74
financial.indicator.assets_to_eqt,assets_to_eqt,1998,not_provided_by_source,3934,3904,30
financial.indicator.assets_to_eqt,assets_to_eqt,1999,not_provided_by_source,4456,4252,204
financial.indicator.assets_to_eqt,assets_to_eqt,2000,not_provided_by_source,4904,4676,228
financial.indicator.assets_to_eqt,assets_to_eqt,2001,not_provided_by_source,5803,5267,536
financial.indicator.assets_to_eqt,assets_to_eqt,2002,not_provided_by_source,10138,9774,364
financial.indicator.assets_to_eqt,assets_to_eqt,2003,not_provided_by_source,11038,10089,949
financial.indicator.assets_to_eqt,assets_to_eqt,2004,not_provided_by_source,11591,10946,645
financial.indicator.assets_to_eqt,assets_to_eqt,2005,not_provided_by_source,11984,11180,804
financial.indicator.assets_to_eqt,assets_to_eqt,2006,not_provided_by_source,13014,11786,1228
financial.indicator.assets_to_eqt,assets_to_eqt,2007,not_provided_by_source,14483,13266,1217
financial.indicator.assets_to_eqt,assets_to_eqt,2008,not_provided_by_source,15481,14507,974
financial.indicator.assets_to_eqt,assets_to_eqt,2009,not_provided_by_source,17455,15570,1885
financial.indicator.assets_to_eqt,assets_to_eqt,2010,not_provided_by_source,18522,17572,950
financial.indicator.assets_to_eqt,assets_to_eqt,2011,not_provided_by_source,21209,20446,763
financial.indicator.assets_to_eqt,assets_to_eqt,2012,not_provided_by_source,22867,22076,791
financial.indicator.assets_to_eqt,assets_to_eqt,2013,not_provided_by_source,23933,23225,708
financial.indicator.assets_to_eqt,assets_to_eqt,2014,not_provided_by_source,25674,24777,897
financial.indicator.assets_to_eqt,assets_to_eqt,2015,not_provided_by_source,27586,26486,1100
financial.indicator.assets_to_eqt,assets_to_eqt,2016,not_provided_by_source,31074,28774,2300
financial.indicator.assets_to_eqt,assets_to_eqt,2017,not_provided_by_source,32844,31685,1159
financial.indicator.assets_to_eqt,assets_to_eqt,2018,not_provided_by_source,33975,32859,1116
financial.indicator.assets_to_eqt,assets_to_eqt,2019,not_provided_by_source,36005,34036,1969
financial.indicator.assets_to_eqt,assets_to_eqt,2020,not_provided_by_source,38841,36377,2464
financial.indicator.assets_to_eqt,assets_to_eqt,2021,not_provided_by_source,40961,38891,2070
financial.indicator.assets_to_eqt,assets_to_eqt,2022,not_provided_by_source,41878,40411,1467
financial.indicator.assets_to_eqt,assets_to_eqt,2023,not_provided_by_source,28609,27997,612
financial.indicator.assets_to_eqt,assets_to_eqt,2024,not_provided_by_source,24134,23527,607
financial.indicator.assets_to_eqt,assets_to_eqt,2025,not_provided_by_source,26352,25853,499
financial.indicator.assets_to_eqt,assets_to_eqt,2026,not_provided_by_source,15888,15656,232
financial.indicator.assets_turn,assets_turn,1990,not_provided_by_source,284,94,190
financial.indicator.assets_turn,assets_turn,1991,not_provided_by_source,372,214,158
financial.indicator.assets_turn,assets_turn,1992,not_provided_by_source,626,386,240
financial.indicator.assets_turn,assets_turn,1993,not_provided_by_source,1362,1052,310
financial.indicator.assets_turn,assets_turn,1994,not_provided_by_source,2056,1834,222
financial.indicator.assets_turn,assets_turn,1995,not_provided_by_source,2333,1944,389
financial.indicator.assets_turn,assets_turn,1996,not_provided_by_source,2899,2592,307
financial.indicator.assets_turn,assets_turn,1997,not_provided_by_source,3711,3335,376
financial.indicator.assets_turn,assets_turn,1998,not_provided_by_source,3934,3818,116
financial.indicator.assets_turn,assets_turn,1999,not_provided_by_source,4456,4100,356
financial.indicator.assets_turn,assets_turn,2000,not_provided_by_source,4904,4562,342
financial.indicator.assets_turn,assets_turn,2001,not_provided_by_source,5803,5331,472
financial.indicator.assets_turn,assets_turn,2002,not_provided_by_source,10138,9856,282
financial.indicator.assets_turn,assets_turn,2003,not_provided_by_source,11038,10282,756
financial.indicator.assets_turn,assets_turn,2004,not_provided_by_source,11591,11215,376
financial.indicator.assets_turn,assets_turn,2005,not_provided_by_source,11984,11591,393
financial.indicator.assets_turn,assets_turn,2006,not_provided_by_source,13014,12408,606
financial.indicator.assets_turn,assets_turn,2007,not_provided_by_source,14483,13878,605
financial.indicator.assets_turn,assets_turn,2008,not_provided_by_source,15481,15030,451
financial.indicator.assets_turn,assets_turn,2009,not_provided_by_source,17455,16042,1413
financial.indicator.assets_turn,assets_turn,2010,not_provided_by_source,18522,17996,526
financial.indicator.assets_turn,assets_turn,2011,not_provided_by_source,21209,20822,387
financial.indicator.assets_turn,assets_turn,2012,not_provided_by_source,22867,22451,416
financial.indicator.assets_turn,assets_turn,2013,not_provided_by_source,23933,23530,403
financial.indicator.assets_turn,assets_turn,2014,not_provided_by_source,25674,25152,522
financial.indicator.assets_turn,assets_turn,2015,not_provided_by_source,27586,27035,551
financial.indicator.assets_turn,assets_turn,2016,not_provided_by_source,31074,30453,621
financial.indicator.assets_turn,assets_turn,2017,not_provided_by_source,32844,32060,784
financial.indicator.assets_turn,assets_turn,2018,not_provided_by_source,33975,33133,842
financial.indicator.assets_turn,assets_turn,2019,not_provided_by_source,36005,34475,1530
financial.indicator.assets_turn,assets_turn,2020,not_provided_by_source,38841,36859,1982
financial.indicator.assets_turn,assets_turn,2021,not_provided_by_source,40961,39404,1557
financial.indicator.assets_turn,assets_turn,2022,not_provided_by_source,41878,40984,894
financial.indicator.assets_turn,assets_turn,2023,not_provided_by_source,28609,28423,186
financial.indicator.assets_turn,assets_turn,2024,not_provided_by_source,24134,23909,225
financial.indicator.assets_turn,assets_turn,2025,not_provided_by_source,26352,26252,100
financial.indicator.assets_turn,assets_turn,2026,not_provided_by_source,15888,15846,42
financial.indicator.assets_ytd_growth,assets_ytd_growth,1990,not_provided_by_source,284,28,256
financial.indicator.assets_ytd_growth,assets_ytd_growth,1991,not_provided_by_source,372,192,180
financial.indicator.assets_ytd_growth,assets_ytd_growth,1992,not_provided_by_source,626,280,346
financial.indicator.assets_ytd_growth,assets_ytd_growth,1993,not_provided_by_source,1362,740,622
financial.indicator.assets_ytd_growth,assets_ytd_growth,1994,not_provided_by_source,2056,1610,446
financial.indicator.assets_ytd_growth,assets_ytd_growth,1995,not_provided_by_source,2333,2083,250
financial.indicator.assets_ytd_growth,assets_ytd_growth,1996,not_provided_by_source,2899,2699,200
financial.indicator.assets_ytd_growth,assets_ytd_growth,1997,not_provided_by_source,3711,3329,382
financial.indicator.assets_ytd_growth,assets_ytd_growth,1998,not_provided_by_source,3934,3818,116
financial.indicator.assets_ytd_growth,assets_ytd_growth,1999,not_provided_by_source,4456,4152,304
financial.indicator.assets_ytd_growth,assets_ytd_growth,2000,not_provided_by_source,4904,4576,328
financial.indicator.assets_ytd_growth,assets_ytd_growth,2001,not_provided_by_source,5803,5171,632
financial.indicator.assets_ytd_growth,assets_ytd_growth,2002,not_provided_by_source,10138,9897,241
financial.indicator.assets_ytd_growth,assets_ytd_growth,2003,not_provided_by_source,11038,10347,691
financial.indicator.assets_ytd_growth,assets_ytd_growth,2004,not_provided_by_source,11591,11108,483
financial.indicator.assets_ytd_growth,assets_ytd_growth,2005,not_provided_by_source,11984,11548,436
financial.indicator.assets_ytd_growth,assets_ytd_growth,2006,not_provided_by_source,13014,12028,986
financial.indicator.assets_ytd_growth,assets_ytd_growth,2007,not_provided_by_source,14483,13242,1241
financial.indicator.assets_ytd_growth,assets_ytd_growth,2008,not_provided_by_source,15481,14547,934
financial.indicator.assets_ytd_growth,assets_ytd_growth,2009,not_provided_by_source,17455,15898,1557
financial.indicator.assets_ytd_growth,assets_ytd_growth,2010,not_provided_by_source,18522,18157,365
financial.indicator.assets_ytd_growth,assets_ytd_growth,2011,not_provided_by_source,21209,19932,1277
financial.indicator.assets_ytd_growth,assets_ytd_growth,2012,not_provided_by_source,22867,21996,871
financial.indicator.assets_ytd_growth,assets_ytd_growth,2013,not_provided_by_source,23933,22976,957
financial.indicator.assets_ytd_growth,assets_ytd_growth,2014,not_provided_by_source,25674,24771,903
financial.indicator.assets_ytd_growth,assets_ytd_growth,2015,not_provided_by_source,27586,26800,786
financial.indicator.assets_ytd_growth,assets_ytd_growth,2016,not_provided_by_source,31074,28605,2469
financial.indicator.assets_ytd_growth,assets_ytd_growth,2017,not_provided_by_source,32844,31296,1548
financial.indicator.assets_ytd_growth,assets_ytd_growth,2018,not_provided_by_source,33975,32671,1304
financial.indicator.assets_ytd_growth,assets_ytd_growth,2019,not_provided_by_source,36005,34343,1662
financial.indicator.assets_ytd_growth,assets_ytd_growth,2020,not_provided_by_source,38841,36884,1957
financial.indicator.assets_ytd_growth,assets_ytd_growth,2021,not_provided_by_source,40961,39443,1518
financial.indicator.assets_ytd_growth,assets_ytd_growth,2022,not_provided_by_source,41878,40966,912
financial.indicator.assets_ytd_growth,assets_ytd_growth,2023,not_provided_by_source,28609,28441,168
financial.indicator.assets_ytd_growth,assets_ytd_growth,2024,not_provided_by_source,24134,23919,215
financial.indicator.assets_ytd_growth,assets_ytd_growth,2025,not_provided_by_source,26352,26263,89
financial.indicator.assets_ytd_growth,assets_ytd_growth,2026,not_provided_by_source,15888,15869,19
financial.indicator.basic_eps_yoy,basic_eps_yoy,1990,not_provided_by_source,284,0,284
financial.indicator.basic_eps_yoy,basic_eps_yoy,1991,not_provided_by_source,372,0,372
financial.indicator.basic_eps_yoy,basic_eps_yoy,1992,not_provided_by_source,626,0,626
financial.indicator.basic_eps_yoy,basic_eps_yoy,1993,not_provided_by_source,1362,0,1362
financial.indicator.basic_eps_yoy,basic_eps_yoy,1994,not_provided_by_source,2056,56,2000
financial.indicator.basic_eps_yoy,basic_eps_yoy,1995,not_provided_by_source,2333,56,2277
financial.indicator.basic_eps_yoy,basic_eps_yoy,1996,not_provided_by_source,2899,6,2893
financial.indicator.basic_eps_yoy,basic_eps_yoy,1997,not_provided_by_source,3711,18,3693
financial.indicator.basic_eps_yoy,basic_eps_yoy,1998,not_provided_by_source,3934,879,3055
financial.indicator.basic_eps_yoy,basic_eps_yoy,1999,not_provided_by_source,4456,1200,3256
financial.indicator.basic_eps_yoy,basic_eps_yoy,2000,not_provided_by_source,4904,1514,3390
financial.indicator.basic_eps_yoy,basic_eps_yoy,2001,not_provided_by_source,5803,2402,3401
financial.indicator.basic_eps_yoy,basic_eps_yoy,2002,not_provided_by_source,10138,3593,6545
financial.indicator.basic_eps_yoy,basic_eps_yoy,2003,not_provided_by_source,11038,3407,7631
financial.indicator.basic_eps_yoy,basic_eps_yoy,2004,not_provided_by_source,11591,4328,7263
financial.indicator.basic_eps_yoy,basic_eps_yoy,2005,not_provided_by_source,11984,5400,6584
financial.indicator.basic_eps_yoy,basic_eps_yoy,2006,not_provided_by_source,13014,5993,7021
financial.indicator.basic_eps_yoy,basic_eps_yoy,2007,not_provided_by_source,14483,12548,1935
financial.indicator.basic_eps_yoy,basic_eps_yoy,2008,not_provided_by_source,15481,14085,1396
financial.indicator.basic_eps_yoy,basic_eps_yoy,2009,not_provided_by_source,17455,14951,2504
financial.indicator.basic_eps_yoy,basic_eps_yoy,2010,not_provided_by_source,18522,16964,1558
financial.indicator.basic_eps_yoy,basic_eps_yoy,2011,not_provided_by_source,21209,18902,2307
financial.indicator.basic_eps_yoy,basic_eps_yoy,2012,not_provided_by_source,22867,20910,1957
financial.indicator.basic_eps_yoy,basic_eps_yoy,2013,not_provided_by_source,23933,21911,2022
financial.indicator.basic_eps_yoy,basic_eps_yoy,2014,not_provided_by_source,25674,23150,2524
financial.indicator.basic_eps_yoy,basic_eps_yoy,2015,not_provided_by_source,27586,25104,2482
financial.indicator.basic_eps_yoy,basic_eps_yoy,2016,not_provided_by_source,31074,27113,3961
financial.indicator.basic_eps_yoy,basic_eps_yoy,2017,not_provided_by_source,32844,30047,2797
financial.indicator.basic_eps_yoy,basic_eps_yoy,2018,not_provided_by_source,33975,31779,2196
financial.indicator.basic_eps_yoy,basic_eps_yoy,2019,not_provided_by_source,36005,32912,3093
financial.indicator.basic_eps_yoy,basic_eps_yoy,2020,not_provided_by_source,38841,35104,3737
financial.indicator.basic_eps_yoy,basic_eps_yoy,2021,not_provided_by_source,40961,38377,2584
financial.indicator.basic_eps_yoy,basic_eps_yoy,2022,not_provided_by_source,41878,40322,1556
financial.indicator.basic_eps_yoy,basic_eps_yoy,2023,not_provided_by_source,28609,28168,441
financial.indicator.basic_eps_yoy,basic_eps_yoy,2024,not_provided_by_source,24134,23766,368
financial.indicator.basic_eps_yoy,basic_eps_yoy,2025,not_provided_by_source,26352,26128,224
financial.indicator.basic_eps_yoy,basic_eps_yoy,2026,not_provided_by_source,15888,15834,54
financial.indicator.bps,bps,1990,not_provided_by_source,284,4,280
financial.indicator.bps,bps,1991,not_provided_by_source,372,16,356
financial.indicator.bps,bps,1992,not_provided_by_source,626,90,536
financial.indicator.bps,bps,1993,not_provided_by_source,1362,606,756
financial.indicator.bps,bps,1994,not_provided_by_source,2056,1424,632
financial.indicator.bps,bps,1995,not_provided_by_source,2333,1769,564
financial.indicator.bps,bps,1996,not_provided_by_source,2899,2257,642
financial.indicator.bps,bps,1997,not_provided_by_source,3711,3007,704
financial.indicator.bps,bps,1998,not_provided_by_source,3934,3472,462
financial.indicator.bps,bps,1999,not_provided_by_source,4456,3970,486
financial.indicator.bps,bps,2000,not_provided_by_source,4904,4644,260
financial.indicator.bps,bps,2001,not_provided_by_source,5803,5273,530
financial.indicator.bps,bps,2002,not_provided_by_source,10138,9863,275
financial.indicator.bps,bps,2003,not_provided_by_source,11038,10400,638
financial.indicator.bps,bps,2004,not_provided_by_source,11591,11232,359
financial.indicator.bps,bps,2005,not_provided_by_source,11984,11668,316
financial.indicator.bps,bps,2006,not_provided_by_source,13014,12431,583
financial.indicator.bps,bps,2007,not_provided_by_source,14483,13906,577
financial.indicator.bps,bps,2008,not_provided_by_source,15481,15083,398
financial.indicator.bps,bps,2009,not_provided_by_source,17455,16124,1331
financial.indicator.bps,bps,2010,not_provided_by_source,18522,18112,410
financial.indicator.bps,bps,2011,not_provided_by_source,21209,20933,276
financial.indicator.bps,bps,2012,not_provided_by_source,22867,22494,373
financial.indicator.bps,bps,2013,not_provided_by_source,23933,23459,474
financial.indicator.bps,bps,2014,not_provided_by_source,25674,24980,694
financial.indicator.bps,bps,2015,not_provided_by_source,27586,26619,967
financial.indicator.bps,bps,2016,not_provided_by_source,31074,28887,2187
financial.indicator.bps,bps,2017,not_provided_by_source,32844,31762,1082
financial.indicator.bps,bps,2018,not_provided_by_source,33975,33147,828
financial.indicator.bps,bps,2019,not_provided_by_source,36005,34454,1551
financial.indicator.bps,bps,2020,not_provided_by_source,38841,36880,1961
financial.indicator.bps,bps,2021,not_provided_by_source,40961,39422,1539
financial.indicator.bps,bps,2022,not_provided_by_source,41878,40752,1126
financial.indicator.bps,bps,2023,not_provided_by_source,28609,28306,303
financial.indicator.bps,bps,2024,not_provided_by_source,24134,23873,261
financial.indicator.bps,bps,2025,not_provided_by_source,26352,26241,111
financial.indicator.bps,bps,2026,not_provided_by_source,15888,15870,18
financial.indicator.bps_ytd_growth,bps_ytd_growth,1990,not_provided_by_source,284,4,280
financial.indicator.bps_ytd_growth,bps_ytd_growth,1991,not_provided_by_source,372,0,372
financial.indicator.bps_ytd_growth,bps_ytd_growth,1992,not_provided_by_source,626,8,618
financial.indicator.bps_ytd_growth,bps_ytd_growth,1993,not_provided_by_source,1362,89,1273
financial.indicator.bps_ytd_growth,bps_ytd_growth,1994,not_provided_by_source,2056,1041,1015
financial.indicator.bps_ytd_growth,bps_ytd_growth,1995,not_provided_by_source,2333,1465,868
financial.indicator.bps_ytd_growth,bps_ytd_growth,1996,not_provided_by_source,2899,2031,868
financial.indicator.bps_ytd_growth,bps_ytd_growth,1997,not_provided_by_source,3711,2589,1122
financial.indicator.bps_ytd_growth,bps_ytd_growth,1998,not_provided_by_source,3934,3125,809
financial.indicator.bps_ytd_growth,bps_ytd_growth,1999,not_provided_by_source,4456,3607,849
financial.indicator.bps_ytd_growth,bps_ytd_growth,2000,not_provided_by_source,4904,4097,807
financial.indicator.bps_ytd_growth,bps_ytd_growth,2001,not_provided_by_source,5803,5076,727
financial.indicator.bps_ytd_growth,bps_ytd_growth,2002,not_provided_by_source,10138,9813,325
financial.indicator.bps_ytd_growth,bps_ytd_growth,2003,not_provided_by_source,11038,10260,778
financial.indicator.bps_ytd_growth,bps_ytd_growth,2004,not_provided_by_source,11591,10950,641
financial.indicator.bps_ytd_growth,bps_ytd_growth,2005,not_provided_by_source,11984,11382,602
financial.indicator.bps_ytd_growth,bps_ytd_growth,2006,not_provided_by_source,13014,11876,1138
financial.indicator.bps_ytd_growth,bps_ytd_growth,2007,not_provided_by_source,14483,13183,1300
financial.indicator.bps_ytd_growth,bps_ytd_growth,2008,not_provided_by_source,15481,14503,978
financial.indicator.bps_ytd_growth,bps_ytd_growth,2009,not_provided_by_source,17455,15815,1640
financial.indicator.bps_ytd_growth,bps_ytd_growth,2010,not_provided_by_source,18522,18065,457
financial.indicator.bps_ytd_growth,bps_ytd_growth,2011,not_provided_by_source,21209,19805,1404
financial.indicator.bps_ytd_growth,bps_ytd_growth,2012,not_provided_by_source,22867,21802,1065
financial.indicator.bps_ytd_growth,bps_ytd_growth,2013,not_provided_by_source,23933,22660,1273
financial.indicator.bps_ytd_growth,bps_ytd_growth,2014,not_provided_by_source,25674,24490,1184
financial.indicator.bps_ytd_growth,bps_ytd_growth,2015,not_provided_by_source,27586,26454,1132
financial.indicator.bps_ytd_growth,bps_ytd_growth,2016,not_provided_by_source,31074,28331,2743
financial.indicator.bps_ytd_growth,bps_ytd_growth,2017,not_provided_by_source,32844,31058,1786
financial.indicator.bps_ytd_growth,bps_ytd_growth,2018,not_provided_by_source,33975,32543,1432
financial.indicator.bps_ytd_growth,bps_ytd_growth,2019,not_provided_by_source,36005,34213,1792
financial.indicator.bps_ytd_growth,bps_ytd_growth,2020,not_provided_by_source,38841,36839,2002
financial.indicator.bps_ytd_growth,bps_ytd_growth,2021,not_provided_by_source,40961,39408,1553
financial.indicator.bps_ytd_growth,bps_ytd_growth,2022,not_provided_by_source,41878,40696,1182
financial.indicator.bps_ytd_growth,bps_ytd_growth,2023,not_provided_by_source,28609,28304,305
financial.indicator.bps_ytd_growth,bps_ytd_growth,2024,not_provided_by_source,24134,23870,264
financial.indicator.bps_ytd_growth,bps_ytd_growth,2025,not_provided_by_source,26352,26241,111
financial.indicator.bps_ytd_growth,bps_ytd_growth,2026,not_provided_by_source,15888,15866,22
financial.indicator.ca_to_assets,ca_to_assets,1990,not_provided_by_source,284,178,106
financial.indicator.ca_to_assets,ca_to_assets,1991,not_provided_by_source,372,274,98
financial.indicator.ca_to_assets,ca_to_assets,1992,not_provided_by_source,626,582,44
financial.indicator.ca_to_assets,ca_to_assets,1993,not_provided_by_source,1362,1270,92
financial.indicator.ca_to_assets,ca_to_assets,1994,not_provided_by_source,2056,2024,32
financial.indicator.ca_to_assets,ca_to_assets,1995,not_provided_by_source,2333,2319,14
financial.indicator.ca_to_assets,ca_to_assets,1996,not_provided_by_source,2899,2869,30
financial.indicator.ca_to_assets,ca_to_assets,1997,not_provided_by_source,3711,3625,86
financial.indicator.ca_to_assets,ca_to_assets,1998,not_provided_by_source,3934,3904,30
financial.indicator.ca_to_assets,ca_to_assets,1999,not_provided_by_source,4456,4272,184
financial.indicator.ca_to_assets,ca_to_assets,2000,not_provided_by_source,4904,4700,204
financial.indicator.ca_to_assets,ca_to_assets,2001,not_provided_by_source,5803,5337,466
financial.indicator.ca_to_assets,ca_to_assets,2002,not_provided_by_source,10138,9890,248
financial.indicator.ca_to_assets,ca_to_assets,2003,not_provided_by_source,11038,10235,803
financial.indicator.ca_to_assets,ca_to_assets,2004,not_provided_by_source,11591,11190,401
financial.indicator.ca_to_assets,ca_to_assets,2005,not_provided_by_source,11984,11546,438
financial.indicator.ca_to_assets,ca_to_assets,2006,not_provided_by_source,13014,12199,815
financial.indicator.ca_to_assets,ca_to_assets,2007,not_provided_by_source,14483,13642,841
financial.indicator.ca_to_assets,ca_to_assets,2008,not_provided_by_source,15481,14721,760
financial.indicator.ca_to_assets,ca_to_assets,2009,not_provided_by_source,17455,15724,1731
financial.indicator.ca_to_assets,ca_to_assets,2010,not_provided_by_source,18522,17667,855
financial.indicator.ca_to_assets,ca_to_assets,2011,not_provided_by_source,21209,20464,745
financial.indicator.ca_to_assets,ca_to_assets,2012,not_provided_by_source,22867,22020,847
financial.indicator.ca_to_assets,ca_to_assets,2013,not_provided_by_source,23933,23017,916
financial.indicator.ca_to_assets,ca_to_assets,2014,not_provided_by_source,25674,24506,1168
financial.indicator.ca_to_assets,ca_to_assets,2015,not_provided_by_source,27586,26147,1439
financial.indicator.ca_to_assets,ca_to_assets,2016,not_provided_by_source,31074,28307,2767
financial.indicator.ca_to_assets,ca_to_assets,2017,not_provided_by_source,32844,31133,1711
financial.indicator.ca_to_assets,ca_to_assets,2018,not_provided_by_source,33975,32429,1546
financial.indicator.ca_to_assets,ca_to_assets,2019,not_provided_by_source,36005,33704,2301
financial.indicator.ca_to_assets,ca_to_assets,2020,not_provided_by_source,38841,36122,2719
financial.indicator.ca_to_assets,ca_to_assets,2021,not_provided_by_source,40961,38640,2321
financial.indicator.ca_to_assets,ca_to_assets,2022,not_provided_by_source,41878,39984,1894
financial.indicator.ca_to_assets,ca_to_assets,2023,not_provided_by_source,28609,27776,833
financial.indicator.ca_to_assets,ca_to_assets,2024,not_provided_by_source,24134,23429,705
financial.indicator.ca_to_assets,ca_to_assets,2025,not_provided_by_source,26352,25781,571
financial.indicator.ca_to_assets,ca_to_assets,2026,not_provided_by_source,15888,15597,291
financial.indicator.ca_turn,ca_turn,1990,not_provided_by_source,284,24,260
financial.indicator.ca_turn,ca_turn,1991,not_provided_by_source,372,174,198
financial.indicator.ca_turn,ca_turn,1992,not_provided_by_source,626,260,366
financial.indicator.ca_turn,ca_turn,1993,not_provided_by_source,1362,698,664
financial.indicator.ca_turn,ca_turn,1994,not_provided_by_source,2056,1598,458
financial.indicator.ca_turn,ca_turn,1995,not_provided_by_source,2333,2067,266
financial.indicator.ca_turn,ca_turn,1996,not_provided_by_source,2899,2687,212
financial.indicator.ca_turn,ca_turn,1997,not_provided_by_source,3711,3319,392
financial.indicator.ca_turn,ca_turn,1998,not_provided_by_source,3934,3804,130
financial.indicator.ca_turn,ca_turn,1999,not_provided_by_source,4456,4132,324
financial.indicator.ca_turn,ca_turn,2000,not_provided_by_source,4904,4536,368
financial.indicator.ca_turn,ca_turn,2001,not_provided_by_source,5803,5113,690
financial.indicator.ca_turn,ca_turn,2002,not_provided_by_source,10138,9795,343
financial.indicator.ca_turn,ca_turn,2003,not_provided_by_source,11038,10013,1025
financial.indicator.ca_turn,ca_turn,2004,not_provided_by_source,11591,11051,540
financial.indicator.ca_turn,ca_turn,2005,not_provided_by_source,11984,11392,592
financial.indicator.ca_turn,ca_turn,2006,not_provided_by_source,13014,12120,894
financial.indicator.ca_turn,ca_turn,2007,not_provided_by_source,14483,13592,891
financial.indicator.ca_turn,ca_turn,2008,not_provided_by_source,15481,14668,813
financial.indicator.ca_turn,ca_turn,2009,not_provided_by_source,17455,15645,1810
financial.indicator.ca_turn,ca_turn,2010,not_provided_by_source,18522,17563,959
financial.indicator.ca_turn,ca_turn,2011,not_provided_by_source,21209,20352,857
financial.indicator.ca_turn,ca_turn,2012,not_provided_by_source,22867,21945,922
financial.indicator.ca_turn,ca_turn,2013,not_provided_by_source,23933,22997,936
financial.indicator.ca_turn,ca_turn,2014,not_provided_by_source,25674,24616,1058
financial.indicator.ca_turn,ca_turn,2015,not_provided_by_source,27586,26419,1167
financial.indicator.ca_turn,ca_turn,2016,not_provided_by_source,31074,29725,1349
financial.indicator.ca_turn,ca_turn,2017,not_provided_by_source,32844,31269,1575
financial.indicator.ca_turn,ca_turn,2018,not_provided_by_source,33975,32339,1636
financial.indicator.ca_turn,ca_turn,2019,not_provided_by_source,36005,33626,2379
financial.indicator.ca_turn,ca_turn,2020,not_provided_by_source,38841,36070,2771
financial.indicator.ca_turn,ca_turn,2021,not_provided_by_source,40961,38594,2367
financial.indicator.ca_turn,ca_turn,2022,not_provided_by_source,41878,39954,1924
financial.indicator.ca_turn,ca_turn,2023,not_provided_by_source,28609,27758,851
financial.indicator.ca_turn,ca_turn,2024,not_provided_by_source,24134,23416,718
financial.indicator.ca_turn,ca_turn,2025,not_provided_by_source,26352,25769,583
financial.indicator.ca_turn,ca_turn,2026,not_provided_by_source,15888,15573,315
financial.indicator.capital_rese_ps,capital_rese_ps,1990,not_provided_by_source,284,12,272
financial.indicator.capital_rese_ps,capital_rese_ps,1991,not_provided_by_source,372,38,334
financial.indicator.capital_rese_ps,capital_rese_ps,1992,not_provided_by_source,626,308,318
financial.indicator.capital_rese_ps,capital_rese_ps,1993,not_provided_by_source,1362,880,482
financial.indicator.capital_rese_ps,capital_rese_ps,1994,not_provided_by_source,2056,1397,659
financial.indicator.capital_rese_ps,capital_rese_ps,1995,not_provided_by_source,2333,1716,617
financial.indicator.capital_rese_ps,capital_rese_ps,1996,not_provided_by_source,2899,2477,422
financial.indicator.capital_rese_ps,capital_rese_ps,1997,not_provided_by_source,3711,3237,474
financial.indicator.capital_rese_ps,capital_rese_ps,1998,not_provided_by_source,3934,3654,280
financial.indicator.capital_rese_ps,capital_rese_ps,1999,not_provided_by_source,4456,4198,258
financial.indicator.capital_rese_ps,capital_rese_ps,2000,not_provided_by_source,4904,4622,282
financial.indicator.capital_rese_ps,capital_rese_ps,2001,not_provided_by_source,5803,5203,600
financial.indicator.capital_rese_ps,capital_rese_ps,2002,not_provided_by_source,10138,9488,650
financial.indicator.capital_rese_ps,capital_rese_ps,2003,not_provided_by_source,11038,10223,815
financial.indicator.capital_rese_ps,capital_rese_ps,2004,not_provided_by_source,11591,11174,417
financial.indicator.capital_rese_ps,capital_rese_ps,2005,not_provided_by_source,11984,11512,472
financial.indicator.capital_rese_ps,capital_rese_ps,2006,not_provided_by_source,13014,12150,864
financial.indicator.capital_rese_ps,capital_rese_ps,2007,not_provided_by_source,14483,13638,845
financial.indicator.capital_rese_ps,capital_rese_ps,2008,not_provided_by_source,15481,14795,686
financial.indicator.capital_rese_ps,capital_rese_ps,2009,not_provided_by_source,17455,15889,1566
financial.indicator.capital_rese_ps,capital_rese_ps,2010,not_provided_by_source,18522,17975,547
financial.indicator.capital_rese_ps,capital_rese_ps,2011,not_provided_by_source,21209,20759,450
financial.indicator.capital_rese_ps,capital_rese_ps,2012,not_provided_by_source,22867,22267,600
financial.indicator.capital_rese_ps,capital_rese_ps,2013,not_provided_by_source,23933,23007,926
financial.indicator.capital_rese_ps,capital_rese_ps,2014,not_provided_by_source,25674,24492,1182
financial.indicator.capital_rese_ps,capital_rese_ps,2015,not_provided_by_source,27586,26307,1279
financial.indicator.capital_rese_ps,capital_rese_ps,2016,not_provided_by_source,31074,28587,2487
financial.indicator.capital_rese_ps,capital_rese_ps,2017,not_provided_by_source,32844,31531,1313
financial.indicator.capital_rese_ps,capital_rese_ps,2018,not_provided_by_source,33975,32936,1039
financial.indicator.capital_rese_ps,capital_rese_ps,2019,not_provided_by_source,36005,34269,1736
financial.indicator.capital_rese_ps,capital_rese_ps,2020,not_provided_by_source,38841,36718,2123
financial.indicator.capital_rese_ps,capital_rese_ps,2021,not_provided_by_source,40961,39279,1682
financial.indicator.capital_rese_ps,capital_rese_ps,2022,not_provided_by_source,41878,40631,1247
financial.indicator.capital_rese_ps,capital_rese_ps,2023,not_provided_by_source,28609,28241,368
financial.indicator.capital_rese_ps,capital_rese_ps,2024,not_provided_by_source,24134,23808,326
financial.indicator.capital_rese_ps,capital_rese_ps,2025,not_provided_by_source,26352,26164,188
financial.indicator.capital_rese_ps,capital_rese_ps,2026,not_provided_by_source,15888,15835,53
financial.indicator.capitalized_to_da,capitalized_to_da,1990,not_provided_by_source,284,0,284
financial.indicator.capitalized_to_da,capitalized_to_da,1991,not_provided_by_source,372,0,372
financial.indicator.capitalized_to_da,capitalized_to_da,1992,not_provided_by_source,626,0,626
financial.indicator.capitalized_to_da,capitalized_to_da,1993,not_provided_by_source,1362,0,1362
financial.indicator.capitalized_to_da,capitalized_to_da,1994,not_provided_by_source,2056,0,2056
financial.indicator.capitalized_to_da,capitalized_to_da,1995,not_provided_by_source,2333,0,2333
financial.indicator.capitalized_to_da,capitalized_to_da,1996,not_provided_by_source,2899,2,2897
financial.indicator.capitalized_to_da,capitalized_to_da,1997,not_provided_by_source,3711,8,3703
financial.indicator.capitalized_to_da,capitalized_to_da,1998,not_provided_by_source,3934,2255,1679
financial.indicator.capitalized_to_da,capitalized_to_da,1999,not_provided_by_source,4456,2705,1751
financial.indicator.capitalized_to_da,capitalized_to_da,2000,not_provided_by_source,4904,4380,524
financial.indicator.capitalized_to_da,capitalized_to_da,2001,not_provided_by_source,5803,4673,1130
financial.indicator.capitalized_to_da,capitalized_to_da,2002,not_provided_by_source,10138,5063,5075
financial.indicator.capitalized_to_da,capitalized_to_da,2003,not_provided_by_source,11038,10006,1032
financial.indicator.capitalized_to_da,capitalized_to_da,2004,not_provided_by_source,11591,10803,788
financial.indicator.capitalized_to_da,capitalized_to_da,2005,not_provided_by_source,11984,11174,810
financial.indicator.capitalized_to_da,capitalized_to_da,2006,not_provided_by_source,13014,6386,6628
financial.indicator.capitalized_to_da,capitalized_to_da,2007,not_provided_by_source,14483,7774,6709
financial.indicator.capitalized_to_da,capitalized_to_da,2008,not_provided_by_source,15481,8075,7406
financial.indicator.capitalized_to_da,capitalized_to_da,2009,not_provided_by_source,17455,8898,8557
financial.indicator.capitalized_to_da,capitalized_to_da,2010,not_provided_by_source,18522,9522,9000
financial.indicator.capitalized_to_da,capitalized_to_da,2011,not_provided_by_source,21209,10568,10641
financial.indicator.capitalized_to_da,capitalized_to_da,2012,not_provided_by_source,22867,11444,11423
financial.indicator.capitalized_to_da,capitalized_to_da,2013,not_provided_by_source,23933,12596,11337
financial.indicator.capitalized_to_da,capitalized_to_da,2014,not_provided_by_source,25674,14007,11667
financial.indicator.capitalized_to_da,capitalized_to_da,2015,not_provided_by_source,27586,15027,12559
financial.indicator.capitalized_to_da,capitalized_to_da,2016,not_provided_by_source,31074,16664,14410
financial.indicator.capitalized_to_da,capitalized_to_da,2017,not_provided_by_source,32844,17732,15112
financial.indicator.capitalized_to_da,capitalized_to_da,2018,not_provided_by_source,33975,18265,15710
financial.indicator.capitalized_to_da,capitalized_to_da,2019,not_provided_by_source,36005,19255,16750
financial.indicator.capitalized_to_da,capitalized_to_da,2020,not_provided_by_source,38841,20501,18340
financial.indicator.capitalized_to_da,capitalized_to_da,2021,not_provided_by_source,40961,20982,19979
financial.indicator.capitalized_to_da,capitalized_to_da,2022,not_provided_by_source,41878,21067,20811
financial.indicator.capitalized_to_da,capitalized_to_da,2023,not_provided_by_source,28609,12209,16400
financial.indicator.capitalized_to_da,capitalized_to_da,2024,not_provided_by_source,24134,11840,12294
financial.indicator.capitalized_to_da,capitalized_to_da,2025,not_provided_by_source,26352,12185,14167
financial.indicator.capitalized_to_da,capitalized_to_da,2026,not_provided_by_source,15888,9445,6443
financial.indicator.cash_ratio,cash_ratio,1990,not_provided_by_source,284,78,206
financial.indicator.cash_ratio,cash_ratio,1991,not_provided_by_source,372,126,246
financial.indicator.cash_ratio,cash_ratio,1992,not_provided_by_source,626,432,194
financial.indicator.cash_ratio,cash_ratio,1993,not_provided_by_source,1362,1004,358
financial.indicator.cash_ratio,cash_ratio,1994,not_provided_by_source,2056,1298,758
financial.indicator.cash_ratio,cash_ratio,1995,not_provided_by_source,2333,1651,682
financial.indicator.cash_ratio,cash_ratio,1996,not_provided_by_source,2899,1987,912
financial.indicator.cash_ratio,cash_ratio,1997,not_provided_by_source,3711,2272,1439
financial.indicator.cash_ratio,cash_ratio,1998,not_provided_by_source,3934,3904,30
financial.indicator.cash_ratio,cash_ratio,1999,not_provided_by_source,4456,4272,184
financial.indicator.cash_ratio,cash_ratio,2000,not_provided_by_source,4904,4700,204
financial.indicator.cash_ratio,cash_ratio,2001,not_provided_by_source,5803,5265,538
financial.indicator.cash_ratio,cash_ratio,2002,not_provided_by_source,10138,9594,544
financial.indicator.cash_ratio,cash_ratio,2003,not_provided_by_source,11038,10229,809
financial.indicator.cash_ratio,cash_ratio,2004,not_provided_by_source,11591,11182,409
financial.indicator.cash_ratio,cash_ratio,2005,not_provided_by_source,11984,11534,450
financial.indicator.cash_ratio,cash_ratio,2006,not_provided_by_source,13014,12195,819
financial.indicator.cash_ratio,cash_ratio,2007,not_provided_by_source,14483,13628,855
financial.indicator.cash_ratio,cash_ratio,2008,not_provided_by_source,15481,14709,772
financial.indicator.cash_ratio,cash_ratio,2009,not_provided_by_source,17455,15718,1737
financial.indicator.cash_ratio,cash_ratio,2010,not_provided_by_source,18522,17661,861
financial.indicator.cash_ratio,cash_ratio,2011,not_provided_by_source,21209,20450,759
financial.indicator.cash_ratio,cash_ratio,2012,not_provided_by_source,22867,22006,861
financial.indicator.cash_ratio,cash_ratio,2013,not_provided_by_source,23933,22997,936
financial.indicator.cash_ratio,cash_ratio,2014,not_provided_by_source,25674,24466,1208
financial.indicator.cash_ratio,cash_ratio,2015,not_provided_by_source,27586,26053,1533
financial.indicator.cash_ratio,cash_ratio,2016,not_provided_by_source,31074,28249,2825
financial.indicator.cash_ratio,cash_ratio,2017,not_provided_by_source,32844,31073,1771
financial.indicator.cash_ratio,cash_ratio,2018,not_provided_by_source,33975,32411,1564
financial.indicator.cash_ratio,cash_ratio,2019,not_provided_by_source,36005,33686,2319
financial.indicator.cash_ratio,cash_ratio,2020,not_provided_by_source,38841,36120,2721
financial.indicator.cash_ratio,cash_ratio,2021,not_provided_by_source,40961,38640,2321
financial.indicator.cash_ratio,cash_ratio,2022,not_provided_by_source,41878,39964,1914
financial.indicator.cash_ratio,cash_ratio,2023,not_provided_by_source,28609,27769,840
financial.indicator.cash_ratio,cash_ratio,2024,not_provided_by_source,24134,23424,710
financial.indicator.cash_ratio,cash_ratio,2025,not_provided_by_source,26352,25781,571
financial.indicator.cash_ratio,cash_ratio,2026,not_provided_by_source,15888,15596,292
financial.indicator.cash_to_liqdebt,cash_to_liqdebt,1990,not_provided_by_source,284,78,206
financial.indicator.cash_to_liqdebt,cash_to_liqdebt,1991,not_provided_by_source,372,126,246
financial.indicator.cash_to_liqdebt,cash_to_liqdebt,1992,not_provided_by_source,626,430,196
financial.indicator.cash_to_liqdebt,cash_to_liqdebt,1993,not_provided_by_source,1362,1000,362
financial.indicator.cash_to_liqdebt,cash_to_liqdebt,1994,not_provided_by_source,2056,1292,764
financial.indicator.cash_to_liqdebt,cash_to_liqdebt,1995,not_provided_by_source,2333,1649,684
financial.indicator.cash_to_liqdebt,cash_to_liqdebt,1996,not_provided_by_source,2899,1985,914
financial.indicator.cash_to_liqdebt,cash_to_liqdebt,1997,not_provided_by_source,3711,2270,1441
financial.indicator.cash_to_liqdebt,cash_to_liqdebt,1998,not_provided_by_source,3934,3902,32
financial.indicator.cash_to_liqdebt,cash_to_liqdebt,1999,not_provided_by_source,4456,4270,186
financial.indicator.cash_to_liqdebt,cash_to_liqdebt,2000,not_provided_by_source,4904,4700,204
financial.indicator.cash_to_liqdebt,cash_to_liqdebt,2001,not_provided_by_source,5803,5265,538
financial.indicator.cash_to_liqdebt,cash_to_liqdebt,2002,not_provided_by_source,10138,9556,582
financial.indicator.cash_to_liqdebt,cash_to_liqdebt,2003,not_provided_by_source,11038,10227,811
financial.indicator.cash_to_liqdebt,cash_to_liqdebt,2004,not_provided_by_source,11591,11178,413
financial.indicator.cash_to_liqdebt,cash_to_liqdebt,2005,not_provided_by_source,11984,11528,456
financial.indicator.cash_to_liqdebt,cash_to_liqdebt,2006,not_provided_by_source,13014,12195,819
financial.indicator.cash_to_liqdebt,cash_to_liqdebt,2007,not_provided_by_source,14483,13626,857
financial.indicator.cash_to_liqdebt,cash_to_liqdebt,2008,not_provided_by_source,15481,14707,774
financial.indicator.cash_to_liqdebt,cash_to_liqdebt,2009,not_provided_by_source,17455,15718,1737
financial.indicator.cash_to_liqdebt,cash_to_liqdebt,2010,not_provided_by_source,18522,17653,869
financial.indicator.cash_to_liqdebt,cash_to_liqdebt,2011,not_provided_by_source,21209,20442,767
financial.indicator.cash_to_liqdebt,cash_to_liqdebt,2012,not_provided_by_source,22867,22002,865
financial.indicator.cash_to_liqdebt,cash_to_liqdebt,2013,not_provided_by_source,23933,22981,952
financial.indicator.cash_to_liqdebt,cash_to_liqdebt,2014,not_provided_by_source,25674,24458,1216
financial.indicator.cash_to_liqdebt,cash_to_liqdebt,2015,not_provided_by_source,27586,26041,1545
financial.indicator.cash_to_liqdebt,cash_to_liqdebt,2016,not_provided_by_source,31074,28245,2829
financial.indicator.cash_to_liqdebt,cash_to_liqdebt,2017,not_provided_by_source,32844,31067,1777
financial.indicator.cash_to_liqdebt,cash_to_liqdebt,2018,not_provided_by_source,33975,32411,1564
financial.indicator.cash_to_liqdebt,cash_to_liqdebt,2019,not_provided_by_source,36005,33686,2319
financial.indicator.cash_to_liqdebt,cash_to_liqdebt,2020,not_provided_by_source,38841,36120,2721
financial.indicator.cash_to_liqdebt,cash_to_liqdebt,2021,not_provided_by_source,40961,38636,2325
financial.indicator.cash_to_liqdebt,cash_to_liqdebt,2022,not_provided_by_source,41878,39964,1914
financial.indicator.cash_to_liqdebt,cash_to_liqdebt,2023,not_provided_by_source,28609,27766,843
financial.indicator.cash_to_liqdebt,cash_to_liqdebt,2024,not_provided_by_source,24134,23423,711
financial.indicator.cash_to_liqdebt,cash_to_liqdebt,2025,not_provided_by_source,26352,25781,571
financial.indicator.cash_to_liqdebt,cash_to_liqdebt,2026,not_provided_by_source,15888,15596,292
financial.indicator.cash_to_liqdebt_withinterest,cash_to_liqdebt_withinterest,1990,not_provided_by_source,284,76,208
financial.indicator.cash_to_liqdebt_withinterest,cash_to_liqdebt_withinterest,1991,not_provided_by_source,372,120,252
financial.indicator.cash_to_liqdebt_withinterest,cash_to_liqdebt_withinterest,1992,not_provided_by_source,626,420,206
financial.indicator.cash_to_liqdebt_withinterest,cash_to_liqdebt_withinterest,1993,not_provided_by_source,1362,998,364
financial.indicator.cash_to_liqdebt_withinterest,cash_to_liqdebt_withinterest,1994,not_provided_by_source,2056,1290,766
financial.indicator.cash_to_liqdebt_withinterest,cash_to_liqdebt_withinterest,1995,not_provided_by_source,2333,1643,690
financial.indicator.cash_to_liqdebt_withinterest,cash_to_liqdebt_withinterest,1996,not_provided_by_source,2899,1983,916
financial.indicator.cash_to_liqdebt_withinterest,cash_to_liqdebt_withinterest,1997,not_provided_by_source,3711,2270,1441
financial.indicator.cash_to_liqdebt_withinterest,cash_to_liqdebt_withinterest,1998,not_provided_by_source,3934,3902,32
financial.indicator.cash_to_liqdebt_withinterest,cash_to_liqdebt_withinterest,1999,not_provided_by_source,4456,4270,186
financial.indicator.cash_to_liqdebt_withinterest,cash_to_liqdebt_withinterest,2000,not_provided_by_source,4904,4700,204
financial.indicator.cash_to_liqdebt_withinterest,cash_to_liqdebt_withinterest,2001,not_provided_by_source,5803,5263,540
financial.indicator.cash_to_liqdebt_withinterest,cash_to_liqdebt_withinterest,2002,not_provided_by_source,10138,9556,582
financial.indicator.cash_to_liqdebt_withinterest,cash_to_liqdebt_withinterest,2003,not_provided_by_source,11038,10223,815
financial.indicator.cash_to_liqdebt_withinterest,cash_to_liqdebt_withinterest,2004,not_provided_by_source,11591,11162,429
financial.indicator.cash_to_liqdebt_withinterest,cash_to_liqdebt_withinterest,2005,not_provided_by_source,11984,11476,508
financial.indicator.cash_to_liqdebt_withinterest,cash_to_liqdebt_withinterest,2006,not_provided_by_source,13014,11226,1788
financial.indicator.cash_to_liqdebt_withinterest,cash_to_liqdebt_withinterest,2007,not_provided_by_source,14483,12418,2065
financial.indicator.cash_to_liqdebt_withinterest,cash_to_liqdebt_withinterest,2008,not_provided_by_source,15481,13285,2196
financial.indicator.cash_to_liqdebt_withinterest,cash_to_liqdebt_withinterest,2009,not_provided_by_source,17455,13860,3595
financial.indicator.cash_to_liqdebt_withinterest,cash_to_liqdebt_withinterest,2010,not_provided_by_source,18522,14650,3872
financial.indicator.cash_to_liqdebt_withinterest,cash_to_liqdebt_withinterest,2011,not_provided_by_source,21209,16398,4811
financial.indicator.cash_to_liqdebt_withinterest,cash_to_liqdebt_withinterest,2012,not_provided_by_source,22867,17580,5287
financial.indicator.cash_to_liqdebt_withinterest,cash_to_liqdebt_withinterest,2013,not_provided_by_source,23933,18513,5420
financial.indicator.cash_to_liqdebt_withinterest,cash_to_liqdebt_withinterest,2014,not_provided_by_source,25674,20186,5488
financial.indicator.cash_to_liqdebt_withinterest,cash_to_liqdebt_withinterest,2015,not_provided_by_source,27586,21529,6057
financial.indicator.cash_to_liqdebt_withinterest,cash_to_liqdebt_withinterest,2016,not_provided_by_source,31074,23063,8011
financial.indicator.cash_to_liqdebt_withinterest,cash_to_liqdebt_withinterest,2017,not_provided_by_source,32844,24866,7978
financial.indicator.cash_to_liqdebt_withinterest,cash_to_liqdebt_withinterest,2018,not_provided_by_source,33975,26395,7580
financial.indicator.cash_to_liqdebt_withinterest,cash_to_liqdebt_withinterest,2019,not_provided_by_source,36005,27759,8246
financial.indicator.cash_to_liqdebt_withinterest,cash_to_liqdebt_withinterest,2020,not_provided_by_source,38841,29957,8884
financial.indicator.cash_to_liqdebt_withinterest,cash_to_liqdebt_withinterest,2021,not_provided_by_source,40961,34183,6778
financial.indicator.cash_to_liqdebt_withinterest,cash_to_liqdebt_withinterest,2022,not_provided_by_source,41878,38038,3840
financial.indicator.cash_to_liqdebt_withinterest,cash_to_liqdebt_withinterest,2023,not_provided_by_source,28609,26685,1924
financial.indicator.cash_to_liqdebt_withinterest,cash_to_liqdebt_withinterest,2024,not_provided_by_source,24134,22580,1554
financial.indicator.cash_to_liqdebt_withinterest,cash_to_liqdebt_withinterest,2025,not_provided_by_source,26352,24990,1362
financial.indicator.cash_to_liqdebt_withinterest,cash_to_liqdebt_withinterest,2026,not_provided_by_source,15888,15191,697
financial.indicator.cfps,cfps,1990,not_provided_by_source,284,0,284
financial.indicator.cfps,cfps,1991,not_provided_by_source,372,0,372
financial.indicator.cfps,cfps,1992,not_provided_by_source,626,0,626
financial.indicator.cfps,cfps,1993,not_provided_by_source,1362,0,1362
financial.indicator.cfps,cfps,1994,not_provided_by_source,2056,0,2056
financial.indicator.cfps,cfps,1995,not_provided_by_source,2333,0,2333
financial.indicator.cfps,cfps,1996,not_provided_by_source,2899,2,2897
financial.indicator.cfps,cfps,1997,not_provided_by_source,3711,10,3701
financial.indicator.cfps,cfps,1998,not_provided_by_source,3934,2333,1601
financial.indicator.cfps,cfps,1999,not_provided_by_source,4456,2763,1693
financial.indicator.cfps,cfps,2000,not_provided_by_source,4904,4468,436
financial.indicator.cfps,cfps,2001,not_provided_by_source,5803,4759,1044
financial.indicator.cfps,cfps,2002,not_provided_by_source,10138,5155,4983
financial.indicator.cfps,cfps,2003,not_provided_by_source,11038,10239,799
financial.indicator.cfps,cfps,2004,not_provided_by_source,11591,11237,354
financial.indicator.cfps,cfps,2005,not_provided_by_source,11984,11606,378
financial.indicator.cfps,cfps,2006,not_provided_by_source,13014,12408,606
financial.indicator.cfps,cfps,2007,not_provided_by_source,14483,13888,595
financial.indicator.cfps,cfps,2008,not_provided_by_source,15481,15035,446
financial.indicator.cfps,cfps,2009,not_provided_by_source,17455,16060,1395
financial.indicator.cfps,cfps,2010,not_provided_by_source,18522,18068,454
financial.indicator.cfps,cfps,2011,not_provided_by_source,21209,20863,346
financial.indicator.cfps,cfps,2012,not_provided_by_source,22867,22448,419
financial.indicator.cfps,cfps,2013,not_provided_by_source,23933,23447,486
financial.indicator.cfps,cfps,2014,not_provided_by_source,25674,24971,703
financial.indicator.cfps,cfps,2015,not_provided_by_source,27586,26599,987
financial.indicator.cfps,cfps,2016,not_provided_by_source,31074,28859,2215
financial.indicator.cfps,cfps,2017,not_provided_by_source,32844,31744,1100
financial.indicator.cfps,cfps,2018,not_provided_by_source,33975,33125,850
financial.indicator.cfps,cfps,2019,not_provided_by_source,36005,34440,1565
financial.indicator.cfps,cfps,2020,not_provided_by_source,38841,36870,1971
financial.indicator.cfps,cfps,2021,not_provided_by_source,40961,39420,1541
financial.indicator.cfps,cfps,2022,not_provided_by_source,41878,40744,1134
financial.indicator.cfps,cfps,2023,not_provided_by_source,28609,28295,314
financial.indicator.cfps,cfps,2024,not_provided_by_source,24134,23867,267
financial.indicator.cfps,cfps,2025,not_provided_by_source,26352,26247,105
financial.indicator.cfps,cfps,2026,not_provided_by_source,15888,15847,41
financial.indicator.cogs_of_sales,cogs_of_sales,1990,not_provided_by_source,284,184,100
financial.indicator.cogs_of_sales,cogs_of_sales,1991,not_provided_by_source,372,252,120
financial.indicator.cogs_of_sales,cogs_of_sales,1992,not_provided_by_source,626,418,208
financial.indicator.cogs_of_sales,cogs_of_sales,1993,not_provided_by_source,1362,1138,224
financial.indicator.cogs_of_sales,cogs_of_sales,1994,not_provided_by_source,2056,1103,953
financial.indicator.cogs_of_sales,cogs_of_sales,1995,not_provided_by_source,2333,1701,632
financial.indicator.cogs_of_sales,cogs_of_sales,1996,not_provided_by_source,2899,2053,846
financial.indicator.cogs_of_sales,cogs_of_sales,1997,not_provided_by_source,3711,2346,1365
financial.indicator.cogs_of_sales,cogs_of_sales,1998,not_provided_by_source,3934,3912,22
financial.indicator.cogs_of_sales,cogs_of_sales,1999,not_provided_by_source,4456,4418,38
financial.indicator.cogs_of_sales,cogs_of_sales,2000,not_provided_by_source,4904,4856,48
financial.indicator.cogs_of_sales,cogs_of_sales,2001,not_provided_by_source,5803,5647,156
financial.indicator.cogs_of_sales,cogs_of_sales,2002,not_provided_by_source,10138,9618,520
financial.indicator.cogs_of_sales,cogs_of_sales,2003,not_provided_by_source,11038,10872,166
financial.indicator.cogs_of_sales,cogs_of_sales,2004,not_provided_by_source,11591,11367,224
financial.indicator.cogs_of_sales,cogs_of_sales,2005,not_provided_by_source,11984,11672,312
financial.indicator.cogs_of_sales,cogs_of_sales,2006,not_provided_by_source,13014,12652,362
financial.indicator.cogs_of_sales,cogs_of_sales,2007,not_provided_by_source,14483,14014,469
financial.indicator.cogs_of_sales,cogs_of_sales,2008,not_provided_by_source,15481,14893,588
financial.indicator.cogs_of_sales,cogs_of_sales,2009,not_provided_by_source,17455,16747,708
financial.indicator.cogs_of_sales,cogs_of_sales,2010,not_provided_by_source,18522,17740,782
financial.indicator.cogs_of_sales,cogs_of_sales,2011,not_provided_by_source,21209,20356,853
financial.indicator.cogs_of_sales,cogs_of_sales,2012,not_provided_by_source,22867,21909,958
financial.indicator.cogs_of_sales,cogs_of_sales,2013,not_provided_by_source,23933,23016,917
financial.indicator.cogs_of_sales,cogs_of_sales,2014,not_provided_by_source,25674,24790,884
financial.indicator.cogs_of_sales,cogs_of_sales,2015,not_provided_by_source,27586,26639,947
financial.indicator.cogs_of_sales,cogs_of_sales,2016,not_provided_by_source,31074,30090,984
financial.indicator.cogs_of_sales,cogs_of_sales,2017,not_provided_by_source,32844,31923,921
financial.indicator.cogs_of_sales,cogs_of_sales,2018,not_provided_by_source,33975,33011,964
financial.indicator.cogs_of_sales,cogs_of_sales,2019,not_provided_by_source,36005,35011,994
financial.indicator.cogs_of_sales,cogs_of_sales,2020,not_provided_by_source,38841,37892,949
financial.indicator.cogs_of_sales,cogs_of_sales,2021,not_provided_by_source,40961,39858,1103
financial.indicator.cogs_of_sales,cogs_of_sales,2022,not_provided_by_source,41878,40853,1025
financial.indicator.cogs_of_sales,cogs_of_sales,2023,not_provided_by_source,28609,27917,692
financial.indicator.cogs_of_sales,cogs_of_sales,2024,not_provided_by_source,24134,23601,533
financial.indicator.cogs_of_sales,cogs_of_sales,2025,not_provided_by_source,26352,25828,524
financial.indicator.cogs_of_sales,cogs_of_sales,2026,not_provided_by_source,15888,15569,319
financial.indicator.current_exint,current_exint,1990,not_provided_by_source,284,82,202
financial.indicator.current_exint,current_exint,1991,not_provided_by_source,372,128,244
financial.indicator.current_exint,current_exint,1992,not_provided_by_source,626,442,184
financial.indicator.current_exint,current_exint,1993,not_provided_by_source,1362,992,370
financial.indicator.current_exint,current_exint,1994,not_provided_by_source,2056,1276,780
financial.indicator.current_exint,current_exint,1995,not_provided_by_source,2333,1647,686
financial.indicator.current_exint,current_exint,1996,not_provided_by_source,2899,1977,922
financial.indicator.current_exint,current_exint,1997,not_provided_by_source,3711,2270,1441
financial.indicator.current_exint,current_exint,1998,not_provided_by_source,3934,3900,34
financial.indicator.current_exint,current_exint,1999,not_provided_by_source,4456,4272,184
financial.indicator.current_exint,current_exint,2000,not_provided_by_source,4904,4700,204
financial.indicator.current_exint,current_exint,2001,not_provided_by_source,5803,5263,540
financial.indicator.current_exint,current_exint,2002,not_provided_by_source,10138,9520,618
financial.indicator.current_exint,current_exint,2003,not_provided_by_source,11038,10235,803
financial.indicator.current_exint,current_exint,2004,not_provided_by_source,11591,11188,403
financial.indicator.current_exint,current_exint,2005,not_provided_by_source,11984,11538,446
financial.indicator.current_exint,current_exint,2006,not_provided_by_source,13014,12192,822
financial.indicator.current_exint,current_exint,2007,not_provided_by_source,14483,13626,857
financial.indicator.current_exint,current_exint,2008,not_provided_by_source,15481,14711,770
financial.indicator.current_exint,current_exint,2009,not_provided_by_source,17455,15722,1733
financial.indicator.current_exint,current_exint,2010,not_provided_by_source,18522,17675,847
financial.indicator.current_exint,current_exint,2011,not_provided_by_source,21209,20460,749
financial.indicator.current_exint,current_exint,2012,not_provided_by_source,22867,22008,859
financial.indicator.current_exint,current_exint,2013,not_provided_by_source,23933,23009,924
financial.indicator.current_exint,current_exint,2014,not_provided_by_source,25674,24488,1186
financial.indicator.current_exint,current_exint,2015,not_provided_by_source,27586,26061,1525
financial.indicator.current_exint,current_exint,2016,not_provided_by_source,31074,28253,2821
financial.indicator.current_exint,current_exint,2017,not_provided_by_source,32844,31071,1773
financial.indicator.current_exint,current_exint,2018,not_provided_by_source,33975,32415,1560
financial.indicator.current_exint,current_exint,2019,not_provided_by_source,36005,33686,2319
financial.indicator.current_exint,current_exint,2020,not_provided_by_source,38841,36124,2717
financial.indicator.current_exint,current_exint,2021,not_provided_by_source,40961,38640,2321
financial.indicator.current_exint,current_exint,2022,not_provided_by_source,41878,39964,1914
financial.indicator.current_exint,current_exint,2023,not_provided_by_source,28609,27770,839
financial.indicator.current_exint,current_exint,2024,not_provided_by_source,24134,23425,709
financial.indicator.current_exint,current_exint,2025,not_provided_by_source,26352,25784,568
financial.indicator.current_exint,current_exint,2026,not_provided_by_source,15888,15596,292
financial.indicator.current_ratio,current_ratio,1990,not_provided_by_source,284,176,108
financial.indicator.current_ratio,current_ratio,1991,not_provided_by_source,372,268,104
financial.indicator.current_ratio,current_ratio,1992,not_provided_by_source,626,578,48
financial.indicator.current_ratio,current_ratio,1993,not_provided_by_source,1362,1270,92
financial.indicator.current_ratio,current_ratio,1994,not_provided_by_source,2056,2022,34
financial.indicator.current_ratio,current_ratio,1995,not_provided_by_source,2333,2319,14
financial.indicator.current_ratio,current_ratio,1996,not_provided_by_source,2899,2867,32
financial.indicator.current_ratio,current_ratio,1997,not_provided_by_source,3711,3621,90
financial.indicator.current_ratio,current_ratio,1998,not_provided_by_source,3934,3904,30
financial.indicator.current_ratio,current_ratio,1999,not_provided_by_source,4456,4274,182
financial.indicator.current_ratio,current_ratio,2000,not_provided_by_source,4904,4702,202
financial.indicator.current_ratio,current_ratio,2001,not_provided_by_source,5803,5337,466
financial.indicator.current_ratio,current_ratio,2002,not_provided_by_source,10138,9896,242
financial.indicator.current_ratio,current_ratio,2003,not_provided_by_source,11038,10237,801
financial.indicator.current_ratio,current_ratio,2004,not_provided_by_source,11591,11194,397
financial.indicator.current_ratio,current_ratio,2005,not_provided_by_source,11984,11550,434
financial.indicator.current_ratio,current_ratio,2006,not_provided_by_source,13014,12211,803
financial.indicator.current_ratio,current_ratio,2007,not_provided_by_source,14483,13642,841
financial.indicator.current_ratio,current_ratio,2008,not_provided_by_source,15481,14719,762
financial.indicator.current_ratio,current_ratio,2009,not_provided_by_source,17455,15730,1725
financial.indicator.current_ratio,current_ratio,2010,not_provided_by_source,18522,17671,851
financial.indicator.current_ratio,current_ratio,2011,not_provided_by_source,21209,20468,741
financial.indicator.current_ratio,current_ratio,2012,not_provided_by_source,22867,22040,827
financial.indicator.current_ratio,current_ratio,2013,not_provided_by_source,23933,23065,868
financial.indicator.current_ratio,current_ratio,2014,not_provided_by_source,25674,24578,1096
financial.indicator.current_ratio,current_ratio,2015,not_provided_by_source,27586,26272,1314
financial.indicator.current_ratio,current_ratio,2016,not_provided_by_source,31074,28529,2545
financial.indicator.current_ratio,current_ratio,2017,not_provided_by_source,32844,31358,1486
financial.indicator.current_ratio,current_ratio,2018,not_provided_by_source,33975,32637,1338
financial.indicator.current_ratio,current_ratio,2019,not_provided_by_source,36005,33890,2115
financial.indicator.current_ratio,current_ratio,2020,not_provided_by_source,38841,36290,2551
financial.indicator.current_ratio,current_ratio,2021,not_provided_by_source,40961,38810,2151
financial.indicator.current_ratio,current_ratio,2022,not_provided_by_source,41878,40151,1727
financial.indicator.current_ratio,current_ratio,2023,not_provided_by_source,28609,27861,748
financial.indicator.current_ratio,current_ratio,2024,not_provided_by_source,24134,23521,613
financial.indicator.current_ratio,current_ratio,2025,not_provided_by_source,26352,25868,484
financial.indicator.current_ratio,current_ratio,2026,not_provided_by_source,15888,15625,263
financial.indicator.currentdebt_to_debt,currentdebt_to_debt,1990,not_provided_by_source,284,114,170
financial.indicator.currentdebt_to_debt,currentdebt_to_debt,1991,not_provided_by_source,372,178,194
financial.indicator.currentdebt_to_debt,currentdebt_to_debt,1992,not_provided_by_source,626,520,106
financial.indicator.currentdebt_to_debt,currentdebt_to_debt,1993,not_provided_by_source,1362,1178,184
financial.indicator.currentdebt_to_debt,currentdebt_to_debt,1994,not_provided_by_source,2056,1980,76
financial.indicator.currentdebt_to_debt,currentdebt_to_debt,1995,not_provided_by_source,2333,2315,18
financial.indicator.currentdebt_to_debt,currentdebt_to_debt,1996,not_provided_by_source,2899,2865,34
financial.indicator.currentdebt_to_debt,currentdebt_to_debt,1997,not_provided_by_source,3711,3623,88
financial.indicator.currentdebt_to_debt,currentdebt_to_debt,1998,not_provided_by_source,3934,3904,30
financial.indicator.currentdebt_to_debt,currentdebt_to_debt,1999,not_provided_by_source,4456,4272,184
financial.indicator.currentdebt_to_debt,currentdebt_to_debt,2000,not_provided_by_source,4904,4700,204
financial.indicator.currentdebt_to_debt,currentdebt_to_debt,2001,not_provided_by_source,5803,5335,468
financial.indicator.currentdebt_to_debt,currentdebt_to_debt,2002,not_provided_by_source,10138,9890,248
financial.indicator.currentdebt_to_debt,currentdebt_to_debt,2003,not_provided_by_source,11038,10237,801
financial.indicator.currentdebt_to_debt,currentdebt_to_debt,2004,not_provided_by_source,11591,11192,399
financial.indicator.currentdebt_to_debt,currentdebt_to_debt,2005,not_provided_by_source,11984,11536,448
financial.indicator.currentdebt_to_debt,currentdebt_to_debt,2006,not_provided_by_source,13014,12195,819
financial.indicator.currentdebt_to_debt,currentdebt_to_debt,2007,not_provided_by_source,14483,13628,855
financial.indicator.currentdebt_to_debt,currentdebt_to_debt,2008,not_provided_by_source,15481,14711,770
financial.indicator.currentdebt_to_debt,currentdebt_to_debt,2009,not_provided_by_source,17455,15722,1733
financial.indicator.currentdebt_to_debt,currentdebt_to_debt,2010,not_provided_by_source,18522,17675,847
financial.indicator.currentdebt_to_debt,currentdebt_to_debt,2011,not_provided_by_source,21209,20460,749
financial.indicator.currentdebt_to_debt,currentdebt_to_debt,2012,not_provided_by_source,22867,22018,849
financial.indicator.currentdebt_to_debt,currentdebt_to_debt,2013,not_provided_by_source,23933,23009,924
financial.indicator.currentdebt_to_debt,currentdebt_to_debt,2014,not_provided_by_source,25674,24506,1168
financial.indicator.currentdebt_to_debt,currentdebt_to_debt,2015,not_provided_by_source,27586,26149,1437
financial.indicator.currentdebt_to_debt,currentdebt_to_debt,2016,not_provided_by_source,31074,28311,2763
financial.indicator.currentdebt_to_debt,currentdebt_to_debt,2017,not_provided_by_source,32844,31133,1711
financial.indicator.currentdebt_to_debt,currentdebt_to_debt,2018,not_provided_by_source,33975,32433,1542
financial.indicator.currentdebt_to_debt,currentdebt_to_debt,2019,not_provided_by_source,36005,33708,2297
financial.indicator.currentdebt_to_debt,currentdebt_to_debt,2020,not_provided_by_source,38841,36124,2717
financial.indicator.currentdebt_to_debt,currentdebt_to_debt,2021,not_provided_by_source,40961,38640,2321
financial.indicator.currentdebt_to_debt,currentdebt_to_debt,2022,not_provided_by_source,41878,39981,1897
financial.indicator.currentdebt_to_debt,currentdebt_to_debt,2023,not_provided_by_source,28609,27775,834
financial.indicator.currentdebt_to_debt,currentdebt_to_debt,2024,not_provided_by_source,24134,23428,706
financial.indicator.currentdebt_to_debt,currentdebt_to_debt,2025,not_provided_by_source,26352,25781,571
financial.indicator.currentdebt_to_debt,currentdebt_to_debt,2026,not_provided_by_source,15888,15596,292
financial.indicator.daa,daa,1990,not_provided_by_source,284,0,284
financial.indicator.daa,daa,1991,not_provided_by_source,372,0,372
financial.indicator.daa,daa,1992,not_provided_by_source,626,0,626
financial.indicator.daa,daa,1993,not_provided_by_source,1362,0,1362
financial.indicator.daa,daa,1994,not_provided_by_source,2056,0,2056
financial.indicator.daa,daa,1995,not_provided_by_source,2333,0,2333
financial.indicator.daa,daa,1996,not_provided_by_source,2899,2,2897
financial.indicator.daa,daa,1997,not_provided_by_source,3711,10,3701
financial.indicator.daa,daa,1998,not_provided_by_source,3934,2283,1651
financial.indicator.daa,daa,1999,not_provided_by_source,4456,2745,1711
financial.indicator.daa,daa,2000,not_provided_by_source,4904,4436,468
financial.indicator.daa,daa,2001,not_provided_by_source,5803,4727,1076
financial.indicator.daa,daa,2002,not_provided_by_source,10138,5121,5017
financial.indicator.daa,daa,2003,not_provided_by_source,11038,10148,890
financial.indicator.daa,daa,2004,not_provided_by_source,11591,10997,594
financial.indicator.daa,daa,2005,not_provided_by_source,11984,11454,530
financial.indicator.daa,daa,2006,not_provided_by_source,13014,6570,6444
financial.indicator.daa,daa,2007,not_provided_by_source,14483,7904,6579
financial.indicator.daa,daa,2008,not_provided_by_source,15481,8207,7274
financial.indicator.daa,daa,2009,not_provided_by_source,17455,9022,8433
financial.indicator.daa,daa,2010,not_provided_by_source,18522,9640,8882
financial.indicator.daa,daa,2011,not_provided_by_source,21209,10672,10537
financial.indicator.daa,daa,2012,not_provided_by_source,22867,11560,11307
financial.indicator.daa,daa,2013,not_provided_by_source,23933,12680,11253
financial.indicator.daa,daa,2014,not_provided_by_source,25674,14092,11582
financial.indicator.daa,daa,2015,not_provided_by_source,27586,15144,12442
financial.indicator.daa,daa,2016,not_provided_by_source,31074,16732,14342
financial.indicator.daa,daa,2017,not_provided_by_source,32844,17798,15046
financial.indicator.daa,daa,2018,not_provided_by_source,33975,18355,15620
financial.indicator.daa,daa,2019,not_provided_by_source,36005,19364,16641
financial.indicator.daa,daa,2020,not_provided_by_source,38841,20636,18205
financial.indicator.daa,daa,2021,not_provided_by_source,40961,21129,19832
financial.indicator.daa,daa,2022,not_provided_by_source,41878,21217,20661
financial.indicator.daa,daa,2023,not_provided_by_source,28609,12329,16280
financial.indicator.daa,daa,2024,not_provided_by_source,24134,11967,12167
financial.indicator.daa,daa,2025,not_provided_by_source,26352,12339,14013
financial.indicator.daa,daa,2026,not_provided_by_source,15888,9534,6354
financial.indicator.debt_to_assets,debt_to_assets,1990,not_provided_by_source,284,126,158
financial.indicator.debt_to_assets,debt_to_assets,1991,not_provided_by_source,372,200,172
financial.indicator.debt_to_assets,debt_to_assets,1992,not_provided_by_source,626,530,96
financial.indicator.debt_to_assets,debt_to_assets,1993,not_provided_by_source,1362,1216,146
financial.indicator.debt_to_assets,debt_to_assets,1994,not_provided_by_source,2056,2002,54
financial.indicator.debt_to_assets,debt_to_assets,1995,not_provided_by_source,2333,2325,8
financial.indicator.debt_to_assets,debt_to_assets,1996,not_provided_by_source,2899,2877,22
financial.indicator.debt_to_assets,debt_to_assets,1997,not_provided_by_source,3711,3637,74
financial.indicator.debt_to_assets,debt_to_assets,1998,not_provided_by_source,3934,3916,18
financial.indicator.debt_to_assets,debt_to_assets,1999,not_provided_by_source,4456,4290,166
financial.indicator.debt_to_assets,debt_to_assets,2000,not_provided_by_source,4904,4724,180
financial.indicator.debt_to_assets,debt_to_assets,2001,not_provided_by_source,5803,5369,434
financial.indicator.debt_to_assets,debt_to_assets,2002,not_provided_by_source,10138,9954,184
financial.indicator.debt_to_assets,debt_to_assets,2003,not_provided_by_source,11038,10319,719
financial.indicator.debt_to_assets,debt_to_assets,2004,not_provided_by_source,11591,11286,305
financial.indicator.debt_to_assets,debt_to_assets,2005,not_provided_by_source,11984,11654,330
financial.indicator.debt_to_assets,debt_to_assets,2006,not_provided_by_source,13014,12382,632
financial.indicator.debt_to_assets,debt_to_assets,2007,not_provided_by_source,14483,13922,561
financial.indicator.debt_to_assets,debt_to_assets,2008,not_provided_by_source,15481,15099,382
financial.indicator.debt_to_assets,debt_to_assets,2009,not_provided_by_source,17455,16144,1311
financial.indicator.debt_to_assets,debt_to_assets,2010,not_provided_by_source,18522,18124,398
financial.indicator.debt_to_assets,debt_to_assets,2011,not_provided_by_source,21209,20950,259
financial.indicator.debt_to_assets,debt_to_assets,2012,not_provided_by_source,22867,22534,333
financial.indicator.debt_to_assets,debt_to_assets,2013,not_provided_by_source,23933,23539,394
financial.indicator.debt_to_assets,debt_to_assets,2014,not_provided_by_source,25674,25033,641
financial.indicator.debt_to_assets,debt_to_assets,2015,not_provided_by_source,27586,26758,828
financial.indicator.debt_to_assets,debt_to_assets,2016,not_provided_by_source,31074,29006,2068
financial.indicator.debt_to_assets,debt_to_assets,2017,not_provided_by_source,32844,31898,946
financial.indicator.debt_to_assets,debt_to_assets,2018,not_provided_by_source,33975,33209,766
financial.indicator.debt_to_assets,debt_to_assets,2019,not_provided_by_source,36005,34526,1479
financial.indicator.debt_to_assets,debt_to_assets,2020,not_provided_by_source,38841,36902,1939
financial.indicator.debt_to_assets,debt_to_assets,2021,not_provided_by_source,40961,39445,1516
financial.indicator.debt_to_assets,debt_to_assets,2022,not_provided_by_source,41878,40981,897
financial.indicator.debt_to_assets,debt_to_assets,2023,not_provided_by_source,28609,28428,181
financial.indicator.debt_to_assets,debt_to_assets,2024,not_provided_by_source,24134,23913,221
financial.indicator.debt_to_assets,debt_to_assets,2025,not_provided_by_source,26352,26262,90
financial.indicator.debt_to_assets,debt_to_assets,2026,not_provided_by_source,15888,15872,16
financial.indicator.debt_to_eqt,debt_to_eqt,1990,not_provided_by_source,284,122,162
financial.indicator.debt_to_eqt,debt_to_eqt,1991,not_provided_by_source,372,198,174
financial.indicator.debt_to_eqt,debt_to_eqt,1992,not_provided_by_source,626,526,100
financial.indicator.debt_to_eqt,debt_to_eqt,1993,not_provided_by_source,1362,1212,150
financial.indicator.debt_to_eqt,debt_to_eqt,1994,not_provided_by_source,2056,1996,60
financial.indicator.debt_to_eqt,debt_to_eqt,1995,not_provided_by_source,2333,2325,8
financial.indicator.debt_to_eqt,debt_to_eqt,1996,not_provided_by_source,2899,2873,26
financial.indicator.debt_to_eqt,debt_to_eqt,1997,not_provided_by_source,3711,3635,76
financial.indicator.debt_to_eqt,debt_to_eqt,1998,not_provided_by_source,3934,3904,30
financial.indicator.debt_to_eqt,debt_to_eqt,1999,not_provided_by_source,4456,4252,204
financial.indicator.debt_to_eqt,debt_to_eqt,2000,not_provided_by_source,4904,4674,230
financial.indicator.debt_to_eqt,debt_to_eqt,2001,not_provided_by_source,5803,5261,542
financial.indicator.debt_to_eqt,debt_to_eqt,2002,not_provided_by_source,10138,9774,364
financial.indicator.debt_to_eqt,debt_to_eqt,2003,not_provided_by_source,11038,10083,955
financial.indicator.debt_to_eqt,debt_to_eqt,2004,not_provided_by_source,11591,10932,659
financial.indicator.debt_to_eqt,debt_to_eqt,2005,not_provided_by_source,11984,11156,828
financial.indicator.debt_to_eqt,debt_to_eqt,2006,not_provided_by_source,13014,11752,1262
financial.indicator.debt_to_eqt,debt_to_eqt,2007,not_provided_by_source,14483,13250,1233
financial.indicator.debt_to_eqt,debt_to_eqt,2008,not_provided_by_source,15481,14485,996
financial.indicator.debt_to_eqt,debt_to_eqt,2009,not_provided_by_source,17455,15554,1901
financial.indicator.debt_to_eqt,debt_to_eqt,2010,not_provided_by_source,18522,17570,952
financial.indicator.debt_to_eqt,debt_to_eqt,2011,not_provided_by_source,21209,20447,762
financial.indicator.debt_to_eqt,debt_to_eqt,2012,not_provided_by_source,22867,22078,789
financial.indicator.debt_to_eqt,debt_to_eqt,2013,not_provided_by_source,23933,23201,732
financial.indicator.debt_to_eqt,debt_to_eqt,2014,not_provided_by_source,25674,24770,904
financial.indicator.debt_to_eqt,debt_to_eqt,2015,not_provided_by_source,27586,26491,1095
financial.indicator.debt_to_eqt,debt_to_eqt,2016,not_provided_by_source,31074,28749,2325
financial.indicator.debt_to_eqt,debt_to_eqt,2017,not_provided_by_source,32844,31667,1177
financial.indicator.debt_to_eqt,debt_to_eqt,2018,not_provided_by_source,33975,32843,1132
financial.indicator.debt_to_eqt,debt_to_eqt,2019,not_provided_by_source,36005,33970,2035
financial.indicator.debt_to_eqt,debt_to_eqt,2020,not_provided_by_source,38841,36335,2506
financial.indicator.debt_to_eqt,debt_to_eqt,2021,not_provided_by_source,40961,38843,2118
financial.indicator.debt_to_eqt,debt_to_eqt,2022,not_provided_by_source,41878,40360,1518
financial.indicator.debt_to_eqt,debt_to_eqt,2023,not_provided_by_source,28609,27958,651
financial.indicator.debt_to_eqt,debt_to_eqt,2024,not_provided_by_source,24134,23498,636
financial.indicator.debt_to_eqt,debt_to_eqt,2025,not_provided_by_source,26352,25817,535
financial.indicator.debt_to_eqt,debt_to_eqt,2026,not_provided_by_source,15888,15653,235
financial.indicator.diluted2_eps,diluted2_eps,1990,not_provided_by_source,284,2,282
financial.indicator.diluted2_eps,diluted2_eps,1991,not_provided_by_source,372,4,368
financial.indicator.diluted2_eps,diluted2_eps,1992,not_provided_by_source,626,106,520
financial.indicator.diluted2_eps,diluted2_eps,1993,not_provided_by_source,1362,614,748
financial.indicator.diluted2_eps,diluted2_eps,1994,not_provided_by_source,2056,1646,410
financial.indicator.diluted2_eps,diluted2_eps,1995,not_provided_by_source,2333,2127,206
financial.indicator.diluted2_eps,diluted2_eps,1996,not_provided_by_source,2899,2739,160
financial.indicator.diluted2_eps,diluted2_eps,1997,not_provided_by_source,3711,3531,180
financial.indicator.diluted2_eps,diluted2_eps,1998,not_provided_by_source,3934,3828,106
financial.indicator.diluted2_eps,diluted2_eps,1999,not_provided_by_source,4456,4222,234
financial.indicator.diluted2_eps,diluted2_eps,2000,not_provided_by_source,4904,4666,238
financial.indicator.diluted2_eps,diluted2_eps,2001,not_provided_by_source,5803,5281,522
financial.indicator.diluted2_eps,diluted2_eps,2002,not_provided_by_source,10138,9875,263
financial.indicator.diluted2_eps,diluted2_eps,2003,not_provided_by_source,11038,10480,558
financial.indicator.diluted2_eps,diluted2_eps,2004,not_provided_by_source,11591,11320,271
financial.indicator.diluted2_eps,diluted2_eps,2005,not_provided_by_source,11984,11700,284
financial.indicator.diluted2_eps,diluted2_eps,2006,not_provided_by_source,13014,12429,585
financial.indicator.diluted2_eps,diluted2_eps,2007,not_provided_by_source,14483,13906,577
financial.indicator.diluted2_eps,diluted2_eps,2008,not_provided_by_source,15481,15081,400
financial.indicator.diluted2_eps,diluted2_eps,2009,not_provided_by_source,17455,16124,1331
financial.indicator.diluted2_eps,diluted2_eps,2010,not_provided_by_source,18522,18114,408
financial.indicator.diluted2_eps,diluted2_eps,2011,not_provided_by_source,21209,20929,280
financial.indicator.diluted2_eps,diluted2_eps,2012,not_provided_by_source,22867,22486,381
financial.indicator.diluted2_eps,diluted2_eps,2013,not_provided_by_source,23933,23459,474
financial.indicator.diluted2_eps,diluted2_eps,2014,not_provided_by_source,25674,24974,700
financial.indicator.diluted2_eps,diluted2_eps,2015,not_provided_by_source,27586,26619,967
financial.indicator.diluted2_eps,diluted2_eps,2016,not_provided_by_source,31074,28885,2189
financial.indicator.diluted2_eps,diluted2_eps,2017,not_provided_by_source,32844,31762,1082
financial.indicator.diluted2_eps,diluted2_eps,2018,not_provided_by_source,33975,33147,828
financial.indicator.diluted2_eps,diluted2_eps,2019,not_provided_by_source,36005,34454,1551
financial.indicator.diluted2_eps,diluted2_eps,2020,not_provided_by_source,38841,36880,1961
financial.indicator.diluted2_eps,diluted2_eps,2021,not_provided_by_source,40961,39424,1537
financial.indicator.diluted2_eps,diluted2_eps,2022,not_provided_by_source,41878,40752,1126
financial.indicator.diluted2_eps,diluted2_eps,2023,not_provided_by_source,28609,28304,305
financial.indicator.diluted2_eps,diluted2_eps,2024,not_provided_by_source,24134,23873,261
financial.indicator.diluted2_eps,diluted2_eps,2025,not_provided_by_source,26352,26250,102
financial.indicator.diluted2_eps,diluted2_eps,2026,not_provided_by_source,15888,15864,24
financial.indicator.dp_assets_to_eqt,dp_assets_to_eqt,1990,not_provided_by_source,284,28,256
financial.indicator.dp_assets_to_eqt,dp_assets_to_eqt,1991,not_provided_by_source,372,182,190
financial.indicator.dp_assets_to_eqt,dp_assets_to_eqt,1992,not_provided_by_source,626,274,352
financial.indicator.dp_assets_to_eqt,dp_assets_to_eqt,1993,not_provided_by_source,1362,728,634
financial.indicator.dp_assets_to_eqt,dp_assets_to_eqt,1994,not_provided_by_source,2056,1604,452
financial.indicator.dp_assets_to_eqt,dp_assets_to_eqt,1995,not_provided_by_source,2333,2079,254
financial.indicator.dp_assets_to_eqt,dp_assets_to_eqt,1996,not_provided_by_source,2899,2695,204
financial.indicator.dp_assets_to_eqt,dp_assets_to_eqt,1997,not_provided_by_source,3711,3323,388
financial.indicator.dp_assets_to_eqt,dp_assets_to_eqt,1998,not_provided_by_source,3934,3806,128
financial.indicator.dp_assets_to_eqt,dp_assets_to_eqt,1999,not_provided_by_source,4456,4122,334
financial.indicator.dp_assets_to_eqt,dp_assets_to_eqt,2000,not_provided_by_source,4904,4522,382
financial.indicator.dp_assets_to_eqt,dp_assets_to_eqt,2001,not_provided_by_source,5803,5059,744
financial.indicator.dp_assets_to_eqt,dp_assets_to_eqt,2002,not_provided_by_source,10138,9725,413
financial.indicator.dp_assets_to_eqt,dp_assets_to_eqt,2003,not_provided_by_source,11038,10099,939
financial.indicator.dp_assets_to_eqt,dp_assets_to_eqt,2004,not_provided_by_source,11591,10753,838
financial.indicator.dp_assets_to_eqt,dp_assets_to_eqt,2005,not_provided_by_source,11984,11046,938
financial.indicator.dp_assets_to_eqt,dp_assets_to_eqt,2006,not_provided_by_source,13014,11388,1626
financial.indicator.dp_assets_to_eqt,dp_assets_to_eqt,2007,not_provided_by_source,14483,12543,1940
financial.indicator.dp_assets_to_eqt,dp_assets_to_eqt,2008,not_provided_by_source,15481,13921,1560
financial.indicator.dp_assets_to_eqt,dp_assets_to_eqt,2009,not_provided_by_source,17455,15279,2176
financial.indicator.dp_assets_to_eqt,dp_assets_to_eqt,2010,not_provided_by_source,18522,17527,995
financial.indicator.dp_assets_to_eqt,dp_assets_to_eqt,2011,not_provided_by_source,21209,19314,1895
financial.indicator.dp_assets_to_eqt,dp_assets_to_eqt,2012,not_provided_by_source,22867,21374,1493
financial.indicator.dp_assets_to_eqt,dp_assets_to_eqt,2013,not_provided_by_source,23933,22453,1480
financial.indicator.dp_assets_to_eqt,dp_assets_to_eqt,2014,not_provided_by_source,25674,24346,1328
financial.indicator.dp_assets_to_eqt,dp_assets_to_eqt,2015,not_provided_by_source,27586,26321,1265
financial.indicator.dp_assets_to_eqt,dp_assets_to_eqt,2016,not_provided_by_source,31074,28241,2833
financial.indicator.dp_assets_to_eqt,dp_assets_to_eqt,2017,not_provided_by_source,32844,31035,1809
financial.indicator.dp_assets_to_eqt,dp_assets_to_eqt,2018,not_provided_by_source,33975,32331,1644
financial.indicator.dp_assets_to_eqt,dp_assets_to_eqt,2019,not_provided_by_source,36005,33824,2181
financial.indicator.dp_assets_to_eqt,dp_assets_to_eqt,2020,not_provided_by_source,38841,36348,2493
financial.indicator.dp_assets_to_eqt,dp_assets_to_eqt,2021,not_provided_by_source,40961,38857,2104
financial.indicator.dp_assets_to_eqt,dp_assets_to_eqt,2022,not_provided_by_source,41878,40397,1481
financial.indicator.dp_assets_to_eqt,dp_assets_to_eqt,2023,not_provided_by_source,28609,27980,629
financial.indicator.dp_assets_to_eqt,dp_assets_to_eqt,2024,not_provided_by_source,24134,23530,604
financial.indicator.dp_assets_to_eqt,dp_assets_to_eqt,2025,not_provided_by_source,26352,25844,508
financial.indicator.dp_assets_to_eqt,dp_assets_to_eqt,2026,not_provided_by_source,15888,15657,231
financial.indicator.dt_eps,dt_eps,1990,not_provided_by_source,284,0,284
financial.indicator.dt_eps,dt_eps,1991,not_provided_by_source,372,0,372
financial.indicator.dt_eps,dt_eps,1992,not_provided_by_source,626,0,626
financial.indicator.dt_eps,dt_eps,1993,not_provided_by_source,1362,0,1362
financial.indicator.dt_eps,dt_eps,1994,not_provided_by_source,2056,0,2056
financial.indicator.dt_eps,dt_eps,1995,not_provided_by_source,2333,0,2333
financial.indicator.dt_eps,dt_eps,1996,not_provided_by_source,2899,0,2899
financial.indicator.dt_eps,dt_eps,1997,not_provided_by_source,3711,0,3711
financial.indicator.dt_eps,dt_eps,1998,not_provided_by_source,3934,0,3934
financial.indicator.dt_eps,dt_eps,1999,not_provided_by_source,4456,0,4456
financial.indicator.dt_eps,dt_eps,2000,not_provided_by_source,4904,0,4904
financial.indicator.dt_eps,dt_eps,2001,not_provided_by_source,5803,0,5803
financial.indicator.dt_eps,dt_eps,2002,not_provided_by_source,10138,0,10138
financial.indicator.dt_eps,dt_eps,2003,not_provided_by_source,11038,4,11034
financial.indicator.dt_eps,dt_eps,2004,not_provided_by_source,11591,198,11393
financial.indicator.dt_eps,dt_eps,2005,not_provided_by_source,11984,370,11614
financial.indicator.dt_eps,dt_eps,2006,not_provided_by_source,13014,10811,2203
financial.indicator.dt_eps,dt_eps,2007,not_provided_by_source,14483,12821,1662
financial.indicator.dt_eps,dt_eps,2008,not_provided_by_source,15481,14221,1260
financial.indicator.dt_eps,dt_eps,2009,not_provided_by_source,17455,15143,2312
financial.indicator.dt_eps,dt_eps,2010,not_provided_by_source,18522,17121,1401
financial.indicator.dt_eps,dt_eps,2011,not_provided_by_source,21209,19649,1560
financial.indicator.dt_eps,dt_eps,2012,not_provided_by_source,22867,21230,1637
financial.indicator.dt_eps,dt_eps,2013,not_provided_by_source,23933,22326,1607
financial.indicator.dt_eps,dt_eps,2014,not_provided_by_source,25674,23735,1939
financial.indicator.dt_eps,dt_eps,2015,not_provided_by_source,27586,25526,2060
financial.indicator.dt_eps,dt_eps,2016,not_provided_by_source,31074,27893,3181
financial.indicator.dt_eps,dt_eps,2017,not_provided_by_source,32844,30523,2321
financial.indicator.dt_eps,dt_eps,2018,not_provided_by_source,33975,31990,1985
financial.indicator.dt_eps,dt_eps,2019,not_provided_by_source,36005,33618,2387
financial.indicator.dt_eps,dt_eps,2020,not_provided_by_source,38841,36211,2630
financial.indicator.dt_eps,dt_eps,2021,not_provided_by_source,40961,38798,2163
financial.indicator.dt_eps,dt_eps,2022,not_provided_by_source,41878,40200,1678
financial.indicator.dt_eps,dt_eps,2023,not_provided_by_source,28609,27240,1369
financial.indicator.dt_eps,dt_eps,2024,not_provided_by_source,24134,23252,882
financial.indicator.dt_eps,dt_eps,2025,not_provided_by_source,26352,25295,1057
financial.indicator.dt_eps,dt_eps,2026,not_provided_by_source,15888,15503,385
financial.indicator.dt_eps_yoy,dt_eps_yoy,1990,not_provided_by_source,284,0,284
financial.indicator.dt_eps_yoy,dt_eps_yoy,1991,not_provided_by_source,372,0,372
financial.indicator.dt_eps_yoy,dt_eps_yoy,1992,not_provided_by_source,626,0,626
financial.indicator.dt_eps_yoy,dt_eps_yoy,1993,not_provided_by_source,1362,0,1362
financial.indicator.dt_eps_yoy,dt_eps_yoy,1994,not_provided_by_source,2056,0,2056
financial.indicator.dt_eps_yoy,dt_eps_yoy,1995,not_provided_by_source,2333,0,2333
financial.indicator.dt_eps_yoy,dt_eps_yoy,1996,not_provided_by_source,2899,0,2899
financial.indicator.dt_eps_yoy,dt_eps_yoy,1997,not_provided_by_source,3711,0,3711
financial.indicator.dt_eps_yoy,dt_eps_yoy,1998,not_provided_by_source,3934,0,3934
financial.indicator.dt_eps_yoy,dt_eps_yoy,1999,not_provided_by_source,4456,0,4456
financial.indicator.dt_eps_yoy,dt_eps_yoy,2000,not_provided_by_source,4904,0,4904
financial.indicator.dt_eps_yoy,dt_eps_yoy,2001,not_provided_by_source,5803,0,5803
financial.indicator.dt_eps_yoy,dt_eps_yoy,2002,not_provided_by_source,10138,0,10138
financial.indicator.dt_eps_yoy,dt_eps_yoy,2003,not_provided_by_source,11038,0,11038
financial.indicator.dt_eps_yoy,dt_eps_yoy,2004,not_provided_by_source,11591,4,11587
financial.indicator.dt_eps_yoy,dt_eps_yoy,2005,not_provided_by_source,11984,200,11784
financial.indicator.dt_eps_yoy,dt_eps_yoy,2006,not_provided_by_source,13014,374,12640
financial.indicator.dt_eps_yoy,dt_eps_yoy,2007,not_provided_by_source,14483,11704,2779
financial.indicator.dt_eps_yoy,dt_eps_yoy,2008,not_provided_by_source,15481,13571,1910
financial.indicator.dt_eps_yoy,dt_eps_yoy,2009,not_provided_by_source,17455,14493,2962
financial.indicator.dt_eps_yoy,dt_eps_yoy,2010,not_provided_by_source,18522,16504,2018
financial.indicator.dt_eps_yoy,dt_eps_yoy,2011,not_provided_by_source,21209,18434,2775
financial.indicator.dt_eps_yoy,dt_eps_yoy,2012,not_provided_by_source,22867,20392,2475
financial.indicator.dt_eps_yoy,dt_eps_yoy,2013,not_provided_by_source,23933,21395,2538
financial.indicator.dt_eps_yoy,dt_eps_yoy,2014,not_provided_by_source,25674,22575,3099
financial.indicator.dt_eps_yoy,dt_eps_yoy,2015,not_provided_by_source,27586,24339,3247
financial.indicator.dt_eps_yoy,dt_eps_yoy,2016,not_provided_by_source,31074,26227,4847
financial.indicator.dt_eps_yoy,dt_eps_yoy,2017,not_provided_by_source,32844,29153,3691
financial.indicator.dt_eps_yoy,dt_eps_yoy,2018,not_provided_by_source,33975,30922,3053
financial.indicator.dt_eps_yoy,dt_eps_yoy,2019,not_provided_by_source,36005,32065,3940
financial.indicator.dt_eps_yoy,dt_eps_yoy,2020,not_provided_by_source,38841,34154,4687
financial.indicator.dt_eps_yoy,dt_eps_yoy,2021,not_provided_by_source,40961,37426,3535
financial.indicator.dt_eps_yoy,dt_eps_yoy,2022,not_provided_by_source,41878,39521,2357
financial.indicator.dt_eps_yoy,dt_eps_yoy,2023,not_provided_by_source,28609,27674,935
financial.indicator.dt_eps_yoy,dt_eps_yoy,2024,not_provided_by_source,24134,23396,738
financial.indicator.dt_eps_yoy,dt_eps_yoy,2025,not_provided_by_source,26352,25740,612
financial.indicator.dt_eps_yoy,dt_eps_yoy,2026,not_provided_by_source,15888,15625,263
financial.indicator.dt_netprofit_yoy,dt_netprofit_yoy,1990,not_provided_by_source,284,0,284
financial.indicator.dt_netprofit_yoy,dt_netprofit_yoy,1991,not_provided_by_source,372,0,372
financial.indicator.dt_netprofit_yoy,dt_netprofit_yoy,1992,not_provided_by_source,626,0,626
financial.indicator.dt_netprofit_yoy,dt_netprofit_yoy,1993,not_provided_by_source,1362,0,1362
financial.indicator.dt_netprofit_yoy,dt_netprofit_yoy,1994,not_provided_by_source,2056,0,2056
financial.indicator.dt_netprofit_yoy,dt_netprofit_yoy,1995,not_provided_by_source,2333,0,2333
financial.indicator.dt_netprofit_yoy,dt_netprofit_yoy,1996,not_provided_by_source,2899,0,2899
financial.indicator.dt_netprofit_yoy,dt_netprofit_yoy,1997,not_provided_by_source,3711,0,3711
financial.indicator.dt_netprofit_yoy,dt_netprofit_yoy,1998,not_provided_by_source,3934,2,3932
financial.indicator.dt_netprofit_yoy,dt_netprofit_yoy,1999,not_provided_by_source,4456,12,4444
financial.indicator.dt_netprofit_yoy,dt_netprofit_yoy,2000,not_provided_by_source,4904,26,4878
financial.indicator.dt_netprofit_yoy,dt_netprofit_yoy,2001,not_provided_by_source,5803,3830,1973
financial.indicator.dt_netprofit_yoy,dt_netprofit_yoy,2002,not_provided_by_source,10138,4634,5504
financial.indicator.dt_netprofit_yoy,dt_netprofit_yoy,2003,not_provided_by_source,11038,6563,4475
financial.indicator.dt_netprofit_yoy,dt_netprofit_yoy,2004,not_provided_by_source,11591,7107,4484
financial.indicator.dt_netprofit_yoy,dt_netprofit_yoy,2005,not_provided_by_source,11984,10809,1175
financial.indicator.dt_netprofit_yoy,dt_netprofit_yoy,2006,not_provided_by_source,13014,11009,2005
financial.indicator.dt_netprofit_yoy,dt_netprofit_yoy,2007,not_provided_by_source,14483,12032,2451
financial.indicator.dt_netprofit_yoy,dt_netprofit_yoy,2008,not_provided_by_source,15481,13521,1960
financial.indicator.dt_netprofit_yoy,dt_netprofit_yoy,2009,not_provided_by_source,17455,14837,2618
financial.indicator.dt_netprofit_yoy,dt_netprofit_yoy,2010,not_provided_by_source,18522,16192,2330
financial.indicator.dt_netprofit_yoy,dt_netprofit_yoy,2011,not_provided_by_source,21209,18016,3193
financial.indicator.dt_netprofit_yoy,dt_netprofit_yoy,2012,not_provided_by_source,22867,20542,2325
financial.indicator.dt_netprofit_yoy,dt_netprofit_yoy,2013,not_provided_by_source,23933,22017,1916
financial.indicator.dt_netprofit_yoy,dt_netprofit_yoy,2014,not_provided_by_source,25674,23321,2353
financial.indicator.dt_netprofit_yoy,dt_netprofit_yoy,2015,not_provided_by_source,27586,25163,2423
financial.indicator.dt_netprofit_yoy,dt_netprofit_yoy,2016,not_provided_by_source,31074,27339,3735
financial.indicator.dt_netprofit_yoy,dt_netprofit_yoy,2017,not_provided_by_source,32844,30529,2315
financial.indicator.dt_netprofit_yoy,dt_netprofit_yoy,2018,not_provided_by_source,33975,32167,1808
financial.indicator.dt_netprofit_yoy,dt_netprofit_yoy,2019,not_provided_by_source,36005,33521,2484
financial.indicator.dt_netprofit_yoy,dt_netprofit_yoy,2020,not_provided_by_source,38841,35630,3211
financial.indicator.dt_netprofit_yoy,dt_netprofit_yoy,2021,not_provided_by_source,40961,38494,2467
financial.indicator.dt_netprofit_yoy,dt_netprofit_yoy,2022,not_provided_by_source,41878,40573,1305
financial.indicator.dt_netprofit_yoy,dt_netprofit_yoy,2023,not_provided_by_source,28609,27687,922
financial.indicator.dt_netprofit_yoy,dt_netprofit_yoy,2024,not_provided_by_source,24134,23542,592
financial.indicator.dt_netprofit_yoy,dt_netprofit_yoy,2025,not_provided_by_source,26352,25574,778
financial.indicator.dt_netprofit_yoy,dt_netprofit_yoy,2026,not_provided_by_source,15888,15411,477
financial.indicator.dtprofit_to_profit,dtprofit_to_profit,1990,not_provided_by_source,284,0,284
financial.indicator.dtprofit_to_profit,dtprofit_to_profit,1991,not_provided_by_source,372,0,372
financial.indicator.dtprofit_to_profit,dtprofit_to_profit,1992,not_provided_by_source,626,0,626
financial.indicator.dtprofit_to_profit,dtprofit_to_profit,1993,not_provided_by_source,1362,0,1362
financial.indicator.dtprofit_to_profit,dtprofit_to_profit,1994,not_provided_by_source,2056,0,2056
financial.indicator.dtprofit_to_profit,dtprofit_to_profit,1995,not_provided_by_source,2333,0,2333
financial.indicator.dtprofit_to_profit,dtprofit_to_profit,1996,not_provided_by_source,2899,0,2899
financial.indicator.dtprofit_to_profit,dtprofit_to_profit,1997,not_provided_by_source,3711,2,3709
financial.indicator.dtprofit_to_profit,dtprofit_to_profit,1998,not_provided_by_source,3934,10,3924
financial.indicator.dtprofit_to_profit,dtprofit_to_profit,1999,not_provided_by_source,4456,24,4432
financial.indicator.dtprofit_to_profit,dtprofit_to_profit,2000,not_provided_by_source,4904,3494,1410
financial.indicator.dtprofit_to_profit,dtprofit_to_profit,2001,not_provided_by_source,5803,4172,1631
financial.indicator.dtprofit_to_profit,dtprofit_to_profit,2002,not_provided_by_source,10138,6267,3871
financial.indicator.dtprofit_to_profit,dtprofit_to_profit,2003,not_provided_by_source,11038,6249,4789
financial.indicator.dtprofit_to_profit,dtprofit_to_profit,2004,not_provided_by_source,11591,9756,1835
financial.indicator.dtprofit_to_profit,dtprofit_to_profit,2005,not_provided_by_source,11984,9389,2595
financial.indicator.dtprofit_to_profit,dtprofit_to_profit,2006,not_provided_by_source,13014,10020,2994
financial.indicator.dtprofit_to_profit,dtprofit_to_profit,2007,not_provided_by_source,14483,11937,2546
financial.indicator.dtprofit_to_profit,dtprofit_to_profit,2008,not_provided_by_source,15481,12691,2790
financial.indicator.dtprofit_to_profit,dtprofit_to_profit,2009,not_provided_by_source,17455,13051,4404
financial.indicator.dtprofit_to_profit,dtprofit_to_profit,2010,not_provided_by_source,18522,15771,2751
financial.indicator.dtprofit_to_profit,dtprofit_to_profit,2011,not_provided_by_source,21209,18495,2714
financial.indicator.dtprofit_to_profit,dtprofit_to_profit,2012,not_provided_by_source,22867,19212,3655
financial.indicator.dtprofit_to_profit,dtprofit_to_profit,2013,not_provided_by_source,23933,20235,3698
financial.indicator.dtprofit_to_profit,dtprofit_to_profit,2014,not_provided_by_source,25674,21582,4092
financial.indicator.dtprofit_to_profit,dtprofit_to_profit,2015,not_provided_by_source,27586,22682,4904
financial.indicator.dtprofit_to_profit,dtprofit_to_profit,2016,not_provided_by_source,31074,25717,5357
financial.indicator.dtprofit_to_profit,dtprofit_to_profit,2017,not_provided_by_source,32844,28844,4000
financial.indicator.dtprofit_to_profit,dtprofit_to_profit,2018,not_provided_by_source,33975,29562,4413
financial.indicator.dtprofit_to_profit,dtprofit_to_profit,2019,not_provided_by_source,36005,30573,5432
financial.indicator.dtprofit_to_profit,dtprofit_to_profit,2020,not_provided_by_source,38841,30285,8556
financial.indicator.dtprofit_to_profit,dtprofit_to_profit,2021,not_provided_by_source,40961,34278,6683
financial.indicator.dtprofit_to_profit,dtprofit_to_profit,2022,not_provided_by_source,41878,33083,8795
financial.indicator.dtprofit_to_profit,dtprofit_to_profit,2023,not_provided_by_source,28609,21729,6880
financial.indicator.dtprofit_to_profit,dtprofit_to_profit,2024,not_provided_by_source,24134,17753,6381
financial.indicator.dtprofit_to_profit,dtprofit_to_profit,2025,not_provided_by_source,26352,19255,7097
financial.indicator.dtprofit_to_profit,dtprofit_to_profit,2026,not_provided_by_source,15888,12556,3332
financial.indicator.ebit,ebit,1990,not_provided_by_source,284,262,22
financial.indicator.ebit,ebit,1991,not_provided_by_source,372,344,28
financial.indicator.ebit,ebit,1992,not_provided_by_source,626,502,124
financial.indicator.ebit,ebit,1993,not_provided_by_source,1362,1308,54
financial.indicator.ebit,ebit,1994,not_provided_by_source,2056,2041,15
financial.indicator.ebit,ebit,1995,not_provided_by_source,2333,2315,18
financial.indicator.ebit,ebit,1996,not_provided_by_source,2899,2883,16
financial.indicator.ebit,ebit,1997,not_provided_by_source,3711,3697,14
financial.indicator.ebit,ebit,1998,not_provided_by_source,3934,3922,12
financial.indicator.ebit,ebit,1999,not_provided_by_source,4456,4438,18
financial.indicator.ebit,ebit,2000,not_provided_by_source,4904,4878,26
financial.indicator.ebit,ebit,2001,not_provided_by_source,5803,5685,118
financial.indicator.ebit,ebit,2002,not_provided_by_source,10138,10056,82
financial.indicator.ebit,ebit,2003,not_provided_by_source,11038,10946,92
financial.indicator.ebit,ebit,2004,not_provided_by_source,11591,11485,106
financial.indicator.ebit,ebit,2005,not_provided_by_source,11984,11840,144
financial.indicator.ebit,ebit,2006,not_provided_by_source,13014,12780,234
financial.indicator.ebit,ebit,2007,not_provided_by_source,14483,14152,331
financial.indicator.ebit,ebit,2008,not_provided_by_source,15481,15047,434
financial.indicator.ebit,ebit,2009,not_provided_by_source,17455,16933,522
financial.indicator.ebit,ebit,2010,not_provided_by_source,18522,17946,576
financial.indicator.ebit,ebit,2011,not_provided_by_source,21209,20538,671
financial.indicator.ebit,ebit,2012,not_provided_by_source,22867,22063,804
financial.indicator.ebit,ebit,2013,not_provided_by_source,23933,23153,780
financial.indicator.ebit,ebit,2014,not_provided_by_source,25674,24878,796
financial.indicator.ebit,ebit,2015,not_provided_by_source,27586,26753,833
financial.indicator.ebit,ebit,2016,not_provided_by_source,31074,30197,877
financial.indicator.ebit,ebit,2017,not_provided_by_source,32844,32014,830
financial.indicator.ebit,ebit,2018,not_provided_by_source,33975,33145,830
financial.indicator.ebit,ebit,2019,not_provided_by_source,36005,35158,847
financial.indicator.ebit,ebit,2020,not_provided_by_source,38841,38026,815
financial.indicator.ebit,ebit,2021,not_provided_by_source,40961,40135,826
financial.indicator.ebit,ebit,2022,not_provided_by_source,41878,41065,813
financial.indicator.ebit,ebit,2023,not_provided_by_source,28609,28055,554
financial.indicator.ebit,ebit,2024,not_provided_by_source,24134,23681,453
financial.indicator.ebit,ebit,2025,not_provided_by_source,26352,25891,461
financial.indicator.ebit,ebit,2026,not_provided_by_source,15888,15596,292
financial.indicator.ebit_of_gr,ebit_of_gr,1990,not_provided_by_source,284,258,26
financial.indicator.ebit_of_gr,ebit_of_gr,1991,not_provided_by_source,372,344,28
financial.indicator.ebit_of_gr,ebit_of_gr,1992,not_provided_by_source,626,500,126
financial.indicator.ebit_of_gr,ebit_of_gr,1993,not_provided_by_source,1362,1292,70
financial.indicator.ebit_of_gr,ebit_of_gr,1994,not_provided_by_source,2056,2041,15
financial.indicator.ebit_of_gr,ebit_of_gr,1995,not_provided_by_source,2333,2313,20
financial.indicator.ebit_of_gr,ebit_of_gr,1996,not_provided_by_source,2899,2881,18
financial.indicator.ebit_of_gr,ebit_of_gr,1997,not_provided_by_source,3711,3695,16
financial.indicator.ebit_of_gr,ebit_of_gr,1998,not_provided_by_source,3934,3916,18
financial.indicator.ebit_of_gr,ebit_of_gr,1999,not_provided_by_source,4456,4422,34
financial.indicator.ebit_of_gr,ebit_of_gr,2000,not_provided_by_source,4904,4860,44
financial.indicator.ebit_of_gr,ebit_of_gr,2001,not_provided_by_source,5803,5655,148
financial.indicator.ebit_of_gr,ebit_of_gr,2002,not_provided_by_source,10138,10006,132
financial.indicator.ebit_of_gr,ebit_of_gr,2003,not_provided_by_source,11038,10890,148
financial.indicator.ebit_of_gr,ebit_of_gr,2004,not_provided_by_source,11591,11381,210
financial.indicator.ebit_of_gr,ebit_of_gr,2005,not_provided_by_source,11984,11694,290
financial.indicator.ebit_of_gr,ebit_of_gr,2006,not_provided_by_source,13014,12664,350
financial.indicator.ebit_of_gr,ebit_of_gr,2007,not_provided_by_source,14483,14046,437
financial.indicator.ebit_of_gr,ebit_of_gr,2008,not_provided_by_source,15481,14929,552
financial.indicator.ebit_of_gr,ebit_of_gr,2009,not_provided_by_source,17455,16769,686
financial.indicator.ebit_of_gr,ebit_of_gr,2010,not_provided_by_source,18522,17762,760
financial.indicator.ebit_of_gr,ebit_of_gr,2011,not_provided_by_source,21209,20370,839
financial.indicator.ebit_of_gr,ebit_of_gr,2012,not_provided_by_source,22867,21935,932
financial.indicator.ebit_of_gr,ebit_of_gr,2013,not_provided_by_source,23933,23070,863
financial.indicator.ebit_of_gr,ebit_of_gr,2014,not_provided_by_source,25674,24796,878
financial.indicator.ebit_of_gr,ebit_of_gr,2015,not_provided_by_source,27586,26661,925
financial.indicator.ebit_of_gr,ebit_of_gr,2016,not_provided_by_source,31074,30115,959
financial.indicator.ebit_of_gr,ebit_of_gr,2017,not_provided_by_source,32844,31938,906
financial.indicator.ebit_of_gr,ebit_of_gr,2018,not_provided_by_source,33975,33038,937
financial.indicator.ebit_of_gr,ebit_of_gr,2019,not_provided_by_source,36005,35060,945
financial.indicator.ebit_of_gr,ebit_of_gr,2020,not_provided_by_source,38841,37932,909
financial.indicator.ebit_of_gr,ebit_of_gr,2021,not_provided_by_source,40961,40049,912
financial.indicator.ebit_of_gr,ebit_of_gr,2022,not_provided_by_source,41878,40997,881
financial.indicator.ebit_of_gr,ebit_of_gr,2023,not_provided_by_source,28609,28016,593
financial.indicator.ebit_of_gr,ebit_of_gr,2024,not_provided_by_source,24134,23648,486
financial.indicator.ebit_of_gr,ebit_of_gr,2025,not_provided_by_source,26352,25869,483
financial.indicator.ebit_of_gr,ebit_of_gr,2026,not_provided_by_source,15888,15586,302
financial.indicator.ebit_ps,ebit_ps,1990,not_provided_by_source,284,78,206
financial.indicator.ebit_ps,ebit_ps,1991,not_provided_by_source,372,116,256
financial.indicator.ebit_ps,ebit_ps,1992,not_provided_by_source,626,348,278
financial.indicator.ebit_ps,ebit_ps,1993,not_provided_by_source,1362,976,386
financial.indicator.ebit_ps,ebit_ps,1994,not_provided_by_source,2056,1871,185
financial.indicator.ebit_ps,ebit_ps,1995,not_provided_by_source,2333,2213,120
financial.indicator.ebit_ps,ebit_ps,1996,not_provided_by_source,2899,2725,174
financial.indicator.ebit_ps,ebit_ps,1997,not_provided_by_source,3711,3477,234
financial.indicator.ebit_ps,ebit_ps,1998,not_provided_by_source,3934,3804,130
financial.indicator.ebit_ps,ebit_ps,1999,not_provided_by_source,4456,4270,186
financial.indicator.ebit_ps,ebit_ps,2000,not_provided_by_source,4904,4696,208
financial.indicator.ebit_ps,ebit_ps,2001,not_provided_by_source,5803,5269,534
financial.indicator.ebit_ps,ebit_ps,2002,not_provided_by_source,10138,9878,260
financial.indicator.ebit_ps,ebit_ps,2003,not_provided_by_source,11038,10451,587
financial.indicator.ebit_ps,ebit_ps,2004,not_provided_by_source,11591,11274,317
financial.indicator.ebit_ps,ebit_ps,2005,not_provided_by_source,11984,11630,354
financial.indicator.ebit_ps,ebit_ps,2006,not_provided_by_source,13014,12274,740
financial.indicator.ebit_ps,ebit_ps,2007,not_provided_by_source,14483,13632,851
financial.indicator.ebit_ps,ebit_ps,2008,not_provided_by_source,15481,14709,772
financial.indicator.ebit_ps,ebit_ps,2009,not_provided_by_source,17455,15720,1735
financial.indicator.ebit_ps,ebit_ps,2010,not_provided_by_source,18522,17679,843
financial.indicator.ebit_ps,ebit_ps,2011,not_provided_by_source,21209,20458,751
financial.indicator.ebit_ps,ebit_ps,2012,not_provided_by_source,22867,22004,863
financial.indicator.ebit_ps,ebit_ps,2013,not_provided_by_source,23933,22987,946
financial.indicator.ebit_ps,ebit_ps,2014,not_provided_by_source,25674,24480,1194
financial.indicator.ebit_ps,ebit_ps,2015,not_provided_by_source,27586,26059,1527
financial.indicator.ebit_ps,ebit_ps,2016,not_provided_by_source,31074,28247,2827
financial.indicator.ebit_ps,ebit_ps,2017,not_provided_by_source,32844,31067,1777
financial.indicator.ebit_ps,ebit_ps,2018,not_provided_by_source,33975,32411,1564
financial.indicator.ebit_ps,ebit_ps,2019,not_provided_by_source,36005,33688,2317
financial.indicator.ebit_ps,ebit_ps,2020,not_provided_by_source,38841,36122,2719
financial.indicator.ebit_ps,ebit_ps,2021,not_provided_by_source,40961,38640,2321
financial.indicator.ebit_ps,ebit_ps,2022,not_provided_by_source,41878,39964,1914
financial.indicator.ebit_ps,ebit_ps,2023,not_provided_by_source,28609,27767,842
financial.indicator.ebit_ps,ebit_ps,2024,not_provided_by_source,24134,23425,709
financial.indicator.ebit_ps,ebit_ps,2025,not_provided_by_source,26352,25790,562
financial.indicator.ebit_ps,ebit_ps,2026,not_provided_by_source,15888,15591,297
financial.indicator.ebit_to_interest,ebit_to_interest,1990,not_provided_by_source,284,52,232
financial.indicator.ebit_to_interest,ebit_to_interest,1991,not_provided_by_source,372,88,284
financial.indicator.ebit_to_interest,ebit_to_interest,1992,not_provided_by_source,626,192,434
financial.indicator.ebit_to_interest,ebit_to_interest,1993,not_provided_by_source,1362,716,646
financial.indicator.ebit_to_interest,ebit_to_interest,1994,not_provided_by_source,2056,884,1172
financial.indicator.ebit_to_interest,ebit_to_interest,1995,not_provided_by_source,2333,1432,901
financial.indicator.ebit_to_interest,ebit_to_interest,1996,not_provided_by_source,2899,1775,1124
financial.indicator.ebit_to_interest,ebit_to_interest,1997,not_provided_by_source,3711,1928,1783
financial.indicator.ebit_to_interest,ebit_to_interest,1998,not_provided_by_source,3934,3216,718
financial.indicator.ebit_to_interest,ebit_to_interest,1999,not_provided_by_source,4456,3744,712
financial.indicator.ebit_to_interest,ebit_to_interest,2000,not_provided_by_source,4904,4286,618
financial.indicator.ebit_to_interest,ebit_to_interest,2001,not_provided_by_source,5803,4989,814
financial.indicator.ebit_to_interest,ebit_to_interest,2002,not_provided_by_source,10138,8627,1511
financial.indicator.ebit_to_interest,ebit_to_interest,2003,not_provided_by_source,11038,9788,1250
financial.indicator.ebit_to_interest,ebit_to_interest,2004,not_provided_by_source,11591,10247,1344
financial.indicator.ebit_to_interest,ebit_to_interest,2005,not_provided_by_source,11984,10496,1488
financial.indicator.ebit_to_interest,ebit_to_interest,2006,not_provided_by_source,13014,11194,1820
financial.indicator.ebit_to_interest,ebit_to_interest,2007,not_provided_by_source,14483,12424,2059
financial.indicator.ebit_to_interest,ebit_to_interest,2008,not_provided_by_source,15481,12879,2602
financial.indicator.ebit_to_interest,ebit_to_interest,2009,not_provided_by_source,17455,14112,3343
financial.indicator.ebit_to_interest,ebit_to_interest,2010,not_provided_by_source,18522,13903,4619
financial.indicator.ebit_to_interest,ebit_to_interest,2011,not_provided_by_source,21209,14338,6871
financial.indicator.ebit_to_interest,ebit_to_interest,2012,not_provided_by_source,22867,14944,7923
financial.indicator.ebit_to_interest,ebit_to_interest,2013,not_provided_by_source,23933,16027,7906
financial.indicator.ebit_to_interest,ebit_to_interest,2014,not_provided_by_source,25674,17750,7924
financial.indicator.ebit_to_interest,ebit_to_interest,2015,not_provided_by_source,27586,18975,8611
financial.indicator.ebit_to_interest,ebit_to_interest,2016,not_provided_by_source,31074,21578,9496
financial.indicator.ebit_to_interest,ebit_to_interest,2017,not_provided_by_source,32844,23148,9696
financial.indicator.ebit_to_interest,ebit_to_interest,2018,not_provided_by_source,33975,23291,10684
financial.indicator.ebit_to_interest,ebit_to_interest,2019,not_provided_by_source,36005,24927,11078
financial.indicator.ebit_to_interest,ebit_to_interest,2020,not_provided_by_source,38841,25697,13144
financial.indicator.ebit_to_interest,ebit_to_interest,2021,not_provided_by_source,40961,26117,14844
financial.indicator.ebit_to_interest,ebit_to_interest,2022,not_provided_by_source,41878,24958,16920
financial.indicator.ebit_to_interest,ebit_to_interest,2023,not_provided_by_source,28609,16815,11794
financial.indicator.ebit_to_interest,ebit_to_interest,2024,not_provided_by_source,24134,13909,10225
financial.indicator.ebit_to_interest,ebit_to_interest,2025,not_provided_by_source,26352,15881,10471
financial.indicator.ebit_to_interest,ebit_to_interest,2026,not_provided_by_source,15888,11927,3961
financial.indicator.ebitda,ebitda,1990,not_provided_by_source,284,0,284
financial.indicator.ebitda,ebitda,1991,not_provided_by_source,372,0,372
financial.indicator.ebitda,ebitda,1992,not_provided_by_source,626,0,626
financial.indicator.ebitda,ebitda,1993,not_provided_by_source,1362,0,1362
financial.indicator.ebitda,ebitda,1994,not_provided_by_source,2056,0,2056
financial.indicator.ebitda,ebitda,1995,not_provided_by_source,2333,0,2333
financial.indicator.ebitda,ebitda,1996,not_provided_by_source,2899,2,2897
financial.indicator.ebitda,ebitda,1997,not_provided_by_source,3711,10,3701
financial.indicator.ebitda,ebitda,1998,not_provided_by_source,3934,2275,1659
financial.indicator.ebitda,ebitda,1999,not_provided_by_source,4456,2731,1725
financial.indicator.ebitda,ebitda,2000,not_provided_by_source,4904,4418,486
financial.indicator.ebitda,ebitda,2001,not_provided_by_source,5803,4709,1094
financial.indicator.ebitda,ebitda,2002,not_provided_by_source,10138,5093,5045
financial.indicator.ebitda,ebitda,2003,not_provided_by_source,11038,10084,954
financial.indicator.ebitda,ebitda,2004,not_provided_by_source,11591,10929,662
financial.indicator.ebitda,ebitda,2005,not_provided_by_source,11984,11370,614
financial.indicator.ebitda,ebitda,2006,not_provided_by_source,13014,6442,6572
financial.indicator.ebitda,ebitda,2007,not_provided_by_source,14483,7694,6789
financial.indicator.ebitda,ebitda,2008,not_provided_by_source,15481,7988,7493
financial.indicator.ebitda,ebitda,2009,not_provided_by_source,17455,8804,8651
financial.indicator.ebitda,ebitda,2010,not_provided_by_source,18522,9395,9127
financial.indicator.ebitda,ebitda,2011,not_provided_by_source,21209,10415,10794
financial.indicator.ebitda,ebitda,2012,not_provided_by_source,22867,11310,11557
financial.indicator.ebitda,ebitda,2013,not_provided_by_source,23933,12431,11502
financial.indicator.ebitda,ebitda,2014,not_provided_by_source,25674,13825,11849
financial.indicator.ebitda,ebitda,2015,not_provided_by_source,27586,14848,12738
financial.indicator.ebitda,ebitda,2016,not_provided_by_source,31074,16406,14668
financial.indicator.ebitda,ebitda,2017,not_provided_by_source,32844,17468,15376
financial.indicator.ebitda,ebitda,2018,not_provided_by_source,33975,17995,15980
financial.indicator.ebitda,ebitda,2019,not_provided_by_source,36005,18997,17008
financial.indicator.ebitda,ebitda,2020,not_provided_by_source,38841,20272,18569
financial.indicator.ebitda,ebitda,2021,not_provided_by_source,40961,20755,20206
financial.indicator.ebitda,ebitda,2022,not_provided_by_source,41878,20845,21033
financial.indicator.ebitda,ebitda,2023,not_provided_by_source,28609,12116,16493
financial.indicator.ebitda,ebitda,2024,not_provided_by_source,24134,11744,12390
financial.indicator.ebitda,ebitda,2025,not_provided_by_source,26352,12116,14236
financial.indicator.ebitda,ebitda,2026,not_provided_by_source,15888,9372,6516
financial.indicator.ebitda_to_debt,ebitda_to_debt,1990,not_provided_by_source,284,0,284
financial.indicator.ebitda_to_debt,ebitda_to_debt,1991,not_provided_by_source,372,0,372
financial.indicator.ebitda_to_debt,ebitda_to_debt,1992,not_provided_by_source,626,0,626
financial.indicator.ebitda_to_debt,ebitda_to_debt,1993,not_provided_by_source,1362,0,1362
financial.indicator.ebitda_to_debt,ebitda_to_debt,1994,not_provided_by_source,2056,0,2056
financial.indicator.ebitda_to_debt,ebitda_to_debt,1995,not_provided_by_source,2333,0,2333
financial.indicator.ebitda_to_debt,ebitda_to_debt,1996,not_provided_by_source,2899,2,2897
financial.indicator.ebitda_to_debt,ebitda_to_debt,1997,not_provided_by_source,3711,10,3701
financial.indicator.ebitda_to_debt,ebitda_to_debt,1998,not_provided_by_source,3934,2275,1659
financial.indicator.ebitda_to_debt,ebitda_to_debt,1999,not_provided_by_source,4456,2731,1725
financial.indicator.ebitda_to_debt,ebitda_to_debt,2000,not_provided_by_source,4904,4418,486
financial.indicator.ebitda_to_debt,ebitda_to_debt,2001,not_provided_by_source,5803,4695,1108
financial.indicator.ebitda_to_debt,ebitda_to_debt,2002,not_provided_by_source,10138,5085,5053
financial.indicator.ebitda_to_debt,ebitda_to_debt,2003,not_provided_by_source,11038,10055,983
financial.indicator.ebitda_to_debt,ebitda_to_debt,2004,not_provided_by_source,11591,10909,682
financial.indicator.ebitda_to_debt,ebitda_to_debt,2005,not_provided_by_source,11984,11352,632
financial.indicator.ebitda_to_debt,ebitda_to_debt,2006,not_provided_by_source,13014,6360,6654
financial.indicator.ebitda_to_debt,ebitda_to_debt,2007,not_provided_by_source,14483,7594,6889
financial.indicator.ebitda_to_debt,ebitda_to_debt,2008,not_provided_by_source,15481,7962,7519
financial.indicator.ebitda_to_debt,ebitda_to_debt,2009,not_provided_by_source,17455,8622,8833
financial.indicator.ebitda_to_debt,ebitda_to_debt,2010,not_provided_by_source,18522,9359,9163
financial.indicator.ebitda_to_debt,ebitda_to_debt,2011,not_provided_by_source,21209,10407,10802
financial.indicator.ebitda_to_debt,ebitda_to_debt,2012,not_provided_by_source,22867,11302,11565
financial.indicator.ebitda_to_debt,ebitda_to_debt,2013,not_provided_by_source,23933,12381,11552
financial.indicator.ebitda_to_debt,ebitda_to_debt,2014,not_provided_by_source,25674,13602,12072
financial.indicator.ebitda_to_debt,ebitda_to_debt,2015,not_provided_by_source,27586,14441,13145
financial.indicator.ebitda_to_debt,ebitda_to_debt,2016,not_provided_by_source,31074,15909,15165
financial.indicator.ebitda_to_debt,ebitda_to_debt,2017,not_provided_by_source,32844,17401,15443
financial.indicator.ebitda_to_debt,ebitda_to_debt,2018,not_provided_by_source,33975,17831,16144
financial.indicator.ebitda_to_debt,ebitda_to_debt,2019,not_provided_by_source,36005,18614,17391
financial.indicator.ebitda_to_debt,ebitda_to_debt,2020,not_provided_by_source,38841,19948,18893
financial.indicator.ebitda_to_debt,ebitda_to_debt,2021,not_provided_by_source,40961,20581,20380
financial.indicator.ebitda_to_debt,ebitda_to_debt,2022,not_provided_by_source,41878,20721,21157
financial.indicator.ebitda_to_debt,ebitda_to_debt,2023,not_provided_by_source,28609,12082,16527
financial.indicator.ebitda_to_debt,ebitda_to_debt,2024,not_provided_by_source,24134,11702,12432
financial.indicator.ebitda_to_debt,ebitda_to_debt,2025,not_provided_by_source,26352,12097,14255
financial.indicator.ebitda_to_debt,ebitda_to_debt,2026,not_provided_by_source,15888,9363,6525
financial.indicator.ebt_yoy,ebt_yoy,1990,not_provided_by_source,284,34,250
financial.indicator.ebt_yoy,ebt_yoy,1991,not_provided_by_source,372,256,116
financial.indicator.ebt_yoy,ebt_yoy,1992,not_provided_by_source,626,324,302
financial.indicator.ebt_yoy,ebt_yoy,1993,not_provided_by_source,1362,478,884
financial.indicator.ebt_yoy,ebt_yoy,1994,not_provided_by_source,2056,1280,776
financial.indicator.ebt_yoy,ebt_yoy,1995,not_provided_by_source,2333,2039,294
financial.indicator.ebt_yoy,ebt_yoy,1996,not_provided_by_source,2899,2315,584
financial.indicator.ebt_yoy,ebt_yoy,1997,not_provided_by_source,3711,2842,869
financial.indicator.ebt_yoy,ebt_yoy,1998,not_provided_by_source,3934,3667,267
financial.indicator.ebt_yoy,ebt_yoy,1999,not_provided_by_source,4456,3918,538
financial.indicator.ebt_yoy,ebt_yoy,2000,not_provided_by_source,4904,4446,458
financial.indicator.ebt_yoy,ebt_yoy,2001,not_provided_by_source,5803,4877,926
financial.indicator.ebt_yoy,ebt_yoy,2002,not_provided_by_source,10138,5738,4400
financial.indicator.ebt_yoy,ebt_yoy,2003,not_provided_by_source,11038,10107,931
financial.indicator.ebt_yoy,ebt_yoy,2004,not_provided_by_source,11591,11006,585
financial.indicator.ebt_yoy,ebt_yoy,2005,not_provided_by_source,11984,11522,462
financial.indicator.ebt_yoy,ebt_yoy,2006,not_provided_by_source,13014,11868,1146
financial.indicator.ebt_yoy,ebt_yoy,2007,not_provided_by_source,14483,12996,1487
financial.indicator.ebt_yoy,ebt_yoy,2008,not_provided_by_source,15481,14446,1035
financial.indicator.ebt_yoy,ebt_yoy,2009,not_provided_by_source,17455,15381,2074
financial.indicator.ebt_yoy,ebt_yoy,2010,not_provided_by_source,18522,17501,1021
financial.indicator.ebt_yoy,ebt_yoy,2011,not_provided_by_source,21209,19414,1795
financial.indicator.ebt_yoy,ebt_yoy,2012,not_provided_by_source,22867,21681,1186
financial.indicator.ebt_yoy,ebt_yoy,2013,not_provided_by_source,23933,22660,1273
financial.indicator.ebt_yoy,ebt_yoy,2014,not_provided_by_source,25674,23962,1712
financial.indicator.ebt_yoy,ebt_yoy,2015,not_provided_by_source,27586,25766,1820
financial.indicator.ebt_yoy,ebt_yoy,2016,not_provided_by_source,31074,27681,3393
financial.indicator.ebt_yoy,ebt_yoy,2017,not_provided_by_source,32844,30615,2229
financial.indicator.ebt_yoy,ebt_yoy,2018,not_provided_by_source,33975,32368,1607
financial.indicator.ebt_yoy,ebt_yoy,2019,not_provided_by_source,36005,33620,2385
financial.indicator.ebt_yoy,ebt_yoy,2020,not_provided_by_source,38841,35748,3093
financial.indicator.ebt_yoy,ebt_yoy,2021,not_provided_by_source,40961,38742,2219
financial.indicator.ebt_yoy,ebt_yoy,2022,not_provided_by_source,41878,40719,1159
financial.indicator.ebt_yoy,ebt_yoy,2023,not_provided_by_source,28609,28438,171
financial.indicator.ebt_yoy,ebt_yoy,2024,not_provided_by_source,24134,23901,233
financial.indicator.ebt_yoy,ebt_yoy,2025,not_provided_by_source,26352,26214,138
financial.indicator.ebt_yoy,ebt_yoy,2026,not_provided_by_source,15888,15868,20
financial.indicator.eps,eps,1990,not_provided_by_source,284,0,284
financial.indicator.eps,eps,1991,not_provided_by_source,372,0,372
financial.indicator.eps,eps,1992,not_provided_by_source,626,0,626
financial.indicator.eps,eps,1993,not_provided_by_source,1362,278,1084
financial.indicator.eps,eps,1994,not_provided_by_source,2056,292,1764
financial.indicator.eps,eps,1995,not_provided_by_source,2333,130,2203
financial.indicator.eps,eps,1996,not_provided_by_source,2899,26,2873
financial.indicator.eps,eps,1997,not_provided_by_source,3711,973,2738
financial.indicator.eps,eps,1998,not_provided_by_source,3934,1556,2378
financial.indicator.eps,eps,1999,not_provided_by_source,4456,1576,2880
financial.indicator.eps,eps,2000,not_provided_by_source,4904,2446,2458
financial.indicator.eps,eps,2001,not_provided_by_source,5803,4857,946
financial.indicator.eps,eps,2002,not_provided_by_source,10138,4141,5997
financial.indicator.eps,eps,2003,not_provided_by_source,11038,4614,6424
financial.indicator.eps,eps,2004,not_provided_by_source,11591,5634,5957
financial.indicator.eps,eps,2005,not_provided_by_source,11984,6044,5940
financial.indicator.eps,eps,2006,not_provided_by_source,13014,11848,1166
financial.indicator.eps,eps,2007,not_provided_by_source,14483,13593,890
financial.indicator.eps,eps,2008,not_provided_by_source,15481,14697,784
financial.indicator.eps,eps,2009,not_provided_by_source,17455,15645,1810
financial.indicator.eps,eps,2010,not_provided_by_source,18522,17635,887
financial.indicator.eps,eps,2011,not_provided_by_source,21209,20195,1014
financial.indicator.eps,eps,2012,not_provided_by_source,22867,21790,1077
financial.indicator.eps,eps,2013,not_provided_by_source,23933,22788,1145
financial.indicator.eps,eps,2014,not_provided_by_source,25674,24352,1322
financial.indicator.eps,eps,2015,not_provided_by_source,27586,26257,1329
financial.indicator.eps,eps,2016,not_provided_by_source,31074,28758,2316
financial.indicator.eps,eps,2017,not_provided_by_source,32844,31365,1479
financial.indicator.eps,eps,2018,not_provided_by_source,33975,32844,1131
financial.indicator.eps,eps,2019,not_provided_by_source,36005,34532,1473
financial.indicator.eps,eps,2020,not_provided_by_source,38841,37241,1600
financial.indicator.eps,eps,2021,not_provided_by_source,40961,39705,1256
financial.indicator.eps,eps,2022,not_provided_by_source,41878,40971,907
financial.indicator.eps,eps,2023,not_provided_by_source,28609,27694,915
financial.indicator.eps,eps,2024,not_provided_by_source,24134,23622,512
financial.indicator.eps,eps,2025,not_provided_by_source,26352,25656,696
financial.indicator.eps,eps,2026,not_provided_by_source,15888,15698,190
financial.indicator.eqt_to_debt,eqt_to_debt,1990,not_provided_by_source,284,122,162
financial.indicator.eqt_to_debt,eqt_to_debt,1991,not_provided_by_source,372,186,186
financial.indicator.eqt_to_debt,eqt_to_debt,1992,not_provided_by_source,626,524,102
financial.indicator.eqt_to_debt,eqt_to_debt,1993,not_provided_by_source,1362,1180,182
financial.indicator.eqt_to_debt,eqt_to_debt,1994,not_provided_by_source,2056,1984,72
financial.indicator.eqt_to_debt,eqt_to_debt,1995,not_provided_by_source,2333,2323,10
financial.indicator.eqt_to_debt,eqt_to_debt,1996,not_provided_by_source,2899,2873,26
financial.indicator.eqt_to_debt,eqt_to_debt,1997,not_provided_by_source,3711,3635,76
financial.indicator.eqt_to_debt,eqt_to_debt,1998,not_provided_by_source,3934,3916,18
financial.indicator.eqt_to_debt,eqt_to_debt,1999,not_provided_by_source,4456,4290,166
financial.indicator.eqt_to_debt,eqt_to_debt,2000,not_provided_by_source,4904,4724,180
financial.indicator.eqt_to_debt,eqt_to_debt,2001,not_provided_by_source,5803,5369,434
financial.indicator.eqt_to_debt,eqt_to_debt,2002,not_provided_by_source,10138,9954,184
financial.indicator.eqt_to_debt,eqt_to_debt,2003,not_provided_by_source,11038,10319,719
financial.indicator.eqt_to_debt,eqt_to_debt,2004,not_provided_by_source,11591,11286,305
financial.indicator.eqt_to_debt,eqt_to_debt,2005,not_provided_by_source,11984,11654,330
financial.indicator.eqt_to_debt,eqt_to_debt,2006,not_provided_by_source,13014,12382,632
financial.indicator.eqt_to_debt,eqt_to_debt,2007,not_provided_by_source,14483,13922,561
financial.indicator.eqt_to_debt,eqt_to_debt,2008,not_provided_by_source,15481,15097,384
financial.indicator.eqt_to_debt,eqt_to_debt,2009,not_provided_by_source,17455,16138,1317
financial.indicator.eqt_to_debt,eqt_to_debt,2010,not_provided_by_source,18522,18122,400
financial.indicator.eqt_to_debt,eqt_to_debt,2011,not_provided_by_source,21209,20946,263
financial.indicator.eqt_to_debt,eqt_to_debt,2012,not_provided_by_source,22867,22532,335
financial.indicator.eqt_to_debt,eqt_to_debt,2013,not_provided_by_source,23933,23533,400
financial.indicator.eqt_to_debt,eqt_to_debt,2014,not_provided_by_source,25674,25034,640
financial.indicator.eqt_to_debt,eqt_to_debt,2015,not_provided_by_source,27586,26759,827
financial.indicator.eqt_to_debt,eqt_to_debt,2016,not_provided_by_source,31074,28996,2078
financial.indicator.eqt_to_debt,eqt_to_debt,2017,not_provided_by_source,32844,31887,957
financial.indicator.eqt_to_debt,eqt_to_debt,2018,not_provided_by_source,33975,33200,775
financial.indicator.eqt_to_debt,eqt_to_debt,2019,not_provided_by_source,36005,34517,1488
financial.indicator.eqt_to_debt,eqt_to_debt,2020,not_provided_by_source,38841,36897,1944
financial.indicator.eqt_to_debt,eqt_to_debt,2021,not_provided_by_source,40961,39439,1522
financial.indicator.eqt_to_debt,eqt_to_debt,2022,not_provided_by_source,41878,40968,910
financial.indicator.eqt_to_debt,eqt_to_debt,2023,not_provided_by_source,28609,28420,189
financial.indicator.eqt_to_debt,eqt_to_debt,2024,not_provided_by_source,24134,23908,226
financial.indicator.eqt_to_debt,eqt_to_debt,2025,not_provided_by_source,26352,26261,91
financial.indicator.eqt_to_debt,eqt_to_debt,2026,not_provided_by_source,15888,15872,16
financial.indicator.eqt_to_interestdebt,eqt_to_interestdebt,1990,not_provided_by_source,284,118,166
financial.indicator.eqt_to_interestdebt,eqt_to_interestdebt,1991,not_provided_by_source,372,176,196
financial.indicator.eqt_to_interestdebt,eqt_to_interestdebt,1992,not_provided_by_source,626,514,112
financial.indicator.eqt_to_interestdebt,eqt_to_interestdebt,1993,not_provided_by_source,1362,1174,188
financial.indicator.eqt_to_interestdebt,eqt_to_interestdebt,1994,not_provided_by_source,2056,1972,84
financial.indicator.eqt_to_interestdebt,eqt_to_interestdebt,1995,not_provided_by_source,2333,2313,20
financial.indicator.eqt_to_interestdebt,eqt_to_interestdebt,1996,not_provided_by_source,2899,2863,36
financial.indicator.eqt_to_interestdebt,eqt_to_interestdebt,1997,not_provided_by_source,3711,3623,88
financial.indicator.eqt_to_interestdebt,eqt_to_interestdebt,1998,not_provided_by_source,3934,3904,30
financial.indicator.eqt_to_interestdebt,eqt_to_interestdebt,1999,not_provided_by_source,4456,4272,184
financial.indicator.eqt_to_interestdebt,eqt_to_interestdebt,2000,not_provided_by_source,4904,4700,204
financial.indicator.eqt_to_interestdebt,eqt_to_interestdebt,2001,not_provided_by_source,5803,5333,470
financial.indicator.eqt_to_interestdebt,eqt_to_interestdebt,2002,not_provided_by_source,10138,9890,248
financial.indicator.eqt_to_interestdebt,eqt_to_interestdebt,2003,not_provided_by_source,11038,10233,805
financial.indicator.eqt_to_interestdebt,eqt_to_interestdebt,2004,not_provided_by_source,11591,11180,411
financial.indicator.eqt_to_interestdebt,eqt_to_interestdebt,2005,not_provided_by_source,11984,11490,494
financial.indicator.eqt_to_interestdebt,eqt_to_interestdebt,2006,not_provided_by_source,13014,11380,1634
financial.indicator.eqt_to_interestdebt,eqt_to_interestdebt,2007,not_provided_by_source,14483,12652,1831
financial.indicator.eqt_to_interestdebt,eqt_to_interestdebt,2008,not_provided_by_source,15481,13531,1950
financial.indicator.eqt_to_interestdebt,eqt_to_interestdebt,2009,not_provided_by_source,17455,14182,3273
financial.indicator.eqt_to_interestdebt,eqt_to_interestdebt,2010,not_provided_by_source,18522,15122,3400
financial.indicator.eqt_to_interestdebt,eqt_to_interestdebt,2011,not_provided_by_source,21209,16962,4247
financial.indicator.eqt_to_interestdebt,eqt_to_interestdebt,2012,not_provided_by_source,22867,18080,4787
financial.indicator.eqt_to_interestdebt,eqt_to_interestdebt,2013,not_provided_by_source,23933,19073,4860
financial.indicator.eqt_to_interestdebt,eqt_to_interestdebt,2014,not_provided_by_source,25674,20808,4866
financial.indicator.eqt_to_interestdebt,eqt_to_interestdebt,2015,not_provided_by_source,27586,22218,5368
financial.indicator.eqt_to_interestdebt,eqt_to_interestdebt,2016,not_provided_by_source,31074,23741,7333
financial.indicator.eqt_to_interestdebt,eqt_to_interestdebt,2017,not_provided_by_source,32844,25558,7286
financial.indicator.eqt_to_interestdebt,eqt_to_interestdebt,2018,not_provided_by_source,33975,26942,7033
financial.indicator.eqt_to_interestdebt,eqt_to_interestdebt,2019,not_provided_by_source,36005,28310,7695
financial.indicator.eqt_to_interestdebt,eqt_to_interestdebt,2020,not_provided_by_source,38841,30464,8377
financial.indicator.eqt_to_interestdebt,eqt_to_interestdebt,2021,not_provided_by_source,40961,35812,5149
financial.indicator.eqt_to_interestdebt,eqt_to_interestdebt,2022,not_provided_by_source,41878,38686,3192
financial.indicator.eqt_to_interestdebt,eqt_to_interestdebt,2023,not_provided_by_source,28609,26986,1623
financial.indicator.eqt_to_interestdebt,eqt_to_interestdebt,2024,not_provided_by_source,24134,22741,1393
financial.indicator.eqt_to_interestdebt,eqt_to_interestdebt,2025,not_provided_by_source,26352,25096,1256
financial.indicator.eqt_to_interestdebt,eqt_to_interestdebt,2026,not_provided_by_source,15888,15232,656
financial.indicator.eqt_to_talcapital,eqt_to_talcapital,1990,not_provided_by_source,284,170,114
financial.indicator.eqt_to_talcapital,eqt_to_talcapital,1991,not_provided_by_source,372,250,122
financial.indicator.eqt_to_talcapital,eqt_to_talcapital,1992,not_provided_by_source,626,574,52
financial.indicator.eqt_to_talcapital,eqt_to_talcapital,1993,not_provided_by_source,1362,1256,106
financial.indicator.eqt_to_talcapital,eqt_to_talcapital,1994,not_provided_by_source,2056,2006,50
financial.indicator.eqt_to_talcapital,eqt_to_talcapital,1995,not_provided_by_source,2333,2317,16
financial.indicator.eqt_to_talcapital,eqt_to_talcapital,1996,not_provided_by_source,2899,2865,34
financial.indicator.eqt_to_talcapital,eqt_to_talcapital,1997,not_provided_by_source,3711,3623,88
financial.indicator.eqt_to_talcapital,eqt_to_talcapital,1998,not_provided_by_source,3934,3904,30
financial.indicator.eqt_to_talcapital,eqt_to_talcapital,1999,not_provided_by_source,4456,4272,184
financial.indicator.eqt_to_talcapital,eqt_to_talcapital,2000,not_provided_by_source,4904,4702,202
financial.indicator.eqt_to_talcapital,eqt_to_talcapital,2001,not_provided_by_source,5803,5325,478
financial.indicator.eqt_to_talcapital,eqt_to_talcapital,2002,not_provided_by_source,10138,9860,278
financial.indicator.eqt_to_talcapital,eqt_to_talcapital,2003,not_provided_by_source,11038,10381,657
financial.indicator.eqt_to_talcapital,eqt_to_talcapital,2004,not_provided_by_source,11591,11164,427
financial.indicator.eqt_to_talcapital,eqt_to_talcapital,2005,not_provided_by_source,11984,11480,504
financial.indicator.eqt_to_talcapital,eqt_to_talcapital,2006,not_provided_by_source,13014,11994,1020
financial.indicator.eqt_to_talcapital,eqt_to_talcapital,2007,not_provided_by_source,14483,13274,1209
financial.indicator.eqt_to_talcapital,eqt_to_talcapital,2008,not_provided_by_source,15481,14351,1130
financial.indicator.eqt_to_talcapital,eqt_to_talcapital,2009,not_provided_by_source,17455,15366,2089
financial.indicator.eqt_to_talcapital,eqt_to_talcapital,2010,not_provided_by_source,18522,17317,1205
financial.indicator.eqt_to_talcapital,eqt_to_talcapital,2011,not_provided_by_source,21209,20104,1105
financial.indicator.eqt_to_talcapital,eqt_to_talcapital,2012,not_provided_by_source,22867,21712,1155
financial.indicator.eqt_to_talcapital,eqt_to_talcapital,2013,not_provided_by_source,23933,22817,1116
financial.indicator.eqt_to_talcapital,eqt_to_talcapital,2014,not_provided_by_source,25674,24362,1312
financial.indicator.eqt_to_talcapital,eqt_to_talcapital,2015,not_provided_by_source,27586,26029,1557
financial.indicator.eqt_to_talcapital,eqt_to_talcapital,2016,not_provided_by_source,31074,28192,2882
financial.indicator.eqt_to_talcapital,eqt_to_talcapital,2017,not_provided_by_source,32844,31054,1790
financial.indicator.eqt_to_talcapital,eqt_to_talcapital,2018,not_provided_by_source,33975,32238,1737
financial.indicator.eqt_to_talcapital,eqt_to_talcapital,2019,not_provided_by_source,36005,33459,2546
financial.indicator.eqt_to_talcapital,eqt_to_talcapital,2020,not_provided_by_source,38841,35859,2982
financial.indicator.eqt_to_talcapital,eqt_to_talcapital,2021,not_provided_by_source,40961,38381,2580
financial.indicator.eqt_to_talcapital,eqt_to_talcapital,2022,not_provided_by_source,41878,39910,1968
financial.indicator.eqt_to_talcapital,eqt_to_talcapital,2023,not_provided_by_source,28609,27662,947
financial.indicator.eqt_to_talcapital,eqt_to_talcapital,2024,not_provided_by_source,24134,23246,888
financial.indicator.eqt_to_talcapital,eqt_to_talcapital,2025,not_provided_by_source,26352,25590,762
financial.indicator.eqt_to_talcapital,eqt_to_talcapital,2026,not_provided_by_source,15888,15504,384
financial.indicator.equity_parent_ytd_growth,equity_parent_ytd_growth,1990,not_provided_by_source,284,28,256
financial.indicator.equity_parent_ytd_growth,equity_parent_ytd_growth,1991,not_provided_by_source,372,184,188
financial.indicator.equity_parent_ytd_growth,equity_parent_ytd_growth,1992,not_provided_by_source,626,276,350
financial.indicator.equity_parent_ytd_growth,equity_parent_ytd_growth,1993,not_provided_by_source,1362,732,630
financial.indicator.equity_parent_ytd_growth,equity_parent_ytd_growth,1994,not_provided_by_source,2056,1604,452
financial.indicator.equity_parent_ytd_growth,equity_parent_ytd_growth,1995,not_provided_by_source,2333,2079,254
financial.indicator.equity_parent_ytd_growth,equity_parent_ytd_growth,1996,not_provided_by_source,2899,2695,204
financial.indicator.equity_parent_ytd_growth,equity_parent_ytd_growth,1997,not_provided_by_source,3711,3323,388
financial.indicator.equity_parent_ytd_growth,equity_parent_ytd_growth,1998,not_provided_by_source,3934,3814,120
financial.indicator.equity_parent_ytd_growth,equity_parent_ytd_growth,1999,not_provided_by_source,4456,4152,304
financial.indicator.equity_parent_ytd_growth,equity_parent_ytd_growth,2000,not_provided_by_source,4904,4576,328
financial.indicator.equity_parent_ytd_growth,equity_parent_ytd_growth,2001,not_provided_by_source,5803,5171,632
financial.indicator.equity_parent_ytd_growth,equity_parent_ytd_growth,2002,not_provided_by_source,10138,9897,241
financial.indicator.equity_parent_ytd_growth,equity_parent_ytd_growth,2003,not_provided_by_source,11038,10347,691
financial.indicator.equity_parent_ytd_growth,equity_parent_ytd_growth,2004,not_provided_by_source,11591,11107,484
financial.indicator.equity_parent_ytd_growth,equity_parent_ytd_growth,2005,not_provided_by_source,11984,11548,436
financial.indicator.equity_parent_ytd_growth,equity_parent_ytd_growth,2006,not_provided_by_source,13014,12030,984
financial.indicator.equity_parent_ytd_growth,equity_parent_ytd_growth,2007,not_provided_by_source,14483,13241,1242
financial.indicator.equity_parent_ytd_growth,equity_parent_ytd_growth,2008,not_provided_by_source,15481,14542,939
financial.indicator.equity_parent_ytd_growth,equity_parent_ytd_growth,2009,not_provided_by_source,17455,15883,1572
financial.indicator.equity_parent_ytd_growth,equity_parent_ytd_growth,2010,not_provided_by_source,18522,18150,372
financial.indicator.equity_parent_ytd_growth,equity_parent_ytd_growth,2011,not_provided_by_source,21209,19923,1286
financial.indicator.equity_parent_ytd_growth,equity_parent_ytd_growth,2012,not_provided_by_source,22867,21982,885
financial.indicator.equity_parent_ytd_growth,equity_parent_ytd_growth,2013,not_provided_by_source,23933,22952,981
financial.indicator.equity_parent_ytd_growth,equity_parent_ytd_growth,2014,not_provided_by_source,25674,24758,916
financial.indicator.equity_parent_ytd_growth,equity_parent_ytd_growth,2015,not_provided_by_source,27586,26774,812
financial.indicator.equity_parent_ytd_growth,equity_parent_ytd_growth,2016,not_provided_by_source,31074,28590,2484
financial.indicator.equity_parent_ytd_growth,equity_parent_ytd_growth,2017,not_provided_by_source,32844,31273,1571
financial.indicator.equity_parent_ytd_growth,equity_parent_ytd_growth,2018,not_provided_by_source,33975,32651,1324
financial.indicator.equity_parent_ytd_growth,equity_parent_ytd_growth,2019,not_provided_by_source,36005,34324,1681
financial.indicator.equity_parent_ytd_growth,equity_parent_ytd_growth,2020,not_provided_by_source,38841,36877,1964
financial.indicator.equity_parent_ytd_growth,equity_parent_ytd_growth,2021,not_provided_by_source,40961,39435,1526
financial.indicator.equity_parent_ytd_growth,equity_parent_ytd_growth,2022,not_provided_by_source,41878,40950,928
financial.indicator.equity_parent_ytd_growth,equity_parent_ytd_growth,2023,not_provided_by_source,28609,28432,177
financial.indicator.equity_parent_ytd_growth,equity_parent_ytd_growth,2024,not_provided_by_source,24134,23913,221
financial.indicator.equity_parent_ytd_growth,equity_parent_ytd_growth,2025,not_provided_by_source,26352,26262,90
financial.indicator.equity_parent_ytd_growth,equity_parent_ytd_growth,2026,not_provided_by_source,15888,15868,20
financial.indicator.equity_yoy,equity_yoy,1990,not_provided_by_source,284,18,266
financial.indicator.equity_yoy,equity_yoy,1991,not_provided_by_source,372,180,192
financial.indicator.equity_yoy,equity_yoy,1992,not_provided_by_source,626,272,354
financial.indicator.equity_yoy,equity_yoy,1993,not_provided_by_source,1362,582,780
financial.indicator.equity_yoy,equity_yoy,1994,not_provided_by_source,2056,1262,794
financial.indicator.equity_yoy,equity_yoy,1995,not_provided_by_source,2333,2025,308
financial.indicator.equity_yoy,equity_yoy,1996,not_provided_by_source,2899,2319,580
financial.indicator.equity_yoy,equity_yoy,1997,not_provided_by_source,3711,2828,883
financial.indicator.equity_yoy,equity_yoy,1998,not_provided_by_source,3934,3595,339
financial.indicator.equity_yoy,equity_yoy,1999,not_provided_by_source,4456,3900,556
financial.indicator.equity_yoy,equity_yoy,2000,not_provided_by_source,4904,4280,624
financial.indicator.equity_yoy,equity_yoy,2001,not_provided_by_source,5803,4697,1106
financial.indicator.equity_yoy,equity_yoy,2002,not_provided_by_source,10138,5352,4786
financial.indicator.equity_yoy,equity_yoy,2003,not_provided_by_source,11038,9911,1127
financial.indicator.equity_yoy,equity_yoy,2004,not_provided_by_source,11591,10513,1078
financial.indicator.equity_yoy,equity_yoy,2005,not_provided_by_source,11984,11312,672
financial.indicator.equity_yoy,equity_yoy,2006,not_provided_by_source,13014,11650,1364
financial.indicator.equity_yoy,equity_yoy,2007,not_provided_by_source,14483,12480,2003
financial.indicator.equity_yoy,equity_yoy,2008,not_provided_by_source,15481,13909,1572
financial.indicator.equity_yoy,equity_yoy,2009,not_provided_by_source,17455,15019,2436
financial.indicator.equity_yoy,equity_yoy,2010,not_provided_by_source,18522,16046,2476
financial.indicator.equity_yoy,equity_yoy,2011,not_provided_by_source,21209,18083,3126
financial.indicator.equity_yoy,equity_yoy,2012,not_provided_by_source,22867,20929,1938
financial.indicator.equity_yoy,equity_yoy,2013,not_provided_by_source,23933,22516,1417
financial.indicator.equity_yoy,equity_yoy,2014,not_provided_by_source,25674,23567,2107
financial.indicator.equity_yoy,equity_yoy,2015,not_provided_by_source,27586,24725,2861
financial.indicator.equity_yoy,equity_yoy,2016,not_provided_by_source,31074,26404,4670
financial.indicator.equity_yoy,equity_yoy,2017,not_provided_by_source,32844,28693,4151
financial.indicator.equity_yoy,equity_yoy,2018,not_provided_by_source,33975,31477,2498
financial.indicator.equity_yoy,equity_yoy,2019,not_provided_by_source,36005,32827,3178
financial.indicator.equity_yoy,equity_yoy,2020,not_provided_by_source,38841,34231,4610
financial.indicator.equity_yoy,equity_yoy,2021,not_provided_by_source,40961,36725,4236
financial.indicator.equity_yoy,equity_yoy,2022,not_provided_by_source,41878,39114,2764
financial.indicator.equity_yoy,equity_yoy,2023,not_provided_by_source,28609,27556,1053
financial.indicator.equity_yoy,equity_yoy,2024,not_provided_by_source,24134,23679,455
financial.indicator.equity_yoy,equity_yoy,2025,not_provided_by_source,26352,25973,379
financial.indicator.equity_yoy,equity_yoy,2026,not_provided_by_source,15888,15764,124
financial.indicator.expense_of_sales,expense_of_sales,1990,not_provided_by_source,284,70,214
financial.indicator.expense_of_sales,expense_of_sales,1991,not_provided_by_source,372,122,250
financial.indicator.expense_of_sales,expense_of_sales,1992,not_provided_by_source,626,302,324
financial.indicator.expense_of_sales,expense_of_sales,1993,not_provided_by_source,1362,1068,294
financial.indicator.expense_of_sales,expense_of_sales,1994,not_provided_by_source,2056,1093,963
financial.indicator.expense_of_sales,expense_of_sales,1995,not_provided_by_source,2333,1693,640
financial.indicator.expense_of_sales,expense_of_sales,1996,not_provided_by_source,2899,2049,850
financial.indicator.expense_of_sales,expense_of_sales,1997,not_provided_by_source,3711,2346,1365
financial.indicator.expense_of_sales,expense_of_sales,1998,not_provided_by_source,3934,3916,18
financial.indicator.expense_of_sales,expense_of_sales,1999,not_provided_by_source,4456,4422,34
financial.indicator.expense_of_sales,expense_of_sales,2000,not_provided_by_source,4904,4860,44
financial.indicator.expense_of_sales,expense_of_sales,2001,not_provided_by_source,5803,5647,156
financial.indicator.expense_of_sales,expense_of_sales,2002,not_provided_by_source,10138,9638,500
financial.indicator.expense_of_sales,expense_of_sales,2003,not_provided_by_source,11038,10890,148
financial.indicator.expense_of_sales,expense_of_sales,2004,not_provided_by_source,11591,11379,212
financial.indicator.expense_of_sales,expense_of_sales,2005,not_provided_by_source,11984,11694,290
financial.indicator.expense_of_sales,expense_of_sales,2006,not_provided_by_source,13014,12663,351
financial.indicator.expense_of_sales,expense_of_sales,2007,not_provided_by_source,14483,14040,443
financial.indicator.expense_of_sales,expense_of_sales,2008,not_provided_by_source,15481,14927,554
financial.indicator.expense_of_sales,expense_of_sales,2009,not_provided_by_source,17455,16769,686
financial.indicator.expense_of_sales,expense_of_sales,2010,not_provided_by_source,18522,17760,762
financial.indicator.expense_of_sales,expense_of_sales,2011,not_provided_by_source,21209,20368,841
financial.indicator.expense_of_sales,expense_of_sales,2012,not_provided_by_source,22867,21923,944
financial.indicator.expense_of_sales,expense_of_sales,2013,not_provided_by_source,23933,23026,907
financial.indicator.expense_of_sales,expense_of_sales,2014,not_provided_by_source,25674,24796,878
financial.indicator.expense_of_sales,expense_of_sales,2015,not_provided_by_source,27586,26661,925
financial.indicator.expense_of_sales,expense_of_sales,2016,not_provided_by_source,31074,30108,966
financial.indicator.expense_of_sales,expense_of_sales,2017,not_provided_by_source,32844,31937,907
financial.indicator.expense_of_sales,expense_of_sales,2018,not_provided_by_source,33975,33037,938
financial.indicator.expense_of_sales,expense_of_sales,2019,not_provided_by_source,36005,35047,958
financial.indicator.expense_of_sales,expense_of_sales,2020,not_provided_by_source,38841,37918,923
financial.indicator.expense_of_sales,expense_of_sales,2021,not_provided_by_source,40961,39877,1084
financial.indicator.expense_of_sales,expense_of_sales,2022,not_provided_by_source,41878,40881,997
financial.indicator.expense_of_sales,expense_of_sales,2023,not_provided_by_source,28609,27949,660
financial.indicator.expense_of_sales,expense_of_sales,2024,not_provided_by_source,24134,23623,511
financial.indicator.expense_of_sales,expense_of_sales,2025,not_provided_by_source,26352,25852,500
financial.indicator.expense_of_sales,expense_of_sales,2026,not_provided_by_source,15888,15691,197
financial.indicator.extra_item,extra_item,1990,not_provided_by_source,284,0,284
financial.indicator.extra_item,extra_item,1991,not_provided_by_source,372,0,372
financial.indicator.extra_item,extra_item,1992,not_provided_by_source,626,0,626
financial.indicator.extra_item,extra_item,1993,not_provided_by_source,1362,0,1362
financial.indicator.extra_item,extra_item,1994,not_provided_by_source,2056,0,2056
financial.indicator.extra_item,extra_item,1995,not_provided_by_source,2333,0,2333
financial.indicator.extra_item,extra_item,1996,not_provided_by_source,2899,0,2899
financial.indicator.extra_item,extra_item,1997,not_provided_by_source,3711,2,3709
financial.indicator.extra_item,extra_item,1998,not_provided_by_source,3934,12,3922
financial.indicator.extra_item,extra_item,1999,not_provided_by_source,4456,26,4430
financial.indicator.extra_item,extra_item,2000,not_provided_by_source,4904,3850,1054
financial.indicator.extra_item,extra_item,2001,not_provided_by_source,5803,4669,1134
financial.indicator.extra_item,extra_item,2002,not_provided_by_source,10138,7311,2827
financial.indicator.extra_item,extra_item,2003,not_provided_by_source,11038,7169,3869
financial.indicator.extra_item,extra_item,2004,not_provided_by_source,11591,11196,395
financial.indicator.extra_item,extra_item,2005,not_provided_by_source,11984,11313,671
financial.indicator.extra_item,extra_item,2006,not_provided_by_source,13014,12016,998
financial.indicator.extra_item,extra_item,2007,not_provided_by_source,14483,13537,946
financial.indicator.extra_item,extra_item,2008,not_provided_by_source,15481,14719,762
financial.indicator.extra_item,extra_item,2009,not_provided_by_source,17455,15723,1732
financial.indicator.extra_item,extra_item,2010,not_provided_by_source,18522,17637,885
financial.indicator.extra_item,extra_item,2011,not_provided_by_source,21209,20419,790
financial.indicator.extra_item,extra_item,2012,not_provided_by_source,22867,21988,879
financial.indicator.extra_item,extra_item,2013,not_provided_by_source,23933,23143,790
financial.indicator.extra_item,extra_item,2014,not_provided_by_source,25674,24670,1004
financial.indicator.extra_item,extra_item,2015,not_provided_by_source,27586,26509,1077
financial.indicator.extra_item,extra_item,2016,not_provided_by_source,31074,29091,1983
financial.indicator.extra_item,extra_item,2017,not_provided_by_source,32844,31794,1050
financial.indicator.extra_item,extra_item,2018,not_provided_by_source,33975,33368,607
financial.indicator.extra_item,extra_item,2019,not_provided_by_source,36005,34961,1044
financial.indicator.extra_item,extra_item,2020,not_provided_by_source,38841,37353,1488
financial.indicator.extra_item,extra_item,2021,not_provided_by_source,40961,39913,1048
financial.indicator.extra_item,extra_item,2022,not_provided_by_source,41878,41281,597
financial.indicator.extra_item,extra_item,2023,not_provided_by_source,28609,27814,795
financial.indicator.extra_item,extra_item,2024,not_provided_by_source,24134,23671,463
financial.indicator.extra_item,extra_item,2025,not_provided_by_source,26352,25667,685
financial.indicator.extra_item,extra_item,2026,not_provided_by_source,15888,15423,465
financial.indicator.fa_turn,fa_turn,1990,not_provided_by_source,284,0,284
financial.indicator.fa_turn,fa_turn,1991,not_provided_by_source,372,6,366
financial.indicator.fa_turn,fa_turn,1992,not_provided_by_source,626,6,620
financial.indicator.fa_turn,fa_turn,1993,not_provided_by_source,1362,8,1354
financial.indicator.fa_turn,fa_turn,1994,not_provided_by_source,2056,2,2054
financial.indicator.fa_turn,fa_turn,1995,not_provided_by_source,2333,2,2331
financial.indicator.fa_turn,fa_turn,1996,not_provided_by_source,2899,4,2895
financial.indicator.fa_turn,fa_turn,1997,not_provided_by_source,3711,4,3707
financial.indicator.fa_turn,fa_turn,1998,not_provided_by_source,3934,4,3930
financial.indicator.fa_turn,fa_turn,1999,not_provided_by_source,4456,30,4426
financial.indicator.fa_turn,fa_turn,2000,not_provided_by_source,4904,186,4718
financial.indicator.fa_turn,fa_turn,2001,not_provided_by_source,5803,640,5163
financial.indicator.fa_turn,fa_turn,2002,not_provided_by_source,10138,9375,763
financial.indicator.fa_turn,fa_turn,2003,not_provided_by_source,11038,9978,1060
financial.indicator.fa_turn,fa_turn,2004,not_provided_by_source,11591,11057,534
financial.indicator.fa_turn,fa_turn,2005,not_provided_by_source,11984,11461,523
financial.indicator.fa_turn,fa_turn,2006,not_provided_by_source,13014,6060,6954
financial.indicator.fa_turn,fa_turn,2007,not_provided_by_source,14483,14138,345
financial.indicator.fa_turn,fa_turn,2008,not_provided_by_source,15481,15057,424
financial.indicator.fa_turn,fa_turn,2009,not_provided_by_source,17455,16908,547
financial.indicator.fa_turn,fa_turn,2010,not_provided_by_source,18522,17857,665
financial.indicator.fa_turn,fa_turn,2011,not_provided_by_source,21209,20442,767
financial.indicator.fa_turn,fa_turn,2012,not_provided_by_source,22867,22001,866
financial.indicator.fa_turn,fa_turn,2013,not_provided_by_source,23933,23101,832
financial.indicator.fa_turn,fa_turn,2014,not_provided_by_source,25674,24827,847
financial.indicator.fa_turn,fa_turn,2015,not_provided_by_source,27586,26685,901
financial.indicator.fa_turn,fa_turn,2016,not_provided_by_source,31074,30123,951
financial.indicator.fa_turn,fa_turn,2017,not_provided_by_source,32844,31960,884
financial.indicator.fa_turn,fa_turn,2018,not_provided_by_source,33975,33074,901
financial.indicator.fa_turn,fa_turn,2019,not_provided_by_source,36005,35129,876
financial.indicator.fa_turn,fa_turn,2020,not_provided_by_source,38841,37971,870
financial.indicator.fa_turn,fa_turn,2021,not_provided_by_source,40961,40087,874
financial.indicator.fa_turn,fa_turn,2022,not_provided_by_source,41878,41045,833
financial.indicator.fa_turn,fa_turn,2023,not_provided_by_source,28609,28047,562
financial.indicator.fa_turn,fa_turn,2024,not_provided_by_source,24134,23663,471
financial.indicator.fa_turn,fa_turn,2025,not_provided_by_source,26352,25871,481
financial.indicator.fa_turn,fa_turn,2026,not_provided_by_source,15888,15683,205
financial.indicator.fcfe,fcfe,1990,not_provided_by_source,284,0,284
financial.indicator.fcfe,fcfe,1991,not_provided_by_source,372,0,372
financial.indicator.fcfe,fcfe,1992,not_provided_by_source,626,0,626
financial.indicator.fcfe,fcfe,1993,not_provided_by_source,1362,0,1362
financial.indicator.fcfe,fcfe,1994,not_provided_by_source,2056,0,2056
financial.indicator.fcfe,fcfe,1995,not_provided_by_source,2333,0,2333
financial.indicator.fcfe,fcfe,1996,not_provided_by_source,2899,2,2897
financial.indicator.fcfe,fcfe,1997,not_provided_by_source,3711,10,3701
financial.indicator.fcfe,fcfe,1998,not_provided_by_source,3934,2275,1659
financial.indicator.fcfe,fcfe,1999,not_provided_by_source,4456,2731,1725
financial.indicator.fcfe,fcfe,2000,not_provided_by_source,4904,4418,486
financial.indicator.fcfe,fcfe,2001,not_provided_by_source,5803,4710,1093
financial.indicator.fcfe,fcfe,2002,not_provided_by_source,10138,5093,5045
financial.indicator.fcfe,fcfe,2003,not_provided_by_source,11038,10084,954
financial.indicator.fcfe,fcfe,2004,not_provided_by_source,11591,10756,835
financial.indicator.fcfe,fcfe,2005,not_provided_by_source,11984,11271,713
financial.indicator.fcfe,fcfe,2006,not_provided_by_source,13014,8741,4273
financial.indicator.fcfe,fcfe,2007,not_provided_by_source,14483,12916,1567
financial.indicator.fcfe,fcfe,2008,not_provided_by_source,15481,14146,1335
financial.indicator.fcfe,fcfe,2009,not_provided_by_source,17455,15508,1947
financial.indicator.fcfe,fcfe,2010,not_provided_by_source,18522,17633,889
financial.indicator.fcfe,fcfe,2011,not_provided_by_source,21209,19360,1849
financial.indicator.fcfe,fcfe,2012,not_provided_by_source,22867,21448,1419
financial.indicator.fcfe,fcfe,2013,not_provided_by_source,23933,22554,1379
financial.indicator.fcfe,fcfe,2014,not_provided_by_source,25674,24368,1306
financial.indicator.fcfe,fcfe,2015,not_provided_by_source,27586,26290,1296
financial.indicator.fcfe,fcfe,2016,not_provided_by_source,31074,27797,3277
financial.indicator.fcfe,fcfe,2017,not_provided_by_source,32844,30446,2398
financial.indicator.fcfe,fcfe,2018,not_provided_by_source,33975,32042,1933
financial.indicator.fcfe,fcfe,2019,not_provided_by_source,36005,33608,2397
financial.indicator.fcfe,fcfe,2020,not_provided_by_source,38841,36057,2784
financial.indicator.fcfe,fcfe,2021,not_provided_by_source,40961,38780,2181
financial.indicator.fcfe,fcfe,2022,not_provided_by_source,41878,40044,1834
financial.indicator.fcfe,fcfe,2023,not_provided_by_source,28609,27157,1452
financial.indicator.fcfe,fcfe,2024,not_provided_by_source,24134,21455,2679
financial.indicator.fcfe,fcfe,2025,not_provided_by_source,26352,20954,5398
financial.indicator.fcfe,fcfe,2026,not_provided_by_source,15888,14367,1521
financial.indicator.fcfe_ps,fcfe_ps,1990,not_provided_by_source,284,0,284
financial.indicator.fcfe_ps,fcfe_ps,1991,not_provided_by_source,372,0,372
financial.indicator.fcfe_ps,fcfe_ps,1992,not_provided_by_source,626,0,626
financial.indicator.fcfe_ps,fcfe_ps,1993,not_provided_by_source,1362,0,1362
financial.indicator.fcfe_ps,fcfe_ps,1994,not_provided_by_source,2056,0,2056
financial.indicator.fcfe_ps,fcfe_ps,1995,not_provided_by_source,2333,0,2333
financial.indicator.fcfe_ps,fcfe_ps,1996,not_provided_by_source,2899,2,2897
financial.indicator.fcfe_ps,fcfe_ps,1997,not_provided_by_source,3711,10,3701
financial.indicator.fcfe_ps,fcfe_ps,1998,not_provided_by_source,3934,2273,1661
financial.indicator.fcfe_ps,fcfe_ps,1999,not_provided_by_source,4456,2729,1727
financial.indicator.fcfe_ps,fcfe_ps,2000,not_provided_by_source,4904,4416,488
financial.indicator.fcfe_ps,fcfe_ps,2001,not_provided_by_source,5803,4696,1107
financial.indicator.fcfe_ps,fcfe_ps,2002,not_provided_by_source,10138,5083,5055
financial.indicator.fcfe_ps,fcfe_ps,2003,not_provided_by_source,11038,10051,987
financial.indicator.fcfe_ps,fcfe_ps,2004,not_provided_by_source,11591,10737,854
financial.indicator.fcfe_ps,fcfe_ps,2005,not_provided_by_source,11984,11253,731
financial.indicator.fcfe_ps,fcfe_ps,2006,not_provided_by_source,13014,8697,4317
financial.indicator.fcfe_ps,fcfe_ps,2007,not_provided_by_source,14483,12890,1593
financial.indicator.fcfe_ps,fcfe_ps,2008,not_provided_by_source,15481,14117,1364
financial.indicator.fcfe_ps,fcfe_ps,2009,not_provided_by_source,17455,15409,2046
financial.indicator.fcfe_ps,fcfe_ps,2010,not_provided_by_source,18522,17613,909
financial.indicator.fcfe_ps,fcfe_ps,2011,not_provided_by_source,21209,19342,1867
financial.indicator.fcfe_ps,fcfe_ps,2012,not_provided_by_source,22867,21416,1451
financial.indicator.fcfe_ps,fcfe_ps,2013,not_provided_by_source,23933,22474,1459
financial.indicator.fcfe_ps,fcfe_ps,2014,not_provided_by_source,25674,24162,1512
financial.indicator.fcfe_ps,fcfe_ps,2015,not_provided_by_source,27586,25860,1726
financial.indicator.fcfe_ps,fcfe_ps,2016,not_provided_by_source,31074,27655,3419
financial.indicator.fcfe_ps,fcfe_ps,2017,not_provided_by_source,32844,30343,2501
financial.indicator.fcfe_ps,fcfe_ps,2018,not_provided_by_source,33975,32011,1964
financial.indicator.fcfe_ps,fcfe_ps,2019,not_provided_by_source,36005,33568,2437
financial.indicator.fcfe_ps,fcfe_ps,2020,not_provided_by_source,38841,36037,2804
financial.indicator.fcfe_ps,fcfe_ps,2021,not_provided_by_source,40961,38590,2371
financial.indicator.fcfe_ps,fcfe_ps,2022,not_provided_by_source,41878,39907,1971
financial.indicator.fcfe_ps,fcfe_ps,2023,not_provided_by_source,28609,27074,1535
financial.indicator.fcfe_ps,fcfe_ps,2024,not_provided_by_source,24134,21383,2751
financial.indicator.fcfe_ps,fcfe_ps,2025,not_provided_by_source,26352,20922,5430
financial.indicator.fcfe_ps,fcfe_ps,2026,not_provided_by_source,15888,14365,1523
financial.indicator.fcff,fcff,1990,not_provided_by_source,284,0,284
financial.indicator.fcff,fcff,1991,not_provided_by_source,372,0,372
financial.indicator.fcff,fcff,1992,not_provided_by_source,626,0,626
financial.indicator.fcff,fcff,1993,not_provided_by_source,1362,0,1362
financial.indicator.fcff,fcff,1994,not_provided_by_source,2056,0,2056
financial.indicator.fcff,fcff,1995,not_provided_by_source,2333,0,2333
financial.indicator.fcff,fcff,1996,not_provided_by_source,2899,2,2897
financial.indicator.fcff,fcff,1997,not_provided_by_source,3711,10,3701
financial.indicator.fcff,fcff,1998,not_provided_by_source,3934,2275,1659
financial.indicator.fcff,fcff,1999,not_provided_by_source,4456,2731,1725
financial.indicator.fcff,fcff,2000,not_provided_by_source,4904,4418,486
financial.indicator.fcff,fcff,2001,not_provided_by_source,5803,4710,1093
financial.indicator.fcff,fcff,2002,not_provided_by_source,10138,5093,5045
financial.indicator.fcff,fcff,2003,not_provided_by_source,11038,10084,954
financial.indicator.fcff,fcff,2004,not_provided_by_source,11591,10756,835
financial.indicator.fcff,fcff,2005,not_provided_by_source,11984,11271,713
financial.indicator.fcff,fcff,2006,not_provided_by_source,13014,8757,4257
financial.indicator.fcff,fcff,2007,not_provided_by_source,14483,12966,1517
financial.indicator.fcff,fcff,2008,not_provided_by_source,15481,14226,1255
financial.indicator.fcff,fcff,2009,not_provided_by_source,17455,15591,1864
financial.indicator.fcff,fcff,2010,not_provided_by_source,18522,17728,794
financial.indicator.fcff,fcff,2011,not_provided_by_source,21209,19467,1742
financial.indicator.fcff,fcff,2012,not_provided_by_source,22867,21561,1306
financial.indicator.fcff,fcff,2013,not_provided_by_source,23933,22672,1261
financial.indicator.fcff,fcff,2014,not_provided_by_source,25674,24499,1175
financial.indicator.fcff,fcff,2015,not_provided_by_source,27586,26436,1150
financial.indicator.fcff,fcff,2016,not_provided_by_source,31074,27962,3112
financial.indicator.fcff,fcff,2017,not_provided_by_source,32844,30627,2217
financial.indicator.fcff,fcff,2018,not_provided_by_source,33975,32233,1742
financial.indicator.fcff,fcff,2019,not_provided_by_source,36005,33802,2203
financial.indicator.fcff,fcff,2020,not_provided_by_source,38841,36247,2594
financial.indicator.fcff,fcff,2021,not_provided_by_source,40961,38972,1989
financial.indicator.fcff,fcff,2022,not_provided_by_source,41878,40231,1647
financial.indicator.fcff,fcff,2023,not_provided_by_source,28609,27157,1452
financial.indicator.fcff,fcff,2024,not_provided_by_source,24134,21455,2679
financial.indicator.fcff,fcff,2025,not_provided_by_source,26352,20954,5398
financial.indicator.fcff,fcff,2026,not_provided_by_source,15888,14367,1521
financial.indicator.fcff_ps,fcff_ps,1990,not_provided_by_source,284,0,284
financial.indicator.fcff_ps,fcff_ps,1991,not_provided_by_source,372,0,372
financial.indicator.fcff_ps,fcff_ps,1992,not_provided_by_source,626,0,626
financial.indicator.fcff_ps,fcff_ps,1993,not_provided_by_source,1362,0,1362
financial.indicator.fcff_ps,fcff_ps,1994,not_provided_by_source,2056,0,2056
financial.indicator.fcff_ps,fcff_ps,1995,not_provided_by_source,2333,0,2333
financial.indicator.fcff_ps,fcff_ps,1996,not_provided_by_source,2899,2,2897
financial.indicator.fcff_ps,fcff_ps,1997,not_provided_by_source,3711,10,3701
financial.indicator.fcff_ps,fcff_ps,1998,not_provided_by_source,3934,2273,1661
financial.indicator.fcff_ps,fcff_ps,1999,not_provided_by_source,4456,2729,1727
financial.indicator.fcff_ps,fcff_ps,2000,not_provided_by_source,4904,4416,488
financial.indicator.fcff_ps,fcff_ps,2001,not_provided_by_source,5803,4696,1107
financial.indicator.fcff_ps,fcff_ps,2002,not_provided_by_source,10138,5083,5055
financial.indicator.fcff_ps,fcff_ps,2003,not_provided_by_source,11038,10051,987
financial.indicator.fcff_ps,fcff_ps,2004,not_provided_by_source,11591,10737,854
financial.indicator.fcff_ps,fcff_ps,2005,not_provided_by_source,11984,11253,731
financial.indicator.fcff_ps,fcff_ps,2006,not_provided_by_source,13014,8697,4317
financial.indicator.fcff_ps,fcff_ps,2007,not_provided_by_source,14483,12890,1593
financial.indicator.fcff_ps,fcff_ps,2008,not_provided_by_source,15481,14117,1364
financial.indicator.fcff_ps,fcff_ps,2009,not_provided_by_source,17455,15409,2046
financial.indicator.fcff_ps,fcff_ps,2010,not_provided_by_source,18522,17613,909
financial.indicator.fcff_ps,fcff_ps,2011,not_provided_by_source,21209,19342,1867
financial.indicator.fcff_ps,fcff_ps,2012,not_provided_by_source,22867,21416,1451
financial.indicator.fcff_ps,fcff_ps,2013,not_provided_by_source,23933,22474,1459
financial.indicator.fcff_ps,fcff_ps,2014,not_provided_by_source,25674,24162,1512
financial.indicator.fcff_ps,fcff_ps,2015,not_provided_by_source,27586,25860,1726
financial.indicator.fcff_ps,fcff_ps,2016,not_provided_by_source,31074,27655,3419
financial.indicator.fcff_ps,fcff_ps,2017,not_provided_by_source,32844,30343,2501
financial.indicator.fcff_ps,fcff_ps,2018,not_provided_by_source,33975,32011,1964
financial.indicator.fcff_ps,fcff_ps,2019,not_provided_by_source,36005,33568,2437
financial.indicator.fcff_ps,fcff_ps,2020,not_provided_by_source,38841,36037,2804
financial.indicator.fcff_ps,fcff_ps,2021,not_provided_by_source,40961,38590,2371
financial.indicator.fcff_ps,fcff_ps,2022,not_provided_by_source,41878,39907,1971
financial.indicator.fcff_ps,fcff_ps,2023,not_provided_by_source,28609,27074,1535
financial.indicator.fcff_ps,fcff_ps,2024,not_provided_by_source,24134,21383,2751
financial.indicator.fcff_ps,fcff_ps,2025,not_provided_by_source,26352,20922,5430
financial.indicator.fcff_ps,fcff_ps,2026,not_provided_by_source,15888,14365,1523
financial.indicator.finaexp_of_gr,finaexp_of_gr,1990,not_provided_by_source,284,58,226
financial.indicator.finaexp_of_gr,finaexp_of_gr,1991,not_provided_by_source,372,102,270
financial.indicator.finaexp_of_gr,finaexp_of_gr,1992,not_provided_by_source,626,238,388
financial.indicator.finaexp_of_gr,finaexp_of_gr,1993,not_provided_by_source,1362,1044,318
financial.indicator.finaexp_of_gr,finaexp_of_gr,1994,not_provided_by_source,2056,1079,977
financial.indicator.finaexp_of_gr,finaexp_of_gr,1995,not_provided_by_source,2333,1679,654
financial.indicator.finaexp_of_gr,finaexp_of_gr,1996,not_provided_by_source,2899,2041,858
financial.indicator.finaexp_of_gr,finaexp_of_gr,1997,not_provided_by_source,3711,2340,1371
financial.indicator.finaexp_of_gr,finaexp_of_gr,1998,not_provided_by_source,3934,3910,24
financial.indicator.finaexp_of_gr,finaexp_of_gr,1999,not_provided_by_source,4456,4422,34
financial.indicator.finaexp_of_gr,finaexp_of_gr,2000,not_provided_by_source,4904,4860,44
financial.indicator.finaexp_of_gr,finaexp_of_gr,2001,not_provided_by_source,5803,5647,156
financial.indicator.finaexp_of_gr,finaexp_of_gr,2002,not_provided_by_source,10138,9636,502
financial.indicator.finaexp_of_gr,finaexp_of_gr,2003,not_provided_by_source,11038,10890,148
financial.indicator.finaexp_of_gr,finaexp_of_gr,2004,not_provided_by_source,11591,11377,214
financial.indicator.finaexp_of_gr,finaexp_of_gr,2005,not_provided_by_source,11984,11694,290
financial.indicator.finaexp_of_gr,finaexp_of_gr,2006,not_provided_by_source,13014,12658,356
financial.indicator.finaexp_of_gr,finaexp_of_gr,2007,not_provided_by_source,14483,14026,457
financial.indicator.finaexp_of_gr,finaexp_of_gr,2008,not_provided_by_source,15481,14919,562
financial.indicator.finaexp_of_gr,finaexp_of_gr,2009,not_provided_by_source,17455,16767,688
financial.indicator.finaexp_of_gr,finaexp_of_gr,2010,not_provided_by_source,18522,17760,762
financial.indicator.finaexp_of_gr,finaexp_of_gr,2011,not_provided_by_source,21209,20368,841
financial.indicator.finaexp_of_gr,finaexp_of_gr,2012,not_provided_by_source,22867,21919,948
financial.indicator.finaexp_of_gr,finaexp_of_gr,2013,not_provided_by_source,23933,23020,913
financial.indicator.finaexp_of_gr,finaexp_of_gr,2014,not_provided_by_source,25674,24796,878
financial.indicator.finaexp_of_gr,finaexp_of_gr,2015,not_provided_by_source,27586,26655,931
financial.indicator.finaexp_of_gr,finaexp_of_gr,2016,not_provided_by_source,31074,30100,974
financial.indicator.finaexp_of_gr,finaexp_of_gr,2017,not_provided_by_source,32844,31935,909
financial.indicator.finaexp_of_gr,finaexp_of_gr,2018,not_provided_by_source,33975,33037,938
financial.indicator.finaexp_of_gr,finaexp_of_gr,2019,not_provided_by_source,36005,35043,962
financial.indicator.finaexp_of_gr,finaexp_of_gr,2020,not_provided_by_source,38841,37910,931
financial.indicator.finaexp_of_gr,finaexp_of_gr,2021,not_provided_by_source,40961,39865,1096
financial.indicator.finaexp_of_gr,finaexp_of_gr,2022,not_provided_by_source,41878,40873,1005
financial.indicator.finaexp_of_gr,finaexp_of_gr,2023,not_provided_by_source,28609,27943,666
financial.indicator.finaexp_of_gr,finaexp_of_gr,2024,not_provided_by_source,24134,23618,516
financial.indicator.finaexp_of_gr,finaexp_of_gr,2025,not_provided_by_source,26352,25848,504
financial.indicator.finaexp_of_gr,finaexp_of_gr,2026,not_provided_by_source,15888,15580,308
financial.indicator.fixed_assets,fixed_assets,1990,not_provided_by_source,284,108,176
financial.indicator.fixed_assets,fixed_assets,1991,not_provided_by_source,372,194,178
financial.indicator.fixed_assets,fixed_assets,1992,not_provided_by_source,626,530,96
financial.indicator.fixed_assets,fixed_assets,1993,not_provided_by_source,1362,1218,144
financial.indicator.fixed_assets,fixed_assets,1994,not_provided_by_source,2056,1810,246
financial.indicator.fixed_assets,fixed_assets,1995,not_provided_by_source,2333,2327,6
financial.indicator.fixed_assets,fixed_assets,1996,not_provided_by_source,2899,2877,22
financial.indicator.fixed_assets,fixed_assets,1997,not_provided_by_source,3711,3637,74
financial.indicator.fixed_assets,fixed_assets,1998,not_provided_by_source,3934,3916,18
financial.indicator.fixed_assets,fixed_assets,1999,not_provided_by_source,4456,4290,166
financial.indicator.fixed_assets,fixed_assets,2000,not_provided_by_source,4904,4722,182
financial.indicator.fixed_assets,fixed_assets,2001,not_provided_by_source,5803,5337,466
financial.indicator.fixed_assets,fixed_assets,2002,not_provided_by_source,10138,9836,302
financial.indicator.fixed_assets,fixed_assets,2003,not_provided_by_source,11038,10299,739
financial.indicator.fixed_assets,fixed_assets,2004,not_provided_by_source,11591,11266,325
financial.indicator.fixed_assets,fixed_assets,2005,not_provided_by_source,11984,11642,342
financial.indicator.fixed_assets,fixed_assets,2006,not_provided_by_source,13014,12363,651
financial.indicator.fixed_assets,fixed_assets,2007,not_provided_by_source,14483,13910,573
financial.indicator.fixed_assets,fixed_assets,2008,not_provided_by_source,15481,15087,394
financial.indicator.fixed_assets,fixed_assets,2009,not_provided_by_source,17455,16108,1347
financial.indicator.fixed_assets,fixed_assets,2010,not_provided_by_source,18522,18078,444
financial.indicator.fixed_assets,fixed_assets,2011,not_provided_by_source,21209,20895,314
financial.indicator.fixed_assets,fixed_assets,2012,not_provided_by_source,22867,22494,373
financial.indicator.fixed_assets,fixed_assets,2013,not_provided_by_source,23933,23491,442
financial.indicator.fixed_assets,fixed_assets,2014,not_provided_by_source,25674,24988,686
financial.indicator.fixed_assets,fixed_assets,2015,not_provided_by_source,27586,26591,995
financial.indicator.fixed_assets,fixed_assets,2016,not_provided_by_source,31074,28841,2233
financial.indicator.fixed_assets,fixed_assets,2017,not_provided_by_source,32844,31750,1094
financial.indicator.fixed_assets,fixed_assets,2018,not_provided_by_source,33975,33113,862
financial.indicator.fixed_assets,fixed_assets,2019,not_provided_by_source,36005,34432,1573
financial.indicator.fixed_assets,fixed_assets,2020,not_provided_by_source,38841,36867,1974
financial.indicator.fixed_assets,fixed_assets,2021,not_provided_by_source,40961,39414,1547
financial.indicator.fixed_assets,fixed_assets,2022,not_provided_by_source,41878,40744,1134
financial.indicator.fixed_assets,fixed_assets,2023,not_provided_by_source,28609,28298,311
financial.indicator.fixed_assets,fixed_assets,2024,not_provided_by_source,24134,23867,267
financial.indicator.fixed_assets,fixed_assets,2025,not_provided_by_source,26352,26236,116
financial.indicator.fixed_assets,fixed_assets,2026,not_provided_by_source,15888,15805,83
financial.indicator.gc_of_gr,gc_of_gr,1990,not_provided_by_source,284,208,76
financial.indicator.gc_of_gr,gc_of_gr,1991,not_provided_by_source,372,280,92
financial.indicator.gc_of_gr,gc_of_gr,1992,not_provided_by_source,626,444,182
financial.indicator.gc_of_gr,gc_of_gr,1993,not_provided_by_source,1362,1152,210
financial.indicator.gc_of_gr,gc_of_gr,1994,not_provided_by_source,2056,1117,939
financial.indicator.gc_of_gr,gc_of_gr,1995,not_provided_by_source,2333,1703,630
financial.indicator.gc_of_gr,gc_of_gr,1996,not_provided_by_source,2899,2057,842
financial.indicator.gc_of_gr,gc_of_gr,1997,not_provided_by_source,3711,2352,1359
financial.indicator.gc_of_gr,gc_of_gr,1998,not_provided_by_source,3934,3916,18
financial.indicator.gc_of_gr,gc_of_gr,1999,not_provided_by_source,4456,4422,34
financial.indicator.gc_of_gr,gc_of_gr,2000,not_provided_by_source,4904,4860,44
financial.indicator.gc_of_gr,gc_of_gr,2001,not_provided_by_source,5803,5649,154
financial.indicator.gc_of_gr,gc_of_gr,2002,not_provided_by_source,10138,9640,498
financial.indicator.gc_of_gr,gc_of_gr,2003,not_provided_by_source,11038,10890,148
financial.indicator.gc_of_gr,gc_of_gr,2004,not_provided_by_source,11591,11379,212
financial.indicator.gc_of_gr,gc_of_gr,2005,not_provided_by_source,11984,11694,290
financial.indicator.gc_of_gr,gc_of_gr,2006,not_provided_by_source,13014,12665,349
financial.indicator.gc_of_gr,gc_of_gr,2007,not_provided_by_source,14483,14044,439
financial.indicator.gc_of_gr,gc_of_gr,2008,not_provided_by_source,15481,14929,552
financial.indicator.gc_of_gr,gc_of_gr,2009,not_provided_by_source,17455,16769,686
financial.indicator.gc_of_gr,gc_of_gr,2010,not_provided_by_source,18522,17762,760
financial.indicator.gc_of_gr,gc_of_gr,2011,not_provided_by_source,21209,20370,839
financial.indicator.gc_of_gr,gc_of_gr,2012,not_provided_by_source,22867,21925,942
financial.indicator.gc_of_gr,gc_of_gr,2013,not_provided_by_source,23933,23036,897
financial.indicator.gc_of_gr,gc_of_gr,2014,not_provided_by_source,25674,24796,878
financial.indicator.gc_of_gr,gc_of_gr,2015,not_provided_by_source,27586,26661,925
financial.indicator.gc_of_gr,gc_of_gr,2016,not_provided_by_source,31074,30110,964
financial.indicator.gc_of_gr,gc_of_gr,2017,not_provided_by_source,32844,31937,907
financial.indicator.gc_of_gr,gc_of_gr,2018,not_provided_by_source,33975,33037,938
financial.indicator.gc_of_gr,gc_of_gr,2019,not_provided_by_source,36005,35057,948
financial.indicator.gc_of_gr,gc_of_gr,2020,not_provided_by_source,38841,37926,915
financial.indicator.gc_of_gr,gc_of_gr,2021,not_provided_by_source,40961,39906,1055
financial.indicator.gc_of_gr,gc_of_gr,2022,not_provided_by_source,41878,40903,975
financial.indicator.gc_of_gr,gc_of_gr,2023,not_provided_by_source,28609,27962,647
financial.indicator.gc_of_gr,gc_of_gr,2024,not_provided_by_source,24134,23627,507
financial.indicator.gc_of_gr,gc_of_gr,2025,not_provided_by_source,26352,25857,495
financial.indicator.gc_of_gr,gc_of_gr,2026,not_provided_by_source,15888,15694,194
financial.indicator.gross_profit,gross_profit,1990,not_provided_by_source,284,268,16
financial.indicator.gross_profit,gross_profit,1991,not_provided_by_source,372,352,20
financial.indicator.gross_profit,gross_profit,1992,not_provided_by_source,626,508,118
financial.indicator.gross_profit,gross_profit,1993,not_provided_by_source,1362,1294,68
financial.indicator.gross_profit,gross_profit,1994,not_provided_by_source,2056,2043,13
financial.indicator.gross_profit,gross_profit,1995,not_provided_by_source,2333,2317,16
financial.indicator.gross_profit,gross_profit,1996,not_provided_by_source,2899,2885,14
financial.indicator.gross_profit,gross_profit,1997,not_provided_by_source,3711,3699,12
financial.indicator.gross_profit,gross_profit,1998,not_provided_by_source,3934,3922,12
financial.indicator.gross_profit,gross_profit,1999,not_provided_by_source,4456,4432,24
financial.indicator.gross_profit,gross_profit,2000,not_provided_by_source,4904,4864,40
financial.indicator.gross_profit,gross_profit,2001,not_provided_by_source,5803,5729,74
financial.indicator.gross_profit,gross_profit,2002,not_provided_by_source,10138,10022,116
financial.indicator.gross_profit,gross_profit,2003,not_provided_by_source,11038,10912,126
financial.indicator.gross_profit,gross_profit,2004,not_provided_by_source,11591,11391,200
financial.indicator.gross_profit,gross_profit,2005,not_provided_by_source,11984,11698,286
financial.indicator.gross_profit,gross_profit,2006,not_provided_by_source,13014,12712,302
financial.indicator.gross_profit,gross_profit,2007,not_provided_by_source,14483,14085,398
financial.indicator.gross_profit,gross_profit,2008,not_provided_by_source,15481,14977,504
financial.indicator.gross_profit,gross_profit,2009,not_provided_by_source,17455,16834,621
financial.indicator.gross_profit,gross_profit,2010,not_provided_by_source,18522,17822,700
financial.indicator.gross_profit,gross_profit,2011,not_provided_by_source,21209,20418,791
financial.indicator.gross_profit,gross_profit,2012,not_provided_by_source,22867,21972,895
financial.indicator.gross_profit,gross_profit,2013,not_provided_by_source,23933,23092,841
financial.indicator.gross_profit,gross_profit,2014,not_provided_by_source,25674,24819,855
financial.indicator.gross_profit,gross_profit,2015,not_provided_by_source,27586,26679,907
financial.indicator.gross_profit,gross_profit,2016,not_provided_by_source,31074,30129,945
financial.indicator.gross_profit,gross_profit,2017,not_provided_by_source,32844,31951,893
financial.indicator.gross_profit,gross_profit,2018,not_provided_by_source,33975,33046,929
financial.indicator.gross_profit,gross_profit,2019,not_provided_by_source,36005,35090,915
financial.indicator.gross_profit,gross_profit,2020,not_provided_by_source,38841,37951,890
financial.indicator.gross_profit,gross_profit,2021,not_provided_by_source,40961,40067,894
financial.indicator.gross_profit,gross_profit,2022,not_provided_by_source,41878,41008,870
financial.indicator.gross_profit,gross_profit,2023,not_provided_by_source,28609,27993,616
financial.indicator.gross_profit,gross_profit,2024,not_provided_by_source,24134,23618,516
financial.indicator.gross_profit,gross_profit,2025,not_provided_by_source,26352,25838,514
financial.indicator.gross_profit,gross_profit,2026,not_provided_by_source,15888,15576,312
financial.indicator.gross_profit_margin,gross_profit_margin,1990,not_provided_by_source,284,184,100
financial.indicator.gross_profit_margin,gross_profit_margin,1991,not_provided_by_source,372,252,120
financial.indicator.gross_profit_margin,gross_profit_margin,1992,not_provided_by_source,626,418,208
financial.indicator.gross_profit_margin,gross_profit_margin,1993,not_provided_by_source,1362,1138,224
financial.indicator.gross_profit_margin,gross_profit_margin,1994,not_provided_by_source,2056,1103,953
financial.indicator.gross_profit_margin,gross_profit_margin,1995,not_provided_by_source,2333,1701,632
financial.indicator.gross_profit_margin,gross_profit_margin,1996,not_provided_by_source,2899,2053,846
financial.indicator.gross_profit_margin,gross_profit_margin,1997,not_provided_by_source,3711,2346,1365
financial.indicator.gross_profit_margin,gross_profit_margin,1998,not_provided_by_source,3934,3912,22
financial.indicator.gross_profit_margin,gross_profit_margin,1999,not_provided_by_source,4456,4418,38
financial.indicator.gross_profit_margin,gross_profit_margin,2000,not_provided_by_source,4904,4856,48
financial.indicator.gross_profit_margin,gross_profit_margin,2001,not_provided_by_source,5803,5647,156
financial.indicator.gross_profit_margin,gross_profit_margin,2002,not_provided_by_source,10138,9618,520
financial.indicator.gross_profit_margin,gross_profit_margin,2003,not_provided_by_source,11038,10872,166
financial.indicator.gross_profit_margin,gross_profit_margin,2004,not_provided_by_source,11591,11367,224
financial.indicator.gross_profit_margin,gross_profit_margin,2005,not_provided_by_source,11984,11672,312
financial.indicator.gross_profit_margin,gross_profit_margin,2006,not_provided_by_source,13014,12652,362
financial.indicator.gross_profit_margin,gross_profit_margin,2007,not_provided_by_source,14483,14014,469
financial.indicator.gross_profit_margin,gross_profit_margin,2008,not_provided_by_source,15481,14893,588
financial.indicator.gross_profit_margin,gross_profit_margin,2009,not_provided_by_source,17455,16747,708
financial.indicator.gross_profit_margin,gross_profit_margin,2010,not_provided_by_source,18522,17740,782
financial.indicator.gross_profit_margin,gross_profit_margin,2011,not_provided_by_source,21209,20356,853
financial.indicator.gross_profit_margin,gross_profit_margin,2012,not_provided_by_source,22867,21909,958
financial.indicator.gross_profit_margin,gross_profit_margin,2013,not_provided_by_source,23933,23016,917
financial.indicator.gross_profit_margin,gross_profit_margin,2014,not_provided_by_source,25674,24790,884
financial.indicator.gross_profit_margin,gross_profit_margin,2015,not_provided_by_source,27586,26639,947
financial.indicator.gross_profit_margin,gross_profit_margin,2016,not_provided_by_source,31074,30090,984
financial.indicator.gross_profit_margin,gross_profit_margin,2017,not_provided_by_source,32844,31923,921
financial.indicator.gross_profit_margin,gross_profit_margin,2018,not_provided_by_source,33975,33011,964
financial.indicator.gross_profit_margin,gross_profit_margin,2019,not_provided_by_source,36005,35011,994
financial.indicator.gross_profit_margin,gross_profit_margin,2020,not_provided_by_source,38841,37892,949
financial.indicator.gross_profit_margin,gross_profit_margin,2021,not_provided_by_source,40961,39858,1103
financial.indicator.gross_profit_margin,gross_profit_margin,2022,not_provided_by_source,41878,40853,1025
financial.indicator.gross_profit_margin,gross_profit_margin,2023,not_provided_by_source,28609,27917,692
financial.indicator.gross_profit_margin,gross_profit_margin,2024,not_provided_by_source,24134,23601,533
financial.indicator.gross_profit_margin,gross_profit_margin,2025,not_provided_by_source,26352,25828,524
financial.indicator.gross_profit_margin,gross_profit_margin,2026,not_provided_by_source,15888,15574,314
financial.indicator.impai_ttm,impai_ttm,1990,not_provided_by_source,284,0,284
financial.indicator.impai_ttm,impai_ttm,1991,not_provided_by_source,372,0,372
financial.indicator.impai_ttm,impai_ttm,1992,not_provided_by_source,626,0,626
financial.indicator.impai_ttm,impai_ttm,1993,not_provided_by_source,1362,0,1362
financial.indicator.impai_ttm,impai_ttm,1994,not_provided_by_source,2056,0,2056
financial.indicator.impai_ttm,impai_ttm,1995,not_provided_by_source,2333,0,2333
financial.indicator.impai_ttm,impai_ttm,1996,not_provided_by_source,2899,0,2899
financial.indicator.impai_ttm,impai_ttm,1997,not_provided_by_source,3711,0,3711
financial.indicator.impai_ttm,impai_ttm,1998,not_provided_by_source,3934,0,3934
financial.indicator.impai_ttm,impai_ttm,1999,not_provided_by_source,4456,0,4456
financial.indicator.impai_ttm,impai_ttm,2000,not_provided_by_source,4904,0,4904
financial.indicator.impai_ttm,impai_ttm,2001,not_provided_by_source,5803,0,5803
financial.indicator.impai_ttm,impai_ttm,2002,not_provided_by_source,10138,0,10138
financial.indicator.impai_ttm,impai_ttm,2003,not_provided_by_source,11038,6,11032
financial.indicator.impai_ttm,impai_ttm,2004,not_provided_by_source,11591,232,11359
financial.indicator.impai_ttm,impai_ttm,2005,not_provided_by_source,11984,444,11540
financial.indicator.impai_ttm,impai_ttm,2006,not_provided_by_source,13014,8765,4249
financial.indicator.impai_ttm,impai_ttm,2007,not_provided_by_source,14483,11015,3468
financial.indicator.impai_ttm,impai_ttm,2008,not_provided_by_source,15481,13002,2479
financial.indicator.impai_ttm,impai_ttm,2009,not_provided_by_source,17455,14988,2467
financial.indicator.impai_ttm,impai_ttm,2010,not_provided_by_source,18522,16000,2522
financial.indicator.impai_ttm,impai_ttm,2011,not_provided_by_source,21209,18507,2702
financial.indicator.impai_ttm,impai_ttm,2012,not_provided_by_source,22867,20045,2822
financial.indicator.impai_ttm,impai_ttm,2013,not_provided_by_source,23933,21447,2486
financial.indicator.impai_ttm,impai_ttm,2014,not_provided_by_source,25674,23453,2221
financial.indicator.impai_ttm,impai_ttm,2015,not_provided_by_source,27586,25601,1985
financial.indicator.impai_ttm,impai_ttm,2016,not_provided_by_source,31074,29218,1856
financial.indicator.impai_ttm,impai_ttm,2017,not_provided_by_source,32844,31174,1670
financial.indicator.impai_ttm,impai_ttm,2018,not_provided_by_source,33975,32319,1656
financial.indicator.impai_ttm,impai_ttm,2019,not_provided_by_source,36005,25932,10073
financial.indicator.impai_ttm,impai_ttm,2020,not_provided_by_source,38841,24876,13965
financial.indicator.impai_ttm,impai_ttm,2021,not_provided_by_source,40961,29763,11198
financial.indicator.impai_ttm,impai_ttm,2022,not_provided_by_source,41878,31849,10029
financial.indicator.impai_ttm,impai_ttm,2023,not_provided_by_source,28609,22088,6521
financial.indicator.impai_ttm,impai_ttm,2024,not_provided_by_source,24134,19790,4344
financial.indicator.impai_ttm,impai_ttm,2025,not_provided_by_source,26352,22039,4313
financial.indicator.impai_ttm,impai_ttm,2026,not_provided_by_source,15888,13034,2854
financial.indicator.int_to_talcap,int_to_talcap,1990,not_provided_by_source,284,160,124
financial.indicator.int_to_talcap,int_to_talcap,1991,not_provided_by_source,372,234,138
financial.indicator.int_to_talcap,int_to_talcap,1992,not_provided_by_source,626,572,54
financial.indicator.int_to_talcap,int_to_talcap,1993,not_provided_by_source,1362,1254,108
financial.indicator.int_to_talcap,int_to_talcap,1994,not_provided_by_source,2056,2006,50
financial.indicator.int_to_talcap,int_to_talcap,1995,not_provided_by_source,2333,2317,16
financial.indicator.int_to_talcap,int_to_talcap,1996,not_provided_by_source,2899,2869,30
financial.indicator.int_to_talcap,int_to_talcap,1997,not_provided_by_source,3711,3625,86
financial.indicator.int_to_talcap,int_to_talcap,1998,not_provided_by_source,3934,3904,30
financial.indicator.int_to_talcap,int_to_talcap,1999,not_provided_by_source,4456,4272,184
financial.indicator.int_to_talcap,int_to_talcap,2000,not_provided_by_source,4904,4700,204
financial.indicator.int_to_talcap,int_to_talcap,2001,not_provided_by_source,5803,5323,480
financial.indicator.int_to_talcap,int_to_talcap,2002,not_provided_by_source,10138,9860,278
financial.indicator.int_to_talcap,int_to_talcap,2003,not_provided_by_source,11038,10179,859
financial.indicator.int_to_talcap,int_to_talcap,2004,not_provided_by_source,11591,11100,491
financial.indicator.int_to_talcap,int_to_talcap,2005,not_provided_by_source,11984,11412,572
financial.indicator.int_to_talcap,int_to_talcap,2006,not_provided_by_source,13014,11912,1102
financial.indicator.int_to_talcap,int_to_talcap,2007,not_provided_by_source,14483,13264,1219
financial.indicator.int_to_talcap,int_to_talcap,2008,not_provided_by_source,15481,14345,1136
financial.indicator.int_to_talcap,int_to_talcap,2009,not_provided_by_source,17455,15368,2087
financial.indicator.int_to_talcap,int_to_talcap,2010,not_provided_by_source,18522,17317,1205
financial.indicator.int_to_talcap,int_to_talcap,2011,not_provided_by_source,21209,20104,1105
financial.indicator.int_to_talcap,int_to_talcap,2012,not_provided_by_source,22867,21710,1157
financial.indicator.int_to_talcap,int_to_talcap,2013,not_provided_by_source,23933,22807,1126
financial.indicator.int_to_talcap,int_to_talcap,2014,not_provided_by_source,25674,24354,1320
financial.indicator.int_to_talcap,int_to_talcap,2015,not_provided_by_source,27586,26020,1566
financial.indicator.int_to_talcap,int_to_talcap,2016,not_provided_by_source,31074,28204,2870
financial.indicator.int_to_talcap,int_to_talcap,2017,not_provided_by_source,32844,31057,1787
financial.indicator.int_to_talcap,int_to_talcap,2018,not_provided_by_source,33975,32251,1724
financial.indicator.int_to_talcap,int_to_talcap,2019,not_provided_by_source,36005,33470,2535
financial.indicator.int_to_talcap,int_to_talcap,2020,not_provided_by_source,38841,35868,2973
financial.indicator.int_to_talcap,int_to_talcap,2021,not_provided_by_source,40961,38385,2576
financial.indicator.int_to_talcap,int_to_talcap,2022,not_provided_by_source,41878,39894,1984
financial.indicator.int_to_talcap,int_to_talcap,2023,not_provided_by_source,28609,27661,948
financial.indicator.int_to_talcap,int_to_talcap,2024,not_provided_by_source,24134,23245,889
financial.indicator.int_to_talcap,int_to_talcap,2025,not_provided_by_source,26352,25589,763
financial.indicator.int_to_talcap,int_to_talcap,2026,not_provided_by_source,15888,15504,384
financial.indicator.interest_expense,interest_expense,1990,not_provided_by_source,284,0,284
financial.indicator.interest_expense,interest_expense,1991,not_provided_by_source,372,0,372
financial.indicator.interest_expense,interest_expense,1992,not_provided_by_source,626,0,626
financial.indicator.interest_expense,interest_expense,1993,not_provided_by_source,1362,0,1362
financial.indicator.interest_expense,interest_expense,1994,not_provided_by_source,2056,0,2056
financial.indicator.interest_expense,interest_expense,1995,not_provided_by_source,2333,0,2333
financial.indicator.interest_expense,interest_expense,1996,not_provided_by_source,2899,0,2899
financial.indicator.interest_expense,interest_expense,1997,not_provided_by_source,3711,0,3711
financial.indicator.interest_expense,interest_expense,1998,not_provided_by_source,3934,6,3928
financial.indicator.interest_expense,interest_expense,1999,not_provided_by_source,4456,1864,2592
financial.indicator.interest_expense,interest_expense,2000,not_provided_by_source,4904,4130,774
financial.indicator.interest_expense,interest_expense,2001,not_provided_by_source,5803,4397,1406
financial.indicator.interest_expense,interest_expense,2002,not_provided_by_source,10138,4812,5326
financial.indicator.interest_expense,interest_expense,2003,not_provided_by_source,11038,5303,5735
financial.indicator.interest_expense,interest_expense,2004,not_provided_by_source,11591,5805,5786
financial.indicator.interest_expense,interest_expense,2005,not_provided_by_source,11984,5938,6046
financial.indicator.interest_expense,interest_expense,2006,not_provided_by_source,13014,6336,6678
financial.indicator.interest_expense,interest_expense,2007,not_provided_by_source,14483,5523,8960
financial.indicator.interest_expense,interest_expense,2008,not_provided_by_source,15481,6143,9338
financial.indicator.interest_expense,interest_expense,2009,not_provided_by_source,17455,6025,11430
financial.indicator.interest_expense,interest_expense,2010,not_provided_by_source,18522,7447,11075
financial.indicator.interest_expense,interest_expense,2011,not_provided_by_source,21209,9681,11528
financial.indicator.interest_expense,interest_expense,2012,not_provided_by_source,22867,8790,14077
financial.indicator.interest_expense,interest_expense,2013,not_provided_by_source,23933,11691,12242
financial.indicator.interest_expense,interest_expense,2014,not_provided_by_source,25674,13019,12655
financial.indicator.interest_expense,interest_expense,2015,not_provided_by_source,27586,14089,13497
financial.indicator.interest_expense,interest_expense,2016,not_provided_by_source,31074,16247,14827
financial.indicator.interest_expense,interest_expense,2017,not_provided_by_source,32844,17456,15388
financial.indicator.interest_expense,interest_expense,2018,not_provided_by_source,33975,24212,9763
financial.indicator.interest_expense,interest_expense,2019,not_provided_by_source,36005,32148,3857
financial.indicator.interest_expense,interest_expense,2020,not_provided_by_source,38841,34756,4085
financial.indicator.interest_expense,interest_expense,2021,not_provided_by_source,40961,37122,3839
financial.indicator.interest_expense,interest_expense,2022,not_provided_by_source,41878,38814,3064
financial.indicator.interest_expense,interest_expense,2023,not_provided_by_source,28609,26514,2095
financial.indicator.interest_expense,interest_expense,2024,not_provided_by_source,24134,22751,1383
financial.indicator.interest_expense,interest_expense,2025,not_provided_by_source,26352,24887,1465
financial.indicator.interest_expense,interest_expense,2026,not_provided_by_source,15888,15097,791
financial.indicator.interestdebt,interestdebt,1990,not_provided_by_source,284,176,108
financial.indicator.interestdebt,interestdebt,1991,not_provided_by_source,372,262,110
financial.indicator.interestdebt,interestdebt,1992,not_provided_by_source,626,578,48
financial.indicator.interestdebt,interestdebt,1993,not_provided_by_source,1362,1270,92
financial.indicator.interestdebt,interestdebt,1994,not_provided_by_source,2056,2020,36
financial.indicator.interestdebt,interestdebt,1995,not_provided_by_source,2333,2319,14
financial.indicator.interestdebt,interestdebt,1996,not_provided_by_source,2899,2869,30
financial.indicator.interestdebt,interestdebt,1997,not_provided_by_source,3711,3625,86
financial.indicator.interestdebt,interestdebt,1998,not_provided_by_source,3934,3904,30
financial.indicator.interestdebt,interestdebt,1999,not_provided_by_source,4456,4272,184
financial.indicator.interestdebt,interestdebt,2000,not_provided_by_source,4904,4700,204
financial.indicator.interestdebt,interestdebt,2001,not_provided_by_source,5803,5335,468
financial.indicator.interestdebt,interestdebt,2002,not_provided_by_source,10138,9890,248
financial.indicator.interestdebt,interestdebt,2003,not_provided_by_source,11038,10237,801
financial.indicator.interestdebt,interestdebt,2004,not_provided_by_source,11591,11194,397
financial.indicator.interestdebt,interestdebt,2005,not_provided_by_source,11984,11546,438
financial.indicator.interestdebt,interestdebt,2006,not_provided_by_source,13014,12198,816
financial.indicator.interestdebt,interestdebt,2007,not_provided_by_source,14483,13632,851
financial.indicator.interestdebt,interestdebt,2008,not_provided_by_source,15481,14715,766
financial.indicator.interestdebt,interestdebt,2009,not_provided_by_source,17455,15728,1727
financial.indicator.interestdebt,interestdebt,2010,not_provided_by_source,18522,17681,841
financial.indicator.interestdebt,interestdebt,2011,not_provided_by_source,21209,20466,743
financial.indicator.interestdebt,interestdebt,2012,not_provided_by_source,22867,22022,845
financial.indicator.interestdebt,interestdebt,2013,not_provided_by_source,23933,23041,892
financial.indicator.interestdebt,interestdebt,2014,not_provided_by_source,25674,24525,1149
financial.indicator.interestdebt,interestdebt,2015,not_provided_by_source,27586,26196,1390
financial.indicator.interestdebt,interestdebt,2016,not_provided_by_source,31074,28362,2712
financial.indicator.interestdebt,interestdebt,2017,not_provided_by_source,32844,31201,1643
financial.indicator.interestdebt,interestdebt,2018,not_provided_by_source,33975,32465,1510
financial.indicator.interestdebt,interestdebt,2019,not_provided_by_source,36005,33762,2243
financial.indicator.interestdebt,interestdebt,2020,not_provided_by_source,38841,36148,2693
financial.indicator.interestdebt,interestdebt,2021,not_provided_by_source,40961,38661,2300
financial.indicator.interestdebt,interestdebt,2022,not_provided_by_source,41878,40189,1689
financial.indicator.interestdebt,interestdebt,2023,not_provided_by_source,28609,27892,717
financial.indicator.interestdebt,interestdebt,2024,not_provided_by_source,24134,23466,668
financial.indicator.interestdebt,interestdebt,2025,not_provided_by_source,26352,25805,547
financial.indicator.interestdebt,interestdebt,2026,not_provided_by_source,15888,15598,290
financial.indicator.inv_turn,inv_turn,1990,not_provided_by_source,284,92,192
financial.indicator.inv_turn,inv_turn,1991,not_provided_by_source,372,180,192
financial.indicator.inv_turn,inv_turn,1992,not_provided_by_source,626,368,258
financial.indicator.inv_turn,inv_turn,1993,not_provided_by_source,1362,1012,350
financial.indicator.inv_turn,inv_turn,1994,not_provided_by_source,2056,1021,1035
financial.indicator.inv_turn,inv_turn,1995,not_provided_by_source,2333,1506,827
financial.indicator.inv_turn,inv_turn,1996,not_provided_by_source,2899,1948,951
financial.indicator.inv_turn,inv_turn,1997,not_provided_by_source,3711,2222,1489
financial.indicator.inv_turn,inv_turn,1998,not_provided_by_source,3934,3870,64
financial.indicator.inv_turn,inv_turn,1999,not_provided_by_source,4456,4238,218
financial.indicator.inv_turn,inv_turn,2000,not_provided_by_source,4904,4670,234
financial.indicator.inv_turn,inv_turn,2001,not_provided_by_source,5803,5227,576
financial.indicator.inv_turn,inv_turn,2002,not_provided_by_source,10138,9403,735
financial.indicator.inv_turn,inv_turn,2003,not_provided_by_source,11038,10344,694
financial.indicator.inv_turn,inv_turn,2004,not_provided_by_source,11591,10973,618
financial.indicator.inv_turn,inv_turn,2005,not_provided_by_source,11984,11220,764
financial.indicator.inv_turn,inv_turn,2006,not_provided_by_source,13014,11764,1250
financial.indicator.inv_turn,inv_turn,2007,not_provided_by_source,14483,13186,1297
financial.indicator.inv_turn,inv_turn,2008,not_provided_by_source,15481,14327,1154
financial.indicator.inv_turn,inv_turn,2009,not_provided_by_source,17455,15284,2171
financial.indicator.inv_turn,inv_turn,2010,not_provided_by_source,18522,17176,1346
financial.indicator.inv_turn,inv_turn,2011,not_provided_by_source,21209,19833,1376
financial.indicator.inv_turn,inv_turn,2012,not_provided_by_source,22867,21422,1445
financial.indicator.inv_turn,inv_turn,2013,not_provided_by_source,23933,22414,1519
financial.indicator.inv_turn,inv_turn,2014,not_provided_by_source,25674,24068,1606
financial.indicator.inv_turn,inv_turn,2015,not_provided_by_source,27586,25753,1833
financial.indicator.inv_turn,inv_turn,2016,not_provided_by_source,31074,28870,2204
financial.indicator.inv_turn,inv_turn,2017,not_provided_by_source,32844,29780,3064
financial.indicator.inv_turn,inv_turn,2018,not_provided_by_source,33975,31050,2925
financial.indicator.inv_turn,inv_turn,2019,not_provided_by_source,36005,32680,3325
financial.indicator.inv_turn,inv_turn,2020,not_provided_by_source,38841,35294,3547
financial.indicator.inv_turn,inv_turn,2021,not_provided_by_source,40961,37954,3007
financial.indicator.inv_turn,inv_turn,2022,not_provided_by_source,41878,39354,2524
financial.indicator.inv_turn,inv_turn,2023,not_provided_by_source,28609,27392,1217
financial.indicator.inv_turn,inv_turn,2024,not_provided_by_source,24134,23132,1002
financial.indicator.inv_turn,inv_turn,2025,not_provided_by_source,26352,25463,889
financial.indicator.inv_turn,inv_turn,2026,not_provided_by_source,15888,15404,484
financial.indicator.invest_capital,invest_capital,1990,not_provided_by_source,284,188,96
financial.indicator.invest_capital,invest_capital,1991,not_provided_by_source,372,278,94
financial.indicator.invest_capital,invest_capital,1992,not_provided_by_source,626,586,40
financial.indicator.invest_capital,invest_capital,1993,not_provided_by_source,1362,1276,86
financial.indicator.invest_capital,invest_capital,1994,not_provided_by_source,2056,2026,30
financial.indicator.invest_capital,invest_capital,1995,not_provided_by_source,2333,2319,14
financial.indicator.invest_capital,invest_capital,1996,not_provided_by_source,2899,2869,30
financial.indicator.invest_capital,invest_capital,1997,not_provided_by_source,3711,3625,86
financial.indicator.invest_capital,invest_capital,1998,not_provided_by_source,3934,3904,30
financial.indicator.invest_capital,invest_capital,1999,not_provided_by_source,4456,4272,184
financial.indicator.invest_capital,invest_capital,2000,not_provided_by_source,4904,4702,202
financial.indicator.invest_capital,invest_capital,2001,not_provided_by_source,5803,5337,466
financial.indicator.invest_capital,invest_capital,2002,not_provided_by_source,10138,9890,248
financial.indicator.invest_capital,invest_capital,2003,not_provided_by_source,11038,10461,577
financial.indicator.invest_capital,invest_capital,2004,not_provided_by_source,11591,11284,307
financial.indicator.invest_capital,invest_capital,2005,not_provided_by_source,11984,11636,348
financial.indicator.invest_capital,invest_capital,2006,not_provided_by_source,13014,12298,716
financial.indicator.invest_capital,invest_capital,2007,not_provided_by_source,14483,13652,831
financial.indicator.invest_capital,invest_capital,2008,not_provided_by_source,15481,14723,758
financial.indicator.invest_capital,invest_capital,2009,not_provided_by_source,17455,15730,1725
financial.indicator.invest_capital,invest_capital,2010,not_provided_by_source,18522,17681,841
financial.indicator.invest_capital,invest_capital,2011,not_provided_by_source,21209,20466,743
financial.indicator.invest_capital,invest_capital,2012,not_provided_by_source,22867,22030,837
financial.indicator.invest_capital,invest_capital,2013,not_provided_by_source,23933,23051,882
financial.indicator.invest_capital,invest_capital,2014,not_provided_by_source,25674,24535,1139
financial.indicator.invest_capital,invest_capital,2015,not_provided_by_source,27586,26206,1380
financial.indicator.invest_capital,invest_capital,2016,not_provided_by_source,31074,28392,2682
financial.indicator.invest_capital,invest_capital,2017,not_provided_by_source,32844,31231,1613
financial.indicator.invest_capital,invest_capital,2018,not_provided_by_source,33975,32481,1494
financial.indicator.invest_capital,invest_capital,2019,not_provided_by_source,36005,33789,2216
financial.indicator.invest_capital,invest_capital,2020,not_provided_by_source,38841,36156,2685
financial.indicator.invest_capital,invest_capital,2021,not_provided_by_source,40961,38667,2294
financial.indicator.invest_capital,invest_capital,2022,not_provided_by_source,41878,40219,1659
financial.indicator.invest_capital,invest_capital,2023,not_provided_by_source,28609,27906,703
financial.indicator.invest_capital,invest_capital,2024,not_provided_by_source,24134,23474,660
financial.indicator.invest_capital,invest_capital,2025,not_provided_by_source,26352,25807,545
financial.indicator.invest_capital,invest_capital,2026,not_provided_by_source,15888,15598,290
financial.indicator.investincome_of_ebt,investincome_of_ebt,1990,not_provided_by_source,284,46,238
financial.indicator.investincome_of_ebt,investincome_of_ebt,1991,not_provided_by_source,372,62,310
financial.indicator.investincome_of_ebt,investincome_of_ebt,1992,not_provided_by_source,626,176,450
financial.indicator.investincome_of_ebt,investincome_of_ebt,1993,not_provided_by_source,1362,824,538
financial.indicator.investincome_of_ebt,investincome_of_ebt,1994,not_provided_by_source,2056,1503,553
financial.indicator.investincome_of_ebt,investincome_of_ebt,1995,not_provided_by_source,2333,1775,558
financial.indicator.investincome_of_ebt,investincome_of_ebt,1996,not_provided_by_source,2899,2149,750
financial.indicator.investincome_of_ebt,investincome_of_ebt,1997,not_provided_by_source,3711,2655,1056
financial.indicator.investincome_of_ebt,investincome_of_ebt,1998,not_provided_by_source,3934,2657,1277
financial.indicator.investincome_of_ebt,investincome_of_ebt,1999,not_provided_by_source,4456,2942,1514
financial.indicator.investincome_of_ebt,investincome_of_ebt,2000,not_provided_by_source,4904,3526,1378
financial.indicator.investincome_of_ebt,investincome_of_ebt,2001,not_provided_by_source,5803,4228,1575
financial.indicator.investincome_of_ebt,investincome_of_ebt,2002,not_provided_by_source,10138,6986,3152
financial.indicator.investincome_of_ebt,investincome_of_ebt,2003,not_provided_by_source,11038,7747,3291
financial.indicator.investincome_of_ebt,investincome_of_ebt,2004,not_provided_by_source,11591,8343,3248
financial.indicator.investincome_of_ebt,investincome_of_ebt,2005,not_provided_by_source,11984,8032,3952
financial.indicator.investincome_of_ebt,investincome_of_ebt,2006,not_provided_by_source,13014,8390,4624
financial.indicator.investincome_of_ebt,investincome_of_ebt,2007,not_provided_by_source,14483,9297,5186
financial.indicator.investincome_of_ebt,investincome_of_ebt,2008,not_provided_by_source,15481,9473,6008
financial.indicator.investincome_of_ebt,investincome_of_ebt,2009,not_provided_by_source,17455,10147,7308
financial.indicator.investincome_of_ebt,investincome_of_ebt,2010,not_provided_by_source,18522,11316,7206
financial.indicator.investincome_of_ebt,investincome_of_ebt,2011,not_provided_by_source,21209,12693,8516
financial.indicator.investincome_of_ebt,investincome_of_ebt,2012,not_provided_by_source,22867,13585,9282
financial.indicator.investincome_of_ebt,investincome_of_ebt,2013,not_provided_by_source,23933,14787,9146
financial.indicator.investincome_of_ebt,investincome_of_ebt,2014,not_provided_by_source,25674,16825,8849
financial.indicator.investincome_of_ebt,investincome_of_ebt,2015,not_provided_by_source,27586,18282,9304
financial.indicator.investincome_of_ebt,investincome_of_ebt,2016,not_provided_by_source,31074,21906,9168
financial.indicator.investincome_of_ebt,investincome_of_ebt,2017,not_provided_by_source,32844,25081,7763
financial.indicator.investincome_of_ebt,investincome_of_ebt,2018,not_provided_by_source,33975,26533,7442
financial.indicator.investincome_of_ebt,investincome_of_ebt,2019,not_provided_by_source,36005,28043,7962
financial.indicator.investincome_of_ebt,investincome_of_ebt,2020,not_provided_by_source,38841,28363,10478
financial.indicator.investincome_of_ebt,investincome_of_ebt,2021,not_provided_by_source,40961,31917,9044
financial.indicator.investincome_of_ebt,investincome_of_ebt,2022,not_provided_by_source,41878,31226,10652
financial.indicator.investincome_of_ebt,investincome_of_ebt,2023,not_provided_by_source,28609,20793,7816
financial.indicator.investincome_of_ebt,investincome_of_ebt,2024,not_provided_by_source,24134,17041,7093
financial.indicator.investincome_of_ebt,investincome_of_ebt,2025,not_provided_by_source,26352,18874,7478
financial.indicator.investincome_of_ebt,investincome_of_ebt,2026,not_provided_by_source,15888,11155,4733
financial.indicator.invturn_days,invturn_days,1990,not_provided_by_source,284,44,240
financial.indicator.invturn_days,invturn_days,1991,not_provided_by_source,372,112,260
financial.indicator.invturn_days,invturn_days,1992,not_provided_by_source,626,250,376
financial.indicator.invturn_days,invturn_days,1993,not_provided_by_source,1362,926,436
financial.indicator.invturn_days,invturn_days,1994,not_provided_by_source,2056,892,1164
financial.indicator.invturn_days,invturn_days,1995,not_provided_by_source,2333,1324,1009
financial.indicator.invturn_days,invturn_days,1996,not_provided_by_source,2899,1750,1149
financial.indicator.invturn_days,invturn_days,1997,not_provided_by_source,3711,2214,1497
financial.indicator.invturn_days,invturn_days,1998,not_provided_by_source,3934,3866,68
financial.indicator.invturn_days,invturn_days,1999,not_provided_by_source,4456,4190,266
financial.indicator.invturn_days,invturn_days,2000,not_provided_by_source,4904,4666,238
financial.indicator.invturn_days,invturn_days,2001,not_provided_by_source,5803,5225,578
financial.indicator.invturn_days,invturn_days,2002,not_provided_by_source,10138,9403,735
financial.indicator.invturn_days,invturn_days,2003,not_provided_by_source,11038,10344,694
financial.indicator.invturn_days,invturn_days,2004,not_provided_by_source,11591,10973,618
financial.indicator.invturn_days,invturn_days,2005,not_provided_by_source,11984,11220,764
financial.indicator.invturn_days,invturn_days,2006,not_provided_by_source,13014,11752,1262
financial.indicator.invturn_days,invturn_days,2007,not_provided_by_source,14483,13176,1307
financial.indicator.invturn_days,invturn_days,2008,not_provided_by_source,15481,14322,1159
financial.indicator.invturn_days,invturn_days,2009,not_provided_by_source,17455,15274,2181
financial.indicator.invturn_days,invturn_days,2010,not_provided_by_source,18522,17171,1351
financial.indicator.invturn_days,invturn_days,2011,not_provided_by_source,21209,19831,1378
financial.indicator.invturn_days,invturn_days,2012,not_provided_by_source,22867,21419,1448
financial.indicator.invturn_days,invturn_days,2013,not_provided_by_source,23933,22406,1527
financial.indicator.invturn_days,invturn_days,2014,not_provided_by_source,25674,24065,1609
financial.indicator.invturn_days,invturn_days,2015,not_provided_by_source,27586,25749,1837
financial.indicator.invturn_days,invturn_days,2016,not_provided_by_source,31074,28863,2211
financial.indicator.invturn_days,invturn_days,2017,not_provided_by_source,32844,29780,3064
financial.indicator.invturn_days,invturn_days,2018,not_provided_by_source,33975,31048,2927
financial.indicator.invturn_days,invturn_days,2019,not_provided_by_source,36005,32680,3325
financial.indicator.invturn_days,invturn_days,2020,not_provided_by_source,38841,35294,3547
financial.indicator.invturn_days,invturn_days,2021,not_provided_by_source,40961,37954,3007
financial.indicator.invturn_days,invturn_days,2022,not_provided_by_source,41878,39352,2526
financial.indicator.invturn_days,invturn_days,2023,not_provided_by_source,28609,27392,1217
financial.indicator.invturn_days,invturn_days,2024,not_provided_by_source,24134,23130,1004
financial.indicator.invturn_days,invturn_days,2025,not_provided_by_source,26352,25461,891
financial.indicator.invturn_days,invturn_days,2026,not_provided_by_source,15888,15404,484
financial.indicator.longdeb_to_debt,longdeb_to_debt,1990,not_provided_by_source,284,86,198
financial.indicator.longdeb_to_debt,longdeb_to_debt,1991,not_provided_by_source,372,134,238
financial.indicator.longdeb_to_debt,longdeb_to_debt,1992,not_provided_by_source,626,432,194
financial.indicator.longdeb_to_debt,longdeb_to_debt,1993,not_provided_by_source,1362,974,388
financial.indicator.longdeb_to_debt,longdeb_to_debt,1994,not_provided_by_source,2056,1685,371
financial.indicator.longdeb_to_debt,longdeb_to_debt,1995,not_provided_by_source,2333,2016,317
financial.indicator.longdeb_to_debt,longdeb_to_debt,1996,not_provided_by_source,2899,2524,375
financial.indicator.longdeb_to_debt,longdeb_to_debt,1997,not_provided_by_source,3711,3144,567
financial.indicator.longdeb_to_debt,longdeb_to_debt,1998,not_provided_by_source,3934,3410,524
financial.indicator.longdeb_to_debt,longdeb_to_debt,1999,not_provided_by_source,4456,3692,764
financial.indicator.longdeb_to_debt,longdeb_to_debt,2000,not_provided_by_source,4904,3969,935
financial.indicator.longdeb_to_debt,longdeb_to_debt,2001,not_provided_by_source,5803,4151,1652
financial.indicator.longdeb_to_debt,longdeb_to_debt,2002,not_provided_by_source,10138,7839,2299
financial.indicator.longdeb_to_debt,longdeb_to_debt,2003,not_provided_by_source,11038,8295,2743
financial.indicator.longdeb_to_debt,longdeb_to_debt,2004,not_provided_by_source,11591,9240,2351
financial.indicator.longdeb_to_debt,longdeb_to_debt,2005,not_provided_by_source,11984,9506,2478
financial.indicator.longdeb_to_debt,longdeb_to_debt,2006,not_provided_by_source,13014,10559,2455
financial.indicator.longdeb_to_debt,longdeb_to_debt,2007,not_provided_by_source,14483,11902,2581
financial.indicator.longdeb_to_debt,longdeb_to_debt,2008,not_provided_by_source,15481,12731,2750
financial.indicator.longdeb_to_debt,longdeb_to_debt,2009,not_provided_by_source,17455,13745,3710
financial.indicator.longdeb_to_debt,longdeb_to_debt,2010,not_provided_by_source,18522,15524,2998
financial.indicator.longdeb_to_debt,longdeb_to_debt,2011,not_provided_by_source,21209,17892,3317
financial.indicator.longdeb_to_debt,longdeb_to_debt,2012,not_provided_by_source,22867,20172,2695
financial.indicator.longdeb_to_debt,longdeb_to_debt,2013,not_provided_by_source,23933,20961,2972
financial.indicator.longdeb_to_debt,longdeb_to_debt,2014,not_provided_by_source,25674,22616,3058
financial.indicator.longdeb_to_debt,longdeb_to_debt,2015,not_provided_by_source,27586,24463,3123
financial.indicator.longdeb_to_debt,longdeb_to_debt,2016,not_provided_by_source,31074,26604,4470
financial.indicator.longdeb_to_debt,longdeb_to_debt,2017,not_provided_by_source,32844,29482,3362
financial.indicator.longdeb_to_debt,longdeb_to_debt,2018,not_provided_by_source,33975,31005,2970
financial.indicator.longdeb_to_debt,longdeb_to_debt,2019,not_provided_by_source,36005,32622,3383
financial.indicator.longdeb_to_debt,longdeb_to_debt,2020,not_provided_by_source,38841,35204,3637
financial.indicator.longdeb_to_debt,longdeb_to_debt,2021,not_provided_by_source,40961,38220,2741
financial.indicator.longdeb_to_debt,longdeb_to_debt,2022,not_provided_by_source,41878,39760,2118
financial.indicator.longdeb_to_debt,longdeb_to_debt,2023,not_provided_by_source,28609,27679,930
financial.indicator.longdeb_to_debt,longdeb_to_debt,2024,not_provided_by_source,24134,23376,758
financial.indicator.longdeb_to_debt,longdeb_to_debt,2025,not_provided_by_source,26352,25720,632
financial.indicator.longdeb_to_debt,longdeb_to_debt,2026,not_provided_by_source,15888,15559,329
financial.indicator.longdebt_to_workingcapital,longdebt_to_workingcapital,1990,not_provided_by_source,284,116,168
financial.indicator.longdebt_to_workingcapital,longdebt_to_workingcapital,1991,not_provided_by_source,372,174,198
financial.indicator.longdebt_to_workingcapital,longdebt_to_workingcapital,1992,not_provided_by_source,626,416,210
financial.indicator.longdebt_to_workingcapital,longdebt_to_workingcapital,1993,not_provided_by_source,1362,918,444
financial.indicator.longdebt_to_workingcapital,longdebt_to_workingcapital,1994,not_provided_by_source,2056,1498,558
financial.indicator.longdebt_to_workingcapital,longdebt_to_workingcapital,1995,not_provided_by_source,2333,1694,639
financial.indicator.longdebt_to_workingcapital,longdebt_to_workingcapital,1996,not_provided_by_source,2899,2094,805
financial.indicator.longdebt_to_workingcapital,longdebt_to_workingcapital,1997,not_provided_by_source,3711,2653,1058
financial.indicator.longdebt_to_workingcapital,longdebt_to_workingcapital,1998,not_provided_by_source,3934,2798,1136
financial.indicator.longdebt_to_workingcapital,longdebt_to_workingcapital,1999,not_provided_by_source,4456,2952,1504
financial.indicator.longdebt_to_workingcapital,longdebt_to_workingcapital,2000,not_provided_by_source,4904,3196,1708
financial.indicator.longdebt_to_workingcapital,longdebt_to_workingcapital,2001,not_provided_by_source,5803,3238,2565
financial.indicator.longdebt_to_workingcapital,longdebt_to_workingcapital,2002,not_provided_by_source,10138,5927,4211
financial.indicator.longdebt_to_workingcapital,longdebt_to_workingcapital,2003,not_provided_by_source,11038,5858,5180
financial.indicator.longdebt_to_workingcapital,longdebt_to_workingcapital,2004,not_provided_by_source,11591,6257,5334
financial.indicator.longdebt_to_workingcapital,longdebt_to_workingcapital,2005,not_provided_by_source,11984,5907,6077
financial.indicator.longdebt_to_workingcapital,longdebt_to_workingcapital,2006,not_provided_by_source,13014,6300,6714
financial.indicator.longdebt_to_workingcapital,longdebt_to_workingcapital,2007,not_provided_by_source,14483,7409,7074
financial.indicator.longdebt_to_workingcapital,longdebt_to_workingcapital,2008,not_provided_by_source,15481,8199,7282
financial.indicator.longdebt_to_workingcapital,longdebt_to_workingcapital,2009,not_provided_by_source,17455,9311,8144
financial.indicator.longdebt_to_workingcapital,longdebt_to_workingcapital,2010,not_provided_by_source,18522,11546,6976
financial.indicator.longdebt_to_workingcapital,longdebt_to_workingcapital,2011,not_provided_by_source,21209,13990,7219
financial.indicator.longdebt_to_workingcapital,longdebt_to_workingcapital,2012,not_provided_by_source,22867,15885,6982
financial.indicator.longdebt_to_workingcapital,longdebt_to_workingcapital,2013,not_provided_by_source,23933,16389,7544
financial.indicator.longdebt_to_workingcapital,longdebt_to_workingcapital,2014,not_provided_by_source,25674,17704,7970
financial.indicator.longdebt_to_workingcapital,longdebt_to_workingcapital,2015,not_provided_by_source,27586,19553,8033
financial.indicator.longdebt_to_workingcapital,longdebt_to_workingcapital,2016,not_provided_by_source,31074,21692,9382
financial.indicator.longdebt_to_workingcapital,longdebt_to_workingcapital,2017,not_provided_by_source,32844,24838,8006
financial.indicator.longdebt_to_workingcapital,longdebt_to_workingcapital,2018,not_provided_by_source,33975,26091,7884
financial.indicator.longdebt_to_workingcapital,longdebt_to_workingcapital,2019,not_provided_by_source,36005,27293,8712
financial.indicator.longdebt_to_workingcapital,longdebt_to_workingcapital,2020,not_provided_by_source,38841,29591,9250
financial.indicator.longdebt_to_workingcapital,longdebt_to_workingcapital,2021,not_provided_by_source,40961,32699,8262
financial.indicator.longdebt_to_workingcapital,longdebt_to_workingcapital,2022,not_provided_by_source,41878,34067,7811
financial.indicator.longdebt_to_workingcapital,longdebt_to_workingcapital,2023,not_provided_by_source,28609,23587,5022
financial.indicator.longdebt_to_workingcapital,longdebt_to_workingcapital,2024,not_provided_by_source,24134,19721,4413
financial.indicator.longdebt_to_workingcapital,longdebt_to_workingcapital,2025,not_provided_by_source,26352,21598,4754
financial.indicator.longdebt_to_workingcapital,longdebt_to_workingcapital,2026,not_provided_by_source,15888,13029,2859
financial.indicator.n_op_profit_of_ebt,n_op_profit_of_ebt,1990,not_provided_by_source,284,148,136
financial.indicator.n_op_profit_of_ebt,n_op_profit_of_ebt,1991,not_provided_by_source,372,188,184
financial.indicator.n_op_profit_of_ebt,n_op_profit_of_ebt,1992,not_provided_by_source,626,360,266
financial.indicator.n_op_profit_of_ebt,n_op_profit_of_ebt,1993,not_provided_by_source,1362,1038,324
financial.indicator.n_op_profit_of_ebt,n_op_profit_of_ebt,1994,not_provided_by_source,2056,1321,735
financial.indicator.n_op_profit_of_ebt,n_op_profit_of_ebt,1995,not_provided_by_source,2333,1629,704
financial.indicator.n_op_profit_of_ebt,n_op_profit_of_ebt,1996,not_provided_by_source,2899,1943,956
financial.indicator.n_op_profit_of_ebt,n_op_profit_of_ebt,1997,not_provided_by_source,3711,2250,1461
financial.indicator.n_op_profit_of_ebt,n_op_profit_of_ebt,1998,not_provided_by_source,3934,3526,408
financial.indicator.n_op_profit_of_ebt,n_op_profit_of_ebt,1999,not_provided_by_source,4456,4012,444
financial.indicator.n_op_profit_of_ebt,n_op_profit_of_ebt,2000,not_provided_by_source,4904,4366,538
financial.indicator.n_op_profit_of_ebt,n_op_profit_of_ebt,2001,not_provided_by_source,5803,5032,771
financial.indicator.n_op_profit_of_ebt,n_op_profit_of_ebt,2002,not_provided_by_source,10138,8182,1956
financial.indicator.n_op_profit_of_ebt,n_op_profit_of_ebt,2003,not_provided_by_source,11038,9276,1762
financial.indicator.n_op_profit_of_ebt,n_op_profit_of_ebt,2004,not_provided_by_source,11591,9804,1787
financial.indicator.n_op_profit_of_ebt,n_op_profit_of_ebt,2005,not_provided_by_source,11984,9651,2333
financial.indicator.n_op_profit_of_ebt,n_op_profit_of_ebt,2006,not_provided_by_source,13014,10756,2258
financial.indicator.n_op_profit_of_ebt,n_op_profit_of_ebt,2007,not_provided_by_source,14483,12612,1871
financial.indicator.n_op_profit_of_ebt,n_op_profit_of_ebt,2008,not_provided_by_source,15481,13277,2204
financial.indicator.n_op_profit_of_ebt,n_op_profit_of_ebt,2009,not_provided_by_source,17455,14571,2884
financial.indicator.n_op_profit_of_ebt,n_op_profit_of_ebt,2010,not_provided_by_source,18522,16485,2037
financial.indicator.n_op_profit_of_ebt,n_op_profit_of_ebt,2011,not_provided_by_source,21209,19001,2208
financial.indicator.n_op_profit_of_ebt,n_op_profit_of_ebt,2012,not_provided_by_source,22867,19649,3218
financial.indicator.n_op_profit_of_ebt,n_op_profit_of_ebt,2013,not_provided_by_source,23933,20562,3371
financial.indicator.n_op_profit_of_ebt,n_op_profit_of_ebt,2014,not_provided_by_source,25674,22157,3517
financial.indicator.n_op_profit_of_ebt,n_op_profit_of_ebt,2015,not_provided_by_source,27586,23219,4367
financial.indicator.n_op_profit_of_ebt,n_op_profit_of_ebt,2016,not_provided_by_source,31074,27272,3802
financial.indicator.n_op_profit_of_ebt,n_op_profit_of_ebt,2017,not_provided_by_source,32844,29589,3255
financial.indicator.n_op_profit_of_ebt,n_op_profit_of_ebt,2018,not_provided_by_source,33975,29805,4170
financial.indicator.n_op_profit_of_ebt,n_op_profit_of_ebt,2019,not_provided_by_source,36005,31075,4930
financial.indicator.n_op_profit_of_ebt,n_op_profit_of_ebt,2020,not_provided_by_source,38841,31362,7479
financial.indicator.n_op_profit_of_ebt,n_op_profit_of_ebt,2021,not_provided_by_source,40961,34694,6267
financial.indicator.n_op_profit_of_ebt,n_op_profit_of_ebt,2022,not_provided_by_source,41878,33201,8677
financial.indicator.n_op_profit_of_ebt,n_op_profit_of_ebt,2023,not_provided_by_source,28609,22024,6585
financial.indicator.n_op_profit_of_ebt,n_op_profit_of_ebt,2024,not_provided_by_source,24134,17891,6243
financial.indicator.n_op_profit_of_ebt,n_op_profit_of_ebt,2025,not_provided_by_source,26352,19622,6730
financial.indicator.n_op_profit_of_ebt,n_op_profit_of_ebt,2026,not_provided_by_source,15888,11579,4309
financial.indicator.nca_to_assets,nca_to_assets,1990,not_provided_by_source,284,186,98
financial.indicator.nca_to_assets,nca_to_assets,1991,not_provided_by_source,372,276,96
financial.indicator.nca_to_assets,nca_to_assets,1992,not_provided_by_source,626,584,42
financial.indicator.nca_to_assets,nca_to_assets,1993,not_provided_by_source,1362,1276,86
financial.indicator.nca_to_assets,nca_to_assets,1994,not_provided_by_source,2056,2026,30
financial.indicator.nca_to_assets,nca_to_assets,1995,not_provided_by_source,2333,2319,14
financial.indicator.nca_to_assets,nca_to_assets,1996,not_provided_by_source,2899,2869,30
financial.indicator.nca_to_assets,nca_to_assets,1997,not_provided_by_source,3711,3625,86
financial.indicator.nca_to_assets,nca_to_assets,1998,not_provided_by_source,3934,3904,30
financial.indicator.nca_to_assets,nca_to_assets,1999,not_provided_by_source,4456,4272,184
financial.indicator.nca_to_assets,nca_to_assets,2000,not_provided_by_source,4904,4702,202
financial.indicator.nca_to_assets,nca_to_assets,2001,not_provided_by_source,5803,5337,466
financial.indicator.nca_to_assets,nca_to_assets,2002,not_provided_by_source,10138,9890,248
financial.indicator.nca_to_assets,nca_to_assets,2003,not_provided_by_source,11038,10461,577
financial.indicator.nca_to_assets,nca_to_assets,2004,not_provided_by_source,11591,11284,307
financial.indicator.nca_to_assets,nca_to_assets,2005,not_provided_by_source,11984,11636,348
financial.indicator.nca_to_assets,nca_to_assets,2006,not_provided_by_source,13014,12199,815
financial.indicator.nca_to_assets,nca_to_assets,2007,not_provided_by_source,14483,13636,847
financial.indicator.nca_to_assets,nca_to_assets,2008,not_provided_by_source,15481,14709,772
financial.indicator.nca_to_assets,nca_to_assets,2009,not_provided_by_source,17455,15702,1753
financial.indicator.nca_to_assets,nca_to_assets,2010,not_provided_by_source,18522,17643,879
financial.indicator.nca_to_assets,nca_to_assets,2011,not_provided_by_source,21209,20430,779
financial.indicator.nca_to_assets,nca_to_assets,2012,not_provided_by_source,22867,22008,859
financial.indicator.nca_to_assets,nca_to_assets,2013,not_provided_by_source,23933,23003,930
financial.indicator.nca_to_assets,nca_to_assets,2014,not_provided_by_source,25674,24494,1180
financial.indicator.nca_to_assets,nca_to_assets,2015,not_provided_by_source,27586,26135,1451
financial.indicator.nca_to_assets,nca_to_assets,2016,not_provided_by_source,31074,28281,2793
financial.indicator.nca_to_assets,nca_to_assets,2017,not_provided_by_source,32844,31123,1721
financial.indicator.nca_to_assets,nca_to_assets,2018,not_provided_by_source,33975,32403,1572
financial.indicator.nca_to_assets,nca_to_assets,2019,not_provided_by_source,36005,33686,2319
financial.indicator.nca_to_assets,nca_to_assets,2020,not_provided_by_source,38841,36112,2729
financial.indicator.nca_to_assets,nca_to_assets,2021,not_provided_by_source,40961,38630,2331
financial.indicator.nca_to_assets,nca_to_assets,2022,not_provided_by_source,41878,39975,1903
financial.indicator.nca_to_assets,nca_to_assets,2023,not_provided_by_source,28609,27772,837
financial.indicator.nca_to_assets,nca_to_assets,2024,not_provided_by_source,24134,23429,705
financial.indicator.nca_to_assets,nca_to_assets,2025,not_provided_by_source,26352,25781,571
financial.indicator.nca_to_assets,nca_to_assets,2026,not_provided_by_source,15888,15597,291
financial.indicator.net_profit_margin,net_profit_margin,1990,not_provided_by_source,284,244,40
financial.indicator.net_profit_margin,net_profit_margin,1991,not_provided_by_source,372,330,42
financial.indicator.net_profit_margin,net_profit_margin,1992,not_provided_by_source,626,484,142
financial.indicator.net_profit_margin,net_profit_margin,1993,not_provided_by_source,1362,1280,82
financial.indicator.net_profit_margin,net_profit_margin,1994,not_provided_by_source,2056,2051,5
financial.indicator.net_profit_margin,net_profit_margin,1995,not_provided_by_source,2333,2323,10
financial.indicator.net_profit_margin,net_profit_margin,1996,not_provided_by_source,2899,2893,6
financial.indicator.net_profit_margin,net_profit_margin,1997,not_provided_by_source,3711,3709,2
financial.indicator.net_profit_margin,net_profit_margin,1998,not_provided_by_source,3934,3928,6
financial.indicator.net_profit_margin,net_profit_margin,1999,not_provided_by_source,4456,4440,16
financial.indicator.net_profit_margin,net_profit_margin,2000,not_provided_by_source,4904,4882,22
financial.indicator.net_profit_margin,net_profit_margin,2001,not_provided_by_source,5803,5761,42
financial.indicator.net_profit_margin,net_profit_margin,2002,not_provided_by_source,10138,10082,56
financial.indicator.net_profit_margin,net_profit_margin,2003,not_provided_by_source,11038,10972,66
financial.indicator.net_profit_margin,net_profit_margin,2004,not_provided_by_source,11591,11475,116
financial.indicator.net_profit_margin,net_profit_margin,2005,not_provided_by_source,11984,11812,172
financial.indicator.net_profit_margin,net_profit_margin,2006,not_provided_by_source,13014,12872,142
financial.indicator.net_profit_margin,net_profit_margin,2007,not_provided_by_source,14483,14350,133
financial.indicator.net_profit_margin,net_profit_margin,2008,not_provided_by_source,15481,15307,174
financial.indicator.net_profit_margin,net_profit_margin,2009,not_provided_by_source,17455,17206,249
financial.indicator.net_profit_margin,net_profit_margin,2010,not_provided_by_source,18522,18233,289
financial.indicator.net_profit_margin,net_profit_margin,2011,not_provided_by_source,21209,20871,338
financial.indicator.net_profit_margin,net_profit_margin,2012,not_provided_by_source,22867,22447,420
financial.indicator.net_profit_margin,net_profit_margin,2013,not_provided_by_source,23933,23586,347
financial.indicator.net_profit_margin,net_profit_margin,2014,not_provided_by_source,25674,25344,330
financial.indicator.net_profit_margin,net_profit_margin,2015,not_provided_by_source,27586,27265,321
financial.indicator.net_profit_margin,net_profit_margin,2016,not_provided_by_source,31074,30790,284
financial.indicator.net_profit_margin,net_profit_margin,2017,not_provided_by_source,32844,32664,180
financial.indicator.net_profit_margin,net_profit_margin,2018,not_provided_by_source,33975,33801,174
financial.indicator.net_profit_margin,net_profit_margin,2019,not_provided_by_source,36005,35829,176
financial.indicator.net_profit_margin,net_profit_margin,2020,not_provided_by_source,38841,38698,143
financial.indicator.net_profit_margin,net_profit_margin,2021,not_provided_by_source,40961,40834,127
financial.indicator.net_profit_margin,net_profit_margin,2022,not_provided_by_source,41878,41784,94
financial.indicator.net_profit_margin,net_profit_margin,2023,not_provided_by_source,28609,28549,60
financial.indicator.net_profit_margin,net_profit_margin,2024,not_provided_by_source,24134,24094,40
financial.indicator.net_profit_margin,net_profit_margin,2025,not_provided_by_source,26352,26324,28
financial.indicator.net_profit_margin,net_profit_margin,2026,not_provided_by_source,15888,15856,32
financial.indicator.netdebt,netdebt,1990,not_provided_by_source,284,176,108
financial.indicator.netdebt,netdebt,1991,not_provided_by_source,372,262,110
financial.indicator.netdebt,netdebt,1992,not_provided_by_source,626,578,48
financial.indicator.netdebt,netdebt,1993,not_provided_by_source,1362,1270,92
financial.indicator.netdebt,netdebt,1994,not_provided_by_source,2056,2020,36
financial.indicator.netdebt,netdebt,1995,not_provided_by_source,2333,2319,14
financial.indicator.netdebt,netdebt,1996,not_provided_by_source,2899,2869,30
financial.indicator.netdebt,netdebt,1997,not_provided_by_source,3711,3625,86
financial.indicator.netdebt,netdebt,1998,not_provided_by_source,3934,3904,30
financial.indicator.netdebt,netdebt,1999,not_provided_by_source,4456,4272,184
financial.indicator.netdebt,netdebt,2000,not_provided_by_source,4904,4700,204
financial.indicator.netdebt,netdebt,2001,not_provided_by_source,5803,5335,468
financial.indicator.netdebt,netdebt,2002,not_provided_by_source,10138,9890,248
financial.indicator.netdebt,netdebt,2003,not_provided_by_source,11038,10237,801
financial.indicator.netdebt,netdebt,2004,not_provided_by_source,11591,11194,397
financial.indicator.netdebt,netdebt,2005,not_provided_by_source,11984,11546,438
financial.indicator.netdebt,netdebt,2006,not_provided_by_source,13014,12198,816
financial.indicator.netdebt,netdebt,2007,not_provided_by_source,14483,13632,851
financial.indicator.netdebt,netdebt,2008,not_provided_by_source,15481,14715,766
financial.indicator.netdebt,netdebt,2009,not_provided_by_source,17455,15728,1727
financial.indicator.netdebt,netdebt,2010,not_provided_by_source,18522,17681,841
financial.indicator.netdebt,netdebt,2011,not_provided_by_source,21209,20466,743
financial.indicator.netdebt,netdebt,2012,not_provided_by_source,22867,22022,845
financial.indicator.netdebt,netdebt,2013,not_provided_by_source,23933,23041,892
financial.indicator.netdebt,netdebt,2014,not_provided_by_source,25674,24525,1149
financial.indicator.netdebt,netdebt,2015,not_provided_by_source,27586,26196,1390
financial.indicator.netdebt,netdebt,2016,not_provided_by_source,31074,28362,2712
financial.indicator.netdebt,netdebt,2017,not_provided_by_source,32844,31201,1643
financial.indicator.netdebt,netdebt,2018,not_provided_by_source,33975,32465,1510
financial.indicator.netdebt,netdebt,2019,not_provided_by_source,36005,33762,2243
financial.indicator.netdebt,netdebt,2020,not_provided_by_source,38841,36148,2693
financial.indicator.netdebt,netdebt,2021,not_provided_by_source,40961,38661,2300
financial.indicator.netdebt,netdebt,2022,not_provided_by_source,41878,40189,1689
financial.indicator.netdebt,netdebt,2023,not_provided_by_source,28609,27892,717
financial.indicator.netdebt,netdebt,2024,not_provided_by_source,24134,23466,668
financial.indicator.netdebt,netdebt,2025,not_provided_by_source,26352,25805,547
financial.indicator.netdebt,netdebt,2026,not_provided_by_source,15888,15598,290
financial.indicator.netprofit_yoy,netprofit_yoy,1990,not_provided_by_source,284,28,256
financial.indicator.netprofit_yoy,netprofit_yoy,1991,not_provided_by_source,372,250,122
financial.indicator.netprofit_yoy,netprofit_yoy,1992,not_provided_by_source,626,314,312
financial.indicator.netprofit_yoy,netprofit_yoy,1993,not_provided_by_source,1362,470,892
financial.indicator.netprofit_yoy,netprofit_yoy,1994,not_provided_by_source,2056,1266,790
financial.indicator.netprofit_yoy,netprofit_yoy,1995,not_provided_by_source,2333,2043,290
financial.indicator.netprofit_yoy,netprofit_yoy,1996,not_provided_by_source,2899,2319,580
financial.indicator.netprofit_yoy,netprofit_yoy,1997,not_provided_by_source,3711,2846,865
financial.indicator.netprofit_yoy,netprofit_yoy,1998,not_provided_by_source,3934,3669,265
financial.indicator.netprofit_yoy,netprofit_yoy,1999,not_provided_by_source,4456,3918,538
financial.indicator.netprofit_yoy,netprofit_yoy,2000,not_provided_by_source,4904,4446,458
financial.indicator.netprofit_yoy,netprofit_yoy,2001,not_provided_by_source,5803,4877,926
financial.indicator.netprofit_yoy,netprofit_yoy,2002,not_provided_by_source,10138,5776,4362
financial.indicator.netprofit_yoy,netprofit_yoy,2003,not_provided_by_source,11038,10107,931
financial.indicator.netprofit_yoy,netprofit_yoy,2004,not_provided_by_source,11591,11007,584
financial.indicator.netprofit_yoy,netprofit_yoy,2005,not_provided_by_source,11984,11520,464
financial.indicator.netprofit_yoy,netprofit_yoy,2006,not_provided_by_source,13014,11868,1146
financial.indicator.netprofit_yoy,netprofit_yoy,2007,not_provided_by_source,14483,12995,1488
financial.indicator.netprofit_yoy,netprofit_yoy,2008,not_provided_by_source,15481,14446,1035
financial.indicator.netprofit_yoy,netprofit_yoy,2009,not_provided_by_source,17455,15388,2067
financial.indicator.netprofit_yoy,netprofit_yoy,2010,not_provided_by_source,18522,17513,1009
financial.indicator.netprofit_yoy,netprofit_yoy,2011,not_provided_by_source,21209,19445,1764
financial.indicator.netprofit_yoy,netprofit_yoy,2012,not_provided_by_source,22867,21739,1128
financial.indicator.netprofit_yoy,netprofit_yoy,2013,not_provided_by_source,23933,22773,1160
financial.indicator.netprofit_yoy,netprofit_yoy,2014,not_provided_by_source,25674,24045,1629
financial.indicator.netprofit_yoy,netprofit_yoy,2015,not_provided_by_source,27586,25862,1724
financial.indicator.netprofit_yoy,netprofit_yoy,2016,not_provided_by_source,31074,27762,3312
financial.indicator.netprofit_yoy,netprofit_yoy,2017,not_provided_by_source,32844,30688,2156
financial.indicator.netprofit_yoy,netprofit_yoy,2018,not_provided_by_source,33975,32425,1550
financial.indicator.netprofit_yoy,netprofit_yoy,2019,not_provided_by_source,36005,33665,2340
financial.indicator.netprofit_yoy,netprofit_yoy,2020,not_provided_by_source,38841,35789,3052
financial.indicator.netprofit_yoy,netprofit_yoy,2021,not_provided_by_source,40961,38769,2192
financial.indicator.netprofit_yoy,netprofit_yoy,2022,not_provided_by_source,41878,40766,1112
financial.indicator.netprofit_yoy,netprofit_yoy,2023,not_provided_by_source,28609,28458,151
financial.indicator.netprofit_yoy,netprofit_yoy,2024,not_provided_by_source,24134,23922,212
financial.indicator.netprofit_yoy,netprofit_yoy,2025,not_provided_by_source,26352,26217,135
financial.indicator.netprofit_yoy,netprofit_yoy,2026,not_provided_by_source,15888,15868,20
financial.indicator.networking_capital,networking_capital,1990,not_provided_by_source,284,82,202
financial.indicator.networking_capital,networking_capital,1991,not_provided_by_source,372,128,244
financial.indicator.networking_capital,networking_capital,1992,not_provided_by_source,626,442,184
financial.indicator.networking_capital,networking_capital,1993,not_provided_by_source,1362,992,370
financial.indicator.networking_capital,networking_capital,1994,not_provided_by_source,2056,1276,780
financial.indicator.networking_capital,networking_capital,1995,not_provided_by_source,2333,1647,686
financial.indicator.networking_capital,networking_capital,1996,not_provided_by_source,2899,1977,922
financial.indicator.networking_capital,networking_capital,1997,not_provided_by_source,3711,2270,1441
financial.indicator.networking_capital,networking_capital,1998,not_provided_by_source,3934,3900,34
financial.indicator.networking_capital,networking_capital,1999,not_provided_by_source,4456,4272,184
financial.indicator.networking_capital,networking_capital,2000,not_provided_by_source,4904,4700,204
financial.indicator.networking_capital,networking_capital,2001,not_provided_by_source,5803,5263,540
financial.indicator.networking_capital,networking_capital,2002,not_provided_by_source,10138,9520,618
financial.indicator.networking_capital,networking_capital,2003,not_provided_by_source,11038,10235,803
financial.indicator.networking_capital,networking_capital,2004,not_provided_by_source,11591,11188,403
financial.indicator.networking_capital,networking_capital,2005,not_provided_by_source,11984,11538,446
financial.indicator.networking_capital,networking_capital,2006,not_provided_by_source,13014,12192,822
financial.indicator.networking_capital,networking_capital,2007,not_provided_by_source,14483,13626,857
financial.indicator.networking_capital,networking_capital,2008,not_provided_by_source,15481,14711,770
financial.indicator.networking_capital,networking_capital,2009,not_provided_by_source,17455,15722,1733
financial.indicator.networking_capital,networking_capital,2010,not_provided_by_source,18522,17675,847
financial.indicator.networking_capital,networking_capital,2011,not_provided_by_source,21209,20460,749
financial.indicator.networking_capital,networking_capital,2012,not_provided_by_source,22867,22008,859
financial.indicator.networking_capital,networking_capital,2013,not_provided_by_source,23933,23009,924
financial.indicator.networking_capital,networking_capital,2014,not_provided_by_source,25674,24488,1186
financial.indicator.networking_capital,networking_capital,2015,not_provided_by_source,27586,26061,1525
financial.indicator.networking_capital,networking_capital,2016,not_provided_by_source,31074,28253,2821
financial.indicator.networking_capital,networking_capital,2017,not_provided_by_source,32844,31071,1773
financial.indicator.networking_capital,networking_capital,2018,not_provided_by_source,33975,32415,1560
financial.indicator.networking_capital,networking_capital,2019,not_provided_by_source,36005,33686,2319
financial.indicator.networking_capital,networking_capital,2020,not_provided_by_source,38841,36124,2717
financial.indicator.networking_capital,networking_capital,2021,not_provided_by_source,40961,38640,2321
financial.indicator.networking_capital,networking_capital,2022,not_provided_by_source,41878,39964,1914
financial.indicator.networking_capital,networking_capital,2023,not_provided_by_source,28609,27770,839
financial.indicator.networking_capital,networking_capital,2024,not_provided_by_source,24134,23425,709
financial.indicator.networking_capital,networking_capital,2025,not_provided_by_source,26352,25784,568
financial.indicator.networking_capital,networking_capital,2026,not_provided_by_source,15888,15596,292
financial.indicator.non_op_profit,non_op_profit,1990,not_provided_by_source,284,264,20
financial.indicator.non_op_profit,non_op_profit,1991,not_provided_by_source,372,346,26
financial.indicator.non_op_profit,non_op_profit,1992,not_provided_by_source,626,500,126
financial.indicator.non_op_profit,non_op_profit,1993,not_provided_by_source,1362,1308,54
financial.indicator.non_op_profit,non_op_profit,1994,not_provided_by_source,2056,2049,7
financial.indicator.non_op_profit,non_op_profit,1995,not_provided_by_source,2333,2325,8
financial.indicator.non_op_profit,non_op_profit,1996,not_provided_by_source,2899,2895,4
financial.indicator.non_op_profit,non_op_profit,1997,not_provided_by_source,3711,3709,2
financial.indicator.non_op_profit,non_op_profit,1998,not_provided_by_source,3934,3934,0
financial.indicator.non_op_profit,non_op_profit,1999,not_provided_by_source,4456,4456,0
financial.indicator.non_op_profit,non_op_profit,2000,not_provided_by_source,4904,4902,2
financial.indicator.non_op_profit,non_op_profit,2001,not_provided_by_source,5803,5771,32
financial.indicator.non_op_profit,non_op_profit,2002,not_provided_by_source,10138,10134,4
financial.indicator.non_op_profit,non_op_profit,2003,not_provided_by_source,11038,11030,8
financial.indicator.non_op_profit,non_op_profit,2004,not_provided_by_source,11591,11579,12
financial.indicator.non_op_profit,non_op_profit,2005,not_provided_by_source,11984,11966,18
financial.indicator.non_op_profit,non_op_profit,2006,not_provided_by_source,13014,12990,24
financial.indicator.non_op_profit,non_op_profit,2007,not_provided_by_source,14483,14460,23
financial.indicator.non_op_profit,non_op_profit,2008,not_provided_by_source,15481,15437,44
financial.indicator.non_op_profit,non_op_profit,2009,not_provided_by_source,17455,17371,84
financial.indicator.non_op_profit,non_op_profit,2010,not_provided_by_source,18522,18417,105
financial.indicator.non_op_profit,non_op_profit,2011,not_provided_by_source,21209,21040,169
financial.indicator.non_op_profit,non_op_profit,2012,not_provided_by_source,22867,22581,286
financial.indicator.non_op_profit,non_op_profit,2013,not_provided_by_source,23933,23669,264
financial.indicator.non_op_profit,non_op_profit,2014,not_provided_by_source,25674,25426,248
financial.indicator.non_op_profit,non_op_profit,2015,not_provided_by_source,27586,27357,229
financial.indicator.non_op_profit,non_op_profit,2016,not_provided_by_source,31074,30877,197
financial.indicator.non_op_profit,non_op_profit,2017,not_provided_by_source,32844,32741,103
financial.indicator.non_op_profit,non_op_profit,2018,not_provided_by_source,33975,33909,66
financial.indicator.non_op_profit,non_op_profit,2019,not_provided_by_source,36005,35934,71
financial.indicator.non_op_profit,non_op_profit,2020,not_provided_by_source,38841,38804,37
financial.indicator.non_op_profit,non_op_profit,2021,not_provided_by_source,40961,40925,36
financial.indicator.non_op_profit,non_op_profit,2022,not_provided_by_source,41878,41859,19
financial.indicator.non_op_profit,non_op_profit,2023,not_provided_by_source,28609,28592,17
financial.indicator.non_op_profit,non_op_profit,2024,not_provided_by_source,24134,24129,5
financial.indicator.non_op_profit,non_op_profit,2025,not_provided_by_source,26352,26351,1
financial.indicator.non_op_profit,non_op_profit,2026,not_provided_by_source,15888,15869,19
financial.indicator.noncurrent_exint,noncurrent_exint,1990,not_provided_by_source,284,134,150
financial.indicator.noncurrent_exint,noncurrent_exint,1991,not_provided_by_source,372,204,168
financial.indicator.noncurrent_exint,noncurrent_exint,1992,not_provided_by_source,626,480,146
financial.indicator.noncurrent_exint,noncurrent_exint,1993,not_provided_by_source,1362,1060,302
financial.indicator.noncurrent_exint,noncurrent_exint,1994,not_provided_by_source,2056,1727,329
financial.indicator.noncurrent_exint,noncurrent_exint,1995,not_provided_by_source,2333,2024,309
financial.indicator.noncurrent_exint,noncurrent_exint,1996,not_provided_by_source,2899,2528,371
financial.indicator.noncurrent_exint,noncurrent_exint,1997,not_provided_by_source,3711,3146,565
financial.indicator.noncurrent_exint,noncurrent_exint,1998,not_provided_by_source,3934,3410,524
financial.indicator.noncurrent_exint,noncurrent_exint,1999,not_provided_by_source,4456,3692,764
financial.indicator.noncurrent_exint,noncurrent_exint,2000,not_provided_by_source,4904,3969,935
financial.indicator.noncurrent_exint,noncurrent_exint,2001,not_provided_by_source,5803,4151,1652
financial.indicator.noncurrent_exint,noncurrent_exint,2002,not_provided_by_source,10138,7839,2299
financial.indicator.noncurrent_exint,noncurrent_exint,2003,not_provided_by_source,11038,8295,2743
financial.indicator.noncurrent_exint,noncurrent_exint,2004,not_provided_by_source,11591,9242,2349
financial.indicator.noncurrent_exint,noncurrent_exint,2005,not_provided_by_source,11984,9512,2472
financial.indicator.noncurrent_exint,noncurrent_exint,2006,not_provided_by_source,13014,10562,2452
financial.indicator.noncurrent_exint,noncurrent_exint,2007,not_provided_by_source,14483,11906,2577
financial.indicator.noncurrent_exint,noncurrent_exint,2008,not_provided_by_source,15481,12735,2746
financial.indicator.noncurrent_exint,noncurrent_exint,2009,not_provided_by_source,17455,13753,3702
financial.indicator.noncurrent_exint,noncurrent_exint,2010,not_provided_by_source,18522,15526,2996
financial.indicator.noncurrent_exint,noncurrent_exint,2011,not_provided_by_source,21209,17900,3309
financial.indicator.noncurrent_exint,noncurrent_exint,2012,not_provided_by_source,22867,20186,2681
financial.indicator.noncurrent_exint,noncurrent_exint,2013,not_provided_by_source,23933,20975,2958
financial.indicator.noncurrent_exint,noncurrent_exint,2014,not_provided_by_source,25674,22632,3042
financial.indicator.noncurrent_exint,noncurrent_exint,2015,not_provided_by_source,27586,24473,3113
financial.indicator.noncurrent_exint,noncurrent_exint,2016,not_provided_by_source,31074,26614,4460
financial.indicator.noncurrent_exint,noncurrent_exint,2017,not_provided_by_source,32844,29488,3356
financial.indicator.noncurrent_exint,noncurrent_exint,2018,not_provided_by_source,33975,31008,2967
financial.indicator.noncurrent_exint,noncurrent_exint,2019,not_provided_by_source,36005,32626,3379
financial.indicator.noncurrent_exint,noncurrent_exint,2020,not_provided_by_source,38841,35204,3637
financial.indicator.noncurrent_exint,noncurrent_exint,2021,not_provided_by_source,40961,38222,2739
financial.indicator.noncurrent_exint,noncurrent_exint,2022,not_provided_by_source,41878,39762,2116
financial.indicator.noncurrent_exint,noncurrent_exint,2023,not_provided_by_source,28609,27679,930
financial.indicator.noncurrent_exint,noncurrent_exint,2024,not_provided_by_source,24134,23377,757
financial.indicator.noncurrent_exint,noncurrent_exint,2025,not_provided_by_source,26352,25720,632
financial.indicator.noncurrent_exint,noncurrent_exint,2026,not_provided_by_source,15888,15559,329
financial.indicator.nop_to_ebt,nop_to_ebt,1990,not_provided_by_source,284,258,26
financial.indicator.nop_to_ebt,nop_to_ebt,1991,not_provided_by_source,372,338,34
financial.indicator.nop_to_ebt,nop_to_ebt,1992,not_provided_by_source,626,498,128
financial.indicator.nop_to_ebt,nop_to_ebt,1993,not_provided_by_source,1362,1302,60
financial.indicator.nop_to_ebt,nop_to_ebt,1994,not_provided_by_source,2056,2043,13
financial.indicator.nop_to_ebt,nop_to_ebt,1995,not_provided_by_source,2333,2277,56
financial.indicator.nop_to_ebt,nop_to_ebt,1996,not_provided_by_source,2899,2771,128
financial.indicator.nop_to_ebt,nop_to_ebt,1997,not_provided_by_source,3711,3551,160
financial.indicator.nop_to_ebt,nop_to_ebt,1998,not_provided_by_source,3934,3614,320
financial.indicator.nop_to_ebt,nop_to_ebt,1999,not_provided_by_source,4456,4104,352
financial.indicator.nop_to_ebt,nop_to_ebt,2000,not_provided_by_source,4904,4440,464
financial.indicator.nop_to_ebt,nop_to_ebt,2001,not_provided_by_source,5803,5082,721
financial.indicator.nop_to_ebt,nop_to_ebt,2002,not_provided_by_source,10138,8564,1574
financial.indicator.nop_to_ebt,nop_to_ebt,2003,not_provided_by_source,11038,9454,1584
financial.indicator.nop_to_ebt,nop_to_ebt,2004,not_provided_by_source,11591,10035,1556
financial.indicator.nop_to_ebt,nop_to_ebt,2005,not_provided_by_source,11984,9824,2160
financial.indicator.nop_to_ebt,nop_to_ebt,2006,not_provided_by_source,13014,10954,2060
financial.indicator.nop_to_ebt,nop_to_ebt,2007,not_provided_by_source,14483,12786,1697
financial.indicator.nop_to_ebt,nop_to_ebt,2008,not_provided_by_source,15481,13341,2140
financial.indicator.nop_to_ebt,nop_to_ebt,2009,not_provided_by_source,17455,14665,2790
financial.indicator.nop_to_ebt,nop_to_ebt,2010,not_provided_by_source,18522,16575,1947
financial.indicator.nop_to_ebt,nop_to_ebt,2011,not_provided_by_source,21209,19106,2103
financial.indicator.nop_to_ebt,nop_to_ebt,2012,not_provided_by_source,22867,19747,3120
financial.indicator.nop_to_ebt,nop_to_ebt,2013,not_provided_by_source,23933,20720,3213
financial.indicator.nop_to_ebt,nop_to_ebt,2014,not_provided_by_source,25674,22254,3420
financial.indicator.nop_to_ebt,nop_to_ebt,2015,not_provided_by_source,27586,23308,4278
financial.indicator.nop_to_ebt,nop_to_ebt,2016,not_provided_by_source,31074,27343,3731
financial.indicator.nop_to_ebt,nop_to_ebt,2017,not_provided_by_source,32844,29716,3128
financial.indicator.nop_to_ebt,nop_to_ebt,2018,not_provided_by_source,33975,30059,3916
financial.indicator.nop_to_ebt,nop_to_ebt,2019,not_provided_by_source,36005,31456,4549
financial.indicator.nop_to_ebt,nop_to_ebt,2020,not_provided_by_source,38841,31587,7254
financial.indicator.nop_to_ebt,nop_to_ebt,2021,not_provided_by_source,40961,35121,5840
financial.indicator.nop_to_ebt,nop_to_ebt,2022,not_provided_by_source,41878,33546,8332
financial.indicator.nop_to_ebt,nop_to_ebt,2023,not_provided_by_source,28609,22222,6387
financial.indicator.nop_to_ebt,nop_to_ebt,2024,not_provided_by_source,24134,17999,6135
financial.indicator.nop_to_ebt,nop_to_ebt,2025,not_provided_by_source,26352,19720,6632
financial.indicator.nop_to_ebt,nop_to_ebt,2026,not_provided_by_source,15888,11641,4247
financial.indicator.npta,npta,1990,not_provided_by_source,284,24,260
financial.indicator.npta,npta,1991,not_provided_by_source,372,168,204
financial.indicator.npta,npta,1992,not_provided_by_source,626,246,380
financial.indicator.npta,npta,1993,not_provided_by_source,1362,690,672
financial.indicator.npta,npta,1994,not_provided_by_source,2056,1608,448
financial.indicator.npta,npta,1995,not_provided_by_source,2333,2077,256
financial.indicator.npta,npta,1996,not_provided_by_source,2899,2695,204
financial.indicator.npta,npta,1997,not_provided_by_source,3711,3329,382
financial.indicator.npta,npta,1998,not_provided_by_source,3934,3818,116
financial.indicator.npta,npta,1999,not_provided_by_source,4456,4152,304
financial.indicator.npta,npta,2000,not_provided_by_source,4904,4574,330
financial.indicator.npta,npta,2001,not_provided_by_source,5803,5171,632
financial.indicator.npta,npta,2002,not_provided_by_source,10138,9893,245
financial.indicator.npta,npta,2003,not_provided_by_source,11038,10347,691
financial.indicator.npta,npta,2004,not_provided_by_source,11591,11313,278
financial.indicator.npta,npta,2005,not_provided_by_source,11984,11740,244
financial.indicator.npta,npta,2006,not_provided_by_source,13014,12953,61
financial.indicator.npta,npta,2007,not_provided_by_source,14483,14452,31
financial.indicator.npta,npta,2008,not_provided_by_source,15481,15431,50
financial.indicator.npta,npta,2009,not_provided_by_source,17455,17369,86
financial.indicator.npta,npta,2010,not_provided_by_source,18522,18411,111
financial.indicator.npta,npta,2011,not_provided_by_source,21209,21039,170
financial.indicator.npta,npta,2012,not_provided_by_source,22867,22577,290
financial.indicator.npta,npta,2013,not_provided_by_source,23933,23661,272
financial.indicator.npta,npta,2014,not_provided_by_source,25674,25424,250
financial.indicator.npta,npta,2015,not_provided_by_source,27586,27353,233
financial.indicator.npta,npta,2016,not_provided_by_source,31074,30866,208
financial.indicator.npta,npta,2017,not_provided_by_source,32844,32740,104
financial.indicator.npta,npta,2018,not_provided_by_source,33975,33900,75
financial.indicator.npta,npta,2019,not_provided_by_source,36005,35932,73
financial.indicator.npta,npta,2020,not_provided_by_source,38841,38798,43
financial.indicator.npta,npta,2021,not_provided_by_source,40961,40926,35
financial.indicator.npta,npta,2022,not_provided_by_source,41878,41864,14
financial.indicator.npta,npta,2023,not_provided_by_source,28609,28593,16
financial.indicator.npta,npta,2024,not_provided_by_source,24134,24130,4
financial.indicator.npta,npta,2025,not_provided_by_source,26352,26343,9
financial.indicator.npta,npta,2026,not_provided_by_source,15888,15857,31
financial.indicator.ocf_to_debt,ocf_to_debt,1990,not_provided_by_source,284,0,284
financial.indicator.ocf_to_debt,ocf_to_debt,1991,not_provided_by_source,372,0,372
financial.indicator.ocf_to_debt,ocf_to_debt,1992,not_provided_by_source,626,0,626
financial.indicator.ocf_to_debt,ocf_to_debt,1993,not_provided_by_source,1362,0,1362
financial.indicator.ocf_to_debt,ocf_to_debt,1994,not_provided_by_source,2056,0,2056
financial.indicator.ocf_to_debt,ocf_to_debt,1995,not_provided_by_source,2333,0,2333
financial.indicator.ocf_to_debt,ocf_to_debt,1996,not_provided_by_source,2899,2,2897
financial.indicator.ocf_to_debt,ocf_to_debt,1997,not_provided_by_source,3711,10,3701
financial.indicator.ocf_to_debt,ocf_to_debt,1998,not_provided_by_source,3934,2335,1599
financial.indicator.ocf_to_debt,ocf_to_debt,1999,not_provided_by_source,4456,2765,1691
financial.indicator.ocf_to_debt,ocf_to_debt,2000,not_provided_by_source,4904,4470,434
financial.indicator.ocf_to_debt,ocf_to_debt,2001,not_provided_by_source,5803,4759,1044
financial.indicator.ocf_to_debt,ocf_to_debt,2002,not_provided_by_source,10138,5157,4981
financial.indicator.ocf_to_debt,ocf_to_debt,2003,not_provided_by_source,11038,10269,769
financial.indicator.ocf_to_debt,ocf_to_debt,2004,not_provided_by_source,11591,11249,342
financial.indicator.ocf_to_debt,ocf_to_debt,2005,not_provided_by_source,11984,11616,368
financial.indicator.ocf_to_debt,ocf_to_debt,2006,not_provided_by_source,13014,12332,682
financial.indicator.ocf_to_debt,ocf_to_debt,2007,not_provided_by_source,14483,13888,595
financial.indicator.ocf_to_debt,ocf_to_debt,2008,not_provided_by_source,15481,15031,450
financial.indicator.ocf_to_debt,ocf_to_debt,2009,not_provided_by_source,17455,16062,1393
financial.indicator.ocf_to_debt,ocf_to_debt,2010,not_provided_by_source,18522,18066,456
financial.indicator.ocf_to_debt,ocf_to_debt,2011,not_provided_by_source,21209,20857,352
financial.indicator.ocf_to_debt,ocf_to_debt,2012,not_provided_by_source,22867,22456,411
financial.indicator.ocf_to_debt,ocf_to_debt,2013,not_provided_by_source,23933,23491,442
financial.indicator.ocf_to_debt,ocf_to_debt,2014,not_provided_by_source,25674,25001,673
financial.indicator.ocf_to_debt,ocf_to_debt,2015,not_provided_by_source,27586,26735,851
financial.indicator.ocf_to_debt,ocf_to_debt,2016,not_provided_by_source,31074,28961,2113
financial.indicator.ocf_to_debt,ocf_to_debt,2017,not_provided_by_source,32844,31858,986
financial.indicator.ocf_to_debt,ocf_to_debt,2018,not_provided_by_source,33975,33173,802
financial.indicator.ocf_to_debt,ocf_to_debt,2019,not_provided_by_source,36005,34472,1533
financial.indicator.ocf_to_debt,ocf_to_debt,2020,not_provided_by_source,38841,36866,1975
financial.indicator.ocf_to_debt,ocf_to_debt,2021,not_provided_by_source,40961,39424,1537
financial.indicator.ocf_to_debt,ocf_to_debt,2022,not_provided_by_source,41878,40969,909
financial.indicator.ocf_to_debt,ocf_to_debt,2023,not_provided_by_source,28609,28416,193
financial.indicator.ocf_to_debt,ocf_to_debt,2024,not_provided_by_source,24134,23906,228
financial.indicator.ocf_to_debt,ocf_to_debt,2025,not_provided_by_source,26352,26255,97
financial.indicator.ocf_to_debt,ocf_to_debt,2026,not_provided_by_source,15888,15837,51
financial.indicator.ocf_to_interestdebt,ocf_to_interestdebt,1990,not_provided_by_source,284,0,284
financial.indicator.ocf_to_interestdebt,ocf_to_interestdebt,1991,not_provided_by_source,372,0,372
financial.indicator.ocf_to_interestdebt,ocf_to_interestdebt,1992,not_provided_by_source,626,0,626
financial.indicator.ocf_to_interestdebt,ocf_to_interestdebt,1993,not_provided_by_source,1362,0,1362
financial.indicator.ocf_to_interestdebt,ocf_to_interestdebt,1994,not_provided_by_source,2056,0,2056
financial.indicator.ocf_to_interestdebt,ocf_to_interestdebt,1995,not_provided_by_source,2333,0,2333
financial.indicator.ocf_to_interestdebt,ocf_to_interestdebt,1996,not_provided_by_source,2899,2,2897
financial.indicator.ocf_to_interestdebt,ocf_to_interestdebt,1997,not_provided_by_source,3711,10,3701
financial.indicator.ocf_to_interestdebt,ocf_to_interestdebt,1998,not_provided_by_source,3934,2327,1607
financial.indicator.ocf_to_interestdebt,ocf_to_interestdebt,1999,not_provided_by_source,4456,2751,1705
financial.indicator.ocf_to_interestdebt,ocf_to_interestdebt,2000,not_provided_by_source,4904,4450,454
financial.indicator.ocf_to_interestdebt,ocf_to_interestdebt,2001,not_provided_by_source,5803,4737,1066
financial.indicator.ocf_to_interestdebt,ocf_to_interestdebt,2002,not_provided_by_source,10138,5127,5011
financial.indicator.ocf_to_interestdebt,ocf_to_interestdebt,2003,not_provided_by_source,11038,10191,847
financial.indicator.ocf_to_interestdebt,ocf_to_interestdebt,2004,not_provided_by_source,11591,11149,442
financial.indicator.ocf_to_interestdebt,ocf_to_interestdebt,2005,not_provided_by_source,11984,11466,518
financial.indicator.ocf_to_interestdebt,ocf_to_interestdebt,2006,not_provided_by_source,13014,11354,1660
financial.indicator.ocf_to_interestdebt,ocf_to_interestdebt,2007,not_provided_by_source,14483,12638,1845
financial.indicator.ocf_to_interestdebt,ocf_to_interestdebt,2008,not_provided_by_source,15481,13515,1966
financial.indicator.ocf_to_interestdebt,ocf_to_interestdebt,2009,not_provided_by_source,17455,14170,3285
financial.indicator.ocf_to_interestdebt,ocf_to_interestdebt,2010,not_provided_by_source,18522,15118,3404
financial.indicator.ocf_to_interestdebt,ocf_to_interestdebt,2011,not_provided_by_source,21209,16934,4275
financial.indicator.ocf_to_interestdebt,ocf_to_interestdebt,2012,not_provided_by_source,22867,18052,4815
financial.indicator.ocf_to_interestdebt,ocf_to_interestdebt,2013,not_provided_by_source,23933,19053,4880
financial.indicator.ocf_to_interestdebt,ocf_to_interestdebt,2014,not_provided_by_source,25674,20791,4883
financial.indicator.ocf_to_interestdebt,ocf_to_interestdebt,2015,not_provided_by_source,27586,22204,5382
financial.indicator.ocf_to_interestdebt,ocf_to_interestdebt,2016,not_provided_by_source,31074,23720,7354
financial.indicator.ocf_to_interestdebt,ocf_to_interestdebt,2017,not_provided_by_source,32844,25545,7299
financial.indicator.ocf_to_interestdebt,ocf_to_interestdebt,2018,not_provided_by_source,33975,26921,7054
financial.indicator.ocf_to_interestdebt,ocf_to_interestdebt,2019,not_provided_by_source,36005,28271,7734
financial.indicator.ocf_to_interestdebt,ocf_to_interestdebt,2020,not_provided_by_source,38841,30437,8404
financial.indicator.ocf_to_interestdebt,ocf_to_interestdebt,2021,not_provided_by_source,40961,35797,5164
financial.indicator.ocf_to_interestdebt,ocf_to_interestdebt,2022,not_provided_by_source,41878,38689,3189
financial.indicator.ocf_to_interestdebt,ocf_to_interestdebt,2023,not_provided_by_source,28609,26985,1624
financial.indicator.ocf_to_interestdebt,ocf_to_interestdebt,2024,not_provided_by_source,24134,22739,1395
financial.indicator.ocf_to_interestdebt,ocf_to_interestdebt,2025,not_provided_by_source,26352,25091,1261
financial.indicator.ocf_to_interestdebt,ocf_to_interestdebt,2026,not_provided_by_source,15888,15202,686
financial.indicator.ocf_to_netdebt,ocf_to_netdebt,1990,not_provided_by_source,284,0,284
financial.indicator.ocf_to_netdebt,ocf_to_netdebt,1991,not_provided_by_source,372,0,372
financial.indicator.ocf_to_netdebt,ocf_to_netdebt,1992,not_provided_by_source,626,0,626
financial.indicator.ocf_to_netdebt,ocf_to_netdebt,1993,not_provided_by_source,1362,0,1362
financial.indicator.ocf_to_netdebt,ocf_to_netdebt,1994,not_provided_by_source,2056,0,2056
financial.indicator.ocf_to_netdebt,ocf_to_netdebt,1995,not_provided_by_source,2333,0,2333
financial.indicator.ocf_to_netdebt,ocf_to_netdebt,1996,not_provided_by_source,2899,0,2899
financial.indicator.ocf_to_netdebt,ocf_to_netdebt,1997,not_provided_by_source,3711,8,3703
financial.indicator.ocf_to_netdebt,ocf_to_netdebt,1998,not_provided_by_source,3934,1905,2029
financial.indicator.ocf_to_netdebt,ocf_to_netdebt,1999,not_provided_by_source,4456,2285,2171
financial.indicator.ocf_to_netdebt,ocf_to_netdebt,2000,not_provided_by_source,4904,3496,1408
financial.indicator.ocf_to_netdebt,ocf_to_netdebt,2001,not_provided_by_source,5803,3543,2260
financial.indicator.ocf_to_netdebt,ocf_to_netdebt,2002,not_provided_by_source,10138,3985,6153
financial.indicator.ocf_to_netdebt,ocf_to_netdebt,2003,not_provided_by_source,11038,8071,2967
financial.indicator.ocf_to_netdebt,ocf_to_netdebt,2004,not_provided_by_source,11591,8985,2606
financial.indicator.ocf_to_netdebt,ocf_to_netdebt,2005,not_provided_by_source,11984,9394,2590
financial.indicator.ocf_to_netdebt,ocf_to_netdebt,2006,not_provided_by_source,13014,8744,4270
financial.indicator.ocf_to_netdebt,ocf_to_netdebt,2007,not_provided_by_source,14483,9224,5259
financial.indicator.ocf_to_netdebt,ocf_to_netdebt,2008,not_provided_by_source,15481,9647,5834
financial.indicator.ocf_to_netdebt,ocf_to_netdebt,2009,not_provided_by_source,17455,9540,7915
financial.indicator.ocf_to_netdebt,ocf_to_netdebt,2010,not_provided_by_source,18522,9385,9137
financial.indicator.ocf_to_netdebt,ocf_to_netdebt,2011,not_provided_by_source,21209,9784,11425
financial.indicator.ocf_to_netdebt,ocf_to_netdebt,2012,not_provided_by_source,22867,10915,11952
financial.indicator.ocf_to_netdebt,ocf_to_netdebt,2013,not_provided_by_source,23933,11952,11981
financial.indicator.ocf_to_netdebt,ocf_to_netdebt,2014,not_provided_by_source,25674,13336,12338
financial.indicator.ocf_to_netdebt,ocf_to_netdebt,2015,not_provided_by_source,27586,13789,13797
financial.indicator.ocf_to_netdebt,ocf_to_netdebt,2016,not_provided_by_source,31074,13690,17384
financial.indicator.ocf_to_netdebt,ocf_to_netdebt,2017,not_provided_by_source,32844,14468,18376
financial.indicator.ocf_to_netdebt,ocf_to_netdebt,2018,not_provided_by_source,33975,16048,17927
financial.indicator.ocf_to_netdebt,ocf_to_netdebt,2019,not_provided_by_source,36005,16807,19198
financial.indicator.ocf_to_netdebt,ocf_to_netdebt,2020,not_provided_by_source,38841,16831,22010
financial.indicator.ocf_to_netdebt,ocf_to_netdebt,2021,not_provided_by_source,40961,17726,23235
financial.indicator.ocf_to_netdebt,ocf_to_netdebt,2022,not_provided_by_source,41878,18254,23624
financial.indicator.ocf_to_netdebt,ocf_to_netdebt,2023,not_provided_by_source,28609,12616,15993
financial.indicator.ocf_to_netdebt,ocf_to_netdebt,2024,not_provided_by_source,24134,11226,12908
financial.indicator.ocf_to_netdebt,ocf_to_netdebt,2025,not_provided_by_source,26352,12629,13723
financial.indicator.ocf_to_netdebt,ocf_to_netdebt,2026,not_provided_by_source,15888,7757,8131
financial.indicator.ocf_to_opincome,ocf_to_opincome,1990,not_provided_by_source,284,0,284
financial.indicator.ocf_to_opincome,ocf_to_opincome,1991,not_provided_by_source,372,0,372
financial.indicator.ocf_to_opincome,ocf_to_opincome,1992,not_provided_by_source,626,0,626
financial.indicator.ocf_to_opincome,ocf_to_opincome,1993,not_provided_by_source,1362,0,1362
financial.indicator.ocf_to_opincome,ocf_to_opincome,1994,not_provided_by_source,2056,0,2056
financial.indicator.ocf_to_opincome,ocf_to_opincome,1995,not_provided_by_source,2333,0,2333
financial.indicator.ocf_to_opincome,ocf_to_opincome,1996,not_provided_by_source,2899,2,2897
financial.indicator.ocf_to_opincome,ocf_to_opincome,1997,not_provided_by_source,3711,10,3701
financial.indicator.ocf_to_opincome,ocf_to_opincome,1998,not_provided_by_source,3934,1985,1949
financial.indicator.ocf_to_opincome,ocf_to_opincome,1999,not_provided_by_source,4456,2315,2141
financial.indicator.ocf_to_opincome,ocf_to_opincome,2000,not_provided_by_source,4904,3748,1156
financial.indicator.ocf_to_opincome,ocf_to_opincome,2001,not_provided_by_source,5803,3958,1845
financial.indicator.ocf_to_opincome,ocf_to_opincome,2002,not_provided_by_source,10138,4161,5977
financial.indicator.ocf_to_opincome,ocf_to_opincome,2003,not_provided_by_source,11038,8374,2664
financial.indicator.ocf_to_opincome,ocf_to_opincome,2004,not_provided_by_source,11591,9229,2362
financial.indicator.ocf_to_opincome,ocf_to_opincome,2005,not_provided_by_source,11984,8933,3051
financial.indicator.ocf_to_opincome,ocf_to_opincome,2006,not_provided_by_source,13014,10009,3005
financial.indicator.ocf_to_opincome,ocf_to_opincome,2007,not_provided_by_source,14483,11481,3002
financial.indicator.ocf_to_opincome,ocf_to_opincome,2008,not_provided_by_source,15481,12001,3480
financial.indicator.ocf_to_opincome,ocf_to_opincome,2009,not_provided_by_source,17455,13194,4261
financial.indicator.ocf_to_opincome,ocf_to_opincome,2010,not_provided_by_source,18522,15255,3267
financial.indicator.ocf_to_opincome,ocf_to_opincome,2011,not_provided_by_source,21209,17769,3440
financial.indicator.ocf_to_opincome,ocf_to_opincome,2012,not_provided_by_source,22867,18007,4860
financial.indicator.ocf_to_opincome,ocf_to_opincome,2013,not_provided_by_source,23933,18727,5206
financial.indicator.ocf_to_opincome,ocf_to_opincome,2014,not_provided_by_source,25674,20002,5672
financial.indicator.ocf_to_opincome,ocf_to_opincome,2015,not_provided_by_source,27586,21014,6572
financial.indicator.ocf_to_opincome,ocf_to_opincome,2016,not_provided_by_source,31074,25093,5981
financial.indicator.ocf_to_opincome,ocf_to_opincome,2017,not_provided_by_source,32844,27350,5494
financial.indicator.ocf_to_opincome,ocf_to_opincome,2018,not_provided_by_source,33975,27522,6453
financial.indicator.ocf_to_opincome,ocf_to_opincome,2019,not_provided_by_source,36005,28430,7575
financial.indicator.ocf_to_opincome,ocf_to_opincome,2020,not_provided_by_source,38841,28781,10060
financial.indicator.ocf_to_opincome,ocf_to_opincome,2021,not_provided_by_source,40961,32536,8425
financial.indicator.ocf_to_opincome,ocf_to_opincome,2022,not_provided_by_source,41878,31195,10683
financial.indicator.ocf_to_opincome,ocf_to_opincome,2023,not_provided_by_source,28609,20022,8587
financial.indicator.ocf_to_opincome,ocf_to_opincome,2024,not_provided_by_source,24134,16177,7957
financial.indicator.ocf_to_opincome,ocf_to_opincome,2025,not_provided_by_source,26352,17675,8677
financial.indicator.ocf_to_opincome,ocf_to_opincome,2026,not_provided_by_source,15888,10550,5338
financial.indicator.ocf_to_or,ocf_to_or,1990,not_provided_by_source,284,0,284
financial.indicator.ocf_to_or,ocf_to_or,1991,not_provided_by_source,372,0,372
financial.indicator.ocf_to_or,ocf_to_or,1992,not_provided_by_source,626,0,626
financial.indicator.ocf_to_or,ocf_to_or,1993,not_provided_by_source,1362,0,1362
financial.indicator.ocf_to_or,ocf_to_or,1994,not_provided_by_source,2056,0,2056
financial.indicator.ocf_to_or,ocf_to_or,1995,not_provided_by_source,2333,0,2333
financial.indicator.ocf_to_or,ocf_to_or,1996,not_provided_by_source,2899,2,2897
financial.indicator.ocf_to_or,ocf_to_or,1997,not_provided_by_source,3711,10,3701
financial.indicator.ocf_to_or,ocf_to_or,1998,not_provided_by_source,3934,2331,1603
financial.indicator.ocf_to_or,ocf_to_or,1999,not_provided_by_source,4456,2755,1701
financial.indicator.ocf_to_or,ocf_to_or,2000,not_provided_by_source,4904,4454,450
financial.indicator.ocf_to_or,ocf_to_or,2001,not_provided_by_source,5803,4755,1048
financial.indicator.ocf_to_or,ocf_to_or,2002,not_provided_by_source,10138,5145,4993
financial.indicator.ocf_to_or,ocf_to_or,2003,not_provided_by_source,11038,10486,552
financial.indicator.ocf_to_or,ocf_to_or,2004,not_provided_by_source,11591,11261,330
financial.indicator.ocf_to_or,ocf_to_or,2005,not_provided_by_source,11984,11588,396
financial.indicator.ocf_to_or,ocf_to_or,2006,not_provided_by_source,13014,12717,297
financial.indicator.ocf_to_or,ocf_to_or,2007,not_provided_by_source,14483,14310,173
financial.indicator.ocf_to_or,ocf_to_or,2008,not_provided_by_source,15481,15241,240
financial.indicator.ocf_to_or,ocf_to_or,2009,not_provided_by_source,17455,17112,343
financial.indicator.ocf_to_or,ocf_to_or,2010,not_provided_by_source,18522,18171,351
financial.indicator.ocf_to_or,ocf_to_or,2011,not_provided_by_source,21209,20809,400
financial.indicator.ocf_to_or,ocf_to_or,2012,not_provided_by_source,22867,22391,476
financial.indicator.ocf_to_or,ocf_to_or,2013,not_provided_by_source,23933,23544,389
financial.indicator.ocf_to_or,ocf_to_or,2014,not_provided_by_source,25674,25323,351
financial.indicator.ocf_to_or,ocf_to_or,2015,not_provided_by_source,27586,27249,337
financial.indicator.ocf_to_or,ocf_to_or,2016,not_provided_by_source,31074,30770,304
financial.indicator.ocf_to_or,ocf_to_or,2017,not_provided_by_source,32844,32648,196
financial.indicator.ocf_to_or,ocf_to_or,2018,not_provided_by_source,33975,33773,202
financial.indicator.ocf_to_or,ocf_to_or,2019,not_provided_by_source,36005,35823,182
financial.indicator.ocf_to_or,ocf_to_or,2020,not_provided_by_source,38841,38694,147
financial.indicator.ocf_to_or,ocf_to_or,2021,not_provided_by_source,40961,40825,136
financial.indicator.ocf_to_or,ocf_to_or,2022,not_provided_by_source,41878,41774,104
financial.indicator.ocf_to_or,ocf_to_or,2023,not_provided_by_source,28609,28535,74
financial.indicator.ocf_to_or,ocf_to_or,2024,not_provided_by_source,24134,24081,53
financial.indicator.ocf_to_or,ocf_to_or,2025,not_provided_by_source,26352,26316,36
financial.indicator.ocf_to_or,ocf_to_or,2026,not_provided_by_source,15888,15827,61
financial.indicator.ocf_to_profit,ocf_to_profit,1990,not_provided_by_source,284,0,284
financial.indicator.ocf_to_profit,ocf_to_profit,1991,not_provided_by_source,372,0,372
financial.indicator.ocf_to_profit,ocf_to_profit,1992,not_provided_by_source,626,0,626
financial.indicator.ocf_to_profit,ocf_to_profit,1993,not_provided_by_source,1362,0,1362
financial.indicator.ocf_to_profit,ocf_to_profit,1994,not_provided_by_source,2056,0,2056
financial.indicator.ocf_to_profit,ocf_to_profit,1995,not_provided_by_source,2333,0,2333
financial.indicator.ocf_to_profit,ocf_to_profit,1996,not_provided_by_source,2899,2,2897
financial.indicator.ocf_to_profit,ocf_to_profit,1997,not_provided_by_source,3711,10,3701
financial.indicator.ocf_to_profit,ocf_to_profit,1998,not_provided_by_source,3934,2077,1857
financial.indicator.ocf_to_profit,ocf_to_profit,1999,not_provided_by_source,4456,2435,2021
financial.indicator.ocf_to_profit,ocf_to_profit,2000,not_provided_by_source,4904,3940,964
financial.indicator.ocf_to_profit,ocf_to_profit,2001,not_provided_by_source,5803,4160,1643
financial.indicator.ocf_to_profit,ocf_to_profit,2002,not_provided_by_source,10138,4349,5789
financial.indicator.ocf_to_profit,ocf_to_profit,2003,not_provided_by_source,11038,8810,2228
financial.indicator.ocf_to_profit,ocf_to_profit,2004,not_provided_by_source,11591,9631,1960
financial.indicator.ocf_to_profit,ocf_to_profit,2005,not_provided_by_source,11984,9292,2692
financial.indicator.ocf_to_profit,ocf_to_profit,2006,not_provided_by_source,13014,10513,2501
financial.indicator.ocf_to_profit,ocf_to_profit,2007,not_provided_by_source,14483,12282,2201
financial.indicator.ocf_to_profit,ocf_to_profit,2008,not_provided_by_source,15481,12623,2858
financial.indicator.ocf_to_profit,ocf_to_profit,2009,not_provided_by_source,17455,13953,3502
financial.indicator.ocf_to_profit,ocf_to_profit,2010,not_provided_by_source,18522,15913,2609
financial.indicator.ocf_to_profit,ocf_to_profit,2011,not_provided_by_source,21209,18463,2746
financial.indicator.ocf_to_profit,ocf_to_profit,2012,not_provided_by_source,22867,18769,4098
financial.indicator.ocf_to_profit,ocf_to_profit,2013,not_provided_by_source,23933,19682,4251
financial.indicator.ocf_to_profit,ocf_to_profit,2014,not_provided_by_source,25674,21146,4528
financial.indicator.ocf_to_profit,ocf_to_profit,2015,not_provided_by_source,27586,22308,5278
financial.indicator.ocf_to_profit,ocf_to_profit,2016,not_provided_by_source,31074,26220,4854
financial.indicator.ocf_to_profit,ocf_to_profit,2017,not_provided_by_source,32844,29065,3779
financial.indicator.ocf_to_profit,ocf_to_profit,2018,not_provided_by_source,33975,29808,4167
financial.indicator.ocf_to_profit,ocf_to_profit,2019,not_provided_by_source,36005,31216,4789
financial.indicator.ocf_to_profit,ocf_to_profit,2020,not_provided_by_source,38841,31428,7413
financial.indicator.ocf_to_profit,ocf_to_profit,2021,not_provided_by_source,40961,34963,5998
financial.indicator.ocf_to_profit,ocf_to_profit,2022,not_provided_by_source,41878,33485,8393
financial.indicator.ocf_to_profit,ocf_to_profit,2023,not_provided_by_source,28609,22135,6474
financial.indicator.ocf_to_profit,ocf_to_profit,2024,not_provided_by_source,24134,17965,6169
financial.indicator.ocf_to_profit,ocf_to_profit,2025,not_provided_by_source,26352,19675,6677
financial.indicator.ocf_to_profit,ocf_to_profit,2026,not_provided_by_source,15888,11587,4301
financial.indicator.ocf_to_shortdebt,ocf_to_shortdebt,1990,not_provided_by_source,284,0,284
financial.indicator.ocf_to_shortdebt,ocf_to_shortdebt,1991,not_provided_by_source,372,0,372
financial.indicator.ocf_to_shortdebt,ocf_to_shortdebt,1992,not_provided_by_source,626,0,626
financial.indicator.ocf_to_shortdebt,ocf_to_shortdebt,1993,not_provided_by_source,1362,0,1362
financial.indicator.ocf_to_shortdebt,ocf_to_shortdebt,1994,not_provided_by_source,2056,0,2056
financial.indicator.ocf_to_shortdebt,ocf_to_shortdebt,1995,not_provided_by_source,2333,0,2333
financial.indicator.ocf_to_shortdebt,ocf_to_shortdebt,1996,not_provided_by_source,2899,2,2897
financial.indicator.ocf_to_shortdebt,ocf_to_shortdebt,1997,not_provided_by_source,3711,10,3701
financial.indicator.ocf_to_shortdebt,ocf_to_shortdebt,1998,not_provided_by_source,3934,2327,1607
financial.indicator.ocf_to_shortdebt,ocf_to_shortdebt,1999,not_provided_by_source,4456,2751,1705
financial.indicator.ocf_to_shortdebt,ocf_to_shortdebt,2000,not_provided_by_source,4904,4450,454
financial.indicator.ocf_to_shortdebt,ocf_to_shortdebt,2001,not_provided_by_source,5803,4739,1064
financial.indicator.ocf_to_shortdebt,ocf_to_shortdebt,2002,not_provided_by_source,10138,5127,5011
financial.indicator.ocf_to_shortdebt,ocf_to_shortdebt,2003,not_provided_by_source,11038,10197,841
financial.indicator.ocf_to_shortdebt,ocf_to_shortdebt,2004,not_provided_by_source,11591,11165,426
financial.indicator.ocf_to_shortdebt,ocf_to_shortdebt,2005,not_provided_by_source,11984,11522,462
financial.indicator.ocf_to_shortdebt,ocf_to_shortdebt,2006,not_provided_by_source,13014,12175,839
financial.indicator.ocf_to_shortdebt,ocf_to_shortdebt,2007,not_provided_by_source,14483,13618,865
financial.indicator.ocf_to_shortdebt,ocf_to_shortdebt,2008,not_provided_by_source,15481,14693,788
financial.indicator.ocf_to_shortdebt,ocf_to_shortdebt,2009,not_provided_by_source,17455,15710,1745
financial.indicator.ocf_to_shortdebt,ocf_to_shortdebt,2010,not_provided_by_source,18522,17669,853
financial.indicator.ocf_to_shortdebt,ocf_to_shortdebt,2011,not_provided_by_source,21209,20428,781
financial.indicator.ocf_to_shortdebt,ocf_to_shortdebt,2012,not_provided_by_source,22867,21990,877
financial.indicator.ocf_to_shortdebt,ocf_to_shortdebt,2013,not_provided_by_source,23933,22989,944
financial.indicator.ocf_to_shortdebt,ocf_to_shortdebt,2014,not_provided_by_source,25674,24483,1191
financial.indicator.ocf_to_shortdebt,ocf_to_shortdebt,2015,not_provided_by_source,27586,26131,1455
financial.indicator.ocf_to_shortdebt,ocf_to_shortdebt,2016,not_provided_by_source,31074,28299,2775
financial.indicator.ocf_to_shortdebt,ocf_to_shortdebt,2017,not_provided_by_source,32844,31123,1721
financial.indicator.ocf_to_shortdebt,ocf_to_shortdebt,2018,not_provided_by_source,33975,32415,1560
financial.indicator.ocf_to_shortdebt,ocf_to_shortdebt,2019,not_provided_by_source,36005,33684,2321
financial.indicator.ocf_to_shortdebt,ocf_to_shortdebt,2020,not_provided_by_source,38841,36110,2731
financial.indicator.ocf_to_shortdebt,ocf_to_shortdebt,2021,not_provided_by_source,40961,38636,2325
financial.indicator.ocf_to_shortdebt,ocf_to_shortdebt,2022,not_provided_by_source,41878,39973,1905
financial.indicator.ocf_to_shortdebt,ocf_to_shortdebt,2023,not_provided_by_source,28609,27768,841
financial.indicator.ocf_to_shortdebt,ocf_to_shortdebt,2024,not_provided_by_source,24134,23424,710
financial.indicator.ocf_to_shortdebt,ocf_to_shortdebt,2025,not_provided_by_source,26352,25778,574
financial.indicator.ocf_to_shortdebt,ocf_to_shortdebt,2026,not_provided_by_source,15888,15566,322
financial.indicator.ocf_yoy,ocf_yoy,1990,not_provided_by_source,284,0,284
financial.indicator.ocf_yoy,ocf_yoy,1991,not_provided_by_source,372,0,372
financial.indicator.ocf_yoy,ocf_yoy,1992,not_provided_by_source,626,0,626
financial.indicator.ocf_yoy,ocf_yoy,1993,not_provided_by_source,1362,0,1362
financial.indicator.ocf_yoy,ocf_yoy,1994,not_provided_by_source,2056,0,2056
financial.indicator.ocf_yoy,ocf_yoy,1995,not_provided_by_source,2333,0,2333
financial.indicator.ocf_yoy,ocf_yoy,1996,not_provided_by_source,2899,0,2899
financial.indicator.ocf_yoy,ocf_yoy,1997,not_provided_by_source,3711,2,3709
financial.indicator.ocf_yoy,ocf_yoy,1998,not_provided_by_source,3934,6,3928
financial.indicator.ocf_yoy,ocf_yoy,1999,not_provided_by_source,4456,2060,2396
financial.indicator.ocf_yoy,ocf_yoy,2000,not_provided_by_source,4904,2765,2139
financial.indicator.ocf_yoy,ocf_yoy,2001,not_provided_by_source,5803,4445,1358
financial.indicator.ocf_yoy,ocf_yoy,2002,not_provided_by_source,10138,4744,5394
financial.indicator.ocf_yoy,ocf_yoy,2003,not_provided_by_source,11038,5147,5891
financial.indicator.ocf_yoy,ocf_yoy,2004,not_provided_by_source,11591,10489,1102
financial.indicator.ocf_yoy,ocf_yoy,2005,not_provided_by_source,11984,11279,705
financial.indicator.ocf_yoy,ocf_yoy,2006,not_provided_by_source,13014,11616,1398
financial.indicator.ocf_yoy,ocf_yoy,2007,not_provided_by_source,14483,12916,1567
financial.indicator.ocf_yoy,ocf_yoy,2008,not_provided_by_source,15481,14342,1139
financial.indicator.ocf_yoy,ocf_yoy,2009,not_provided_by_source,17455,15293,2162
financial.indicator.ocf_yoy,ocf_yoy,2010,not_provided_by_source,18522,17394,1128
financial.indicator.ocf_yoy,ocf_yoy,2011,not_provided_by_source,21209,19301,1908
financial.indicator.ocf_yoy,ocf_yoy,2012,not_provided_by_source,22867,21580,1287
financial.indicator.ocf_yoy,ocf_yoy,2013,not_provided_by_source,23933,22570,1363
financial.indicator.ocf_yoy,ocf_yoy,2014,not_provided_by_source,25674,23852,1822
financial.indicator.ocf_yoy,ocf_yoy,2015,not_provided_by_source,27586,25704,1882
financial.indicator.ocf_yoy,ocf_yoy,2016,not_provided_by_source,31074,27625,3449
financial.indicator.ocf_yoy,ocf_yoy,2017,not_provided_by_source,32844,30556,2288
financial.indicator.ocf_yoy,ocf_yoy,2018,not_provided_by_source,33975,32329,1646
financial.indicator.ocf_yoy,ocf_yoy,2019,not_provided_by_source,36005,33563,2442
financial.indicator.ocf_yoy,ocf_yoy,2020,not_provided_by_source,38841,35722,3119
financial.indicator.ocf_yoy,ocf_yoy,2021,not_provided_by_source,40961,38732,2229
financial.indicator.ocf_yoy,ocf_yoy,2022,not_provided_by_source,41878,40720,1158
financial.indicator.ocf_yoy,ocf_yoy,2023,not_provided_by_source,28609,28425,184
financial.indicator.ocf_yoy,ocf_yoy,2024,not_provided_by_source,24134,23892,242
financial.indicator.ocf_yoy,ocf_yoy,2025,not_provided_by_source,26352,26204,148
financial.indicator.ocf_yoy,ocf_yoy,2026,not_provided_by_source,15888,15850,38
financial.indicator.ocfps,ocfps,1990,not_provided_by_source,284,0,284
financial.indicator.ocfps,ocfps,1991,not_provided_by_source,372,0,372
financial.indicator.ocfps,ocfps,1992,not_provided_by_source,626,0,626
financial.indicator.ocfps,ocfps,1993,not_provided_by_source,1362,0,1362
financial.indicator.ocfps,ocfps,1994,not_provided_by_source,2056,0,2056
financial.indicator.ocfps,ocfps,1995,not_provided_by_source,2333,0,2333
financial.indicator.ocfps,ocfps,1996,not_provided_by_source,2899,2,2897
financial.indicator.ocfps,ocfps,1997,not_provided_by_source,3711,10,3701
financial.indicator.ocfps,ocfps,1998,not_provided_by_source,3934,2333,1601
financial.indicator.ocfps,ocfps,1999,not_provided_by_source,4456,2763,1693
financial.indicator.ocfps,ocfps,2000,not_provided_by_source,4904,4468,436
financial.indicator.ocfps,ocfps,2001,not_provided_by_source,5803,4759,1044
financial.indicator.ocfps,ocfps,2002,not_provided_by_source,10138,5155,4983
financial.indicator.ocfps,ocfps,2003,not_provided_by_source,11038,10483,555
financial.indicator.ocfps,ocfps,2004,not_provided_by_source,11591,11331,260
financial.indicator.ocfps,ocfps,2005,not_provided_by_source,11984,11706,278
financial.indicator.ocfps,ocfps,2006,not_provided_by_source,13014,12424,590
financial.indicator.ocfps,ocfps,2007,not_provided_by_source,14483,13906,577
financial.indicator.ocfps,ocfps,2008,not_provided_by_source,15481,15035,446
financial.indicator.ocfps,ocfps,2009,not_provided_by_source,17455,16066,1389
financial.indicator.ocfps,ocfps,2010,not_provided_by_source,18522,18070,452
financial.indicator.ocfps,ocfps,2011,not_provided_by_source,21209,20873,336
financial.indicator.ocfps,ocfps,2012,not_provided_by_source,22867,22450,417
financial.indicator.ocfps,ocfps,2013,not_provided_by_source,23933,23455,478
financial.indicator.ocfps,ocfps,2014,not_provided_by_source,25674,24973,701
financial.indicator.ocfps,ocfps,2015,not_provided_by_source,27586,26634,952
financial.indicator.ocfps,ocfps,2016,not_provided_by_source,31074,29073,2001
financial.indicator.ocfps,ocfps,2017,not_provided_by_source,32844,31782,1062
financial.indicator.ocfps,ocfps,2018,not_provided_by_source,33975,33295,680
financial.indicator.ocfps,ocfps,2019,not_provided_by_source,36005,34554,1451
financial.indicator.ocfps,ocfps,2020,not_provided_by_source,38841,37012,1829
financial.indicator.ocfps,ocfps,2021,not_provided_by_source,40961,39521,1440
financial.indicator.ocfps,ocfps,2022,not_provided_by_source,41878,40817,1061
financial.indicator.ocfps,ocfps,2023,not_provided_by_source,28609,28309,300
financial.indicator.ocfps,ocfps,2024,not_provided_by_source,24134,23880,254
financial.indicator.ocfps,ocfps,2025,not_provided_by_source,26352,26253,99
financial.indicator.ocfps,ocfps,2026,not_provided_by_source,15888,15847,41
financial.indicator.ocfps_yoy,ocfps_yoy,1990,not_provided_by_source,284,0,284
financial.indicator.ocfps_yoy,ocfps_yoy,1991,not_provided_by_source,372,0,372
financial.indicator.ocfps_yoy,ocfps_yoy,1992,not_provided_by_source,626,0,626
financial.indicator.ocfps_yoy,ocfps_yoy,1993,not_provided_by_source,1362,0,1362
financial.indicator.ocfps_yoy,ocfps_yoy,1994,not_provided_by_source,2056,0,2056
financial.indicator.ocfps_yoy,ocfps_yoy,1995,not_provided_by_source,2333,0,2333
financial.indicator.ocfps_yoy,ocfps_yoy,1996,not_provided_by_source,2899,0,2899
financial.indicator.ocfps_yoy,ocfps_yoy,1997,not_provided_by_source,3711,2,3709
financial.indicator.ocfps_yoy,ocfps_yoy,1998,not_provided_by_source,3934,6,3928
financial.indicator.ocfps_yoy,ocfps_yoy,1999,not_provided_by_source,4456,2060,2396
financial.indicator.ocfps_yoy,ocfps_yoy,2000,not_provided_by_source,4904,2761,2143
financial.indicator.ocfps_yoy,ocfps_yoy,2001,not_provided_by_source,5803,4439,1364
financial.indicator.ocfps_yoy,ocfps_yoy,2002,not_provided_by_source,10138,4722,5416
financial.indicator.ocfps_yoy,ocfps_yoy,2003,not_provided_by_source,11038,5133,5905
financial.indicator.ocfps_yoy,ocfps_yoy,2004,not_provided_by_source,11591,10433,1158
financial.indicator.ocfps_yoy,ocfps_yoy,2005,not_provided_by_source,11984,11243,741
financial.indicator.ocfps_yoy,ocfps_yoy,2006,not_provided_by_source,13014,11576,1438
financial.indicator.ocfps_yoy,ocfps_yoy,2007,not_provided_by_source,14483,12790,1693
financial.indicator.ocfps_yoy,ocfps_yoy,2008,not_provided_by_source,15481,14100,1381
financial.indicator.ocfps_yoy,ocfps_yoy,2009,not_provided_by_source,17455,15187,2268
financial.indicator.ocfps_yoy,ocfps_yoy,2010,not_provided_by_source,18522,17258,1264
financial.indicator.ocfps_yoy,ocfps_yoy,2011,not_provided_by_source,21209,19155,2054
financial.indicator.ocfps_yoy,ocfps_yoy,2012,not_provided_by_source,22867,21434,1433
financial.indicator.ocfps_yoy,ocfps_yoy,2013,not_provided_by_source,23933,22332,1601
financial.indicator.ocfps_yoy,ocfps_yoy,2014,not_provided_by_source,25674,23499,2175
financial.indicator.ocfps_yoy,ocfps_yoy,2015,not_provided_by_source,27586,24837,2749
financial.indicator.ocfps_yoy,ocfps_yoy,2016,not_provided_by_source,31074,26303,4771
financial.indicator.ocfps_yoy,ocfps_yoy,2017,not_provided_by_source,32844,28703,4141
financial.indicator.ocfps_yoy,ocfps_yoy,2018,not_provided_by_source,33975,31305,2670
financial.indicator.ocfps_yoy,ocfps_yoy,2019,not_provided_by_source,36005,32872,3133
financial.indicator.ocfps_yoy,ocfps_yoy,2020,not_provided_by_source,38841,34241,4600
financial.indicator.ocfps_yoy,ocfps_yoy,2021,not_provided_by_source,40961,36832,4129
financial.indicator.ocfps_yoy,ocfps_yoy,2022,not_provided_by_source,41878,39145,2733
financial.indicator.ocfps_yoy,ocfps_yoy,2023,not_provided_by_source,28609,27424,1185
financial.indicator.ocfps_yoy,ocfps_yoy,2024,not_provided_by_source,24134,23607,527
financial.indicator.ocfps_yoy,ocfps_yoy,2025,not_provided_by_source,26352,25937,415
financial.indicator.ocfps_yoy,ocfps_yoy,2026,not_provided_by_source,15888,15737,151
financial.indicator.op_income,op_income,1990,not_provided_by_source,284,204,80
financial.indicator.op_income,op_income,1991,not_provided_by_source,372,270,102
financial.indicator.op_income,op_income,1992,not_provided_by_source,626,434,192
financial.indicator.op_income,op_income,1993,not_provided_by_source,1362,1218,144
financial.indicator.op_income,op_income,1994,not_provided_by_source,2056,2029,27
financial.indicator.op_income,op_income,1995,not_provided_by_source,2333,2319,14
financial.indicator.op_income,op_income,1996,not_provided_by_source,2899,2891,8
financial.indicator.op_income,op_income,1997,not_provided_by_source,3711,3711,0
financial.indicator.op_income,op_income,1998,not_provided_by_source,3934,3934,0
financial.indicator.op_income,op_income,1999,not_provided_by_source,4456,4456,0
financial.indicator.op_income,op_income,2000,not_provided_by_source,4904,4900,4
financial.indicator.op_income,op_income,2001,not_provided_by_source,5803,5793,10
financial.indicator.op_income,op_income,2002,not_provided_by_source,10138,10126,12
financial.indicator.op_income,op_income,2003,not_provided_by_source,11038,11026,12
financial.indicator.op_income,op_income,2004,not_provided_by_source,11591,11577,14
financial.indicator.op_income,op_income,2005,not_provided_by_source,11984,11969,15
financial.indicator.op_income,op_income,2006,not_provided_by_source,13014,12992,22
financial.indicator.op_income,op_income,2007,not_provided_by_source,14483,14462,21
financial.indicator.op_income,op_income,2008,not_provided_by_source,15481,15437,44
financial.indicator.op_income,op_income,2009,not_provided_by_source,17455,17369,86
financial.indicator.op_income,op_income,2010,not_provided_by_source,18522,18417,105
financial.indicator.op_income,op_income,2011,not_provided_by_source,21209,21039,170
financial.indicator.op_income,op_income,2012,not_provided_by_source,22867,22580,287
financial.indicator.op_income,op_income,2013,not_provided_by_source,23933,23664,269
financial.indicator.op_income,op_income,2014,not_provided_by_source,25674,25422,252
financial.indicator.op_income,op_income,2015,not_provided_by_source,27586,27350,236
financial.indicator.op_income,op_income,2016,not_provided_by_source,31074,30921,153
financial.indicator.op_income,op_income,2017,not_provided_by_source,32844,32767,77
financial.indicator.op_income,op_income,2018,not_provided_by_source,33975,33930,45
financial.indicator.op_income,op_income,2019,not_provided_by_source,36005,35966,39
financial.indicator.op_income,op_income,2020,not_provided_by_source,38841,38814,27
financial.indicator.op_income,op_income,2021,not_provided_by_source,40961,40944,17
financial.indicator.op_income,op_income,2022,not_provided_by_source,41878,41858,20
financial.indicator.op_income,op_income,2023,not_provided_by_source,28609,28590,19
financial.indicator.op_income,op_income,2024,not_provided_by_source,24134,24117,17
financial.indicator.op_income,op_income,2025,not_provided_by_source,26352,26335,17
financial.indicator.op_income,op_income,2026,not_provided_by_source,15888,15862,26
financial.indicator.op_of_gr,op_of_gr,1990,not_provided_by_source,284,184,100
financial.indicator.op_of_gr,op_of_gr,1991,not_provided_by_source,372,248,124
financial.indicator.op_of_gr,op_of_gr,1992,not_provided_by_source,626,410,216
financial.indicator.op_of_gr,op_of_gr,1993,not_provided_by_source,1362,1158,204
financial.indicator.op_of_gr,op_of_gr,1994,not_provided_by_source,2056,1937,119
financial.indicator.op_of_gr,op_of_gr,1995,not_provided_by_source,2333,2257,76
financial.indicator.op_of_gr,op_of_gr,1996,not_provided_by_source,2899,2793,106
financial.indicator.op_of_gr,op_of_gr,1997,not_provided_by_source,3711,3465,246
financial.indicator.op_of_gr,op_of_gr,1998,not_provided_by_source,3934,3928,6
financial.indicator.op_of_gr,op_of_gr,1999,not_provided_by_source,4456,4440,16
financial.indicator.op_of_gr,op_of_gr,2000,not_provided_by_source,4904,4882,22
financial.indicator.op_of_gr,op_of_gr,2001,not_provided_by_source,5803,5735,68
financial.indicator.op_of_gr,op_of_gr,2002,not_provided_by_source,10138,9946,192
financial.indicator.op_of_gr,op_of_gr,2003,not_provided_by_source,11038,10972,66
financial.indicator.op_of_gr,op_of_gr,2004,not_provided_by_source,11591,11475,116
financial.indicator.op_of_gr,op_of_gr,2005,not_provided_by_source,11984,11808,176
financial.indicator.op_of_gr,op_of_gr,2006,not_provided_by_source,13014,12870,144
financial.indicator.op_of_gr,op_of_gr,2007,not_provided_by_source,14483,14350,133
financial.indicator.op_of_gr,op_of_gr,2008,not_provided_by_source,15481,15307,174
financial.indicator.op_of_gr,op_of_gr,2009,not_provided_by_source,17455,17206,249
financial.indicator.op_of_gr,op_of_gr,2010,not_provided_by_source,18522,18231,291
financial.indicator.op_of_gr,op_of_gr,2011,not_provided_by_source,21209,20869,340
financial.indicator.op_of_gr,op_of_gr,2012,not_provided_by_source,22867,22449,418
financial.indicator.op_of_gr,op_of_gr,2013,not_provided_by_source,23933,23584,349
financial.indicator.op_of_gr,op_of_gr,2014,not_provided_by_source,25674,25344,330
financial.indicator.op_of_gr,op_of_gr,2015,not_provided_by_source,27586,27265,321
financial.indicator.op_of_gr,op_of_gr,2016,not_provided_by_source,31074,30790,284
financial.indicator.op_of_gr,op_of_gr,2017,not_provided_by_source,32844,32664,180
financial.indicator.op_of_gr,op_of_gr,2018,not_provided_by_source,33975,33801,174
financial.indicator.op_of_gr,op_of_gr,2019,not_provided_by_source,36005,35833,172
financial.indicator.op_of_gr,op_of_gr,2020,not_provided_by_source,38841,38706,135
financial.indicator.op_of_gr,op_of_gr,2021,not_provided_by_source,40961,40839,122
financial.indicator.op_of_gr,op_of_gr,2022,not_provided_by_source,41878,41777,101
financial.indicator.op_of_gr,op_of_gr,2023,not_provided_by_source,28609,28546,63
financial.indicator.op_of_gr,op_of_gr,2024,not_provided_by_source,24134,24094,40
financial.indicator.op_of_gr,op_of_gr,2025,not_provided_by_source,26352,26327,25
financial.indicator.op_of_gr,op_of_gr,2026,not_provided_by_source,15888,15858,30
financial.indicator.op_to_debt,op_to_debt,1990,not_provided_by_source,284,90,194
financial.indicator.op_to_debt,op_to_debt,1991,not_provided_by_source,372,144,228
financial.indicator.op_to_debt,op_to_debt,1992,not_provided_by_source,626,352,274
financial.indicator.op_to_debt,op_to_debt,1993,not_provided_by_source,1362,1090,272
financial.indicator.op_to_debt,op_to_debt,1994,not_provided_by_source,2056,1891,165
financial.indicator.op_to_debt,op_to_debt,1995,not_provided_by_source,2333,2251,82
financial.indicator.op_to_debt,op_to_debt,1996,not_provided_by_source,2899,2773,126
financial.indicator.op_to_debt,op_to_debt,1997,not_provided_by_source,3711,3393,318
financial.indicator.op_to_debt,op_to_debt,1998,not_provided_by_source,3934,3916,18
financial.indicator.op_to_debt,op_to_debt,1999,not_provided_by_source,4456,4290,166
financial.indicator.op_to_debt,op_to_debt,2000,not_provided_by_source,4904,4722,182
financial.indicator.op_to_debt,op_to_debt,2001,not_provided_by_source,5803,5343,460
financial.indicator.op_to_debt,op_to_debt,2002,not_provided_by_source,10138,9816,322
financial.indicator.op_to_debt,op_to_debt,2003,not_provided_by_source,11038,10315,723
financial.indicator.op_to_debt,op_to_debt,2004,not_provided_by_source,11591,11280,311
financial.indicator.op_to_debt,op_to_debt,2005,not_provided_by_source,11984,11648,336
financial.indicator.op_to_debt,op_to_debt,2006,not_provided_by_source,13014,12370,644
financial.indicator.op_to_debt,op_to_debt,2007,not_provided_by_source,14483,13914,569
financial.indicator.op_to_debt,op_to_debt,2008,not_provided_by_source,15481,15091,390
financial.indicator.op_to_debt,op_to_debt,2009,not_provided_by_source,17455,16140,1315
financial.indicator.op_to_debt,op_to_debt,2010,not_provided_by_source,18522,18124,398
financial.indicator.op_to_debt,op_to_debt,2011,not_provided_by_source,21209,20945,264
financial.indicator.op_to_debt,op_to_debt,2012,not_provided_by_source,22867,22526,341
financial.indicator.op_to_debt,op_to_debt,2013,not_provided_by_source,23933,23533,400
financial.indicator.op_to_debt,op_to_debt,2014,not_provided_by_source,25674,25034,640
financial.indicator.op_to_debt,op_to_debt,2015,not_provided_by_source,27586,26759,827
financial.indicator.op_to_debt,op_to_debt,2016,not_provided_by_source,31074,28987,2087
financial.indicator.op_to_debt,op_to_debt,2017,not_provided_by_source,32844,31880,964
financial.indicator.op_to_debt,op_to_debt,2018,not_provided_by_source,33975,33195,780
financial.indicator.op_to_debt,op_to_debt,2019,not_provided_by_source,36005,34494,1511
financial.indicator.op_to_debt,op_to_debt,2020,not_provided_by_source,38841,36884,1957
financial.indicator.op_to_debt,op_to_debt,2021,not_provided_by_source,40961,39432,1529
financial.indicator.op_to_debt,op_to_debt,2022,not_provided_by_source,41878,40975,903
financial.indicator.op_to_debt,op_to_debt,2023,not_provided_by_source,28609,28421,188
financial.indicator.op_to_debt,op_to_debt,2024,not_provided_by_source,24134,23912,222
financial.indicator.op_to_debt,op_to_debt,2025,not_provided_by_source,26352,26260,92
financial.indicator.op_to_debt,op_to_debt,2026,not_provided_by_source,15888,15853,35
financial.indicator.op_to_ebt,op_to_ebt,1990,not_provided_by_source,284,180,104
financial.indicator.op_to_ebt,op_to_ebt,1991,not_provided_by_source,372,240,132
financial.indicator.op_to_ebt,op_to_ebt,1992,not_provided_by_source,626,410,216
financial.indicator.op_to_ebt,op_to_ebt,1993,not_provided_by_source,1362,1164,198
financial.indicator.op_to_ebt,op_to_ebt,1994,not_provided_by_source,2056,1931,125
financial.indicator.op_to_ebt,op_to_ebt,1995,not_provided_by_source,2333,2213,120
financial.indicator.op_to_ebt,op_to_ebt,1996,not_provided_by_source,2899,2679,220
financial.indicator.op_to_ebt,op_to_ebt,1997,not_provided_by_source,3711,3315,396
financial.indicator.op_to_ebt,op_to_ebt,1998,not_provided_by_source,3934,3614,320
financial.indicator.op_to_ebt,op_to_ebt,1999,not_provided_by_source,4456,4104,352
financial.indicator.op_to_ebt,op_to_ebt,2000,not_provided_by_source,4904,4440,464
financial.indicator.op_to_ebt,op_to_ebt,2001,not_provided_by_source,5803,5080,723
financial.indicator.op_to_ebt,op_to_ebt,2002,not_provided_by_source,10138,8486,1652
financial.indicator.op_to_ebt,op_to_ebt,2003,not_provided_by_source,11038,9454,1584
financial.indicator.op_to_ebt,op_to_ebt,2004,not_provided_by_source,11591,10035,1556
financial.indicator.op_to_ebt,op_to_ebt,2005,not_provided_by_source,11984,9824,2160
financial.indicator.op_to_ebt,op_to_ebt,2006,not_provided_by_source,13014,10948,2066
financial.indicator.op_to_ebt,op_to_ebt,2007,not_provided_by_source,14483,12782,1701
financial.indicator.op_to_ebt,op_to_ebt,2008,not_provided_by_source,15481,13341,2140
financial.indicator.op_to_ebt,op_to_ebt,2009,not_provided_by_source,17455,14665,2790
financial.indicator.op_to_ebt,op_to_ebt,2010,not_provided_by_source,18522,16573,1949
financial.indicator.op_to_ebt,op_to_ebt,2011,not_provided_by_source,21209,19103,2106
financial.indicator.op_to_ebt,op_to_ebt,2012,not_provided_by_source,22867,19745,3122
financial.indicator.op_to_ebt,op_to_ebt,2013,not_provided_by_source,23933,20716,3217
financial.indicator.op_to_ebt,op_to_ebt,2014,not_provided_by_source,25674,22254,3420
financial.indicator.op_to_ebt,op_to_ebt,2015,not_provided_by_source,27586,23308,4278
financial.indicator.op_to_ebt,op_to_ebt,2016,not_provided_by_source,31074,27338,3736
financial.indicator.op_to_ebt,op_to_ebt,2017,not_provided_by_source,32844,29715,3129
financial.indicator.op_to_ebt,op_to_ebt,2018,not_provided_by_source,33975,30058,3917
financial.indicator.op_to_ebt,op_to_ebt,2019,not_provided_by_source,36005,31453,4552
financial.indicator.op_to_ebt,op_to_ebt,2020,not_provided_by_source,38841,31585,7256
financial.indicator.op_to_ebt,op_to_ebt,2021,not_provided_by_source,40961,35115,5846
financial.indicator.op_to_ebt,op_to_ebt,2022,not_provided_by_source,41878,33541,8337
financial.indicator.op_to_ebt,op_to_ebt,2023,not_provided_by_source,28609,22216,6393
financial.indicator.op_to_ebt,op_to_ebt,2024,not_provided_by_source,24134,17998,6136
financial.indicator.op_to_ebt,op_to_ebt,2025,not_provided_by_source,26352,19719,6633
financial.indicator.op_to_ebt,op_to_ebt,2026,not_provided_by_source,15888,11640,4248
financial.indicator.op_to_liqdebt,op_to_liqdebt,1990,not_provided_by_source,284,134,150
financial.indicator.op_to_liqdebt,op_to_liqdebt,1991,not_provided_by_source,372,192,180
financial.indicator.op_to_liqdebt,op_to_liqdebt,1992,not_provided_by_source,626,378,248
financial.indicator.op_to_liqdebt,op_to_liqdebt,1993,not_provided_by_source,1362,1132,230
financial.indicator.op_to_liqdebt,op_to_liqdebt,1994,not_provided_by_source,2056,1903,153
financial.indicator.op_to_liqdebt,op_to_liqdebt,1995,not_provided_by_source,2333,2245,88
financial.indicator.op_to_liqdebt,op_to_liqdebt,1996,not_provided_by_source,2899,2763,136
financial.indicator.op_to_liqdebt,op_to_liqdebt,1997,not_provided_by_source,3711,3379,332
financial.indicator.op_to_liqdebt,op_to_liqdebt,1998,not_provided_by_source,3934,3904,30
financial.indicator.op_to_liqdebt,op_to_liqdebt,1999,not_provided_by_source,4456,4272,184
financial.indicator.op_to_liqdebt,op_to_liqdebt,2000,not_provided_by_source,4904,4698,206
financial.indicator.op_to_liqdebt,op_to_liqdebt,2001,not_provided_by_source,5803,5309,494
financial.indicator.op_to_liqdebt,op_to_liqdebt,2002,not_provided_by_source,10138,9752,386
financial.indicator.op_to_liqdebt,op_to_liqdebt,2003,not_provided_by_source,11038,10233,805
financial.indicator.op_to_liqdebt,op_to_liqdebt,2004,not_provided_by_source,11591,11190,401
financial.indicator.op_to_liqdebt,op_to_liqdebt,2005,not_provided_by_source,11984,11536,448
financial.indicator.op_to_liqdebt,op_to_liqdebt,2006,not_provided_by_source,13014,12189,825
financial.indicator.op_to_liqdebt,op_to_liqdebt,2007,not_provided_by_source,14483,13626,857
financial.indicator.op_to_liqdebt,op_to_liqdebt,2008,not_provided_by_source,15481,14705,776
financial.indicator.op_to_liqdebt,op_to_liqdebt,2009,not_provided_by_source,17455,15720,1735
financial.indicator.op_to_liqdebt,op_to_liqdebt,2010,not_provided_by_source,18522,17675,847
financial.indicator.op_to_liqdebt,op_to_liqdebt,2011,not_provided_by_source,21209,20460,749
financial.indicator.op_to_liqdebt,op_to_liqdebt,2012,not_provided_by_source,22867,22012,855
financial.indicator.op_to_liqdebt,op_to_liqdebt,2013,not_provided_by_source,23933,23011,922
financial.indicator.op_to_liqdebt,op_to_liqdebt,2014,not_provided_by_source,25674,24506,1168
financial.indicator.op_to_liqdebt,op_to_liqdebt,2015,not_provided_by_source,27586,26149,1437
financial.indicator.op_to_liqdebt,op_to_liqdebt,2016,not_provided_by_source,31074,28311,2763
financial.indicator.op_to_liqdebt,op_to_liqdebt,2017,not_provided_by_source,32844,31133,1711
financial.indicator.op_to_liqdebt,op_to_liqdebt,2018,not_provided_by_source,33975,32433,1542
financial.indicator.op_to_liqdebt,op_to_liqdebt,2019,not_provided_by_source,36005,33702,2303
financial.indicator.op_to_liqdebt,op_to_liqdebt,2020,not_provided_by_source,38841,36124,2717
financial.indicator.op_to_liqdebt,op_to_liqdebt,2021,not_provided_by_source,40961,38640,2321
financial.indicator.op_to_liqdebt,op_to_liqdebt,2022,not_provided_by_source,41878,39980,1898
financial.indicator.op_to_liqdebt,op_to_liqdebt,2023,not_provided_by_source,28609,27773,836
financial.indicator.op_to_liqdebt,op_to_liqdebt,2024,not_provided_by_source,24134,23430,704
financial.indicator.op_to_liqdebt,op_to_liqdebt,2025,not_provided_by_source,26352,25782,570
financial.indicator.op_to_liqdebt,op_to_liqdebt,2026,not_provided_by_source,15888,15580,308
financial.indicator.op_yoy,op_yoy,1990,not_provided_by_source,284,12,272
financial.indicator.op_yoy,op_yoy,1991,not_provided_by_source,372,182,190
financial.indicator.op_yoy,op_yoy,1992,not_provided_by_source,626,230,396
financial.indicator.op_yoy,op_yoy,1993,not_provided_by_source,1362,396,966
financial.indicator.op_yoy,op_yoy,1994,not_provided_by_source,2056,1130,926
financial.indicator.op_yoy,op_yoy,1995,not_provided_by_source,2333,1893,440
financial.indicator.op_yoy,op_yoy,1996,not_provided_by_source,2899,2229,670
financial.indicator.op_yoy,op_yoy,1997,not_provided_by_source,3711,2678,1033
financial.indicator.op_yoy,op_yoy,1998,not_provided_by_source,3934,3427,507
financial.indicator.op_yoy,op_yoy,1999,not_provided_by_source,4456,3918,538
financial.indicator.op_yoy,op_yoy,2000,not_provided_by_source,4904,4446,458
financial.indicator.op_yoy,op_yoy,2001,not_provided_by_source,5803,4877,926
financial.indicator.op_yoy,op_yoy,2002,not_provided_by_source,10138,5748,4390
financial.indicator.op_yoy,op_yoy,2003,not_provided_by_source,11038,9971,1067
financial.indicator.op_yoy,op_yoy,2004,not_provided_by_source,11591,10999,592
financial.indicator.op_yoy,op_yoy,2005,not_provided_by_source,11984,11504,480
financial.indicator.op_yoy,op_yoy,2006,not_provided_by_source,13014,11846,1168
financial.indicator.op_yoy,op_yoy,2007,not_provided_by_source,14483,12965,1518
financial.indicator.op_yoy,op_yoy,2008,not_provided_by_source,15481,14392,1089
financial.indicator.op_yoy,op_yoy,2009,not_provided_by_source,17455,15363,2092
financial.indicator.op_yoy,op_yoy,2010,not_provided_by_source,18522,17476,1046
financial.indicator.op_yoy,op_yoy,2011,not_provided_by_source,21209,19379,1830
financial.indicator.op_yoy,op_yoy,2012,not_provided_by_source,22867,21654,1213
financial.indicator.op_yoy,op_yoy,2013,not_provided_by_source,23933,22628,1305
financial.indicator.op_yoy,op_yoy,2014,not_provided_by_source,25674,23902,1772
financial.indicator.op_yoy,op_yoy,2015,not_provided_by_source,27586,25728,1858
financial.indicator.op_yoy,op_yoy,2016,not_provided_by_source,31074,27659,3415
financial.indicator.op_yoy,op_yoy,2017,not_provided_by_source,32844,30586,2258
financial.indicator.op_yoy,op_yoy,2018,not_provided_by_source,33975,32363,1612
financial.indicator.op_yoy,op_yoy,2019,not_provided_by_source,36005,33611,2394
financial.indicator.op_yoy,op_yoy,2020,not_provided_by_source,38841,35736,3105
financial.indicator.op_yoy,op_yoy,2021,not_provided_by_source,40961,38741,2220
financial.indicator.op_yoy,op_yoy,2022,not_provided_by_source,41878,40722,1156
financial.indicator.op_yoy,op_yoy,2023,not_provided_by_source,28609,28430,179
financial.indicator.op_yoy,op_yoy,2024,not_provided_by_source,24134,23898,236
financial.indicator.op_yoy,op_yoy,2025,not_provided_by_source,26352,26211,141
financial.indicator.op_yoy,op_yoy,2026,not_provided_by_source,15888,15867,21
financial.indicator.opincome_of_ebt,opincome_of_ebt,1990,not_provided_by_source,284,198,86
financial.indicator.opincome_of_ebt,opincome_of_ebt,1991,not_provided_by_source,372,262,110
financial.indicator.opincome_of_ebt,opincome_of_ebt,1992,not_provided_by_source,626,426,200
financial.indicator.opincome_of_ebt,opincome_of_ebt,1993,not_provided_by_source,1362,1206,156
financial.indicator.opincome_of_ebt,opincome_of_ebt,1994,not_provided_by_source,2056,2021,35
financial.indicator.opincome_of_ebt,opincome_of_ebt,1995,not_provided_by_source,2333,2271,62
financial.indicator.opincome_of_ebt,opincome_of_ebt,1996,not_provided_by_source,2899,2767,132
financial.indicator.opincome_of_ebt,opincome_of_ebt,1997,not_provided_by_source,3711,3551,160
financial.indicator.opincome_of_ebt,opincome_of_ebt,1998,not_provided_by_source,3934,3614,320
financial.indicator.opincome_of_ebt,opincome_of_ebt,1999,not_provided_by_source,4456,4104,352
financial.indicator.opincome_of_ebt,opincome_of_ebt,2000,not_provided_by_source,4904,4438,466
financial.indicator.opincome_of_ebt,opincome_of_ebt,2001,not_provided_by_source,5803,5080,723
financial.indicator.opincome_of_ebt,opincome_of_ebt,2002,not_provided_by_source,10138,8560,1578
financial.indicator.opincome_of_ebt,opincome_of_ebt,2003,not_provided_by_source,11038,9450,1588
financial.indicator.opincome_of_ebt,opincome_of_ebt,2004,not_provided_by_source,11591,10033,1558
financial.indicator.opincome_of_ebt,opincome_of_ebt,2005,not_provided_by_source,11984,9824,2160
financial.indicator.opincome_of_ebt,opincome_of_ebt,2006,not_provided_by_source,13014,10954,2060
financial.indicator.opincome_of_ebt,opincome_of_ebt,2007,not_provided_by_source,14483,12786,1697
financial.indicator.opincome_of_ebt,opincome_of_ebt,2008,not_provided_by_source,15481,13339,2142
financial.indicator.opincome_of_ebt,opincome_of_ebt,2009,not_provided_by_source,17455,14665,2790
financial.indicator.opincome_of_ebt,opincome_of_ebt,2010,not_provided_by_source,18522,16575,1947
financial.indicator.opincome_of_ebt,opincome_of_ebt,2011,not_provided_by_source,21209,19105,2104
financial.indicator.opincome_of_ebt,opincome_of_ebt,2012,not_provided_by_source,22867,19746,3121
financial.indicator.opincome_of_ebt,opincome_of_ebt,2013,not_provided_by_source,23933,20715,3218
financial.indicator.opincome_of_ebt,opincome_of_ebt,2014,not_provided_by_source,25674,22250,3424
financial.indicator.opincome_of_ebt,opincome_of_ebt,2015,not_provided_by_source,27586,23301,4285
financial.indicator.opincome_of_ebt,opincome_of_ebt,2016,not_provided_by_source,31074,27337,3737
financial.indicator.opincome_of_ebt,opincome_of_ebt,2017,not_provided_by_source,32844,29707,3137
financial.indicator.opincome_of_ebt,opincome_of_ebt,2018,not_provided_by_source,33975,30049,3926
financial.indicator.opincome_of_ebt,opincome_of_ebt,2019,not_provided_by_source,36005,31442,4563
financial.indicator.opincome_of_ebt,opincome_of_ebt,2020,not_provided_by_source,38841,31574,7267
financial.indicator.opincome_of_ebt,opincome_of_ebt,2021,not_provided_by_source,40961,35105,5856
financial.indicator.opincome_of_ebt,opincome_of_ebt,2022,not_provided_by_source,41878,33530,8348
financial.indicator.opincome_of_ebt,opincome_of_ebt,2023,not_provided_by_source,28609,22206,6403
financial.indicator.opincome_of_ebt,opincome_of_ebt,2024,not_provided_by_source,24134,17984,6150
financial.indicator.opincome_of_ebt,opincome_of_ebt,2025,not_provided_by_source,26352,19706,6646
financial.indicator.opincome_of_ebt,opincome_of_ebt,2026,not_provided_by_source,15888,11634,4254
financial.indicator.or_yoy,or_yoy,1990,not_provided_by_source,284,32,252
financial.indicator.or_yoy,or_yoy,1991,not_provided_by_source,372,266,106
financial.indicator.or_yoy,or_yoy,1992,not_provided_by_source,626,340,286
financial.indicator.or_yoy,or_yoy,1993,not_provided_by_source,1362,488,874
financial.indicator.or_yoy,or_yoy,1994,not_provided_by_source,2056,1274,782
financial.indicator.or_yoy,or_yoy,1995,not_provided_by_source,2333,2043,290
financial.indicator.or_yoy,or_yoy,1996,not_provided_by_source,2899,2319,580
financial.indicator.or_yoy,or_yoy,1997,not_provided_by_source,3711,2846,865
financial.indicator.or_yoy,or_yoy,1998,not_provided_by_source,3934,3667,267
financial.indicator.or_yoy,or_yoy,1999,not_provided_by_source,4456,3910,546
financial.indicator.or_yoy,or_yoy,2000,not_provided_by_source,4904,4426,478
financial.indicator.or_yoy,or_yoy,2001,not_provided_by_source,5803,4847,956
financial.indicator.or_yoy,or_yoy,2002,not_provided_by_source,10138,5738,4400
financial.indicator.or_yoy,or_yoy,2003,not_provided_by_source,11038,10051,987
financial.indicator.or_yoy,or_yoy,2004,not_provided_by_source,11591,10918,673
financial.indicator.or_yoy,or_yoy,2005,not_provided_by_source,11984,11388,596
financial.indicator.or_yoy,or_yoy,2006,not_provided_by_source,13014,11754,1260
financial.indicator.or_yoy,or_yoy,2007,not_provided_by_source,14483,12864,1619
financial.indicator.or_yoy,or_yoy,2008,not_provided_by_source,15481,14342,1139
financial.indicator.or_yoy,or_yoy,2009,not_provided_by_source,17455,15261,2194
financial.indicator.or_yoy,or_yoy,2010,not_provided_by_source,18522,17338,1184
financial.indicator.or_yoy,or_yoy,2011,not_provided_by_source,21209,19282,1927
financial.indicator.or_yoy,or_yoy,2012,not_provided_by_source,22867,21591,1276
financial.indicator.or_yoy,or_yoy,2013,not_provided_by_source,23933,22651,1282
financial.indicator.or_yoy,or_yoy,2014,not_provided_by_source,25674,23932,1742
financial.indicator.or_yoy,or_yoy,2015,not_provided_by_source,27586,25751,1835
financial.indicator.or_yoy,or_yoy,2016,not_provided_by_source,31074,27664,3410
financial.indicator.or_yoy,or_yoy,2017,not_provided_by_source,32844,30603,2241
financial.indicator.or_yoy,or_yoy,2018,not_provided_by_source,33975,32314,1661
financial.indicator.or_yoy,or_yoy,2019,not_provided_by_source,36005,33561,2444
financial.indicator.or_yoy,or_yoy,2020,not_provided_by_source,38841,35702,3139
financial.indicator.or_yoy,or_yoy,2021,not_provided_by_source,40961,38678,2283
financial.indicator.or_yoy,or_yoy,2022,not_provided_by_source,41878,40676,1202
financial.indicator.or_yoy,or_yoy,2023,not_provided_by_source,28609,28405,204
financial.indicator.or_yoy,or_yoy,2024,not_provided_by_source,24134,23884,250
financial.indicator.or_yoy,or_yoy,2025,not_provided_by_source,26352,26184,168
financial.indicator.or_yoy,or_yoy,2026,not_provided_by_source,15888,15853,35
financial.indicator.profit_dedt,profit_dedt,1990,not_provided_by_source,284,0,284
financial.indicator.profit_dedt,profit_dedt,1991,not_provided_by_source,372,0,372
financial.indicator.profit_dedt,profit_dedt,1992,not_provided_by_source,626,0,626
financial.indicator.profit_dedt,profit_dedt,1993,not_provided_by_source,1362,0,1362
financial.indicator.profit_dedt,profit_dedt,1994,not_provided_by_source,2056,0,2056
financial.indicator.profit_dedt,profit_dedt,1995,not_provided_by_source,2333,0,2333
financial.indicator.profit_dedt,profit_dedt,1996,not_provided_by_source,2899,0,2899
financial.indicator.profit_dedt,profit_dedt,1997,not_provided_by_source,3711,2,3709
financial.indicator.profit_dedt,profit_dedt,1998,not_provided_by_source,3934,12,3922
financial.indicator.profit_dedt,profit_dedt,1999,not_provided_by_source,4456,26,4430
financial.indicator.profit_dedt,profit_dedt,2000,not_provided_by_source,4904,3850,1054
financial.indicator.profit_dedt,profit_dedt,2001,not_provided_by_source,5803,4669,1134
financial.indicator.profit_dedt,profit_dedt,2002,not_provided_by_source,10138,7311,2827
financial.indicator.profit_dedt,profit_dedt,2003,not_provided_by_source,11038,7169,3869
financial.indicator.profit_dedt,profit_dedt,2004,not_provided_by_source,11591,11196,395
financial.indicator.profit_dedt,profit_dedt,2005,not_provided_by_source,11984,11313,671
financial.indicator.profit_dedt,profit_dedt,2006,not_provided_by_source,13014,12016,998
financial.indicator.profit_dedt,profit_dedt,2007,not_provided_by_source,14483,13537,946
financial.indicator.profit_dedt,profit_dedt,2008,not_provided_by_source,15481,14719,762
financial.indicator.profit_dedt,profit_dedt,2009,not_provided_by_source,17455,15723,1732
financial.indicator.profit_dedt,profit_dedt,2010,not_provided_by_source,18522,17631,891
financial.indicator.profit_dedt,profit_dedt,2011,not_provided_by_source,21209,20419,790
financial.indicator.profit_dedt,profit_dedt,2012,not_provided_by_source,22867,21988,879
financial.indicator.profit_dedt,profit_dedt,2013,not_provided_by_source,23933,23143,790
financial.indicator.profit_dedt,profit_dedt,2014,not_provided_by_source,25674,24670,1004
financial.indicator.profit_dedt,profit_dedt,2015,not_provided_by_source,27586,26509,1077
financial.indicator.profit_dedt,profit_dedt,2016,not_provided_by_source,31074,29091,1983
financial.indicator.profit_dedt,profit_dedt,2017,not_provided_by_source,32844,31794,1050
financial.indicator.profit_dedt,profit_dedt,2018,not_provided_by_source,33975,33366,609
financial.indicator.profit_dedt,profit_dedt,2019,not_provided_by_source,36005,34955,1050
financial.indicator.profit_dedt,profit_dedt,2020,not_provided_by_source,38841,37353,1488
financial.indicator.profit_dedt,profit_dedt,2021,not_provided_by_source,40961,39911,1050
financial.indicator.profit_dedt,profit_dedt,2022,not_provided_by_source,41878,41281,597
financial.indicator.profit_dedt,profit_dedt,2023,not_provided_by_source,28609,27813,796
financial.indicator.profit_dedt,profit_dedt,2024,not_provided_by_source,24134,23672,462
financial.indicator.profit_dedt,profit_dedt,2025,not_provided_by_source,26352,25668,684
financial.indicator.profit_dedt,profit_dedt,2026,not_provided_by_source,15888,15428,460
financial.indicator.profit_prefin_exp,profit_prefin_exp,1990,not_provided_by_source,284,192,92
financial.indicator.profit_prefin_exp,profit_prefin_exp,1991,not_provided_by_source,372,252,120
financial.indicator.profit_prefin_exp,profit_prefin_exp,1992,not_provided_by_source,626,422,204
financial.indicator.profit_prefin_exp,profit_prefin_exp,1993,not_provided_by_source,1362,1198,164
financial.indicator.profit_prefin_exp,profit_prefin_exp,1994,not_provided_by_source,2056,1951,105
financial.indicator.profit_prefin_exp,profit_prefin_exp,1995,not_provided_by_source,2333,2253,80
financial.indicator.profit_prefin_exp,profit_prefin_exp,1996,not_provided_by_source,2899,2791,108
financial.indicator.profit_prefin_exp,profit_prefin_exp,1997,not_provided_by_source,3711,3457,254
financial.indicator.profit_prefin_exp,profit_prefin_exp,1998,not_provided_by_source,3934,3922,12
financial.indicator.profit_prefin_exp,profit_prefin_exp,1999,not_provided_by_source,4456,4438,18
financial.indicator.profit_prefin_exp,profit_prefin_exp,2000,not_provided_by_source,4904,4878,26
financial.indicator.profit_prefin_exp,profit_prefin_exp,2001,not_provided_by_source,5803,5727,76
financial.indicator.profit_prefin_exp,profit_prefin_exp,2002,not_provided_by_source,10138,9928,210
financial.indicator.profit_prefin_exp,profit_prefin_exp,2003,not_provided_by_source,11038,10946,92
financial.indicator.profit_prefin_exp,profit_prefin_exp,2004,not_provided_by_source,11591,11485,106
financial.indicator.profit_prefin_exp,profit_prefin_exp,2005,not_provided_by_source,11984,11840,144
financial.indicator.profit_prefin_exp,profit_prefin_exp,2006,not_provided_by_source,13014,12778,236
financial.indicator.profit_prefin_exp,profit_prefin_exp,2007,not_provided_by_source,14483,14150,333
financial.indicator.profit_prefin_exp,profit_prefin_exp,2008,not_provided_by_source,15481,15041,440
financial.indicator.profit_prefin_exp,profit_prefin_exp,2009,not_provided_by_source,17455,16931,524
financial.indicator.profit_prefin_exp,profit_prefin_exp,2010,not_provided_by_source,18522,17944,578
financial.indicator.profit_prefin_exp,profit_prefin_exp,2011,not_provided_by_source,21209,20536,673
financial.indicator.profit_prefin_exp,profit_prefin_exp,2012,not_provided_by_source,22867,22061,806
financial.indicator.profit_prefin_exp,profit_prefin_exp,2013,not_provided_by_source,23933,23151,782
financial.indicator.profit_prefin_exp,profit_prefin_exp,2014,not_provided_by_source,25674,24878,796
financial.indicator.profit_prefin_exp,profit_prefin_exp,2015,not_provided_by_source,27586,26753,833
financial.indicator.profit_prefin_exp,profit_prefin_exp,2016,not_provided_by_source,31074,30192,882
financial.indicator.profit_prefin_exp,profit_prefin_exp,2017,not_provided_by_source,32844,32013,831
financial.indicator.profit_prefin_exp,profit_prefin_exp,2018,not_provided_by_source,33975,33144,831
financial.indicator.profit_prefin_exp,profit_prefin_exp,2019,not_provided_by_source,36005,35149,856
financial.indicator.profit_prefin_exp,profit_prefin_exp,2020,not_provided_by_source,38841,38022,819
financial.indicator.profit_prefin_exp,profit_prefin_exp,2021,not_provided_by_source,40961,40135,826
financial.indicator.profit_prefin_exp,profit_prefin_exp,2022,not_provided_by_source,41878,41057,821
financial.indicator.profit_prefin_exp,profit_prefin_exp,2023,not_provided_by_source,28609,28049,560
financial.indicator.profit_prefin_exp,profit_prefin_exp,2024,not_provided_by_source,24134,23677,457
financial.indicator.profit_prefin_exp,profit_prefin_exp,2025,not_provided_by_source,26352,25889,463
financial.indicator.profit_prefin_exp,profit_prefin_exp,2026,not_provided_by_source,15888,15595,293
financial.indicator.profit_to_gr,profit_to_gr,1990,not_provided_by_source,284,244,40
financial.indicator.profit_to_gr,profit_to_gr,1991,not_provided_by_source,372,330,42
financial.indicator.profit_to_gr,profit_to_gr,1992,not_provided_by_source,626,484,142
financial.indicator.profit_to_gr,profit_to_gr,1993,not_provided_by_source,1362,1280,82
financial.indicator.profit_to_gr,profit_to_gr,1994,not_provided_by_source,2056,2051,5
financial.indicator.profit_to_gr,profit_to_gr,1995,not_provided_by_source,2333,2323,10
financial.indicator.profit_to_gr,profit_to_gr,1996,not_provided_by_source,2899,2893,6
financial.indicator.profit_to_gr,profit_to_gr,1997,not_provided_by_source,3711,3709,2
financial.indicator.profit_to_gr,profit_to_gr,1998,not_provided_by_source,3934,3928,6
financial.indicator.profit_to_gr,profit_to_gr,1999,not_provided_by_source,4456,4440,16
financial.indicator.profit_to_gr,profit_to_gr,2000,not_provided_by_source,4904,4882,22
financial.indicator.profit_to_gr,profit_to_gr,2001,not_provided_by_source,5803,5761,42
financial.indicator.profit_to_gr,profit_to_gr,2002,not_provided_by_source,10138,10082,56
financial.indicator.profit_to_gr,profit_to_gr,2003,not_provided_by_source,11038,10972,66
financial.indicator.profit_to_gr,profit_to_gr,2004,not_provided_by_source,11591,11475,116
financial.indicator.profit_to_gr,profit_to_gr,2005,not_provided_by_source,11984,11812,172
financial.indicator.profit_to_gr,profit_to_gr,2006,not_provided_by_source,13014,12872,142
financial.indicator.profit_to_gr,profit_to_gr,2007,not_provided_by_source,14483,14352,131
financial.indicator.profit_to_gr,profit_to_gr,2008,not_provided_by_source,15481,15307,174
financial.indicator.profit_to_gr,profit_to_gr,2009,not_provided_by_source,17455,17206,249
financial.indicator.profit_to_gr,profit_to_gr,2010,not_provided_by_source,18522,18233,289
financial.indicator.profit_to_gr,profit_to_gr,2011,not_provided_by_source,21209,20871,338
financial.indicator.profit_to_gr,profit_to_gr,2012,not_provided_by_source,22867,22447,420
financial.indicator.profit_to_gr,profit_to_gr,2013,not_provided_by_source,23933,23586,347
financial.indicator.profit_to_gr,profit_to_gr,2014,not_provided_by_source,25674,25344,330
financial.indicator.profit_to_gr,profit_to_gr,2015,not_provided_by_source,27586,27265,321
financial.indicator.profit_to_gr,profit_to_gr,2016,not_provided_by_source,31074,30790,284
financial.indicator.profit_to_gr,profit_to_gr,2017,not_provided_by_source,32844,32664,180
financial.indicator.profit_to_gr,profit_to_gr,2018,not_provided_by_source,33975,33801,174
financial.indicator.profit_to_gr,profit_to_gr,2019,not_provided_by_source,36005,35835,170
financial.indicator.profit_to_gr,profit_to_gr,2020,not_provided_by_source,38841,38706,135
financial.indicator.profit_to_gr,profit_to_gr,2021,not_provided_by_source,40961,40842,119
financial.indicator.profit_to_gr,profit_to_gr,2022,not_provided_by_source,41878,41792,86
financial.indicator.profit_to_gr,profit_to_gr,2023,not_provided_by_source,28609,28555,54
financial.indicator.profit_to_gr,profit_to_gr,2024,not_provided_by_source,24134,24097,37
financial.indicator.profit_to_gr,profit_to_gr,2025,not_provided_by_source,26352,26329,23
financial.indicator.profit_to_gr,profit_to_gr,2026,not_provided_by_source,15888,15859,29
financial.indicator.profit_to_op,profit_to_op,1990,not_provided_by_source,284,252,32
financial.indicator.profit_to_op,profit_to_op,1991,not_provided_by_source,372,338,34
financial.indicator.profit_to_op,profit_to_op,1992,not_provided_by_source,626,496,130
financial.indicator.profit_to_op,profit_to_op,1993,not_provided_by_source,1362,1290,72
financial.indicator.profit_to_op,profit_to_op,1994,not_provided_by_source,2056,2047,9
financial.indicator.profit_to_op,profit_to_op,1995,not_provided_by_source,2333,2321,12
financial.indicator.profit_to_op,profit_to_op,1996,not_provided_by_source,2899,2891,8
financial.indicator.profit_to_op,profit_to_op,1997,not_provided_by_source,3711,3707,4
financial.indicator.profit_to_op,profit_to_op,1998,not_provided_by_source,3934,3928,6
financial.indicator.profit_to_op,profit_to_op,1999,not_provided_by_source,4456,4440,16
financial.indicator.profit_to_op,profit_to_op,2000,not_provided_by_source,4904,4882,22
financial.indicator.profit_to_op,profit_to_op,2001,not_provided_by_source,5803,5693,110
financial.indicator.profit_to_op,profit_to_op,2002,not_provided_by_source,10138,10072,66
financial.indicator.profit_to_op,profit_to_op,2003,not_provided_by_source,11038,10972,66
financial.indicator.profit_to_op,profit_to_op,2004,not_provided_by_source,11591,11473,118
financial.indicator.profit_to_op,profit_to_op,2005,not_provided_by_source,11984,11814,170
financial.indicator.profit_to_op,profit_to_op,2006,not_provided_by_source,13014,12876,138
financial.indicator.profit_to_op,profit_to_op,2007,not_provided_by_source,14483,14354,129
financial.indicator.profit_to_op,profit_to_op,2008,not_provided_by_source,15481,15307,174
financial.indicator.profit_to_op,profit_to_op,2009,not_provided_by_source,17455,17206,249
financial.indicator.profit_to_op,profit_to_op,2010,not_provided_by_source,18522,18233,289
financial.indicator.profit_to_op,profit_to_op,2011,not_provided_by_source,21209,20872,337
financial.indicator.profit_to_op,profit_to_op,2012,not_provided_by_source,22867,22451,416
financial.indicator.profit_to_op,profit_to_op,2013,not_provided_by_source,23933,23584,349
financial.indicator.profit_to_op,profit_to_op,2014,not_provided_by_source,25674,25344,330
financial.indicator.profit_to_op,profit_to_op,2015,not_provided_by_source,27586,27265,321
financial.indicator.profit_to_op,profit_to_op,2016,not_provided_by_source,31074,30795,279
financial.indicator.profit_to_op,profit_to_op,2017,not_provided_by_source,32844,32665,179
financial.indicator.profit_to_op,profit_to_op,2018,not_provided_by_source,33975,33802,173
financial.indicator.profit_to_op,profit_to_op,2019,not_provided_by_source,36005,35836,169
financial.indicator.profit_to_op,profit_to_op,2020,not_provided_by_source,38841,38710,131
financial.indicator.profit_to_op,profit_to_op,2021,not_provided_by_source,40961,40839,122
financial.indicator.profit_to_op,profit_to_op,2022,not_provided_by_source,41878,41785,93
financial.indicator.profit_to_op,profit_to_op,2023,not_provided_by_source,28609,28552,57
financial.indicator.profit_to_op,profit_to_op,2024,not_provided_by_source,24134,24096,38
financial.indicator.profit_to_op,profit_to_op,2025,not_provided_by_source,26352,26329,23
financial.indicator.profit_to_op,profit_to_op,2026,not_provided_by_source,15888,15859,29
financial.indicator.q_adminexp_to_gr,q_adminexp_to_gr,1990,not_provided_by_source,284,0,284
financial.indicator.q_adminexp_to_gr,q_adminexp_to_gr,1991,not_provided_by_source,372,0,372
financial.indicator.q_adminexp_to_gr,q_adminexp_to_gr,1992,not_provided_by_source,626,0,626
financial.indicator.q_adminexp_to_gr,q_adminexp_to_gr,1993,not_provided_by_source,1362,18,1344
financial.indicator.q_adminexp_to_gr,q_adminexp_to_gr,1994,not_provided_by_source,2056,2,2054
financial.indicator.q_adminexp_to_gr,q_adminexp_to_gr,1995,not_provided_by_source,2333,4,2329
financial.indicator.q_adminexp_to_gr,q_adminexp_to_gr,1996,not_provided_by_source,2899,20,2879
financial.indicator.q_adminexp_to_gr,q_adminexp_to_gr,1997,not_provided_by_source,3711,4,3707
financial.indicator.q_adminexp_to_gr,q_adminexp_to_gr,1998,not_provided_by_source,3934,14,3920
financial.indicator.q_adminexp_to_gr,q_adminexp_to_gr,1999,not_provided_by_source,4456,20,4436
financial.indicator.q_adminexp_to_gr,q_adminexp_to_gr,2000,not_provided_by_source,4904,130,4774
financial.indicator.q_adminexp_to_gr,q_adminexp_to_gr,2001,not_provided_by_source,5803,1140,4663
financial.indicator.q_adminexp_to_gr,q_adminexp_to_gr,2002,not_provided_by_source,10138,8643,1495
financial.indicator.q_adminexp_to_gr,q_adminexp_to_gr,2003,not_provided_by_source,11038,10362,676
financial.indicator.q_adminexp_to_gr,q_adminexp_to_gr,2004,not_provided_by_source,11591,10752,839
financial.indicator.q_adminexp_to_gr,q_adminexp_to_gr,2005,not_provided_by_source,11984,10930,1054
financial.indicator.q_adminexp_to_gr,q_adminexp_to_gr,2006,not_provided_by_source,13014,11809,1205
financial.indicator.q_adminexp_to_gr,q_adminexp_to_gr,2007,not_provided_by_source,14483,12770,1713
financial.indicator.q_adminexp_to_gr,q_adminexp_to_gr,2008,not_provided_by_source,15481,13421,2060
financial.indicator.q_adminexp_to_gr,q_adminexp_to_gr,2009,not_provided_by_source,17455,15623,1832
financial.indicator.q_adminexp_to_gr,q_adminexp_to_gr,2010,not_provided_by_source,18522,17262,1260
financial.indicator.q_adminexp_to_gr,q_adminexp_to_gr,2011,not_provided_by_source,21209,19131,2078
financial.indicator.q_adminexp_to_gr,q_adminexp_to_gr,2012,not_provided_by_source,22867,20155,2712
financial.indicator.q_adminexp_to_gr,q_adminexp_to_gr,2013,not_provided_by_source,23933,20625,3308
financial.indicator.q_adminexp_to_gr,q_adminexp_to_gr,2014,not_provided_by_source,25674,22028,3646
financial.indicator.q_adminexp_to_gr,q_adminexp_to_gr,2015,not_provided_by_source,27586,23896,3690
financial.indicator.q_adminexp_to_gr,q_adminexp_to_gr,2016,not_provided_by_source,31074,27517,3557
financial.indicator.q_adminexp_to_gr,q_adminexp_to_gr,2017,not_provided_by_source,32844,29368,3476
financial.indicator.q_adminexp_to_gr,q_adminexp_to_gr,2018,not_provided_by_source,33975,30449,3526
financial.indicator.q_adminexp_to_gr,q_adminexp_to_gr,2019,not_provided_by_source,36005,33073,2932
financial.indicator.q_adminexp_to_gr,q_adminexp_to_gr,2020,not_provided_by_source,38841,36926,1915
financial.indicator.q_adminexp_to_gr,q_adminexp_to_gr,2021,not_provided_by_source,40961,39468,1493
financial.indicator.q_adminexp_to_gr,q_adminexp_to_gr,2022,not_provided_by_source,41878,41154,724
financial.indicator.q_adminexp_to_gr,q_adminexp_to_gr,2023,not_provided_by_source,28609,27953,656
financial.indicator.q_adminexp_to_gr,q_adminexp_to_gr,2024,not_provided_by_source,24134,23538,596
financial.indicator.q_adminexp_to_gr,q_adminexp_to_gr,2025,not_provided_by_source,26352,25827,525
financial.indicator.q_adminexp_to_gr,q_adminexp_to_gr,2026,not_provided_by_source,15888,15229,659
financial.indicator.q_dt_roe,q_dt_roe,1990,not_provided_by_source,284,0,284
financial.indicator.q_dt_roe,q_dt_roe,1991,not_provided_by_source,372,0,372
financial.indicator.q_dt_roe,q_dt_roe,1992,not_provided_by_source,626,0,626
financial.indicator.q_dt_roe,q_dt_roe,1993,not_provided_by_source,1362,0,1362
financial.indicator.q_dt_roe,q_dt_roe,1994,not_provided_by_source,2056,0,2056
financial.indicator.q_dt_roe,q_dt_roe,1995,not_provided_by_source,2333,0,2333
financial.indicator.q_dt_roe,q_dt_roe,1996,not_provided_by_source,2899,0,2899
financial.indicator.q_dt_roe,q_dt_roe,1997,not_provided_by_source,3711,0,3711
financial.indicator.q_dt_roe,q_dt_roe,1998,not_provided_by_source,3934,0,3934
financial.indicator.q_dt_roe,q_dt_roe,1999,not_provided_by_source,4456,0,4456
financial.indicator.q_dt_roe,q_dt_roe,2000,not_provided_by_source,4904,0,4904
financial.indicator.q_dt_roe,q_dt_roe,2001,not_provided_by_source,5803,0,5803
financial.indicator.q_dt_roe,q_dt_roe,2002,not_provided_by_source,10138,4624,5514
financial.indicator.q_dt_roe,q_dt_roe,2003,not_provided_by_source,11038,3512,7526
financial.indicator.q_dt_roe,q_dt_roe,2004,not_provided_by_source,11591,10128,1463
financial.indicator.q_dt_roe,q_dt_roe,2005,not_provided_by_source,11984,9914,2070
financial.indicator.q_dt_roe,q_dt_roe,2006,not_provided_by_source,13014,10059,2955
financial.indicator.q_dt_roe,q_dt_roe,2007,not_provided_by_source,14483,11184,3299
financial.indicator.q_dt_roe,q_dt_roe,2008,not_provided_by_source,15481,12240,3241
financial.indicator.q_dt_roe,q_dt_roe,2009,not_provided_by_source,17455,12896,4559
financial.indicator.q_dt_roe,q_dt_roe,2010,not_provided_by_source,18522,15438,3084
financial.indicator.q_dt_roe,q_dt_roe,2011,not_provided_by_source,21209,17731,3478
financial.indicator.q_dt_roe,q_dt_roe,2012,not_provided_by_source,22867,19280,3587
financial.indicator.q_dt_roe,q_dt_roe,2013,not_provided_by_source,23933,19832,4101
financial.indicator.q_dt_roe,q_dt_roe,2014,not_provided_by_source,25674,20809,4865
financial.indicator.q_dt_roe,q_dt_roe,2015,not_provided_by_source,27586,22894,4692
financial.indicator.q_dt_roe,q_dt_roe,2016,not_provided_by_source,31074,24631,6443
financial.indicator.q_dt_roe,q_dt_roe,2017,not_provided_by_source,32844,27661,5183
financial.indicator.q_dt_roe,q_dt_roe,2018,not_provided_by_source,33975,29456,4519
financial.indicator.q_dt_roe,q_dt_roe,2019,not_provided_by_source,36005,30891,5114
financial.indicator.q_dt_roe,q_dt_roe,2020,not_provided_by_source,38841,33781,5060
financial.indicator.q_dt_roe,q_dt_roe,2021,not_provided_by_source,40961,37402,3559
financial.indicator.q_dt_roe,q_dt_roe,2022,not_provided_by_source,41878,39820,2058
financial.indicator.q_dt_roe,q_dt_roe,2023,not_provided_by_source,28609,27032,1577
financial.indicator.q_dt_roe,q_dt_roe,2024,not_provided_by_source,24134,22962,1172
financial.indicator.q_dt_roe,q_dt_roe,2025,not_provided_by_source,26352,25036,1316
financial.indicator.q_dt_roe,q_dt_roe,2026,not_provided_by_source,15888,14842,1046
financial.indicator.q_dtprofit,q_dtprofit,1990,not_provided_by_source,284,0,284
financial.indicator.q_dtprofit,q_dtprofit,1991,not_provided_by_source,372,0,372
financial.indicator.q_dtprofit,q_dtprofit,1992,not_provided_by_source,626,0,626
financial.indicator.q_dtprofit,q_dtprofit,1993,not_provided_by_source,1362,0,1362
financial.indicator.q_dtprofit,q_dtprofit,1994,not_provided_by_source,2056,0,2056
financial.indicator.q_dtprofit,q_dtprofit,1995,not_provided_by_source,2333,0,2333
financial.indicator.q_dtprofit,q_dtprofit,1996,not_provided_by_source,2899,0,2899
financial.indicator.q_dtprofit,q_dtprofit,1997,not_provided_by_source,3711,0,3711
financial.indicator.q_dtprofit,q_dtprofit,1998,not_provided_by_source,3934,0,3934
financial.indicator.q_dtprofit,q_dtprofit,1999,not_provided_by_source,4456,0,4456
financial.indicator.q_dtprofit,q_dtprofit,2000,not_provided_by_source,4904,0,4904
financial.indicator.q_dtprofit,q_dtprofit,2001,not_provided_by_source,5803,0,5803
financial.indicator.q_dtprofit,q_dtprofit,2002,not_provided_by_source,10138,4694,5444
financial.indicator.q_dtprofit,q_dtprofit,2003,not_provided_by_source,11038,3538,7500
financial.indicator.q_dtprofit,q_dtprofit,2004,not_provided_by_source,11591,10426,1165
financial.indicator.q_dtprofit,q_dtprofit,2005,not_provided_by_source,11984,10276,1708
financial.indicator.q_dtprofit,q_dtprofit,2006,not_provided_by_source,13014,10589,2425
financial.indicator.q_dtprofit,q_dtprofit,2007,not_provided_by_source,14483,11754,2729
financial.indicator.q_dtprofit,q_dtprofit,2008,not_provided_by_source,15481,12776,2705
financial.indicator.q_dtprofit,q_dtprofit,2009,not_provided_by_source,17455,13402,4053
financial.indicator.q_dtprofit,q_dtprofit,2010,not_provided_by_source,18522,15936,2586
financial.indicator.q_dtprofit,q_dtprofit,2011,not_provided_by_source,21209,18139,3070
financial.indicator.q_dtprofit,q_dtprofit,2012,not_provided_by_source,22867,19658,3209
financial.indicator.q_dtprofit,q_dtprofit,2013,not_provided_by_source,23933,20112,3821
financial.indicator.q_dtprofit,q_dtprofit,2014,not_provided_by_source,25674,20985,4689
financial.indicator.q_dtprofit,q_dtprofit,2015,not_provided_by_source,27586,23104,4482
financial.indicator.q_dtprofit,q_dtprofit,2016,not_provided_by_source,31074,24834,6240
financial.indicator.q_dtprofit,q_dtprofit,2017,not_provided_by_source,32844,27807,5037
financial.indicator.q_dtprofit,q_dtprofit,2018,not_provided_by_source,33975,29714,4261
financial.indicator.q_dtprofit,q_dtprofit,2019,not_provided_by_source,36005,31355,4650
financial.indicator.q_dtprofit,q_dtprofit,2020,not_provided_by_source,38841,34274,4567
financial.indicator.q_dtprofit,q_dtprofit,2021,not_provided_by_source,40961,37964,2997
financial.indicator.q_dtprofit,q_dtprofit,2022,not_provided_by_source,41878,40360,1518
financial.indicator.q_dtprofit,q_dtprofit,2023,not_provided_by_source,28609,27338,1271
financial.indicator.q_dtprofit,q_dtprofit,2024,not_provided_by_source,24134,23159,975
financial.indicator.q_dtprofit,q_dtprofit,2025,not_provided_by_source,26352,25247,1105
financial.indicator.q_dtprofit,q_dtprofit,2026,not_provided_by_source,15888,14957,931
financial.indicator.q_dtprofit_to_profit,q_dtprofit_to_profit,1990,not_provided_by_source,284,0,284
financial.indicator.q_dtprofit_to_profit,q_dtprofit_to_profit,1991,not_provided_by_source,372,0,372
financial.indicator.q_dtprofit_to_profit,q_dtprofit_to_profit,1992,not_provided_by_source,626,0,626
financial.indicator.q_dtprofit_to_profit,q_dtprofit_to_profit,1993,not_provided_by_source,1362,0,1362
financial.indicator.q_dtprofit_to_profit,q_dtprofit_to_profit,1994,not_provided_by_source,2056,0,2056
financial.indicator.q_dtprofit_to_profit,q_dtprofit_to_profit,1995,not_provided_by_source,2333,0,2333
financial.indicator.q_dtprofit_to_profit,q_dtprofit_to_profit,1996,not_provided_by_source,2899,0,2899
financial.indicator.q_dtprofit_to_profit,q_dtprofit_to_profit,1997,not_provided_by_source,3711,0,3711
financial.indicator.q_dtprofit_to_profit,q_dtprofit_to_profit,1998,not_provided_by_source,3934,0,3934
financial.indicator.q_dtprofit_to_profit,q_dtprofit_to_profit,1999,not_provided_by_source,4456,0,4456
financial.indicator.q_dtprofit_to_profit,q_dtprofit_to_profit,2000,not_provided_by_source,4904,0,4904
financial.indicator.q_dtprofit_to_profit,q_dtprofit_to_profit,2001,not_provided_by_source,5803,0,5803
financial.indicator.q_dtprofit_to_profit,q_dtprofit_to_profit,2002,not_provided_by_source,10138,3638,6500
financial.indicator.q_dtprofit_to_profit,q_dtprofit_to_profit,2003,not_provided_by_source,11038,2872,8166
financial.indicator.q_dtprofit_to_profit,q_dtprofit_to_profit,2004,not_provided_by_source,11591,8484,3107
financial.indicator.q_dtprofit_to_profit,q_dtprofit_to_profit,2005,not_provided_by_source,11984,7974,4010
financial.indicator.q_dtprofit_to_profit,q_dtprofit_to_profit,2006,not_provided_by_source,13014,8375,4639
financial.indicator.q_dtprofit_to_profit,q_dtprofit_to_profit,2007,not_provided_by_source,14483,9866,4617
financial.indicator.q_dtprofit_to_profit,q_dtprofit_to_profit,2008,not_provided_by_source,15481,9754,5727
financial.indicator.q_dtprofit_to_profit,q_dtprofit_to_profit,2009,not_provided_by_source,17455,10630,6825
financial.indicator.q_dtprofit_to_profit,q_dtprofit_to_profit,2010,not_provided_by_source,18522,13772,4750
financial.indicator.q_dtprofit_to_profit,q_dtprofit_to_profit,2011,not_provided_by_source,21209,15491,5718
financial.indicator.q_dtprofit_to_profit,q_dtprofit_to_profit,2012,not_provided_by_source,22867,16254,6613
financial.indicator.q_dtprofit_to_profit,q_dtprofit_to_profit,2013,not_provided_by_source,23933,16608,7325
financial.indicator.q_dtprofit_to_profit,q_dtprofit_to_profit,2014,not_provided_by_source,25674,17259,8415
financial.indicator.q_dtprofit_to_profit,q_dtprofit_to_profit,2015,not_provided_by_source,27586,18522,9064
financial.indicator.q_dtprofit_to_profit,q_dtprofit_to_profit,2016,not_provided_by_source,31074,20889,10185
financial.indicator.q_dtprofit_to_profit,q_dtprofit_to_profit,2017,not_provided_by_source,32844,24252,8592
financial.indicator.q_dtprofit_to_profit,q_dtprofit_to_profit,2018,not_provided_by_source,33975,24802,9173
financial.indicator.q_dtprofit_to_profit,q_dtprofit_to_profit,2019,not_provided_by_source,36005,25786,10219
financial.indicator.q_dtprofit_to_profit,q_dtprofit_to_profit,2020,not_provided_by_source,38841,27069,11772
financial.indicator.q_dtprofit_to_profit,q_dtprofit_to_profit,2021,not_provided_by_source,40961,30686,10275
financial.indicator.q_dtprofit_to_profit,q_dtprofit_to_profit,2022,not_provided_by_source,41878,30572,11306
financial.indicator.q_dtprofit_to_profit,q_dtprofit_to_profit,2023,not_provided_by_source,28609,20507,8102
financial.indicator.q_dtprofit_to_profit,q_dtprofit_to_profit,2024,not_provided_by_source,24134,16638,7496
financial.indicator.q_dtprofit_to_profit,q_dtprofit_to_profit,2025,not_provided_by_source,26352,18240,8112
financial.indicator.q_dtprofit_to_profit,q_dtprofit_to_profit,2026,not_provided_by_source,15888,12089,3799
financial.indicator.q_eps,q_eps,1990,not_provided_by_source,284,0,284
financial.indicator.q_eps,q_eps,1991,not_provided_by_source,372,0,372
financial.indicator.q_eps,q_eps,1992,not_provided_by_source,626,0,626
financial.indicator.q_eps,q_eps,1993,not_provided_by_source,1362,16,1346
financial.indicator.q_eps,q_eps,1994,not_provided_by_source,2056,4,2052
financial.indicator.q_eps,q_eps,1995,not_provided_by_source,2333,4,2329
financial.indicator.q_eps,q_eps,1996,not_provided_by_source,2899,40,2859
financial.indicator.q_eps,q_eps,1997,not_provided_by_source,3711,48,3663
financial.indicator.q_eps,q_eps,1998,not_provided_by_source,3934,18,3916
financial.indicator.q_eps,q_eps,1999,not_provided_by_source,4456,14,4442
financial.indicator.q_eps,q_eps,2000,not_provided_by_source,4904,84,4820
financial.indicator.q_eps,q_eps,2001,not_provided_by_source,5803,974,4829
financial.indicator.q_eps,q_eps,2002,not_provided_by_source,10138,9471,667
financial.indicator.q_eps,q_eps,2003,not_provided_by_source,11038,10176,862
financial.indicator.q_eps,q_eps,2004,not_provided_by_source,11591,10814,777
financial.indicator.q_eps,q_eps,2005,not_provided_by_source,11984,11064,920
financial.indicator.q_eps,q_eps,2006,not_provided_by_source,13014,11559,1455
financial.indicator.q_eps,q_eps,2007,not_provided_by_source,14483,12442,2041
financial.indicator.q_eps,q_eps,2008,not_provided_by_source,15481,13287,2194
financial.indicator.q_eps,q_eps,2009,not_provided_by_source,17455,14665,2790
financial.indicator.q_eps,q_eps,2010,not_provided_by_source,18522,17195,1327
financial.indicator.q_eps,q_eps,2011,not_provided_by_source,21209,19225,1984
financial.indicator.q_eps,q_eps,2012,not_provided_by_source,22867,20277,2590
financial.indicator.q_eps,q_eps,2013,not_provided_by_source,23933,20681,3252
financial.indicator.q_eps,q_eps,2014,not_provided_by_source,25674,21905,3769
financial.indicator.q_eps,q_eps,2015,not_provided_by_source,27586,23671,3915
financial.indicator.q_eps,q_eps,2016,not_provided_by_source,31074,25900,5174
financial.indicator.q_eps,q_eps,2017,not_provided_by_source,32844,28570,4274
financial.indicator.q_eps,q_eps,2018,not_provided_by_source,33975,30005,3970
financial.indicator.q_eps,q_eps,2019,not_provided_by_source,36005,31946,4059
financial.indicator.q_eps,q_eps,2020,not_provided_by_source,38841,35246,3595
financial.indicator.q_eps,q_eps,2021,not_provided_by_source,40961,38352,2609
financial.indicator.q_eps,q_eps,2022,not_provided_by_source,41878,40310,1568
financial.indicator.q_eps,q_eps,2023,not_provided_by_source,28609,27801,808
financial.indicator.q_eps,q_eps,2024,not_provided_by_source,24134,23354,780
financial.indicator.q_eps,q_eps,2025,not_provided_by_source,26352,25776,576
financial.indicator.q_eps,q_eps,2026,not_provided_by_source,15888,15340,548
financial.indicator.q_exp_to_sales,q_exp_to_sales,1990,not_provided_by_source,284,0,284
financial.indicator.q_exp_to_sales,q_exp_to_sales,1991,not_provided_by_source,372,0,372
financial.indicator.q_exp_to_sales,q_exp_to_sales,1992,not_provided_by_source,626,0,626
financial.indicator.q_exp_to_sales,q_exp_to_sales,1993,not_provided_by_source,1362,18,1344
financial.indicator.q_exp_to_sales,q_exp_to_sales,1994,not_provided_by_source,2056,2,2054
financial.indicator.q_exp_to_sales,q_exp_to_sales,1995,not_provided_by_source,2333,4,2329
financial.indicator.q_exp_to_sales,q_exp_to_sales,1996,not_provided_by_source,2899,20,2879
financial.indicator.q_exp_to_sales,q_exp_to_sales,1997,not_provided_by_source,3711,4,3707
financial.indicator.q_exp_to_sales,q_exp_to_sales,1998,not_provided_by_source,3934,14,3920
financial.indicator.q_exp_to_sales,q_exp_to_sales,1999,not_provided_by_source,4456,20,4436
financial.indicator.q_exp_to_sales,q_exp_to_sales,2000,not_provided_by_source,4904,130,4774
financial.indicator.q_exp_to_sales,q_exp_to_sales,2001,not_provided_by_source,5803,1136,4667
financial.indicator.q_exp_to_sales,q_exp_to_sales,2002,not_provided_by_source,10138,8663,1475
financial.indicator.q_exp_to_sales,q_exp_to_sales,2003,not_provided_by_source,11038,10381,657
financial.indicator.q_exp_to_sales,q_exp_to_sales,2004,not_provided_by_source,11591,10777,814
financial.indicator.q_exp_to_sales,q_exp_to_sales,2005,not_provided_by_source,11984,10944,1040
financial.indicator.q_exp_to_sales,q_exp_to_sales,2006,not_provided_by_source,13014,11706,1308
financial.indicator.q_exp_to_sales,q_exp_to_sales,2007,not_provided_by_source,14483,12598,1885
financial.indicator.q_exp_to_sales,q_exp_to_sales,2008,not_provided_by_source,15481,13209,2272
financial.indicator.q_exp_to_sales,q_exp_to_sales,2009,not_provided_by_source,17455,15362,2093
financial.indicator.q_exp_to_sales,q_exp_to_sales,2010,not_provided_by_source,18522,16954,1568
financial.indicator.q_exp_to_sales,q_exp_to_sales,2011,not_provided_by_source,21209,18797,2412
financial.indicator.q_exp_to_sales,q_exp_to_sales,2012,not_provided_by_source,22867,19803,3064
financial.indicator.q_exp_to_sales,q_exp_to_sales,2013,not_provided_by_source,23933,20263,3670
financial.indicator.q_exp_to_sales,q_exp_to_sales,2014,not_provided_by_source,25674,21610,4064
financial.indicator.q_exp_to_sales,q_exp_to_sales,2015,not_provided_by_source,27586,23412,4174
financial.indicator.q_exp_to_sales,q_exp_to_sales,2016,not_provided_by_source,31074,26931,4143
financial.indicator.q_exp_to_sales,q_exp_to_sales,2017,not_provided_by_source,32844,28714,4130
financial.indicator.q_exp_to_sales,q_exp_to_sales,2018,not_provided_by_source,33975,29733,4242
financial.indicator.q_exp_to_sales,q_exp_to_sales,2019,not_provided_by_source,36005,32319,3686
financial.indicator.q_exp_to_sales,q_exp_to_sales,2020,not_provided_by_source,38841,36163,2678
financial.indicator.q_exp_to_sales,q_exp_to_sales,2021,not_provided_by_source,40961,38683,2278
financial.indicator.q_exp_to_sales,q_exp_to_sales,2022,not_provided_by_source,41878,40362,1516
financial.indicator.q_exp_to_sales,q_exp_to_sales,2023,not_provided_by_source,28609,27409,1200
financial.indicator.q_exp_to_sales,q_exp_to_sales,2024,not_provided_by_source,24134,23083,1051
financial.indicator.q_exp_to_sales,q_exp_to_sales,2025,not_provided_by_source,26352,25366,986
financial.indicator.q_exp_to_sales,q_exp_to_sales,2026,not_provided_by_source,15888,15169,719
financial.indicator.q_finaexp_to_gr,q_finaexp_to_gr,1990,not_provided_by_source,284,0,284
financial.indicator.q_finaexp_to_gr,q_finaexp_to_gr,1991,not_provided_by_source,372,0,372
financial.indicator.q_finaexp_to_gr,q_finaexp_to_gr,1992,not_provided_by_source,626,0,626
financial.indicator.q_finaexp_to_gr,q_finaexp_to_gr,1993,not_provided_by_source,1362,18,1344
financial.indicator.q_finaexp_to_gr,q_finaexp_to_gr,1994,not_provided_by_source,2056,2,2054
financial.indicator.q_finaexp_to_gr,q_finaexp_to_gr,1995,not_provided_by_source,2333,4,2329
financial.indicator.q_finaexp_to_gr,q_finaexp_to_gr,1996,not_provided_by_source,2899,20,2879
financial.indicator.q_finaexp_to_gr,q_finaexp_to_gr,1997,not_provided_by_source,3711,4,3707
financial.indicator.q_finaexp_to_gr,q_finaexp_to_gr,1998,not_provided_by_source,3934,14,3920
financial.indicator.q_finaexp_to_gr,q_finaexp_to_gr,1999,not_provided_by_source,4456,20,4436
financial.indicator.q_finaexp_to_gr,q_finaexp_to_gr,2000,not_provided_by_source,4904,130,4774
financial.indicator.q_finaexp_to_gr,q_finaexp_to_gr,2001,not_provided_by_source,5803,1136,4667
financial.indicator.q_finaexp_to_gr,q_finaexp_to_gr,2002,not_provided_by_source,10138,8661,1477
financial.indicator.q_finaexp_to_gr,q_finaexp_to_gr,2003,not_provided_by_source,11038,10381,657
financial.indicator.q_finaexp_to_gr,q_finaexp_to_gr,2004,not_provided_by_source,11591,10775,816
financial.indicator.q_finaexp_to_gr,q_finaexp_to_gr,2005,not_provided_by_source,11984,10944,1040
financial.indicator.q_finaexp_to_gr,q_finaexp_to_gr,2006,not_provided_by_source,13014,11699,1315
financial.indicator.q_finaexp_to_gr,q_finaexp_to_gr,2007,not_provided_by_source,14483,12584,1899
financial.indicator.q_finaexp_to_gr,q_finaexp_to_gr,2008,not_provided_by_source,15481,13201,2280
financial.indicator.q_finaexp_to_gr,q_finaexp_to_gr,2009,not_provided_by_source,17455,15360,2095
financial.indicator.q_finaexp_to_gr,q_finaexp_to_gr,2010,not_provided_by_source,18522,16952,1570
financial.indicator.q_finaexp_to_gr,q_finaexp_to_gr,2011,not_provided_by_source,21209,18795,2414
financial.indicator.q_finaexp_to_gr,q_finaexp_to_gr,2012,not_provided_by_source,22867,19799,3068
financial.indicator.q_finaexp_to_gr,q_finaexp_to_gr,2013,not_provided_by_source,23933,20259,3674
financial.indicator.q_finaexp_to_gr,q_finaexp_to_gr,2014,not_provided_by_source,25674,21616,4058
financial.indicator.q_finaexp_to_gr,q_finaexp_to_gr,2015,not_provided_by_source,27586,23412,4174
financial.indicator.q_finaexp_to_gr,q_finaexp_to_gr,2016,not_provided_by_source,31074,26925,4149
financial.indicator.q_finaexp_to_gr,q_finaexp_to_gr,2017,not_provided_by_source,32844,28712,4132
financial.indicator.q_finaexp_to_gr,q_finaexp_to_gr,2018,not_provided_by_source,33975,29735,4240
financial.indicator.q_finaexp_to_gr,q_finaexp_to_gr,2019,not_provided_by_source,36005,32317,3688
financial.indicator.q_finaexp_to_gr,q_finaexp_to_gr,2020,not_provided_by_source,38841,36153,2688
financial.indicator.q_finaexp_to_gr,q_finaexp_to_gr,2021,not_provided_by_source,40961,38677,2284
financial.indicator.q_finaexp_to_gr,q_finaexp_to_gr,2022,not_provided_by_source,41878,40354,1524
financial.indicator.q_finaexp_to_gr,q_finaexp_to_gr,2023,not_provided_by_source,28609,27406,1203
financial.indicator.q_finaexp_to_gr,q_finaexp_to_gr,2024,not_provided_by_source,24134,23081,1053
financial.indicator.q_finaexp_to_gr,q_finaexp_to_gr,2025,not_provided_by_source,26352,25365,987
financial.indicator.q_finaexp_to_gr,q_finaexp_to_gr,2026,not_provided_by_source,15888,15062,826
financial.indicator.q_gc_to_gr,q_gc_to_gr,1990,not_provided_by_source,284,0,284
financial.indicator.q_gc_to_gr,q_gc_to_gr,1991,not_provided_by_source,372,0,372
financial.indicator.q_gc_to_gr,q_gc_to_gr,1992,not_provided_by_source,626,0,626
financial.indicator.q_gc_to_gr,q_gc_to_gr,1993,not_provided_by_source,1362,22,1340
financial.indicator.q_gc_to_gr,q_gc_to_gr,1994,not_provided_by_source,2056,4,2052
financial.indicator.q_gc_to_gr,q_gc_to_gr,1995,not_provided_by_source,2333,4,2329
financial.indicator.q_gc_to_gr,q_gc_to_gr,1996,not_provided_by_source,2899,46,2853
financial.indicator.q_gc_to_gr,q_gc_to_gr,1997,not_provided_by_source,3711,24,3687
financial.indicator.q_gc_to_gr,q_gc_to_gr,1998,not_provided_by_source,3934,14,3920
financial.indicator.q_gc_to_gr,q_gc_to_gr,1999,not_provided_by_source,4456,20,4436
financial.indicator.q_gc_to_gr,q_gc_to_gr,2000,not_provided_by_source,4904,130,4774
financial.indicator.q_gc_to_gr,q_gc_to_gr,2001,not_provided_by_source,5803,1250,4553
financial.indicator.q_gc_to_gr,q_gc_to_gr,2002,not_provided_by_source,10138,9405,733
financial.indicator.q_gc_to_gr,q_gc_to_gr,2003,not_provided_by_source,11038,10377,661
financial.indicator.q_gc_to_gr,q_gc_to_gr,2004,not_provided_by_source,11591,10775,816
financial.indicator.q_gc_to_gr,q_gc_to_gr,2005,not_provided_by_source,11984,10940,1044
financial.indicator.q_gc_to_gr,q_gc_to_gr,2006,not_provided_by_source,13014,11710,1304
financial.indicator.q_gc_to_gr,q_gc_to_gr,2007,not_provided_by_source,14483,12604,1879
financial.indicator.q_gc_to_gr,q_gc_to_gr,2008,not_provided_by_source,15481,13211,2270
financial.indicator.q_gc_to_gr,q_gc_to_gr,2009,not_provided_by_source,17455,15362,2093
financial.indicator.q_gc_to_gr,q_gc_to_gr,2010,not_provided_by_source,18522,16954,1568
financial.indicator.q_gc_to_gr,q_gc_to_gr,2011,not_provided_by_source,21209,18797,2412
financial.indicator.q_gc_to_gr,q_gc_to_gr,2012,not_provided_by_source,22867,19803,3064
financial.indicator.q_gc_to_gr,q_gc_to_gr,2013,not_provided_by_source,23933,20271,3662
financial.indicator.q_gc_to_gr,q_gc_to_gr,2014,not_provided_by_source,25674,21616,4058
financial.indicator.q_gc_to_gr,q_gc_to_gr,2015,not_provided_by_source,27586,23414,4172
financial.indicator.q_gc_to_gr,q_gc_to_gr,2016,not_provided_by_source,31074,26931,4143
financial.indicator.q_gc_to_gr,q_gc_to_gr,2017,not_provided_by_source,32844,28714,4130
financial.indicator.q_gc_to_gr,q_gc_to_gr,2018,not_provided_by_source,33975,29735,4240
financial.indicator.q_gc_to_gr,q_gc_to_gr,2019,not_provided_by_source,36005,32325,3680
financial.indicator.q_gc_to_gr,q_gc_to_gr,2020,not_provided_by_source,38841,36169,2672
financial.indicator.q_gc_to_gr,q_gc_to_gr,2021,not_provided_by_source,40961,38706,2255
financial.indicator.q_gc_to_gr,q_gc_to_gr,2022,not_provided_by_source,41878,40380,1498
financial.indicator.q_gc_to_gr,q_gc_to_gr,2023,not_provided_by_source,28609,27424,1185
financial.indicator.q_gc_to_gr,q_gc_to_gr,2024,not_provided_by_source,24134,23090,1044
financial.indicator.q_gc_to_gr,q_gc_to_gr,2025,not_provided_by_source,26352,25371,981
financial.indicator.q_gc_to_gr,q_gc_to_gr,2026,not_provided_by_source,15888,15166,722
financial.indicator.q_gr_qoq,q_gr_qoq,1990,not_provided_by_source,284,0,284
financial.indicator.q_gr_qoq,q_gr_qoq,1991,not_provided_by_source,372,0,372
financial.indicator.q_gr_qoq,q_gr_qoq,1992,not_provided_by_source,626,0,626
financial.indicator.q_gr_qoq,q_gr_qoq,1993,not_provided_by_source,1362,6,1356
financial.indicator.q_gr_qoq,q_gr_qoq,1994,not_provided_by_source,2056,2,2054
financial.indicator.q_gr_qoq,q_gr_qoq,1995,not_provided_by_source,2333,0,2333
financial.indicator.q_gr_qoq,q_gr_qoq,1996,not_provided_by_source,2899,8,2891
financial.indicator.q_gr_qoq,q_gr_qoq,1997,not_provided_by_source,3711,2,3709
financial.indicator.q_gr_qoq,q_gr_qoq,1998,not_provided_by_source,3934,2,3932
financial.indicator.q_gr_qoq,q_gr_qoq,1999,not_provided_by_source,4456,10,4446
financial.indicator.q_gr_qoq,q_gr_qoq,2000,not_provided_by_source,4904,64,4840
financial.indicator.q_gr_qoq,q_gr_qoq,2001,not_provided_by_source,5803,768,5035
financial.indicator.q_gr_qoq,q_gr_qoq,2002,not_provided_by_source,10138,7751,2387
financial.indicator.q_gr_qoq,q_gr_qoq,2003,not_provided_by_source,11038,10260,778
financial.indicator.q_gr_qoq,q_gr_qoq,2004,not_provided_by_source,11591,10870,721
financial.indicator.q_gr_qoq,q_gr_qoq,2005,not_provided_by_source,11984,10936,1048
financial.indicator.q_gr_qoq,q_gr_qoq,2006,not_provided_by_source,13014,11644,1370
financial.indicator.q_gr_qoq,q_gr_qoq,2007,not_provided_by_source,14483,12628,1855
financial.indicator.q_gr_qoq,q_gr_qoq,2008,not_provided_by_source,15481,13187,2294
financial.indicator.q_gr_qoq,q_gr_qoq,2009,not_provided_by_source,17455,15158,2297
financial.indicator.q_gr_qoq,q_gr_qoq,2010,not_provided_by_source,18522,17145,1377
financial.indicator.q_gr_qoq,q_gr_qoq,2011,not_provided_by_source,21209,19064,2145
financial.indicator.q_gr_qoq,q_gr_qoq,2012,not_provided_by_source,22867,20142,2725
financial.indicator.q_gr_qoq,q_gr_qoq,2013,not_provided_by_source,23933,20650,3283
financial.indicator.q_gr_qoq,q_gr_qoq,2014,not_provided_by_source,25674,21878,3796
financial.indicator.q_gr_qoq,q_gr_qoq,2015,not_provided_by_source,27586,23508,4078
financial.indicator.q_gr_qoq,q_gr_qoq,2016,not_provided_by_source,31074,26750,4324
financial.indicator.q_gr_qoq,q_gr_qoq,2017,not_provided_by_source,32844,29103,3741
financial.indicator.q_gr_qoq,q_gr_qoq,2018,not_provided_by_source,33975,30175,3800
financial.indicator.q_gr_qoq,q_gr_qoq,2019,not_provided_by_source,36005,32450,3555
financial.indicator.q_gr_qoq,q_gr_qoq,2020,not_provided_by_source,38841,36162,2679
financial.indicator.q_gr_qoq,q_gr_qoq,2021,not_provided_by_source,40961,39023,1938
financial.indicator.q_gr_qoq,q_gr_qoq,2022,not_provided_by_source,41878,40988,890
financial.indicator.q_gr_qoq,q_gr_qoq,2023,not_provided_by_source,28609,27955,654
financial.indicator.q_gr_qoq,q_gr_qoq,2024,not_provided_by_source,24134,23493,641
financial.indicator.q_gr_qoq,q_gr_qoq,2025,not_provided_by_source,26352,25834,518
financial.indicator.q_gr_qoq,q_gr_qoq,2026,not_provided_by_source,15888,15339,549
financial.indicator.q_gr_yoy,q_gr_yoy,1990,not_provided_by_source,284,0,284
financial.indicator.q_gr_yoy,q_gr_yoy,1991,not_provided_by_source,372,0,372
financial.indicator.q_gr_yoy,q_gr_yoy,1992,not_provided_by_source,626,0,626
financial.indicator.q_gr_yoy,q_gr_yoy,1993,not_provided_by_source,1362,0,1362
financial.indicator.q_gr_yoy,q_gr_yoy,1994,not_provided_by_source,2056,0,2056
financial.indicator.q_gr_yoy,q_gr_yoy,1995,not_provided_by_source,2333,0,2333
financial.indicator.q_gr_yoy,q_gr_yoy,1996,not_provided_by_source,2899,0,2899
financial.indicator.q_gr_yoy,q_gr_yoy,1997,not_provided_by_source,3711,0,3711
financial.indicator.q_gr_yoy,q_gr_yoy,1998,not_provided_by_source,3934,0,3934
financial.indicator.q_gr_yoy,q_gr_yoy,1999,not_provided_by_source,4456,0,4456
financial.indicator.q_gr_yoy,q_gr_yoy,2000,not_provided_by_source,4904,0,4904
financial.indicator.q_gr_yoy,q_gr_yoy,2001,not_provided_by_source,5803,110,5693
financial.indicator.q_gr_yoy,q_gr_yoy,2002,not_provided_by_source,10138,1280,8858
financial.indicator.q_gr_yoy,q_gr_yoy,2003,not_provided_by_source,11038,9528,1510
financial.indicator.q_gr_yoy,q_gr_yoy,2004,not_provided_by_source,11591,10480,1111
financial.indicator.q_gr_yoy,q_gr_yoy,2005,not_provided_by_source,11984,10850,1134
financial.indicator.q_gr_yoy,q_gr_yoy,2006,not_provided_by_source,13014,11036,1978
financial.indicator.q_gr_yoy,q_gr_yoy,2007,not_provided_by_source,14483,11810,2673
financial.indicator.q_gr_yoy,q_gr_yoy,2008,not_provided_by_source,15481,12760,2721
financial.indicator.q_gr_yoy,q_gr_yoy,2009,not_provided_by_source,17455,13396,4059
financial.indicator.q_gr_yoy,q_gr_yoy,2010,not_provided_by_source,18522,15767,2755
financial.indicator.q_gr_yoy,q_gr_yoy,2011,not_provided_by_source,21209,18218,2991
financial.indicator.q_gr_yoy,q_gr_yoy,2012,not_provided_by_source,22867,19790,3077
financial.indicator.q_gr_yoy,q_gr_yoy,2013,not_provided_by_source,23933,20318,3615
financial.indicator.q_gr_yoy,q_gr_yoy,2014,not_provided_by_source,25674,20886,4788
financial.indicator.q_gr_yoy,q_gr_yoy,2015,not_provided_by_source,27586,22474,5112
financial.indicator.q_gr_yoy,q_gr_yoy,2016,not_provided_by_source,31074,24068,7006
financial.indicator.q_gr_yoy,q_gr_yoy,2017,not_provided_by_source,32844,27363,5481
financial.indicator.q_gr_yoy,q_gr_yoy,2018,not_provided_by_source,33975,29285,4690
financial.indicator.q_gr_yoy,q_gr_yoy,2019,not_provided_by_source,36005,30372,5633
financial.indicator.q_gr_yoy,q_gr_yoy,2020,not_provided_by_source,38841,33036,5805
financial.indicator.q_gr_yoy,q_gr_yoy,2021,not_provided_by_source,40961,36911,4050
financial.indicator.q_gr_yoy,q_gr_yoy,2022,not_provided_by_source,41878,39342,2536
financial.indicator.q_gr_yoy,q_gr_yoy,2023,not_provided_by_source,28609,27669,940
financial.indicator.q_gr_yoy,q_gr_yoy,2024,not_provided_by_source,24134,23186,948
financial.indicator.q_gr_yoy,q_gr_yoy,2025,not_provided_by_source,26352,25678,674
financial.indicator.q_gr_yoy,q_gr_yoy,2026,not_provided_by_source,15888,15230,658
financial.indicator.q_gross_profit_margin,q_gross_profit_margin,1990,not_provided_by_source,284,0,284
financial.indicator.q_gross_profit_margin,q_gross_profit_margin,1991,not_provided_by_source,372,0,372
financial.indicator.q_gross_profit_margin,q_gross_profit_margin,1992,not_provided_by_source,626,0,626
financial.indicator.q_gross_profit_margin,q_gross_profit_margin,1993,not_provided_by_source,1362,22,1340
financial.indicator.q_gross_profit_margin,q_gross_profit_margin,1994,not_provided_by_source,2056,4,2052
financial.indicator.q_gross_profit_margin,q_gross_profit_margin,1995,not_provided_by_source,2333,4,2329
financial.indicator.q_gross_profit_margin,q_gross_profit_margin,1996,not_provided_by_source,2899,46,2853
financial.indicator.q_gross_profit_margin,q_gross_profit_margin,1997,not_provided_by_source,3711,24,3687
financial.indicator.q_gross_profit_margin,q_gross_profit_margin,1998,not_provided_by_source,3934,14,3920
financial.indicator.q_gross_profit_margin,q_gross_profit_margin,1999,not_provided_by_source,4456,20,4436
financial.indicator.q_gross_profit_margin,q_gross_profit_margin,2000,not_provided_by_source,4904,130,4774
financial.indicator.q_gross_profit_margin,q_gross_profit_margin,2001,not_provided_by_source,5803,1252,4551
financial.indicator.q_gross_profit_margin,q_gross_profit_margin,2002,not_provided_by_source,10138,9409,729
financial.indicator.q_gross_profit_margin,q_gross_profit_margin,2003,not_provided_by_source,11038,10381,657
financial.indicator.q_gross_profit_margin,q_gross_profit_margin,2004,not_provided_by_source,11591,10783,808
financial.indicator.q_gross_profit_margin,q_gross_profit_margin,2005,not_provided_by_source,11984,10948,1036
financial.indicator.q_gross_profit_margin,q_gross_profit_margin,2006,not_provided_by_source,13014,11713,1301
financial.indicator.q_gross_profit_margin,q_gross_profit_margin,2007,not_provided_by_source,14483,12608,1875
financial.indicator.q_gross_profit_margin,q_gross_profit_margin,2008,not_provided_by_source,15481,13215,2266
financial.indicator.q_gross_profit_margin,q_gross_profit_margin,2009,not_provided_by_source,17455,15366,2089
financial.indicator.q_gross_profit_margin,q_gross_profit_margin,2010,not_provided_by_source,18522,16958,1564
financial.indicator.q_gross_profit_margin,q_gross_profit_margin,2011,not_provided_by_source,21209,18815,2394
financial.indicator.q_gross_profit_margin,q_gross_profit_margin,2012,not_provided_by_source,22867,19829,3038
financial.indicator.q_gross_profit_margin,q_gross_profit_margin,2013,not_provided_by_source,23933,20325,3608
financial.indicator.q_gross_profit_margin,q_gross_profit_margin,2014,not_provided_by_source,25674,21614,4060
financial.indicator.q_gross_profit_margin,q_gross_profit_margin,2015,not_provided_by_source,27586,23416,4170
financial.indicator.q_gross_profit_margin,q_gross_profit_margin,2016,not_provided_by_source,31074,26935,4139
financial.indicator.q_gross_profit_margin,q_gross_profit_margin,2017,not_provided_by_source,32844,28717,4127
financial.indicator.q_gross_profit_margin,q_gross_profit_margin,2018,not_provided_by_source,33975,29733,4242
financial.indicator.q_gross_profit_margin,q_gross_profit_margin,2019,not_provided_by_source,36005,32319,3686
financial.indicator.q_gross_profit_margin,q_gross_profit_margin,2020,not_provided_by_source,38841,36163,2678
financial.indicator.q_gross_profit_margin,q_gross_profit_margin,2021,not_provided_by_source,40961,38815,2146
financial.indicator.q_gross_profit_margin,q_gross_profit_margin,2022,not_provided_by_source,41878,40476,1402
financial.indicator.q_gross_profit_margin,q_gross_profit_margin,2023,not_provided_by_source,28609,27473,1136
financial.indicator.q_gross_profit_margin,q_gross_profit_margin,2024,not_provided_by_source,24134,23107,1027
financial.indicator.q_gross_profit_margin,q_gross_profit_margin,2025,not_provided_by_source,26352,25376,976
financial.indicator.q_gross_profit_margin,q_gross_profit_margin,2026,not_provided_by_source,15888,15064,824
financial.indicator.q_impair_to_gr_ttm,q_impair_to_gr_ttm,1990,not_provided_by_source,284,0,284
financial.indicator.q_impair_to_gr_ttm,q_impair_to_gr_ttm,1991,not_provided_by_source,372,0,372
financial.indicator.q_impair_to_gr_ttm,q_impair_to_gr_ttm,1992,not_provided_by_source,626,0,626
financial.indicator.q_impair_to_gr_ttm,q_impair_to_gr_ttm,1993,not_provided_by_source,1362,10,1352
financial.indicator.q_impair_to_gr_ttm,q_impair_to_gr_ttm,1994,not_provided_by_source,2056,4,2052
financial.indicator.q_impair_to_gr_ttm,q_impair_to_gr_ttm,1995,not_provided_by_source,2333,2,2331
financial.indicator.q_impair_to_gr_ttm,q_impair_to_gr_ttm,1996,not_provided_by_source,2899,26,2873
financial.indicator.q_impair_to_gr_ttm,q_impair_to_gr_ttm,1997,not_provided_by_source,3711,20,3691
financial.indicator.q_impair_to_gr_ttm,q_impair_to_gr_ttm,1998,not_provided_by_source,3934,6,3928
financial.indicator.q_impair_to_gr_ttm,q_impair_to_gr_ttm,1999,not_provided_by_source,4456,10,4446
financial.indicator.q_impair_to_gr_ttm,q_impair_to_gr_ttm,2000,not_provided_by_source,4904,68,4836
financial.indicator.q_impair_to_gr_ttm,q_impair_to_gr_ttm,2001,not_provided_by_source,5803,664,5139
financial.indicator.q_impair_to_gr_ttm,q_impair_to_gr_ttm,2002,not_provided_by_source,10138,2244,7894
financial.indicator.q_impair_to_gr_ttm,q_impair_to_gr_ttm,2003,not_provided_by_source,11038,32,11006
financial.indicator.q_impair_to_gr_ttm,q_impair_to_gr_ttm,2004,not_provided_by_source,11591,36,11555
financial.indicator.q_impair_to_gr_ttm,q_impair_to_gr_ttm,2005,not_provided_by_source,11984,42,11942
financial.indicator.q_impair_to_gr_ttm,q_impair_to_gr_ttm,2006,not_provided_by_source,13014,7367,5647
financial.indicator.q_impair_to_gr_ttm,q_impair_to_gr_ttm,2007,not_provided_by_source,14483,9024,5459
financial.indicator.q_impair_to_gr_ttm,q_impair_to_gr_ttm,2008,not_provided_by_source,15481,10597,4884
financial.indicator.q_impair_to_gr_ttm,q_impair_to_gr_ttm,2009,not_provided_by_source,17455,12869,4586
financial.indicator.q_impair_to_gr_ttm,q_impair_to_gr_ttm,2010,not_provided_by_source,18522,14457,4065
financial.indicator.q_impair_to_gr_ttm,q_impair_to_gr_ttm,2011,not_provided_by_source,21209,16232,4977
financial.indicator.q_impair_to_gr_ttm,q_impair_to_gr_ttm,2012,not_provided_by_source,22867,17186,5681
financial.indicator.q_impair_to_gr_ttm,q_impair_to_gr_ttm,2013,not_provided_by_source,23933,18022,5911
financial.indicator.q_impair_to_gr_ttm,q_impair_to_gr_ttm,2014,not_provided_by_source,25674,19702,5972
financial.indicator.q_impair_to_gr_ttm,q_impair_to_gr_ttm,2015,not_provided_by_source,27586,21820,5766
financial.indicator.q_impair_to_gr_ttm,q_impair_to_gr_ttm,2016,not_provided_by_source,31074,25523,5551
financial.indicator.q_impair_to_gr_ttm,q_impair_to_gr_ttm,2017,not_provided_by_source,32844,27512,5332
financial.indicator.q_impair_to_gr_ttm,q_impair_to_gr_ttm,2018,not_provided_by_source,33975,28591,5384
financial.indicator.q_impair_to_gr_ttm,q_impair_to_gr_ttm,2019,not_provided_by_source,36005,23102,12903
financial.indicator.q_impair_to_gr_ttm,q_impair_to_gr_ttm,2020,not_provided_by_source,38841,22795,16046
financial.indicator.q_impair_to_gr_ttm,q_impair_to_gr_ttm,2021,not_provided_by_source,40961,28703,12258
financial.indicator.q_impair_to_gr_ttm,q_impair_to_gr_ttm,2022,not_provided_by_source,41878,31402,10476
financial.indicator.q_impair_to_gr_ttm,q_impair_to_gr_ttm,2023,not_provided_by_source,28609,21704,6905
financial.indicator.q_impair_to_gr_ttm,q_impair_to_gr_ttm,2024,not_provided_by_source,24134,19437,4697
financial.indicator.q_impair_to_gr_ttm,q_impair_to_gr_ttm,2025,not_provided_by_source,26352,21729,4623
financial.indicator.q_impair_to_gr_ttm,q_impair_to_gr_ttm,2026,not_provided_by_source,15888,12604,3284
financial.indicator.q_investincome,q_investincome,1990,not_provided_by_source,284,0,284
financial.indicator.q_investincome,q_investincome,1991,not_provided_by_source,372,0,372
financial.indicator.q_investincome,q_investincome,1992,not_provided_by_source,626,0,626
financial.indicator.q_investincome,q_investincome,1993,not_provided_by_source,1362,14,1348
financial.indicator.q_investincome,q_investincome,1994,not_provided_by_source,2056,2,2054
financial.indicator.q_investincome,q_investincome,1995,not_provided_by_source,2333,2,2331
financial.indicator.q_investincome,q_investincome,1996,not_provided_by_source,2899,40,2859
financial.indicator.q_investincome,q_investincome,1997,not_provided_by_source,3711,18,3693
financial.indicator.q_investincome,q_investincome,1998,not_provided_by_source,3934,8,3926
financial.indicator.q_investincome,q_investincome,1999,not_provided_by_source,4456,2,4454
financial.indicator.q_investincome,q_investincome,2000,not_provided_by_source,4904,92,4812
financial.indicator.q_investincome,q_investincome,2001,not_provided_by_source,5803,1056,4747
financial.indicator.q_investincome,q_investincome,2002,not_provided_by_source,10138,7489,2649
financial.indicator.q_investincome,q_investincome,2003,not_provided_by_source,11038,8401,2637
financial.indicator.q_investincome,q_investincome,2004,not_provided_by_source,11591,8874,2717
financial.indicator.q_investincome,q_investincome,2005,not_provided_by_source,11984,8954,3030
financial.indicator.q_investincome,q_investincome,2006,not_provided_by_source,13014,9025,3989
financial.indicator.q_investincome,q_investincome,2007,not_provided_by_source,14483,9165,5318
financial.indicator.q_investincome,q_investincome,2008,not_provided_by_source,15481,9551,5930
financial.indicator.q_investincome,q_investincome,2009,not_provided_by_source,17455,10623,6832
financial.indicator.q_investincome,q_investincome,2010,not_provided_by_source,18522,11448,7074
financial.indicator.q_investincome,q_investincome,2011,not_provided_by_source,21209,12602,8607
financial.indicator.q_investincome,q_investincome,2012,not_provided_by_source,22867,13952,8915
financial.indicator.q_investincome,q_investincome,2013,not_provided_by_source,23933,14899,9034
financial.indicator.q_investincome,q_investincome,2014,not_provided_by_source,25674,16814,8860
financial.indicator.q_investincome,q_investincome,2015,not_provided_by_source,27586,18759,8827
financial.indicator.q_investincome,q_investincome,2016,not_provided_by_source,31074,21936,9138
financial.indicator.q_investincome,q_investincome,2017,not_provided_by_source,32844,24737,8107
financial.indicator.q_investincome,q_investincome,2018,not_provided_by_source,33975,26919,7056
financial.indicator.q_investincome,q_investincome,2019,not_provided_by_source,36005,29217,6788
financial.indicator.q_investincome,q_investincome,2020,not_provided_by_source,38841,32732,6109
financial.indicator.q_investincome,q_investincome,2021,not_provided_by_source,40961,35888,5073
financial.indicator.q_investincome,q_investincome,2022,not_provided_by_source,41878,38196,3682
financial.indicator.q_investincome,q_investincome,2023,not_provided_by_source,28609,26004,2605
financial.indicator.q_investincome,q_investincome,2024,not_provided_by_source,24134,22211,1923
financial.indicator.q_investincome,q_investincome,2025,not_provided_by_source,26352,24635,1717
financial.indicator.q_investincome,q_investincome,2026,not_provided_by_source,15888,14789,1099
financial.indicator.q_investincome_to_ebt,q_investincome_to_ebt,1990,not_provided_by_source,284,0,284
financial.indicator.q_investincome_to_ebt,q_investincome_to_ebt,1991,not_provided_by_source,372,0,372
financial.indicator.q_investincome_to_ebt,q_investincome_to_ebt,1992,not_provided_by_source,626,0,626
financial.indicator.q_investincome_to_ebt,q_investincome_to_ebt,1993,not_provided_by_source,1362,12,1350
financial.indicator.q_investincome_to_ebt,q_investincome_to_ebt,1994,not_provided_by_source,2056,2,2054
financial.indicator.q_investincome_to_ebt,q_investincome_to_ebt,1995,not_provided_by_source,2333,2,2331
financial.indicator.q_investincome_to_ebt,q_investincome_to_ebt,1996,not_provided_by_source,2899,40,2859
financial.indicator.q_investincome_to_ebt,q_investincome_to_ebt,1997,not_provided_by_source,3711,16,3695
financial.indicator.q_investincome_to_ebt,q_investincome_to_ebt,1998,not_provided_by_source,3934,8,3926
financial.indicator.q_investincome_to_ebt,q_investincome_to_ebt,1999,not_provided_by_source,4456,2,4454
financial.indicator.q_investincome_to_ebt,q_investincome_to_ebt,2000,not_provided_by_source,4904,60,4844
financial.indicator.q_investincome_to_ebt,q_investincome_to_ebt,2001,not_provided_by_source,5803,732,5071
financial.indicator.q_investincome_to_ebt,q_investincome_to_ebt,2002,not_provided_by_source,10138,5909,4229
financial.indicator.q_investincome_to_ebt,q_investincome_to_ebt,2003,not_provided_by_source,11038,6961,4077
financial.indicator.q_investincome_to_ebt,q_investincome_to_ebt,2004,not_provided_by_source,11591,7322,4269
financial.indicator.q_investincome_to_ebt,q_investincome_to_ebt,2005,not_provided_by_source,11984,6984,5000
financial.indicator.q_investincome_to_ebt,q_investincome_to_ebt,2006,not_provided_by_source,13014,7398,5616
financial.indicator.q_investincome_to_ebt,q_investincome_to_ebt,2007,not_provided_by_source,14483,7977,6506
financial.indicator.q_investincome_to_ebt,q_investincome_to_ebt,2008,not_provided_by_source,15481,7395,8086
financial.indicator.q_investincome_to_ebt,q_investincome_to_ebt,2009,not_provided_by_source,17455,8890,8565
financial.indicator.q_investincome_to_ebt,q_investincome_to_ebt,2010,not_provided_by_source,18522,10154,8368
financial.indicator.q_investincome_to_ebt,q_investincome_to_ebt,2011,not_provided_by_source,21209,10880,10329
financial.indicator.q_investincome_to_ebt,q_investincome_to_ebt,2012,not_provided_by_source,22867,11673,11194
financial.indicator.q_investincome_to_ebt,q_investincome_to_ebt,2013,not_provided_by_source,23933,12659,11274
financial.indicator.q_investincome_to_ebt,q_investincome_to_ebt,2014,not_provided_by_source,25674,14238,11436
financial.indicator.q_investincome_to_ebt,q_investincome_to_ebt,2015,not_provided_by_source,27586,15386,12200
financial.indicator.q_investincome_to_ebt,q_investincome_to_ebt,2016,not_provided_by_source,31074,18918,12156
financial.indicator.q_investincome_to_ebt,q_investincome_to_ebt,2017,not_provided_by_source,32844,21852,10992
financial.indicator.q_investincome_to_ebt,q_investincome_to_ebt,2018,not_provided_by_source,33975,22783,11192
financial.indicator.q_investincome_to_ebt,q_investincome_to_ebt,2019,not_provided_by_source,36005,24420,11585
financial.indicator.q_investincome_to_ebt,q_investincome_to_ebt,2020,not_provided_by_source,38841,26511,12330
financial.indicator.q_investincome_to_ebt,q_investincome_to_ebt,2021,not_provided_by_source,40961,29458,11503
financial.indicator.q_investincome_to_ebt,q_investincome_to_ebt,2022,not_provided_by_source,41878,29218,12660
financial.indicator.q_investincome_to_ebt,q_investincome_to_ebt,2023,not_provided_by_source,28609,19677,8932
financial.indicator.q_investincome_to_ebt,q_investincome_to_ebt,2024,not_provided_by_source,24134,16064,8070
financial.indicator.q_investincome_to_ebt,q_investincome_to_ebt,2025,not_provided_by_source,26352,17919,8433
financial.indicator.q_investincome_to_ebt,q_investincome_to_ebt,2026,not_provided_by_source,15888,10732,5156
financial.indicator.q_net_profit_margin,q_net_profit_margin,1990,not_provided_by_source,284,0,284
financial.indicator.q_net_profit_margin,q_net_profit_margin,1991,not_provided_by_source,372,0,372
financial.indicator.q_net_profit_margin,q_net_profit_margin,1992,not_provided_by_source,626,0,626
financial.indicator.q_net_profit_margin,q_net_profit_margin,1993,not_provided_by_source,1362,22,1340
financial.indicator.q_net_profit_margin,q_net_profit_margin,1994,not_provided_by_source,2056,4,2052
financial.indicator.q_net_profit_margin,q_net_profit_margin,1995,not_provided_by_source,2333,4,2329
financial.indicator.q_net_profit_margin,q_net_profit_margin,1996,not_provided_by_source,2899,46,2853
financial.indicator.q_net_profit_margin,q_net_profit_margin,1997,not_provided_by_source,3711,24,3687
financial.indicator.q_net_profit_margin,q_net_profit_margin,1998,not_provided_by_source,3934,14,3920
financial.indicator.q_net_profit_margin,q_net_profit_margin,1999,not_provided_by_source,4456,20,4436
financial.indicator.q_net_profit_margin,q_net_profit_margin,2000,not_provided_by_source,4904,130,4774
financial.indicator.q_net_profit_margin,q_net_profit_margin,2001,not_provided_by_source,5803,1268,4535
financial.indicator.q_net_profit_margin,q_net_profit_margin,2002,not_provided_by_source,10138,9451,687
financial.indicator.q_net_profit_margin,q_net_profit_margin,2003,not_provided_by_source,11038,10432,606
financial.indicator.q_net_profit_margin,q_net_profit_margin,2004,not_provided_by_source,11591,10832,759
financial.indicator.q_net_profit_margin,q_net_profit_margin,2005,not_provided_by_source,11984,11008,976
financial.indicator.q_net_profit_margin,q_net_profit_margin,2006,not_provided_by_source,13014,11834,1180
financial.indicator.q_net_profit_margin,q_net_profit_margin,2007,not_provided_by_source,14483,12792,1691
financial.indicator.q_net_profit_margin,q_net_profit_margin,2008,not_provided_by_source,15481,13431,2050
financial.indicator.q_net_profit_margin,q_net_profit_margin,2009,not_provided_by_source,17455,15635,1820
financial.indicator.q_net_profit_margin,q_net_profit_margin,2010,not_provided_by_source,18522,17272,1250
financial.indicator.q_net_profit_margin,q_net_profit_margin,2011,not_provided_by_source,21209,19145,2064
financial.indicator.q_net_profit_margin,q_net_profit_margin,2012,not_provided_by_source,22867,20177,2690
financial.indicator.q_net_profit_margin,q_net_profit_margin,2013,not_provided_by_source,23933,20693,3240
financial.indicator.q_net_profit_margin,q_net_profit_margin,2014,not_provided_by_source,25674,22036,3638
financial.indicator.q_net_profit_margin,q_net_profit_margin,2015,not_provided_by_source,27586,23912,3674
financial.indicator.q_net_profit_margin,q_net_profit_margin,2016,not_provided_by_source,31074,27533,3541
financial.indicator.q_net_profit_margin,q_net_profit_margin,2017,not_provided_by_source,32844,29386,3458
financial.indicator.q_net_profit_margin,q_net_profit_margin,2018,not_provided_by_source,33975,30455,3520
financial.indicator.q_net_profit_margin,q_net_profit_margin,2019,not_provided_by_source,36005,33069,2936
financial.indicator.q_net_profit_margin,q_net_profit_margin,2020,not_provided_by_source,38841,36923,1918
financial.indicator.q_net_profit_margin,q_net_profit_margin,2021,not_provided_by_source,40961,39591,1370
financial.indicator.q_net_profit_margin,q_net_profit_margin,2022,not_provided_by_source,41878,41257,621
financial.indicator.q_net_profit_margin,q_net_profit_margin,2023,not_provided_by_source,28609,27999,610
financial.indicator.q_net_profit_margin,q_net_profit_margin,2024,not_provided_by_source,24134,23554,580
financial.indicator.q_net_profit_margin,q_net_profit_margin,2025,not_provided_by_source,26352,25829,523
financial.indicator.q_net_profit_margin,q_net_profit_margin,2026,not_provided_by_source,15888,15333,555
financial.indicator.q_netprofit_qoq,q_netprofit_qoq,1990,not_provided_by_source,284,0,284
financial.indicator.q_netprofit_qoq,q_netprofit_qoq,1991,not_provided_by_source,372,0,372
financial.indicator.q_netprofit_qoq,q_netprofit_qoq,1992,not_provided_by_source,626,0,626
financial.indicator.q_netprofit_qoq,q_netprofit_qoq,1993,not_provided_by_source,1362,6,1356
financial.indicator.q_netprofit_qoq,q_netprofit_qoq,1994,not_provided_by_source,2056,2,2054
financial.indicator.q_netprofit_qoq,q_netprofit_qoq,1995,not_provided_by_source,2333,0,2333
financial.indicator.q_netprofit_qoq,q_netprofit_qoq,1996,not_provided_by_source,2899,32,2867
financial.indicator.q_netprofit_qoq,q_netprofit_qoq,1997,not_provided_by_source,3711,22,3689
financial.indicator.q_netprofit_qoq,q_netprofit_qoq,1998,not_provided_by_source,3934,4,3930
financial.indicator.q_netprofit_qoq,q_netprofit_qoq,1999,not_provided_by_source,4456,10,4446
financial.indicator.q_netprofit_qoq,q_netprofit_qoq,2000,not_provided_by_source,4904,68,4836
financial.indicator.q_netprofit_qoq,q_netprofit_qoq,2001,not_provided_by_source,5803,796,5007
financial.indicator.q_netprofit_qoq,q_netprofit_qoq,2002,not_provided_by_source,10138,7803,2335
financial.indicator.q_netprofit_qoq,q_netprofit_qoq,2003,not_provided_by_source,11038,10298,740
financial.indicator.q_netprofit_qoq,q_netprofit_qoq,2004,not_provided_by_source,11591,10950,641
financial.indicator.q_netprofit_qoq,q_netprofit_qoq,2005,not_provided_by_source,11984,11072,912
financial.indicator.q_netprofit_qoq,q_netprofit_qoq,2006,not_provided_by_source,13014,11760,1254
financial.indicator.q_netprofit_qoq,q_netprofit_qoq,2007,not_provided_by_source,14483,12734,1749
financial.indicator.q_netprofit_qoq,q_netprofit_qoq,2008,not_provided_by_source,15481,13323,2158
financial.indicator.q_netprofit_qoq,q_netprofit_qoq,2009,not_provided_by_source,17455,15339,2116
financial.indicator.q_netprofit_qoq,q_netprofit_qoq,2010,not_provided_by_source,18522,17330,1192
financial.indicator.q_netprofit_qoq,q_netprofit_qoq,2011,not_provided_by_source,21209,19236,1973
financial.indicator.q_netprofit_qoq,q_netprofit_qoq,2012,not_provided_by_source,22867,20280,2587
financial.indicator.q_netprofit_qoq,q_netprofit_qoq,2013,not_provided_by_source,23933,20735,3198
financial.indicator.q_netprofit_qoq,q_netprofit_qoq,2014,not_provided_by_source,25674,21956,3718
financial.indicator.q_netprofit_qoq,q_netprofit_qoq,2015,not_provided_by_source,27586,23612,3974
financial.indicator.q_netprofit_qoq,q_netprofit_qoq,2016,not_provided_by_source,31074,26846,4228
financial.indicator.q_netprofit_qoq,q_netprofit_qoq,2017,not_provided_by_source,32844,29197,3647
financial.indicator.q_netprofit_qoq,q_netprofit_qoq,2018,not_provided_by_source,33975,30287,3688
financial.indicator.q_netprofit_qoq,q_netprofit_qoq,2019,not_provided_by_source,36005,32546,3459
financial.indicator.q_netprofit_qoq,q_netprofit_qoq,2020,not_provided_by_source,38841,36252,2589
financial.indicator.q_netprofit_qoq,q_netprofit_qoq,2021,not_provided_by_source,40961,39119,1842
financial.indicator.q_netprofit_qoq,q_netprofit_qoq,2022,not_provided_by_source,41878,41050,828
financial.indicator.q_netprofit_qoq,q_netprofit_qoq,2023,not_provided_by_source,28609,27981,628
financial.indicator.q_netprofit_qoq,q_netprofit_qoq,2024,not_provided_by_source,24134,23505,629
financial.indicator.q_netprofit_qoq,q_netprofit_qoq,2025,not_provided_by_source,26352,25847,505
financial.indicator.q_netprofit_qoq,q_netprofit_qoq,2026,not_provided_by_source,15888,15345,543
financial.indicator.q_netprofit_yoy,q_netprofit_yoy,1990,not_provided_by_source,284,0,284
financial.indicator.q_netprofit_yoy,q_netprofit_yoy,1991,not_provided_by_source,372,0,372
financial.indicator.q_netprofit_yoy,q_netprofit_yoy,1992,not_provided_by_source,626,0,626
financial.indicator.q_netprofit_yoy,q_netprofit_yoy,1993,not_provided_by_source,1362,0,1362
financial.indicator.q_netprofit_yoy,q_netprofit_yoy,1994,not_provided_by_source,2056,0,2056
financial.indicator.q_netprofit_yoy,q_netprofit_yoy,1995,not_provided_by_source,2333,0,2333
financial.indicator.q_netprofit_yoy,q_netprofit_yoy,1996,not_provided_by_source,2899,0,2899
financial.indicator.q_netprofit_yoy,q_netprofit_yoy,1997,not_provided_by_source,3711,0,3711
financial.indicator.q_netprofit_yoy,q_netprofit_yoy,1998,not_provided_by_source,3934,0,3934
financial.indicator.q_netprofit_yoy,q_netprofit_yoy,1999,not_provided_by_source,4456,0,4456
financial.indicator.q_netprofit_yoy,q_netprofit_yoy,2000,not_provided_by_source,4904,0,4904
financial.indicator.q_netprofit_yoy,q_netprofit_yoy,2001,not_provided_by_source,5803,116,5687
financial.indicator.q_netprofit_yoy,q_netprofit_yoy,2002,not_provided_by_source,10138,1300,8838
financial.indicator.q_netprofit_yoy,q_netprofit_yoy,2003,not_provided_by_source,11038,9554,1484
financial.indicator.q_netprofit_yoy,q_netprofit_yoy,2004,not_provided_by_source,11591,10518,1073
financial.indicator.q_netprofit_yoy,q_netprofit_yoy,2005,not_provided_by_source,11984,10930,1054
financial.indicator.q_netprofit_yoy,q_netprofit_yoy,2006,not_provided_by_source,13014,11152,1862
financial.indicator.q_netprofit_yoy,q_netprofit_yoy,2007,not_provided_by_source,14483,11922,2561
financial.indicator.q_netprofit_yoy,q_netprofit_yoy,2008,not_provided_by_source,15481,12870,2611
financial.indicator.q_netprofit_yoy,q_netprofit_yoy,2009,not_provided_by_source,17455,13545,3910
financial.indicator.q_netprofit_yoy,q_netprofit_yoy,2010,not_provided_by_source,18522,15955,2567
financial.indicator.q_netprofit_yoy,q_netprofit_yoy,2011,not_provided_by_source,21209,18400,2809
financial.indicator.q_netprofit_yoy,q_netprofit_yoy,2012,not_provided_by_source,22867,19920,2947
financial.indicator.q_netprofit_yoy,q_netprofit_yoy,2013,not_provided_by_source,23933,20406,3527
financial.indicator.q_netprofit_yoy,q_netprofit_yoy,2014,not_provided_by_source,25674,20952,4722
financial.indicator.q_netprofit_yoy,q_netprofit_yoy,2015,not_provided_by_source,27586,22558,5028
financial.indicator.q_netprofit_yoy,q_netprofit_yoy,2016,not_provided_by_source,31074,24156,6918
financial.indicator.q_netprofit_yoy,q_netprofit_yoy,2017,not_provided_by_source,32844,27435,5409
financial.indicator.q_netprofit_yoy,q_netprofit_yoy,2018,not_provided_by_source,33975,29387,4588
financial.indicator.q_netprofit_yoy,q_netprofit_yoy,2019,not_provided_by_source,36005,30456,5549
financial.indicator.q_netprofit_yoy,q_netprofit_yoy,2020,not_provided_by_source,38841,33106,5735
financial.indicator.q_netprofit_yoy,q_netprofit_yoy,2021,not_provided_by_source,40961,36991,3970
financial.indicator.q_netprofit_yoy,q_netprofit_yoy,2022,not_provided_by_source,41878,39420,2458
financial.indicator.q_netprofit_yoy,q_netprofit_yoy,2023,not_provided_by_source,28609,27702,907
financial.indicator.q_netprofit_yoy,q_netprofit_yoy,2024,not_provided_by_source,24134,23199,935
financial.indicator.q_netprofit_yoy,q_netprofit_yoy,2025,not_provided_by_source,26352,25686,666
financial.indicator.q_netprofit_yoy,q_netprofit_yoy,2026,not_provided_by_source,15888,15344,544
financial.indicator.q_npta,q_npta,1990,not_provided_by_source,284,0,284
financial.indicator.q_npta,q_npta,1991,not_provided_by_source,372,0,372
financial.indicator.q_npta,q_npta,1992,not_provided_by_source,626,0,626
financial.indicator.q_npta,q_npta,1993,not_provided_by_source,1362,22,1340
financial.indicator.q_npta,q_npta,1994,not_provided_by_source,2056,4,2052
financial.indicator.q_npta,q_npta,1995,not_provided_by_source,2333,4,2329
financial.indicator.q_npta,q_npta,1996,not_provided_by_source,2899,76,2823
financial.indicator.q_npta,q_npta,1997,not_provided_by_source,3711,52,3659
financial.indicator.q_npta,q_npta,1998,not_provided_by_source,3934,20,3914
financial.indicator.q_npta,q_npta,1999,not_provided_by_source,4456,20,4436
financial.indicator.q_npta,q_npta,2000,not_provided_by_source,4904,136,4768
financial.indicator.q_npta,q_npta,2001,not_provided_by_source,5803,1314,4489
financial.indicator.q_npta,q_npta,2002,not_provided_by_source,10138,9505,633
financial.indicator.q_npta,q_npta,2003,not_provided_by_source,11038,10310,728
financial.indicator.q_npta,q_npta,2004,not_provided_by_source,11591,10968,623
financial.indicator.q_npta,q_npta,2005,not_provided_by_source,11984,11094,890
financial.indicator.q_npta,q_npta,2006,not_provided_by_source,13014,11780,1234
financial.indicator.q_npta,q_npta,2007,not_provided_by_source,14483,12742,1741
financial.indicator.q_npta,q_npta,2008,not_provided_by_source,15481,13361,2120
financial.indicator.q_npta,q_npta,2009,not_provided_by_source,17455,15393,2062
financial.indicator.q_npta,q_npta,2010,not_provided_by_source,18522,17386,1136
financial.indicator.q_npta,q_npta,2011,not_provided_by_source,21209,19303,1906
financial.indicator.q_npta,q_npta,2012,not_provided_by_source,22867,20313,2554
financial.indicator.q_npta,q_npta,2013,not_provided_by_source,23933,20767,3166
financial.indicator.q_npta,q_npta,2014,not_provided_by_source,25674,22082,3592
financial.indicator.q_npta,q_npta,2015,not_provided_by_source,27586,23981,3605
financial.indicator.q_npta,q_npta,2016,not_provided_by_source,31074,26992,4082
financial.indicator.q_npta,q_npta,2017,not_provided_by_source,32844,29439,3405
financial.indicator.q_npta,q_npta,2018,not_provided_by_source,33975,30387,3588
financial.indicator.q_npta,q_npta,2019,not_provided_by_source,36005,32934,3071
financial.indicator.q_npta,q_npta,2020,not_provided_by_source,38841,36997,1844
financial.indicator.q_npta,q_npta,2021,not_provided_by_source,40961,39674,1287
financial.indicator.q_npta,q_npta,2022,not_provided_by_source,41878,41360,518
financial.indicator.q_npta,q_npta,2023,not_provided_by_source,28609,28039,570
financial.indicator.q_npta,q_npta,2024,not_provided_by_source,24134,23564,570
financial.indicator.q_npta,q_npta,2025,not_provided_by_source,26352,25874,478
financial.indicator.q_npta,q_npta,2026,not_provided_by_source,15888,15332,556
financial.indicator.q_ocf_to_or,q_ocf_to_or,1990,not_provided_by_source,284,0,284
financial.indicator.q_ocf_to_or,q_ocf_to_or,1991,not_provided_by_source,372,0,372
financial.indicator.q_ocf_to_or,q_ocf_to_or,1992,not_provided_by_source,626,0,626
financial.indicator.q_ocf_to_or,q_ocf_to_or,1993,not_provided_by_source,1362,0,1362
financial.indicator.q_ocf_to_or,q_ocf_to_or,1994,not_provided_by_source,2056,0,2056
financial.indicator.q_ocf_to_or,q_ocf_to_or,1995,not_provided_by_source,2333,0,2333
financial.indicator.q_ocf_to_or,q_ocf_to_or,1996,not_provided_by_source,2899,0,2899
financial.indicator.q_ocf_to_or,q_ocf_to_or,1997,not_provided_by_source,3711,0,3711
financial.indicator.q_ocf_to_or,q_ocf_to_or,1998,not_provided_by_source,3934,2,3932
financial.indicator.q_ocf_to_or,q_ocf_to_or,1999,not_provided_by_source,4456,2,4454
financial.indicator.q_ocf_to_or,q_ocf_to_or,2000,not_provided_by_source,4904,16,4888
financial.indicator.q_ocf_to_or,q_ocf_to_or,2001,not_provided_by_source,5803,14,5789
financial.indicator.q_ocf_to_or,q_ocf_to_or,2002,not_provided_by_source,10138,128,10010
financial.indicator.q_ocf_to_or,q_ocf_to_or,2003,not_provided_by_source,11038,7136,3902
financial.indicator.q_ocf_to_or,q_ocf_to_or,2004,not_provided_by_source,11591,7734,3857
financial.indicator.q_ocf_to_or,q_ocf_to_or,2005,not_provided_by_source,11984,7378,4606
financial.indicator.q_ocf_to_or,q_ocf_to_or,2006,not_provided_by_source,13014,8704,4310
financial.indicator.q_ocf_to_or,q_ocf_to_or,2007,not_provided_by_source,14483,9680,4803
financial.indicator.q_ocf_to_or,q_ocf_to_or,2008,not_provided_by_source,15481,9175,6306
financial.indicator.q_ocf_to_or,q_ocf_to_or,2009,not_provided_by_source,17455,11639,5816
financial.indicator.q_ocf_to_or,q_ocf_to_or,2010,not_provided_by_source,18522,14003,4519
financial.indicator.q_ocf_to_or,q_ocf_to_or,2011,not_provided_by_source,21209,15347,5862
financial.indicator.q_ocf_to_or,q_ocf_to_or,2012,not_provided_by_source,22867,15225,7642
financial.indicator.q_ocf_to_or,q_ocf_to_or,2013,not_provided_by_source,23933,15387,8546
financial.indicator.q_ocf_to_or,q_ocf_to_or,2014,not_provided_by_source,25674,16364,9310
financial.indicator.q_ocf_to_or,q_ocf_to_or,2015,not_provided_by_source,27586,17296,10290
financial.indicator.q_ocf_to_or,q_ocf_to_or,2016,not_provided_by_source,31074,21391,9683
financial.indicator.q_ocf_to_or,q_ocf_to_or,2017,not_provided_by_source,32844,23601,9243
financial.indicator.q_ocf_to_or,q_ocf_to_or,2018,not_provided_by_source,33975,23159,10816
financial.indicator.q_ocf_to_or,q_ocf_to_or,2019,not_provided_by_source,36005,24910,11095
financial.indicator.q_ocf_to_or,q_ocf_to_or,2020,not_provided_by_source,38841,27137,11704
financial.indicator.q_ocf_to_or,q_ocf_to_or,2021,not_provided_by_source,40961,29843,11118
financial.indicator.q_ocf_to_or,q_ocf_to_or,2022,not_provided_by_source,41878,29078,12800
financial.indicator.q_ocf_to_or,q_ocf_to_or,2023,not_provided_by_source,28609,18932,9677
financial.indicator.q_ocf_to_or,q_ocf_to_or,2024,not_provided_by_source,24134,15159,8975
financial.indicator.q_ocf_to_or,q_ocf_to_or,2025,not_provided_by_source,26352,16704,9648
financial.indicator.q_ocf_to_or,q_ocf_to_or,2026,not_provided_by_source,15888,10159,5729
financial.indicator.q_ocf_to_sales,q_ocf_to_sales,1990,not_provided_by_source,284,0,284
financial.indicator.q_ocf_to_sales,q_ocf_to_sales,1991,not_provided_by_source,372,0,372
financial.indicator.q_ocf_to_sales,q_ocf_to_sales,1992,not_provided_by_source,626,0,626
financial.indicator.q_ocf_to_sales,q_ocf_to_sales,1993,not_provided_by_source,1362,0,1362
financial.indicator.q_ocf_to_sales,q_ocf_to_sales,1994,not_provided_by_source,2056,0,2056
financial.indicator.q_ocf_to_sales,q_ocf_to_sales,1995,not_provided_by_source,2333,0,2333
financial.indicator.q_ocf_to_sales,q_ocf_to_sales,1996,not_provided_by_source,2899,0,2899
financial.indicator.q_ocf_to_sales,q_ocf_to_sales,1997,not_provided_by_source,3711,0,3711
financial.indicator.q_ocf_to_sales,q_ocf_to_sales,1998,not_provided_by_source,3934,2,3932
financial.indicator.q_ocf_to_sales,q_ocf_to_sales,1999,not_provided_by_source,4456,2,4454
financial.indicator.q_ocf_to_sales,q_ocf_to_sales,2000,not_provided_by_source,4904,18,4886
financial.indicator.q_ocf_to_sales,q_ocf_to_sales,2001,not_provided_by_source,5803,16,5787
financial.indicator.q_ocf_to_sales,q_ocf_to_sales,2002,not_provided_by_source,10138,152,9986
financial.indicator.q_ocf_to_sales,q_ocf_to_sales,2003,not_provided_by_source,11038,9740,1298
financial.indicator.q_ocf_to_sales,q_ocf_to_sales,2004,not_provided_by_source,11591,10510,1081
financial.indicator.q_ocf_to_sales,q_ocf_to_sales,2005,not_provided_by_source,11984,10780,1204
financial.indicator.q_ocf_to_sales,q_ocf_to_sales,2006,not_provided_by_source,13014,11636,1378
financial.indicator.q_ocf_to_sales,q_ocf_to_sales,2007,not_provided_by_source,14483,12756,1727
financial.indicator.q_ocf_to_sales,q_ocf_to_sales,2008,not_provided_by_source,15481,13197,2284
financial.indicator.q_ocf_to_sales,q_ocf_to_sales,2009,not_provided_by_source,17455,15514,1941
financial.indicator.q_ocf_to_sales,q_ocf_to_sales,2010,not_provided_by_source,18522,17240,1282
financial.indicator.q_ocf_to_sales,q_ocf_to_sales,2011,not_provided_by_source,21209,19123,2086
financial.indicator.q_ocf_to_sales,q_ocf_to_sales,2012,not_provided_by_source,22867,20145,2722
financial.indicator.q_ocf_to_sales,q_ocf_to_sales,2013,not_provided_by_source,23933,20633,3300
financial.indicator.q_ocf_to_sales,q_ocf_to_sales,2014,not_provided_by_source,25674,22010,3664
financial.indicator.q_ocf_to_sales,q_ocf_to_sales,2015,not_provided_by_source,27586,23874,3712
financial.indicator.q_ocf_to_sales,q_ocf_to_sales,2016,not_provided_by_source,31074,27396,3678
financial.indicator.q_ocf_to_sales,q_ocf_to_sales,2017,not_provided_by_source,32844,29316,3528
financial.indicator.q_ocf_to_sales,q_ocf_to_sales,2018,not_provided_by_source,33975,30329,3646
financial.indicator.q_ocf_to_sales,q_ocf_to_sales,2019,not_provided_by_source,36005,32967,3038
financial.indicator.q_ocf_to_sales,q_ocf_to_sales,2020,not_provided_by_source,38841,36877,1964
financial.indicator.q_ocf_to_sales,q_ocf_to_sales,2021,not_provided_by_source,40961,39550,1411
financial.indicator.q_ocf_to_sales,q_ocf_to_sales,2022,not_provided_by_source,41878,41234,644
financial.indicator.q_ocf_to_sales,q_ocf_to_sales,2023,not_provided_by_source,28609,27978,631
financial.indicator.q_ocf_to_sales,q_ocf_to_sales,2024,not_provided_by_source,24134,23541,593
financial.indicator.q_ocf_to_sales,q_ocf_to_sales,2025,not_provided_by_source,26352,25826,526
financial.indicator.q_ocf_to_sales,q_ocf_to_sales,2026,not_provided_by_source,15888,15321,567
financial.indicator.q_op_qoq,q_op_qoq,1990,not_provided_by_source,284,0,284
financial.indicator.q_op_qoq,q_op_qoq,1991,not_provided_by_source,372,0,372
financial.indicator.q_op_qoq,q_op_qoq,1992,not_provided_by_source,626,0,626
financial.indicator.q_op_qoq,q_op_qoq,1993,not_provided_by_source,1362,4,1358
financial.indicator.q_op_qoq,q_op_qoq,1994,not_provided_by_source,2056,2,2054
financial.indicator.q_op_qoq,q_op_qoq,1995,not_provided_by_source,2333,0,2333
financial.indicator.q_op_qoq,q_op_qoq,1996,not_provided_by_source,2899,20,2879
financial.indicator.q_op_qoq,q_op_qoq,1997,not_provided_by_source,3711,12,3699
financial.indicator.q_op_qoq,q_op_qoq,1998,not_provided_by_source,3934,4,3930
financial.indicator.q_op_qoq,q_op_qoq,1999,not_provided_by_source,4456,10,4446
financial.indicator.q_op_qoq,q_op_qoq,2000,not_provided_by_source,4904,68,4836
financial.indicator.q_op_qoq,q_op_qoq,2001,not_provided_by_source,5803,606,5197
financial.indicator.q_op_qoq,q_op_qoq,2002,not_provided_by_source,10138,6805,3333
financial.indicator.q_op_qoq,q_op_qoq,2003,not_provided_by_source,11038,10292,746
financial.indicator.q_op_qoq,q_op_qoq,2004,not_provided_by_source,11591,10936,655
financial.indicator.q_op_qoq,q_op_qoq,2005,not_provided_by_source,11984,11052,932
financial.indicator.q_op_qoq,q_op_qoq,2006,not_provided_by_source,13014,11740,1274
financial.indicator.q_op_qoq,q_op_qoq,2007,not_provided_by_source,14483,12712,1771
financial.indicator.q_op_qoq,q_op_qoq,2008,not_provided_by_source,15481,13309,2172
financial.indicator.q_op_qoq,q_op_qoq,2009,not_provided_by_source,17455,15325,2130
financial.indicator.q_op_qoq,q_op_qoq,2010,not_provided_by_source,18522,17320,1202
financial.indicator.q_op_qoq,q_op_qoq,2011,not_provided_by_source,21209,19228,1981
financial.indicator.q_op_qoq,q_op_qoq,2012,not_provided_by_source,22867,20266,2601
financial.indicator.q_op_qoq,q_op_qoq,2013,not_provided_by_source,23933,20717,3216
financial.indicator.q_op_qoq,q_op_qoq,2014,not_provided_by_source,25674,21946,3728
financial.indicator.q_op_qoq,q_op_qoq,2015,not_provided_by_source,27586,23602,3984
financial.indicator.q_op_qoq,q_op_qoq,2016,not_provided_by_source,31074,26836,4238
financial.indicator.q_op_qoq,q_op_qoq,2017,not_provided_by_source,32844,29191,3653
financial.indicator.q_op_qoq,q_op_qoq,2018,not_provided_by_source,33975,30287,3688
financial.indicator.q_op_qoq,q_op_qoq,2019,not_provided_by_source,36005,32538,3467
financial.indicator.q_op_qoq,q_op_qoq,2020,not_provided_by_source,38841,36248,2593
financial.indicator.q_op_qoq,q_op_qoq,2021,not_provided_by_source,40961,39119,1842
financial.indicator.q_op_qoq,q_op_qoq,2022,not_provided_by_source,41878,41041,837
financial.indicator.q_op_qoq,q_op_qoq,2023,not_provided_by_source,28609,27972,637
financial.indicator.q_op_qoq,q_op_qoq,2024,not_provided_by_source,24134,23501,633
financial.indicator.q_op_qoq,q_op_qoq,2025,not_provided_by_source,26352,25841,511
financial.indicator.q_op_qoq,q_op_qoq,2026,not_provided_by_source,15888,15340,548
financial.indicator.q_op_to_gr,q_op_to_gr,1990,not_provided_by_source,284,0,284
financial.indicator.q_op_to_gr,q_op_to_gr,1991,not_provided_by_source,372,0,372
financial.indicator.q_op_to_gr,q_op_to_gr,1992,not_provided_by_source,626,0,626
financial.indicator.q_op_to_gr,q_op_to_gr,1993,not_provided_by_source,1362,18,1344
financial.indicator.q_op_to_gr,q_op_to_gr,1994,not_provided_by_source,2056,4,2052
financial.indicator.q_op_to_gr,q_op_to_gr,1995,not_provided_by_source,2333,4,2329
financial.indicator.q_op_to_gr,q_op_to_gr,1996,not_provided_by_source,2899,42,2857
financial.indicator.q_op_to_gr,q_op_to_gr,1997,not_provided_by_source,3711,14,3697
financial.indicator.q_op_to_gr,q_op_to_gr,1998,not_provided_by_source,3934,14,3920
financial.indicator.q_op_to_gr,q_op_to_gr,1999,not_provided_by_source,4456,20,4436
financial.indicator.q_op_to_gr,q_op_to_gr,2000,not_provided_by_source,4904,130,4774
financial.indicator.q_op_to_gr,q_op_to_gr,2001,not_provided_by_source,5803,1164,4639
financial.indicator.q_op_to_gr,q_op_to_gr,2002,not_provided_by_source,10138,8921,1217
financial.indicator.q_op_to_gr,q_op_to_gr,2003,not_provided_by_source,11038,10432,606
financial.indicator.q_op_to_gr,q_op_to_gr,2004,not_provided_by_source,11591,10826,765
financial.indicator.q_op_to_gr,q_op_to_gr,2005,not_provided_by_source,11984,10996,988
financial.indicator.q_op_to_gr,q_op_to_gr,2006,not_provided_by_source,13014,11824,1190
financial.indicator.q_op_to_gr,q_op_to_gr,2007,not_provided_by_source,14483,12784,1699
financial.indicator.q_op_to_gr,q_op_to_gr,2008,not_provided_by_source,15481,13423,2058
financial.indicator.q_op_to_gr,q_op_to_gr,2009,not_provided_by_source,17455,15627,1828
financial.indicator.q_op_to_gr,q_op_to_gr,2010,not_provided_by_source,18522,17264,1258
financial.indicator.q_op_to_gr,q_op_to_gr,2011,not_provided_by_source,21209,19137,2072
financial.indicator.q_op_to_gr,q_op_to_gr,2012,not_provided_by_source,22867,20171,2696
financial.indicator.q_op_to_gr,q_op_to_gr,2013,not_provided_by_source,23933,20683,3250
financial.indicator.q_op_to_gr,q_op_to_gr,2014,not_provided_by_source,25674,22034,3640
financial.indicator.q_op_to_gr,q_op_to_gr,2015,not_provided_by_source,27586,23906,3680
financial.indicator.q_op_to_gr,q_op_to_gr,2016,not_provided_by_source,31074,27525,3549
financial.indicator.q_op_to_gr,q_op_to_gr,2017,not_provided_by_source,32844,29380,3464
financial.indicator.q_op_to_gr,q_op_to_gr,2018,not_provided_by_source,33975,30457,3518
financial.indicator.q_op_to_gr,q_op_to_gr,2019,not_provided_by_source,36005,33075,2930
financial.indicator.q_op_to_gr,q_op_to_gr,2020,not_provided_by_source,38841,36929,1912
financial.indicator.q_op_to_gr,q_op_to_gr,2021,not_provided_by_source,40961,39602,1359
financial.indicator.q_op_to_gr,q_op_to_gr,2022,not_provided_by_source,41878,41255,623
financial.indicator.q_op_to_gr,q_op_to_gr,2023,not_provided_by_source,28609,28000,609
financial.indicator.q_op_to_gr,q_op_to_gr,2024,not_provided_by_source,24134,23557,577
financial.indicator.q_op_to_gr,q_op_to_gr,2025,not_provided_by_source,26352,25837,515
financial.indicator.q_op_to_gr,q_op_to_gr,2026,not_provided_by_source,15888,15336,552
financial.indicator.q_op_yoy,q_op_yoy,1990,not_provided_by_source,284,0,284
financial.indicator.q_op_yoy,q_op_yoy,1991,not_provided_by_source,372,0,372
financial.indicator.q_op_yoy,q_op_yoy,1992,not_provided_by_source,626,0,626
financial.indicator.q_op_yoy,q_op_yoy,1993,not_provided_by_source,1362,0,1362
financial.indicator.q_op_yoy,q_op_yoy,1994,not_provided_by_source,2056,0,2056
financial.indicator.q_op_yoy,q_op_yoy,1995,not_provided_by_source,2333,0,2333
financial.indicator.q_op_yoy,q_op_yoy,1996,not_provided_by_source,2899,0,2899
financial.indicator.q_op_yoy,q_op_yoy,1997,not_provided_by_source,3711,0,3711
financial.indicator.q_op_yoy,q_op_yoy,1998,not_provided_by_source,3934,0,3934
financial.indicator.q_op_yoy,q_op_yoy,1999,not_provided_by_source,4456,0,4456
financial.indicator.q_op_yoy,q_op_yoy,2000,not_provided_by_source,4904,0,4904
financial.indicator.q_op_yoy,q_op_yoy,2001,not_provided_by_source,5803,84,5719
financial.indicator.q_op_yoy,q_op_yoy,2002,not_provided_by_source,10138,982,9156
financial.indicator.q_op_yoy,q_op_yoy,2003,not_provided_by_source,11038,9416,1622
financial.indicator.q_op_yoy,q_op_yoy,2004,not_provided_by_source,11591,10514,1077
financial.indicator.q_op_yoy,q_op_yoy,2005,not_provided_by_source,11984,10912,1072
financial.indicator.q_op_yoy,q_op_yoy,2006,not_provided_by_source,13014,11138,1876
financial.indicator.q_op_yoy,q_op_yoy,2007,not_provided_by_source,14483,11908,2575
financial.indicator.q_op_yoy,q_op_yoy,2008,not_provided_by_source,15481,12858,2623
financial.indicator.q_op_yoy,q_op_yoy,2009,not_provided_by_source,17455,13533,3922
financial.indicator.q_op_yoy,q_op_yoy,2010,not_provided_by_source,18522,15943,2579
financial.indicator.q_op_yoy,q_op_yoy,2011,not_provided_by_source,21209,18392,2817
financial.indicator.q_op_yoy,q_op_yoy,2012,not_provided_by_source,22867,19912,2955
financial.indicator.q_op_yoy,q_op_yoy,2013,not_provided_by_source,23933,20390,3543
financial.indicator.q_op_yoy,q_op_yoy,2014,not_provided_by_source,25674,20942,4732
financial.indicator.q_op_yoy,q_op_yoy,2015,not_provided_by_source,27586,22550,5036
financial.indicator.q_op_yoy,q_op_yoy,2016,not_provided_by_source,31074,24148,6926
financial.indicator.q_op_yoy,q_op_yoy,2017,not_provided_by_source,32844,27429,5415
financial.indicator.q_op_yoy,q_op_yoy,2018,not_provided_by_source,33975,29387,4588
financial.indicator.q_op_yoy,q_op_yoy,2019,not_provided_by_source,36005,30450,5555
financial.indicator.q_op_yoy,q_op_yoy,2020,not_provided_by_source,38841,33104,5737
financial.indicator.q_op_yoy,q_op_yoy,2021,not_provided_by_source,40961,36991,3970
financial.indicator.q_op_yoy,q_op_yoy,2022,not_provided_by_source,41878,39416,2462
financial.indicator.q_op_yoy,q_op_yoy,2023,not_provided_by_source,28609,27695,914
financial.indicator.q_op_yoy,q_op_yoy,2024,not_provided_by_source,24134,23198,936
financial.indicator.q_op_yoy,q_op_yoy,2025,not_provided_by_source,26352,25683,669
financial.indicator.q_op_yoy,q_op_yoy,2026,not_provided_by_source,15888,15343,545
financial.indicator.q_opincome,q_opincome,1990,not_provided_by_source,284,0,284
financial.indicator.q_opincome,q_opincome,1991,not_provided_by_source,372,0,372
financial.indicator.q_opincome,q_opincome,1992,not_provided_by_source,626,0,626
financial.indicator.q_opincome,q_opincome,1993,not_provided_by_source,1362,26,1336
financial.indicator.q_opincome,q_opincome,1994,not_provided_by_source,2056,4,2052
financial.indicator.q_opincome,q_opincome,1995,not_provided_by_source,2333,4,2329
financial.indicator.q_opincome,q_opincome,1996,not_provided_by_source,2899,76,2823
financial.indicator.q_opincome,q_opincome,1997,not_provided_by_source,3711,52,3659
financial.indicator.q_opincome,q_opincome,1998,not_provided_by_source,3934,20,3914
financial.indicator.q_opincome,q_opincome,1999,not_provided_by_source,4456,20,4436
financial.indicator.q_opincome,q_opincome,2000,not_provided_by_source,4904,142,4762
financial.indicator.q_opincome,q_opincome,2001,not_provided_by_source,5803,1314,4489
financial.indicator.q_opincome,q_opincome,2002,not_provided_by_source,10138,9545,593
financial.indicator.q_opincome,q_opincome,2003,not_provided_by_source,11038,10487,551
financial.indicator.q_opincome,q_opincome,2004,not_provided_by_source,11591,10965,626
financial.indicator.q_opincome,q_opincome,2005,not_provided_by_source,11984,11170,814
financial.indicator.q_opincome,q_opincome,2006,not_provided_by_source,13014,11989,1025
financial.indicator.q_opincome,q_opincome,2007,not_provided_by_source,14483,12932,1551
financial.indicator.q_opincome,q_opincome,2008,not_provided_by_source,15481,13605,1876
financial.indicator.q_opincome,q_opincome,2009,not_provided_by_source,17455,15826,1629
financial.indicator.q_opincome,q_opincome,2010,not_provided_by_source,18522,17466,1056
financial.indicator.q_opincome,q_opincome,2011,not_provided_by_source,21209,19332,1877
financial.indicator.q_opincome,q_opincome,2012,not_provided_by_source,22867,20339,2528
financial.indicator.q_opincome,q_opincome,2013,not_provided_by_source,23933,20807,3126
financial.indicator.q_opincome,q_opincome,2014,not_provided_by_source,25674,22146,3528
financial.indicator.q_opincome,q_opincome,2015,not_provided_by_source,27586,24056,3530
financial.indicator.q_opincome,q_opincome,2016,not_provided_by_source,31074,27644,3430
financial.indicator.q_opincome,q_opincome,2017,not_provided_by_source,32844,29517,3327
financial.indicator.q_opincome,q_opincome,2018,not_provided_by_source,33975,30641,3334
financial.indicator.q_opincome,q_opincome,2019,not_provided_by_source,36005,33222,2783
financial.indicator.q_opincome,q_opincome,2020,not_provided_by_source,38841,37100,1741
financial.indicator.q_opincome,q_opincome,2021,not_provided_by_source,40961,39754,1207
financial.indicator.q_opincome,q_opincome,2022,not_provided_by_source,41878,41381,497
financial.indicator.q_opincome,q_opincome,2023,not_provided_by_source,28609,28047,562
financial.indicator.q_opincome,q_opincome,2024,not_provided_by_source,24134,23573,561
financial.indicator.q_opincome,q_opincome,2025,not_provided_by_source,26352,25859,493
financial.indicator.q_opincome,q_opincome,2026,not_provided_by_source,15888,15338,550
financial.indicator.q_opincome_to_ebt,q_opincome_to_ebt,1990,not_provided_by_source,284,0,284
financial.indicator.q_opincome_to_ebt,q_opincome_to_ebt,1991,not_provided_by_source,372,0,372
financial.indicator.q_opincome_to_ebt,q_opincome_to_ebt,1992,not_provided_by_source,626,0,626
financial.indicator.q_opincome_to_ebt,q_opincome_to_ebt,1993,not_provided_by_source,1362,22,1340
financial.indicator.q_opincome_to_ebt,q_opincome_to_ebt,1994,not_provided_by_source,2056,4,2052
financial.indicator.q_opincome_to_ebt,q_opincome_to_ebt,1995,not_provided_by_source,2333,4,2329
financial.indicator.q_opincome_to_ebt,q_opincome_to_ebt,1996,not_provided_by_source,2899,76,2823
financial.indicator.q_opincome_to_ebt,q_opincome_to_ebt,1997,not_provided_by_source,3711,50,3661
financial.indicator.q_opincome_to_ebt,q_opincome_to_ebt,1998,not_provided_by_source,3934,20,3914
financial.indicator.q_opincome_to_ebt,q_opincome_to_ebt,1999,not_provided_by_source,4456,20,4436
financial.indicator.q_opincome_to_ebt,q_opincome_to_ebt,2000,not_provided_by_source,4904,106,4798
financial.indicator.q_opincome_to_ebt,q_opincome_to_ebt,2001,not_provided_by_source,5803,880,4923
financial.indicator.q_opincome_to_ebt,q_opincome_to_ebt,2002,not_provided_by_source,10138,7385,2753
financial.indicator.q_opincome_to_ebt,q_opincome_to_ebt,2003,not_provided_by_source,11038,8603,2435
financial.indicator.q_opincome_to_ebt,q_opincome_to_ebt,2004,not_provided_by_source,11591,8930,2661
financial.indicator.q_opincome_to_ebt,q_opincome_to_ebt,2005,not_provided_by_source,11984,8620,3364
financial.indicator.q_opincome_to_ebt,q_opincome_to_ebt,2006,not_provided_by_source,13014,9682,3332
financial.indicator.q_opincome_to_ebt,q_opincome_to_ebt,2007,not_provided_by_source,14483,10978,3505
financial.indicator.q_opincome_to_ebt,q_opincome_to_ebt,2008,not_provided_by_source,15481,10527,4954
financial.indicator.q_opincome_to_ebt,q_opincome_to_ebt,2009,not_provided_by_source,17455,13047,4408
financial.indicator.q_opincome_to_ebt,q_opincome_to_ebt,2010,not_provided_by_source,18522,15306,3216
financial.indicator.q_opincome_to_ebt,q_opincome_to_ebt,2011,not_provided_by_source,21209,16652,4557
financial.indicator.q_opincome_to_ebt,q_opincome_to_ebt,2012,not_provided_by_source,22867,16943,5924
financial.indicator.q_opincome_to_ebt,q_opincome_to_ebt,2013,not_provided_by_source,23933,17339,6594
financial.indicator.q_opincome_to_ebt,q_opincome_to_ebt,2014,not_provided_by_source,25674,18441,7233
financial.indicator.q_opincome_to_ebt,q_opincome_to_ebt,2015,not_provided_by_source,27586,19444,8142
financial.indicator.q_opincome_to_ebt,q_opincome_to_ebt,2016,not_provided_by_source,31074,23617,7457
financial.indicator.q_opincome_to_ebt,q_opincome_to_ebt,2017,not_provided_by_source,32844,25929,6915
financial.indicator.q_opincome_to_ebt,q_opincome_to_ebt,2018,not_provided_by_source,33975,25744,8231
financial.indicator.q_opincome_to_ebt,q_opincome_to_ebt,2019,not_provided_by_source,36005,27560,8445
financial.indicator.q_opincome_to_ebt,q_opincome_to_ebt,2020,not_provided_by_source,38841,29770,9071
financial.indicator.q_opincome_to_ebt,q_opincome_to_ebt,2021,not_provided_by_source,40961,32410,8551
financial.indicator.q_opincome_to_ebt,q_opincome_to_ebt,2022,not_provided_by_source,41878,31416,10462
financial.indicator.q_opincome_to_ebt,q_opincome_to_ebt,2023,not_provided_by_source,28609,21015,7594
financial.indicator.q_opincome_to_ebt,q_opincome_to_ebt,2024,not_provided_by_source,24134,16945,7189
financial.indicator.q_opincome_to_ebt,q_opincome_to_ebt,2025,not_provided_by_source,26352,18687,7665
financial.indicator.q_opincome_to_ebt,q_opincome_to_ebt,2026,not_provided_by_source,15888,11177,4711
financial.indicator.q_profit_qoq,q_profit_qoq,1990,not_provided_by_source,284,0,284
financial.indicator.q_profit_qoq,q_profit_qoq,1991,not_provided_by_source,372,0,372
financial.indicator.q_profit_qoq,q_profit_qoq,1992,not_provided_by_source,626,0,626
financial.indicator.q_profit_qoq,q_profit_qoq,1993,not_provided_by_source,1362,6,1356
financial.indicator.q_profit_qoq,q_profit_qoq,1994,not_provided_by_source,2056,2,2054
financial.indicator.q_profit_qoq,q_profit_qoq,1995,not_provided_by_source,2333,0,2333
financial.indicator.q_profit_qoq,q_profit_qoq,1996,not_provided_by_source,2899,32,2867
financial.indicator.q_profit_qoq,q_profit_qoq,1997,not_provided_by_source,3711,22,3689
financial.indicator.q_profit_qoq,q_profit_qoq,1998,not_provided_by_source,3934,4,3930
financial.indicator.q_profit_qoq,q_profit_qoq,1999,not_provided_by_source,4456,10,4446
financial.indicator.q_profit_qoq,q_profit_qoq,2000,not_provided_by_source,4904,68,4836
financial.indicator.q_profit_qoq,q_profit_qoq,2001,not_provided_by_source,5803,796,5007
financial.indicator.q_profit_qoq,q_profit_qoq,2002,not_provided_by_source,10138,7803,2335
financial.indicator.q_profit_qoq,q_profit_qoq,2003,not_provided_by_source,11038,10298,740
financial.indicator.q_profit_qoq,q_profit_qoq,2004,not_provided_by_source,11591,10950,641
financial.indicator.q_profit_qoq,q_profit_qoq,2005,not_provided_by_source,11984,11072,912
financial.indicator.q_profit_qoq,q_profit_qoq,2006,not_provided_by_source,13014,11760,1254
financial.indicator.q_profit_qoq,q_profit_qoq,2007,not_provided_by_source,14483,12734,1749
financial.indicator.q_profit_qoq,q_profit_qoq,2008,not_provided_by_source,15481,13323,2158
financial.indicator.q_profit_qoq,q_profit_qoq,2009,not_provided_by_source,17455,15337,2118
financial.indicator.q_profit_qoq,q_profit_qoq,2010,not_provided_by_source,18522,17330,1192
financial.indicator.q_profit_qoq,q_profit_qoq,2011,not_provided_by_source,21209,19236,1973
financial.indicator.q_profit_qoq,q_profit_qoq,2012,not_provided_by_source,22867,20270,2597
financial.indicator.q_profit_qoq,q_profit_qoq,2013,not_provided_by_source,23933,20735,3198
financial.indicator.q_profit_qoq,q_profit_qoq,2014,not_provided_by_source,25674,21954,3720
financial.indicator.q_profit_qoq,q_profit_qoq,2015,not_provided_by_source,27586,23612,3974
financial.indicator.q_profit_qoq,q_profit_qoq,2016,not_provided_by_source,31074,26844,4230
financial.indicator.q_profit_qoq,q_profit_qoq,2017,not_provided_by_source,32844,29197,3647
financial.indicator.q_profit_qoq,q_profit_qoq,2018,not_provided_by_source,33975,30287,3688
financial.indicator.q_profit_qoq,q_profit_qoq,2019,not_provided_by_source,36005,32546,3459
financial.indicator.q_profit_qoq,q_profit_qoq,2020,not_provided_by_source,38841,36250,2591
financial.indicator.q_profit_qoq,q_profit_qoq,2021,not_provided_by_source,40961,39117,1844
financial.indicator.q_profit_qoq,q_profit_qoq,2022,not_provided_by_source,41878,41046,832
financial.indicator.q_profit_qoq,q_profit_qoq,2023,not_provided_by_source,28609,27977,632
financial.indicator.q_profit_qoq,q_profit_qoq,2024,not_provided_by_source,24134,23501,633
financial.indicator.q_profit_qoq,q_profit_qoq,2025,not_provided_by_source,26352,25847,505
financial.indicator.q_profit_qoq,q_profit_qoq,2026,not_provided_by_source,15888,15345,543
financial.indicator.q_profit_to_gr,q_profit_to_gr,1990,not_provided_by_source,284,0,284
financial.indicator.q_profit_to_gr,q_profit_to_gr,1991,not_provided_by_source,372,0,372
financial.indicator.q_profit_to_gr,q_profit_to_gr,1992,not_provided_by_source,626,0,626
financial.indicator.q_profit_to_gr,q_profit_to_gr,1993,not_provided_by_source,1362,22,1340
financial.indicator.q_profit_to_gr,q_profit_to_gr,1994,not_provided_by_source,2056,4,2052
financial.indicator.q_profit_to_gr,q_profit_to_gr,1995,not_provided_by_source,2333,4,2329
financial.indicator.q_profit_to_gr,q_profit_to_gr,1996,not_provided_by_source,2899,46,2853
financial.indicator.q_profit_to_gr,q_profit_to_gr,1997,not_provided_by_source,3711,24,3687
financial.indicator.q_profit_to_gr,q_profit_to_gr,1998,not_provided_by_source,3934,14,3920
financial.indicator.q_profit_to_gr,q_profit_to_gr,1999,not_provided_by_source,4456,20,4436
financial.indicator.q_profit_to_gr,q_profit_to_gr,2000,not_provided_by_source,4904,130,4774
financial.indicator.q_profit_to_gr,q_profit_to_gr,2001,not_provided_by_source,5803,1268,4535
financial.indicator.q_profit_to_gr,q_profit_to_gr,2002,not_provided_by_source,10138,9451,687
financial.indicator.q_profit_to_gr,q_profit_to_gr,2003,not_provided_by_source,11038,10432,606
financial.indicator.q_profit_to_gr,q_profit_to_gr,2004,not_provided_by_source,11591,10832,759
financial.indicator.q_profit_to_gr,q_profit_to_gr,2005,not_provided_by_source,11984,11008,976
financial.indicator.q_profit_to_gr,q_profit_to_gr,2006,not_provided_by_source,13014,11834,1180
financial.indicator.q_profit_to_gr,q_profit_to_gr,2007,not_provided_by_source,14483,12794,1689
financial.indicator.q_profit_to_gr,q_profit_to_gr,2008,not_provided_by_source,15481,13431,2050
financial.indicator.q_profit_to_gr,q_profit_to_gr,2009,not_provided_by_source,17455,15635,1820
financial.indicator.q_profit_to_gr,q_profit_to_gr,2010,not_provided_by_source,18522,17272,1250
financial.indicator.q_profit_to_gr,q_profit_to_gr,2011,not_provided_by_source,21209,19145,2064
financial.indicator.q_profit_to_gr,q_profit_to_gr,2012,not_provided_by_source,22867,20177,2690
financial.indicator.q_profit_to_gr,q_profit_to_gr,2013,not_provided_by_source,23933,20695,3238
financial.indicator.q_profit_to_gr,q_profit_to_gr,2014,not_provided_by_source,25674,22042,3632
financial.indicator.q_profit_to_gr,q_profit_to_gr,2015,not_provided_by_source,27586,23914,3672
financial.indicator.q_profit_to_gr,q_profit_to_gr,2016,not_provided_by_source,31074,27533,3541
financial.indicator.q_profit_to_gr,q_profit_to_gr,2017,not_provided_by_source,32844,29386,3458
financial.indicator.q_profit_to_gr,q_profit_to_gr,2018,not_provided_by_source,33975,30457,3518
financial.indicator.q_profit_to_gr,q_profit_to_gr,2019,not_provided_by_source,36005,33075,2930
financial.indicator.q_profit_to_gr,q_profit_to_gr,2020,not_provided_by_source,38841,36929,1912
financial.indicator.q_profit_to_gr,q_profit_to_gr,2021,not_provided_by_source,40961,39601,1360
financial.indicator.q_profit_to_gr,q_profit_to_gr,2022,not_provided_by_source,41878,41265,613
financial.indicator.q_profit_to_gr,q_profit_to_gr,2023,not_provided_by_source,28609,28008,601
financial.indicator.q_profit_to_gr,q_profit_to_gr,2024,not_provided_by_source,24134,23560,574
financial.indicator.q_profit_to_gr,q_profit_to_gr,2025,not_provided_by_source,26352,25837,515
financial.indicator.q_profit_to_gr,q_profit_to_gr,2026,not_provided_by_source,15888,15336,552
financial.indicator.q_profit_yoy,q_profit_yoy,1990,not_provided_by_source,284,0,284
financial.indicator.q_profit_yoy,q_profit_yoy,1991,not_provided_by_source,372,0,372
financial.indicator.q_profit_yoy,q_profit_yoy,1992,not_provided_by_source,626,0,626
financial.indicator.q_profit_yoy,q_profit_yoy,1993,not_provided_by_source,1362,0,1362
financial.indicator.q_profit_yoy,q_profit_yoy,1994,not_provided_by_source,2056,0,2056
financial.indicator.q_profit_yoy,q_profit_yoy,1995,not_provided_by_source,2333,0,2333
financial.indicator.q_profit_yoy,q_profit_yoy,1996,not_provided_by_source,2899,0,2899
financial.indicator.q_profit_yoy,q_profit_yoy,1997,not_provided_by_source,3711,0,3711
financial.indicator.q_profit_yoy,q_profit_yoy,1998,not_provided_by_source,3934,0,3934
financial.indicator.q_profit_yoy,q_profit_yoy,1999,not_provided_by_source,4456,0,4456
financial.indicator.q_profit_yoy,q_profit_yoy,2000,not_provided_by_source,4904,0,4904
financial.indicator.q_profit_yoy,q_profit_yoy,2001,not_provided_by_source,5803,116,5687
financial.indicator.q_profit_yoy,q_profit_yoy,2002,not_provided_by_source,10138,1300,8838
financial.indicator.q_profit_yoy,q_profit_yoy,2003,not_provided_by_source,11038,9554,1484
financial.indicator.q_profit_yoy,q_profit_yoy,2004,not_provided_by_source,11591,10518,1073
financial.indicator.q_profit_yoy,q_profit_yoy,2005,not_provided_by_source,11984,10930,1054
financial.indicator.q_profit_yoy,q_profit_yoy,2006,not_provided_by_source,13014,11152,1862
financial.indicator.q_profit_yoy,q_profit_yoy,2007,not_provided_by_source,14483,11922,2561
financial.indicator.q_profit_yoy,q_profit_yoy,2008,not_provided_by_source,15481,12870,2611
financial.indicator.q_profit_yoy,q_profit_yoy,2009,not_provided_by_source,17455,13545,3910
financial.indicator.q_profit_yoy,q_profit_yoy,2010,not_provided_by_source,18522,15955,2567
financial.indicator.q_profit_yoy,q_profit_yoy,2011,not_provided_by_source,21209,18400,2809
financial.indicator.q_profit_yoy,q_profit_yoy,2012,not_provided_by_source,22867,19920,2947
financial.indicator.q_profit_yoy,q_profit_yoy,2013,not_provided_by_source,23933,20406,3527
financial.indicator.q_profit_yoy,q_profit_yoy,2014,not_provided_by_source,25674,20952,4722
financial.indicator.q_profit_yoy,q_profit_yoy,2015,not_provided_by_source,27586,22558,5028
financial.indicator.q_profit_yoy,q_profit_yoy,2016,not_provided_by_source,31074,24156,6918
financial.indicator.q_profit_yoy,q_profit_yoy,2017,not_provided_by_source,32844,27435,5409
financial.indicator.q_profit_yoy,q_profit_yoy,2018,not_provided_by_source,33975,29387,4588
financial.indicator.q_profit_yoy,q_profit_yoy,2019,not_provided_by_source,36005,30456,5549
financial.indicator.q_profit_yoy,q_profit_yoy,2020,not_provided_by_source,38841,33106,5735
financial.indicator.q_profit_yoy,q_profit_yoy,2021,not_provided_by_source,40961,36991,3970
financial.indicator.q_profit_yoy,q_profit_yoy,2022,not_provided_by_source,41878,39416,2462
financial.indicator.q_profit_yoy,q_profit_yoy,2023,not_provided_by_source,28609,27698,911
financial.indicator.q_profit_yoy,q_profit_yoy,2024,not_provided_by_source,24134,23196,938
financial.indicator.q_profit_yoy,q_profit_yoy,2025,not_provided_by_source,26352,25686,666
financial.indicator.q_profit_yoy,q_profit_yoy,2026,not_provided_by_source,15888,15344,544
financial.indicator.q_roe,q_roe,1990,not_provided_by_source,284,0,284
financial.indicator.q_roe,q_roe,1991,not_provided_by_source,372,0,372
financial.indicator.q_roe,q_roe,1992,not_provided_by_source,626,0,626
financial.indicator.q_roe,q_roe,1993,not_provided_by_source,1362,22,1340
financial.indicator.q_roe,q_roe,1994,not_provided_by_source,2056,4,2052
financial.indicator.q_roe,q_roe,1995,not_provided_by_source,2333,4,2329
financial.indicator.q_roe,q_roe,1996,not_provided_by_source,2899,76,2823
financial.indicator.q_roe,q_roe,1997,not_provided_by_source,3711,52,3659
financial.indicator.q_roe,q_roe,1998,not_provided_by_source,3934,20,3914
financial.indicator.q_roe,q_roe,1999,not_provided_by_source,4456,20,4436
financial.indicator.q_roe,q_roe,2000,not_provided_by_source,4904,132,4772
financial.indicator.q_roe,q_roe,2001,not_provided_by_source,5803,1236,4567
financial.indicator.q_roe,q_roe,2002,not_provided_by_source,10138,9351,787
financial.indicator.q_roe,q_roe,2003,not_provided_by_source,11038,10066,972
financial.indicator.q_roe,q_roe,2004,not_provided_by_source,11591,10614,977
financial.indicator.q_roe,q_roe,2005,not_provided_by_source,11984,10604,1380
financial.indicator.q_roe,q_roe,2006,not_provided_by_source,13014,11168,1846
financial.indicator.q_roe,q_roe,2007,not_provided_by_source,14483,12086,2397
financial.indicator.q_roe,q_roe,2008,not_provided_by_source,15481,12769,2712
financial.indicator.q_roe,q_roe,2009,not_provided_by_source,17455,14837,2618
financial.indicator.q_roe,q_roe,2010,not_provided_by_source,18522,16840,1682
financial.indicator.q_roe,q_roe,2011,not_provided_by_source,21209,18821,2388
financial.indicator.q_roe,q_roe,2012,not_provided_by_source,22867,19873,2994
financial.indicator.q_roe,q_roe,2013,not_provided_by_source,23933,20467,3466
financial.indicator.q_roe,q_roe,2014,not_provided_by_source,25674,21866,3808
financial.indicator.q_roe,q_roe,2015,not_provided_by_source,27586,23719,3867
financial.indicator.q_roe,q_roe,2016,not_provided_by_source,31074,26770,4304
financial.indicator.q_roe,q_roe,2017,not_provided_by_source,32844,29249,3595
financial.indicator.q_roe,q_roe,2018,not_provided_by_source,33975,30107,3868
financial.indicator.q_roe,q_roe,2019,not_provided_by_source,36005,32466,3539
financial.indicator.q_roe,q_roe,2020,not_provided_by_source,38841,36470,2371
financial.indicator.q_roe,q_roe,2021,not_provided_by_source,40961,39095,1866
financial.indicator.q_roe,q_roe,2022,not_provided_by_source,41878,40828,1050
financial.indicator.q_roe,q_roe,2023,not_provided_by_source,28609,27739,870
financial.indicator.q_roe,q_roe,2024,not_provided_by_source,24134,23370,764
financial.indicator.q_roe,q_roe,2025,not_provided_by_source,26352,25656,696
financial.indicator.q_roe,q_roe,2026,not_provided_by_source,15888,15198,690
financial.indicator.q_saleexp_to_gr,q_saleexp_to_gr,1990,not_provided_by_source,284,0,284
financial.indicator.q_saleexp_to_gr,q_saleexp_to_gr,1991,not_provided_by_source,372,0,372
financial.indicator.q_saleexp_to_gr,q_saleexp_to_gr,1992,not_provided_by_source,626,0,626
financial.indicator.q_saleexp_to_gr,q_saleexp_to_gr,1993,not_provided_by_source,1362,18,1344
financial.indicator.q_saleexp_to_gr,q_saleexp_to_gr,1994,not_provided_by_source,2056,2,2054
financial.indicator.q_saleexp_to_gr,q_saleexp_to_gr,1995,not_provided_by_source,2333,4,2329
financial.indicator.q_saleexp_to_gr,q_saleexp_to_gr,1996,not_provided_by_source,2899,20,2879
financial.indicator.q_saleexp_to_gr,q_saleexp_to_gr,1997,not_provided_by_source,3711,4,3707
financial.indicator.q_saleexp_to_gr,q_saleexp_to_gr,1998,not_provided_by_source,3934,14,3920
financial.indicator.q_saleexp_to_gr,q_saleexp_to_gr,1999,not_provided_by_source,4456,20,4436
financial.indicator.q_saleexp_to_gr,q_saleexp_to_gr,2000,not_provided_by_source,4904,122,4782
financial.indicator.q_saleexp_to_gr,q_saleexp_to_gr,2001,not_provided_by_source,5803,1070,4733
financial.indicator.q_saleexp_to_gr,q_saleexp_to_gr,2002,not_provided_by_source,10138,8306,1832
financial.indicator.q_saleexp_to_gr,q_saleexp_to_gr,2003,not_provided_by_source,11038,9969,1069
financial.indicator.q_saleexp_to_gr,q_saleexp_to_gr,2004,not_provided_by_source,11591,10339,1252
financial.indicator.q_saleexp_to_gr,q_saleexp_to_gr,2005,not_provided_by_source,11984,10504,1480
financial.indicator.q_saleexp_to_gr,q_saleexp_to_gr,2006,not_provided_by_source,13014,11234,1780
financial.indicator.q_saleexp_to_gr,q_saleexp_to_gr,2007,not_provided_by_source,14483,12076,2407
financial.indicator.q_saleexp_to_gr,q_saleexp_to_gr,2008,not_provided_by_source,15481,12675,2806
financial.indicator.q_saleexp_to_gr,q_saleexp_to_gr,2009,not_provided_by_source,17455,14774,2681
financial.indicator.q_saleexp_to_gr,q_saleexp_to_gr,2010,not_provided_by_source,18522,16320,2202
financial.indicator.q_saleexp_to_gr,q_saleexp_to_gr,2011,not_provided_by_source,21209,18099,3110
financial.indicator.q_saleexp_to_gr,q_saleexp_to_gr,2012,not_provided_by_source,22867,19163,3704
financial.indicator.q_saleexp_to_gr,q_saleexp_to_gr,2013,not_provided_by_source,23933,19586,4347
financial.indicator.q_saleexp_to_gr,q_saleexp_to_gr,2014,not_provided_by_source,25674,20965,4709
financial.indicator.q_saleexp_to_gr,q_saleexp_to_gr,2015,not_provided_by_source,27586,22768,4818
financial.indicator.q_saleexp_to_gr,q_saleexp_to_gr,2016,not_provided_by_source,31074,26288,4786
financial.indicator.q_saleexp_to_gr,q_saleexp_to_gr,2017,not_provided_by_source,32844,28057,4787
financial.indicator.q_saleexp_to_gr,q_saleexp_to_gr,2018,not_provided_by_source,33975,29121,4854
financial.indicator.q_saleexp_to_gr,q_saleexp_to_gr,2019,not_provided_by_source,36005,31674,4331
financial.indicator.q_saleexp_to_gr,q_saleexp_to_gr,2020,not_provided_by_source,38841,35501,3340
financial.indicator.q_saleexp_to_gr,q_saleexp_to_gr,2021,not_provided_by_source,40961,38017,2944
financial.indicator.q_saleexp_to_gr,q_saleexp_to_gr,2022,not_provided_by_source,41878,39727,2151
financial.indicator.q_saleexp_to_gr,q_saleexp_to_gr,2023,not_provided_by_source,28609,27021,1588
financial.indicator.q_saleexp_to_gr,q_saleexp_to_gr,2024,not_provided_by_source,24134,22785,1349
financial.indicator.q_saleexp_to_gr,q_saleexp_to_gr,2025,not_provided_by_source,26352,25042,1310
financial.indicator.q_saleexp_to_gr,q_saleexp_to_gr,2026,not_provided_by_source,15888,14896,992
financial.indicator.q_sales_qoq,q_sales_qoq,1990,not_provided_by_source,284,0,284
financial.indicator.q_sales_qoq,q_sales_qoq,1991,not_provided_by_source,372,0,372
financial.indicator.q_sales_qoq,q_sales_qoq,1992,not_provided_by_source,626,0,626
financial.indicator.q_sales_qoq,q_sales_qoq,1993,not_provided_by_source,1362,6,1356
financial.indicator.q_sales_qoq,q_sales_qoq,1994,not_provided_by_source,2056,2,2054
financial.indicator.q_sales_qoq,q_sales_qoq,1995,not_provided_by_source,2333,0,2333
financial.indicator.q_sales_qoq,q_sales_qoq,1996,not_provided_by_source,2899,8,2891
financial.indicator.q_sales_qoq,q_sales_qoq,1997,not_provided_by_source,3711,2,3709
financial.indicator.q_sales_qoq,q_sales_qoq,1998,not_provided_by_source,3934,2,3932
financial.indicator.q_sales_qoq,q_sales_qoq,1999,not_provided_by_source,4456,10,4446
financial.indicator.q_sales_qoq,q_sales_qoq,2000,not_provided_by_source,4904,64,4840
financial.indicator.q_sales_qoq,q_sales_qoq,2001,not_provided_by_source,5803,762,5041
financial.indicator.q_sales_qoq,q_sales_qoq,2002,not_provided_by_source,10138,7745,2393
financial.indicator.q_sales_qoq,q_sales_qoq,2003,not_provided_by_source,11038,10252,786
financial.indicator.q_sales_qoq,q_sales_qoq,2004,not_provided_by_source,11591,10852,739
financial.indicator.q_sales_qoq,q_sales_qoq,2005,not_provided_by_source,11984,10914,1070
financial.indicator.q_sales_qoq,q_sales_qoq,2006,not_provided_by_source,13014,11642,1372
financial.indicator.q_sales_qoq,q_sales_qoq,2007,not_provided_by_source,14483,12622,1861
financial.indicator.q_sales_qoq,q_sales_qoq,2008,not_provided_by_source,15481,13187,2294
financial.indicator.q_sales_qoq,q_sales_qoq,2009,not_provided_by_source,17455,15158,2297
financial.indicator.q_sales_qoq,q_sales_qoq,2010,not_provided_by_source,18522,17145,1377
financial.indicator.q_sales_qoq,q_sales_qoq,2011,not_provided_by_source,21209,19064,2145
financial.indicator.q_sales_qoq,q_sales_qoq,2012,not_provided_by_source,22867,20142,2725
financial.indicator.q_sales_qoq,q_sales_qoq,2013,not_provided_by_source,23933,20650,3283
financial.indicator.q_sales_qoq,q_sales_qoq,2014,not_provided_by_source,25674,21878,3796
financial.indicator.q_sales_qoq,q_sales_qoq,2015,not_provided_by_source,27586,23508,4078
financial.indicator.q_sales_qoq,q_sales_qoq,2016,not_provided_by_source,31074,26750,4324
financial.indicator.q_sales_qoq,q_sales_qoq,2017,not_provided_by_source,32844,29103,3741
financial.indicator.q_sales_qoq,q_sales_qoq,2018,not_provided_by_source,33975,30175,3800
financial.indicator.q_sales_qoq,q_sales_qoq,2019,not_provided_by_source,36005,32444,3561
financial.indicator.q_sales_qoq,q_sales_qoq,2020,not_provided_by_source,38841,36154,2687
financial.indicator.q_sales_qoq,q_sales_qoq,2021,not_provided_by_source,40961,39015,1946
financial.indicator.q_sales_qoq,q_sales_qoq,2022,not_provided_by_source,41878,40980,898
financial.indicator.q_sales_qoq,q_sales_qoq,2023,not_provided_by_source,28609,27949,660
financial.indicator.q_sales_qoq,q_sales_qoq,2024,not_provided_by_source,24134,23488,646
financial.indicator.q_sales_qoq,q_sales_qoq,2025,not_provided_by_source,26352,25829,523
financial.indicator.q_sales_qoq,q_sales_qoq,2026,not_provided_by_source,15888,15336,552
financial.indicator.q_sales_yoy,q_sales_yoy,1990,not_provided_by_source,284,0,284
financial.indicator.q_sales_yoy,q_sales_yoy,1991,not_provided_by_source,372,0,372
financial.indicator.q_sales_yoy,q_sales_yoy,1992,not_provided_by_source,626,0,626
financial.indicator.q_sales_yoy,q_sales_yoy,1993,not_provided_by_source,1362,0,1362
financial.indicator.q_sales_yoy,q_sales_yoy,1994,not_provided_by_source,2056,0,2056
financial.indicator.q_sales_yoy,q_sales_yoy,1995,not_provided_by_source,2333,0,2333
financial.indicator.q_sales_yoy,q_sales_yoy,1996,not_provided_by_source,2899,0,2899
financial.indicator.q_sales_yoy,q_sales_yoy,1997,not_provided_by_source,3711,0,3711
financial.indicator.q_sales_yoy,q_sales_yoy,1998,not_provided_by_source,3934,0,3934
financial.indicator.q_sales_yoy,q_sales_yoy,1999,not_provided_by_source,4456,0,4456
financial.indicator.q_sales_yoy,q_sales_yoy,2000,not_provided_by_source,4904,0,4904
financial.indicator.q_sales_yoy,q_sales_yoy,2001,not_provided_by_source,5803,108,5695
financial.indicator.q_sales_yoy,q_sales_yoy,2002,not_provided_by_source,10138,1278,8860
financial.indicator.q_sales_yoy,q_sales_yoy,2003,not_provided_by_source,11038,9518,1520
financial.indicator.q_sales_yoy,q_sales_yoy,2004,not_provided_by_source,11591,10450,1141
financial.indicator.q_sales_yoy,q_sales_yoy,2005,not_provided_by_source,11984,10810,1174
financial.indicator.q_sales_yoy,q_sales_yoy,2006,not_provided_by_source,13014,11032,1982
financial.indicator.q_sales_yoy,q_sales_yoy,2007,not_provided_by_source,14483,11800,2683
financial.indicator.q_sales_yoy,q_sales_yoy,2008,not_provided_by_source,15481,12760,2721
financial.indicator.q_sales_yoy,q_sales_yoy,2009,not_provided_by_source,17455,13396,4059
financial.indicator.q_sales_yoy,q_sales_yoy,2010,not_provided_by_source,18522,15767,2755
financial.indicator.q_sales_yoy,q_sales_yoy,2011,not_provided_by_source,21209,18218,2991
financial.indicator.q_sales_yoy,q_sales_yoy,2012,not_provided_by_source,22867,19790,3077
financial.indicator.q_sales_yoy,q_sales_yoy,2013,not_provided_by_source,23933,20318,3615
financial.indicator.q_sales_yoy,q_sales_yoy,2014,not_provided_by_source,25674,20886,4788
financial.indicator.q_sales_yoy,q_sales_yoy,2015,not_provided_by_source,27586,22474,5112
financial.indicator.q_sales_yoy,q_sales_yoy,2016,not_provided_by_source,31074,24068,7006
financial.indicator.q_sales_yoy,q_sales_yoy,2017,not_provided_by_source,32844,27363,5481
financial.indicator.q_sales_yoy,q_sales_yoy,2018,not_provided_by_source,33975,29285,4690
financial.indicator.q_sales_yoy,q_sales_yoy,2019,not_provided_by_source,36005,30366,5639
financial.indicator.q_sales_yoy,q_sales_yoy,2020,not_provided_by_source,38841,33028,5813
financial.indicator.q_sales_yoy,q_sales_yoy,2021,not_provided_by_source,40961,36903,4058
financial.indicator.q_sales_yoy,q_sales_yoy,2022,not_provided_by_source,41878,39334,2544
financial.indicator.q_sales_yoy,q_sales_yoy,2023,not_provided_by_source,28609,27663,946
financial.indicator.q_sales_yoy,q_sales_yoy,2024,not_provided_by_source,24134,23181,953
financial.indicator.q_sales_yoy,q_sales_yoy,2025,not_provided_by_source,26352,25673,679
financial.indicator.q_sales_yoy,q_sales_yoy,2026,not_provided_by_source,15888,15333,555
financial.indicator.q_salescash_to_or,q_salescash_to_or,1990,not_provided_by_source,284,0,284
financial.indicator.q_salescash_to_or,q_salescash_to_or,1991,not_provided_by_source,372,0,372
financial.indicator.q_salescash_to_or,q_salescash_to_or,1992,not_provided_by_source,626,0,626
financial.indicator.q_salescash_to_or,q_salescash_to_or,1993,not_provided_by_source,1362,0,1362
financial.indicator.q_salescash_to_or,q_salescash_to_or,1994,not_provided_by_source,2056,0,2056
financial.indicator.q_salescash_to_or,q_salescash_to_or,1995,not_provided_by_source,2333,0,2333
financial.indicator.q_salescash_to_or,q_salescash_to_or,1996,not_provided_by_source,2899,0,2899
financial.indicator.q_salescash_to_or,q_salescash_to_or,1997,not_provided_by_source,3711,0,3711
financial.indicator.q_salescash_to_or,q_salescash_to_or,1998,not_provided_by_source,3934,2,3932
financial.indicator.q_salescash_to_or,q_salescash_to_or,1999,not_provided_by_source,4456,2,4454
financial.indicator.q_salescash_to_or,q_salescash_to_or,2000,not_provided_by_source,4904,18,4886
financial.indicator.q_salescash_to_or,q_salescash_to_or,2001,not_provided_by_source,5803,16,5787
financial.indicator.q_salescash_to_or,q_salescash_to_or,2002,not_provided_by_source,10138,148,9990
financial.indicator.q_salescash_to_or,q_salescash_to_or,2003,not_provided_by_source,11038,9568,1470
financial.indicator.q_salescash_to_or,q_salescash_to_or,2004,not_provided_by_source,11591,10368,1223
financial.indicator.q_salescash_to_or,q_salescash_to_or,2005,not_provided_by_source,11984,10638,1346
financial.indicator.q_salescash_to_or,q_salescash_to_or,2006,not_provided_by_source,13014,11473,1541
financial.indicator.q_salescash_to_or,q_salescash_to_or,2007,not_provided_by_source,14483,12516,1967
financial.indicator.q_salescash_to_or,q_salescash_to_or,2008,not_provided_by_source,15481,12961,2520
financial.indicator.q_salescash_to_or,q_salescash_to_or,2009,not_provided_by_source,17455,15237,2218
financial.indicator.q_salescash_to_or,q_salescash_to_or,2010,not_provided_by_source,18522,16910,1612
financial.indicator.q_salescash_to_or,q_salescash_to_or,2011,not_provided_by_source,21209,18751,2458
financial.indicator.q_salescash_to_or,q_salescash_to_or,2012,not_provided_by_source,22867,19759,3108
financial.indicator.q_salescash_to_or,q_salescash_to_or,2013,not_provided_by_source,23933,20213,3720
financial.indicator.q_salescash_to_or,q_salescash_to_or,2014,not_provided_by_source,25674,21590,4084
financial.indicator.q_salescash_to_or,q_salescash_to_or,2015,not_provided_by_source,27586,23356,4230
financial.indicator.q_salescash_to_or,q_salescash_to_or,2016,not_provided_by_source,31074,26796,4278
financial.indicator.q_salescash_to_or,q_salescash_to_or,2017,not_provided_by_source,32844,28670,4174
financial.indicator.q_salescash_to_or,q_salescash_to_or,2018,not_provided_by_source,33975,29625,4350
financial.indicator.q_salescash_to_or,q_salescash_to_or,2019,not_provided_by_source,36005,32201,3804
financial.indicator.q_salescash_to_or,q_salescash_to_or,2020,not_provided_by_source,38841,36097,2744
financial.indicator.q_salescash_to_or,q_salescash_to_or,2021,not_provided_by_source,40961,38627,2334
financial.indicator.q_salescash_to_or,q_salescash_to_or,2022,not_provided_by_source,41878,40317,1561
financial.indicator.q_salescash_to_or,q_salescash_to_or,2023,not_provided_by_source,28609,27368,1241
financial.indicator.q_salescash_to_or,q_salescash_to_or,2024,not_provided_by_source,24134,23056,1078
financial.indicator.q_salescash_to_or,q_salescash_to_or,2025,not_provided_by_source,26352,25352,1000
financial.indicator.q_salescash_to_or,q_salescash_to_or,2026,not_provided_by_source,15888,15049,839
financial.indicator.quick_ratio,quick_ratio,1990,not_provided_by_source,284,178,106
financial.indicator.quick_ratio,quick_ratio,1991,not_provided_by_source,372,268,104
financial.indicator.quick_ratio,quick_ratio,1992,not_provided_by_source,626,578,48
financial.indicator.quick_ratio,quick_ratio,1993,not_provided_by_source,1362,1272,90
financial.indicator.quick_ratio,quick_ratio,1994,not_provided_by_source,2056,2022,34
financial.indicator.quick_ratio,quick_ratio,1995,not_provided_by_source,2333,2319,14
financial.indicator.quick_ratio,quick_ratio,1996,not_provided_by_source,2899,2867,32
financial.indicator.quick_ratio,quick_ratio,1997,not_provided_by_source,3711,3621,90
financial.indicator.quick_ratio,quick_ratio,1998,not_provided_by_source,3934,3904,30
financial.indicator.quick_ratio,quick_ratio,1999,not_provided_by_source,4456,4272,184
financial.indicator.quick_ratio,quick_ratio,2000,not_provided_by_source,4904,4700,204
financial.indicator.quick_ratio,quick_ratio,2001,not_provided_by_source,5803,5335,468
financial.indicator.quick_ratio,quick_ratio,2002,not_provided_by_source,10138,9894,244
financial.indicator.quick_ratio,quick_ratio,2003,not_provided_by_source,11038,10233,805
financial.indicator.quick_ratio,quick_ratio,2004,not_provided_by_source,11591,11190,401
financial.indicator.quick_ratio,quick_ratio,2005,not_provided_by_source,11984,11544,440
financial.indicator.quick_ratio,quick_ratio,2006,not_provided_by_source,13014,12201,813
financial.indicator.quick_ratio,quick_ratio,2007,not_provided_by_source,14483,13636,847
financial.indicator.quick_ratio,quick_ratio,2008,not_provided_by_source,15481,14713,768
financial.indicator.quick_ratio,quick_ratio,2009,not_provided_by_source,17455,15722,1733
financial.indicator.quick_ratio,quick_ratio,2010,not_provided_by_source,18522,17665,857
financial.indicator.quick_ratio,quick_ratio,2011,not_provided_by_source,21209,20456,753
financial.indicator.quick_ratio,quick_ratio,2012,not_provided_by_source,22867,22024,843
financial.indicator.quick_ratio,quick_ratio,2013,not_provided_by_source,23933,23015,918
financial.indicator.quick_ratio,quick_ratio,2014,not_provided_by_source,25674,24512,1162
financial.indicator.quick_ratio,quick_ratio,2015,not_provided_by_source,27586,26203,1383
financial.indicator.quick_ratio,quick_ratio,2016,not_provided_by_source,31074,28431,2643
financial.indicator.quick_ratio,quick_ratio,2017,not_provided_by_source,32844,31273,1571
financial.indicator.quick_ratio,quick_ratio,2018,not_provided_by_source,33975,32581,1394
financial.indicator.quick_ratio,quick_ratio,2019,not_provided_by_source,36005,33860,2145
financial.indicator.quick_ratio,quick_ratio,2020,not_provided_by_source,38841,36278,2563
financial.indicator.quick_ratio,quick_ratio,2021,not_provided_by_source,40961,38804,2157
financial.indicator.quick_ratio,quick_ratio,2022,not_provided_by_source,41878,40149,1729
financial.indicator.quick_ratio,quick_ratio,2023,not_provided_by_source,28609,27861,748
financial.indicator.quick_ratio,quick_ratio,2024,not_provided_by_source,24134,23521,613
financial.indicator.quick_ratio,quick_ratio,2025,not_provided_by_source,26352,25868,484
financial.indicator.quick_ratio,quick_ratio,2026,not_provided_by_source,15888,15625,263
financial.indicator.rd_exp,rd_exp,1990,not_provided_by_source,284,0,284
financial.indicator.rd_exp,rd_exp,1991,not_provided_by_source,372,0,372
financial.indicator.rd_exp,rd_exp,1992,not_provided_by_source,626,0,626
financial.indicator.rd_exp,rd_exp,1993,not_provided_by_source,1362,0,1362
financial.indicator.rd_exp,rd_exp,1994,not_provided_by_source,2056,0,2056
financial.indicator.rd_exp,rd_exp,1995,not_provided_by_source,2333,0,2333
financial.indicator.rd_exp,rd_exp,1996,not_provided_by_source,2899,0,2899
financial.indicator.rd_exp,rd_exp,1997,not_provided_by_source,3711,0,3711
financial.indicator.rd_exp,rd_exp,1998,not_provided_by_source,3934,0,3934
financial.indicator.rd_exp,rd_exp,1999,not_provided_by_source,4456,0,4456
financial.indicator.rd_exp,rd_exp,2000,not_provided_by_source,4904,0,4904
financial.indicator.rd_exp,rd_exp,2001,not_provided_by_source,5803,0,5803
financial.indicator.rd_exp,rd_exp,2002,not_provided_by_source,10138,0,10138
financial.indicator.rd_exp,rd_exp,2003,not_provided_by_source,11038,0,11038
financial.indicator.rd_exp,rd_exp,2004,not_provided_by_source,11591,0,11591
financial.indicator.rd_exp,rd_exp,2005,not_provided_by_source,11984,6,11978
financial.indicator.rd_exp,rd_exp,2006,not_provided_by_source,13014,1170,11844
financial.indicator.rd_exp,rd_exp,2007,not_provided_by_source,14483,2377,12106
financial.indicator.rd_exp,rd_exp,2008,not_provided_by_source,15481,3047,12434
financial.indicator.rd_exp,rd_exp,2009,not_provided_by_source,17455,3889,13566
financial.indicator.rd_exp,rd_exp,2010,not_provided_by_source,18522,4658,13864
financial.indicator.rd_exp,rd_exp,2011,not_provided_by_source,21209,7089,14120
financial.indicator.rd_exp,rd_exp,2012,not_provided_by_source,22867,7837,15030
financial.indicator.rd_exp,rd_exp,2013,not_provided_by_source,23933,10203,13730
financial.indicator.rd_exp,rd_exp,2014,not_provided_by_source,25674,11460,14214
financial.indicator.rd_exp,rd_exp,2015,not_provided_by_source,27586,12445,15141
financial.indicator.rd_exp,rd_exp,2016,not_provided_by_source,31074,14191,16883
financial.indicator.rd_exp,rd_exp,2017,not_provided_by_source,32844,15419,17425
financial.indicator.rd_exp,rd_exp,2018,not_provided_by_source,33975,22156,11819
financial.indicator.rd_exp,rd_exp,2019,not_provided_by_source,36005,30358,5647
financial.indicator.rd_exp,rd_exp,2020,not_provided_by_source,38841,33021,5820
financial.indicator.rd_exp,rd_exp,2021,not_provided_by_source,40961,35718,5243
financial.indicator.rd_exp,rd_exp,2022,not_provided_by_source,41878,37223,4655
financial.indicator.rd_exp,rd_exp,2023,not_provided_by_source,28609,25164,3445
financial.indicator.rd_exp,rd_exp,2024,not_provided_by_source,24134,11583,12551
financial.indicator.rd_exp,rd_exp,2025,not_provided_by_source,26352,11426,14926
financial.indicator.rd_exp,rd_exp,2026,not_provided_by_source,15888,9424,6464
financial.indicator.retained_earnings,retained_earnings,1990,not_provided_by_source,284,54,230
financial.indicator.retained_earnings,retained_earnings,1991,not_provided_by_source,372,100,272
financial.indicator.retained_earnings,retained_earnings,1992,not_provided_by_source,626,354,272
financial.indicator.retained_earnings,retained_earnings,1993,not_provided_by_source,1362,984,378
financial.indicator.retained_earnings,retained_earnings,1994,not_provided_by_source,2056,1614,442
financial.indicator.retained_earnings,retained_earnings,1995,not_provided_by_source,2333,1917,416
financial.indicator.retained_earnings,retained_earnings,1996,not_provided_by_source,2899,2425,474
financial.indicator.retained_earnings,retained_earnings,1997,not_provided_by_source,3711,3343,368
financial.indicator.retained_earnings,retained_earnings,1998,not_provided_by_source,3934,3752,182
financial.indicator.retained_earnings,retained_earnings,1999,not_provided_by_source,4456,4268,188
financial.indicator.retained_earnings,retained_earnings,2000,not_provided_by_source,4904,4716,188
financial.indicator.retained_earnings,retained_earnings,2001,not_provided_by_source,5803,5293,510
financial.indicator.retained_earnings,retained_earnings,2002,not_provided_by_source,10138,9570,568
financial.indicator.retained_earnings,retained_earnings,2003,not_provided_by_source,11038,10307,731
financial.indicator.retained_earnings,retained_earnings,2004,not_provided_by_source,11591,11270,321
financial.indicator.retained_earnings,retained_earnings,2005,not_provided_by_source,11984,11650,334
financial.indicator.retained_earnings,retained_earnings,2006,not_provided_by_source,13014,12358,656
financial.indicator.retained_earnings,retained_earnings,2007,not_provided_by_source,14483,13908,575
financial.indicator.retained_earnings,retained_earnings,2008,not_provided_by_source,15481,15095,386
financial.indicator.retained_earnings,retained_earnings,2009,not_provided_by_source,17455,16136,1319
financial.indicator.retained_earnings,retained_earnings,2010,not_provided_by_source,18522,18124,398
financial.indicator.retained_earnings,retained_earnings,2011,not_provided_by_source,21209,20943,266
financial.indicator.retained_earnings,retained_earnings,2012,not_provided_by_source,22867,22518,349
financial.indicator.retained_earnings,retained_earnings,2013,not_provided_by_source,23933,23491,442
financial.indicator.retained_earnings,retained_earnings,2014,not_provided_by_source,25674,25000,674
financial.indicator.retained_earnings,retained_earnings,2015,not_provided_by_source,27586,26625,961
financial.indicator.retained_earnings,retained_earnings,2016,not_provided_by_source,31074,28883,2191
financial.indicator.retained_earnings,retained_earnings,2017,not_provided_by_source,32844,31758,1086
financial.indicator.retained_earnings,retained_earnings,2018,not_provided_by_source,33975,33145,830
financial.indicator.retained_earnings,retained_earnings,2019,not_provided_by_source,36005,34454,1551
financial.indicator.retained_earnings,retained_earnings,2020,not_provided_by_source,38841,36878,1963
financial.indicator.retained_earnings,retained_earnings,2021,not_provided_by_source,40961,39422,1539
financial.indicator.retained_earnings,retained_earnings,2022,not_provided_by_source,41878,40752,1126
financial.indicator.retained_earnings,retained_earnings,2023,not_provided_by_source,28609,28306,303
financial.indicator.retained_earnings,retained_earnings,2024,not_provided_by_source,24134,23873,261
financial.indicator.retained_earnings,retained_earnings,2025,not_provided_by_source,26352,26241,111
financial.indicator.retained_earnings,retained_earnings,2026,not_provided_by_source,15888,15870,18
financial.indicator.retainedps,retainedps,1990,not_provided_by_source,284,54,230
financial.indicator.retainedps,retainedps,1991,not_provided_by_source,372,98,274
financial.indicator.retainedps,retainedps,1992,not_provided_by_source,626,354,272
financial.indicator.retainedps,retainedps,1993,not_provided_by_source,1362,982,380
financial.indicator.retainedps,retainedps,1994,not_provided_by_source,2056,1612,444
financial.indicator.retainedps,retainedps,1995,not_provided_by_source,2333,1917,416
financial.indicator.retainedps,retainedps,1996,not_provided_by_source,2899,2425,474
financial.indicator.retainedps,retainedps,1997,not_provided_by_source,3711,3327,384
financial.indicator.retainedps,retainedps,1998,not_provided_by_source,3934,3732,202
financial.indicator.retainedps,retainedps,1999,not_provided_by_source,4456,4266,190
financial.indicator.retainedps,retainedps,2000,not_provided_by_source,4904,4714,190
financial.indicator.retainedps,retainedps,2001,not_provided_by_source,5803,5293,510
financial.indicator.retainedps,retainedps,2002,not_provided_by_source,10138,9570,568
financial.indicator.retainedps,retainedps,2003,not_provided_by_source,11038,10307,731
financial.indicator.retainedps,retainedps,2004,not_provided_by_source,11591,11270,321
financial.indicator.retainedps,retainedps,2005,not_provided_by_source,11984,11650,334
financial.indicator.retainedps,retainedps,2006,not_provided_by_source,13014,12358,656
financial.indicator.retainedps,retainedps,2007,not_provided_by_source,14483,13906,577
financial.indicator.retainedps,retainedps,2008,not_provided_by_source,15481,15091,390
financial.indicator.retainedps,retainedps,2009,not_provided_by_source,17455,16134,1321
financial.indicator.retainedps,retainedps,2010,not_provided_by_source,18522,18124,398
financial.indicator.retainedps,retainedps,2011,not_provided_by_source,21209,20943,266
financial.indicator.retainedps,retainedps,2012,not_provided_by_source,22867,22516,351
financial.indicator.retainedps,retainedps,2013,not_provided_by_source,23933,23491,442
financial.indicator.retainedps,retainedps,2014,not_provided_by_source,25674,25000,674
financial.indicator.retainedps,retainedps,2015,not_provided_by_source,27586,26623,963
financial.indicator.retainedps,retainedps,2016,not_provided_by_source,31074,28881,2193
financial.indicator.retainedps,retainedps,2017,not_provided_by_source,32844,31756,1088
financial.indicator.retainedps,retainedps,2018,not_provided_by_source,33975,33141,834
financial.indicator.retainedps,retainedps,2019,not_provided_by_source,36005,34452,1553
financial.indicator.retainedps,retainedps,2020,not_provided_by_source,38841,36878,1963
financial.indicator.retainedps,retainedps,2021,not_provided_by_source,40961,39422,1539
financial.indicator.retainedps,retainedps,2022,not_provided_by_source,41878,40752,1126
financial.indicator.retainedps,retainedps,2023,not_provided_by_source,28609,28306,303
financial.indicator.retainedps,retainedps,2024,not_provided_by_source,24134,23873,261
financial.indicator.retainedps,retainedps,2025,not_provided_by_source,26352,26241,111
financial.indicator.retainedps,retainedps,2026,not_provided_by_source,15888,15870,18
financial.indicator.revenue_ps,revenue_ps,1990,not_provided_by_source,284,74,210
financial.indicator.revenue_ps,revenue_ps,1991,not_provided_by_source,372,120,252
financial.indicator.revenue_ps,revenue_ps,1992,not_provided_by_source,626,350,276
financial.indicator.revenue_ps,revenue_ps,1993,not_provided_by_source,1362,974,388
financial.indicator.revenue_ps,revenue_ps,1994,not_provided_by_source,2056,1881,175
financial.indicator.revenue_ps,revenue_ps,1995,not_provided_by_source,2333,2223,110
financial.indicator.revenue_ps,revenue_ps,1996,not_provided_by_source,2899,2737,162
financial.indicator.revenue_ps,revenue_ps,1997,not_provided_by_source,3711,3491,220
financial.indicator.revenue_ps,revenue_ps,1998,not_provided_by_source,3934,3814,120
financial.indicator.revenue_ps,revenue_ps,1999,not_provided_by_source,4456,4282,174
financial.indicator.revenue_ps,revenue_ps,2000,not_provided_by_source,4904,4704,200
financial.indicator.revenue_ps,revenue_ps,2001,not_provided_by_source,5803,5339,464
financial.indicator.revenue_ps,revenue_ps,2002,not_provided_by_source,10138,9906,232
financial.indicator.revenue_ps,revenue_ps,2003,not_provided_by_source,11038,10497,541
financial.indicator.revenue_ps,revenue_ps,2004,not_provided_by_source,11591,11272,319
financial.indicator.revenue_ps,revenue_ps,2005,not_provided_by_source,11984,11602,382
financial.indicator.revenue_ps,revenue_ps,2006,not_provided_by_source,13014,12398,616
financial.indicator.revenue_ps,revenue_ps,2007,not_provided_by_source,14483,13872,611
financial.indicator.revenue_ps,revenue_ps,2008,not_provided_by_source,15481,15053,428
financial.indicator.revenue_ps,revenue_ps,2009,not_provided_by_source,17455,16059,1396
financial.indicator.revenue_ps,revenue_ps,2010,not_provided_by_source,18522,18020,502
financial.indicator.revenue_ps,revenue_ps,2011,not_provided_by_source,21209,20829,380
financial.indicator.revenue_ps,revenue_ps,2012,not_provided_by_source,22867,22438,429
financial.indicator.revenue_ps,revenue_ps,2013,not_provided_by_source,23933,23438,495
financial.indicator.revenue_ps,revenue_ps,2014,not_provided_by_source,25674,24946,728
financial.indicator.revenue_ps,revenue_ps,2015,not_provided_by_source,27586,26563,1023
financial.indicator.revenue_ps,revenue_ps,2016,not_provided_by_source,31074,28815,2259
financial.indicator.revenue_ps,revenue_ps,2017,not_provided_by_source,32844,31698,1146
financial.indicator.revenue_ps,revenue_ps,2018,not_provided_by_source,33975,33053,922
financial.indicator.revenue_ps,revenue_ps,2019,not_provided_by_source,36005,34366,1639
financial.indicator.revenue_ps,revenue_ps,2020,not_provided_by_source,38841,36816,2025
financial.indicator.revenue_ps,revenue_ps,2021,not_provided_by_source,40961,39370,1591
financial.indicator.revenue_ps,revenue_ps,2022,not_provided_by_source,41878,40716,1162
financial.indicator.revenue_ps,revenue_ps,2023,not_provided_by_source,28609,28281,328
financial.indicator.revenue_ps,revenue_ps,2024,not_provided_by_source,24134,23857,277
financial.indicator.revenue_ps,revenue_ps,2025,not_provided_by_source,26352,26234,118
financial.indicator.revenue_ps,revenue_ps,2026,not_provided_by_source,15888,15854,34
financial.indicator.roa,roa,1990,not_provided_by_source,284,26,258
financial.indicator.roa,roa,1991,not_provided_by_source,372,176,196
financial.indicator.roa,roa,1992,not_provided_by_source,626,254,372
financial.indicator.roa,roa,1993,not_provided_by_source,1362,704,658
financial.indicator.roa,roa,1994,not_provided_by_source,2056,1598,458
financial.indicator.roa,roa,1995,not_provided_by_source,2333,2067,266
financial.indicator.roa,roa,1996,not_provided_by_source,2899,2685,214
financial.indicator.roa,roa,1997,not_provided_by_source,3711,3317,394
financial.indicator.roa,roa,1998,not_provided_by_source,3934,3806,128
financial.indicator.roa,roa,1999,not_provided_by_source,4456,4138,318
financial.indicator.roa,roa,2000,not_provided_by_source,4904,4554,350
financial.indicator.roa,roa,2001,not_provided_by_source,5803,5077,726
financial.indicator.roa,roa,2002,not_provided_by_source,10138,9829,309
financial.indicator.roa,roa,2003,not_provided_by_source,11038,10269,769
financial.indicator.roa,roa,2004,not_provided_by_source,11591,11221,370
financial.indicator.roa,roa,2005,not_provided_by_source,11984,11622,362
financial.indicator.roa,roa,2006,not_provided_by_source,13014,12745,269
financial.indicator.roa,roa,2007,not_provided_by_source,14483,14144,339
financial.indicator.roa,roa,2008,not_provided_by_source,15481,15041,440
financial.indicator.roa,roa,2009,not_provided_by_source,17455,16933,522
financial.indicator.roa,roa,2010,not_provided_by_source,18522,17940,582
financial.indicator.roa,roa,2011,not_provided_by_source,21209,20538,671
financial.indicator.roa,roa,2012,not_provided_by_source,22867,22063,804
financial.indicator.roa,roa,2013,not_provided_by_source,23933,23145,788
financial.indicator.roa,roa,2014,not_provided_by_source,25674,24876,798
financial.indicator.roa,roa,2015,not_provided_by_source,27586,26749,837
financial.indicator.roa,roa,2016,not_provided_by_source,31074,30191,883
financial.indicator.roa,roa,2017,not_provided_by_source,32844,32014,830
financial.indicator.roa,roa,2018,not_provided_by_source,33975,33137,838
financial.indicator.roa,roa,2019,not_provided_by_source,36005,35154,851
financial.indicator.roa,roa,2020,not_provided_by_source,38841,38022,819
financial.indicator.roa,roa,2021,not_provided_by_source,40961,40133,828
financial.indicator.roa,roa,2022,not_provided_by_source,41878,41063,815
financial.indicator.roa,roa,2023,not_provided_by_source,28609,28053,556
financial.indicator.roa,roa,2024,not_provided_by_source,24134,23681,453
financial.indicator.roa,roa,2025,not_provided_by_source,26352,25883,469
financial.indicator.roa,roa,2026,not_provided_by_source,15888,15586,302
financial.indicator.roa2_yearly,roa2_yearly,1990,not_provided_by_source,284,26,258
financial.indicator.roa2_yearly,roa2_yearly,1991,not_provided_by_source,372,176,196
financial.indicator.roa2_yearly,roa2_yearly,1992,not_provided_by_source,626,254,372
financial.indicator.roa2_yearly,roa2_yearly,1993,not_provided_by_source,1362,704,658
financial.indicator.roa2_yearly,roa2_yearly,1994,not_provided_by_source,2056,1598,458
financial.indicator.roa2_yearly,roa2_yearly,1995,not_provided_by_source,2333,2067,266
financial.indicator.roa2_yearly,roa2_yearly,1996,not_provided_by_source,2899,2685,214
financial.indicator.roa2_yearly,roa2_yearly,1997,not_provided_by_source,3711,3317,394
financial.indicator.roa2_yearly,roa2_yearly,1998,not_provided_by_source,3934,3806,128
financial.indicator.roa2_yearly,roa2_yearly,1999,not_provided_by_source,4456,4138,318
financial.indicator.roa2_yearly,roa2_yearly,2000,not_provided_by_source,4904,4554,350
financial.indicator.roa2_yearly,roa2_yearly,2001,not_provided_by_source,5803,5077,726
financial.indicator.roa2_yearly,roa2_yearly,2002,not_provided_by_source,10138,9829,309
financial.indicator.roa2_yearly,roa2_yearly,2003,not_provided_by_source,11038,10269,769
financial.indicator.roa2_yearly,roa2_yearly,2004,not_provided_by_source,11591,11221,370
financial.indicator.roa2_yearly,roa2_yearly,2005,not_provided_by_source,11984,11622,362
financial.indicator.roa2_yearly,roa2_yearly,2006,not_provided_by_source,13014,12745,269
financial.indicator.roa2_yearly,roa2_yearly,2007,not_provided_by_source,14483,14144,339
financial.indicator.roa2_yearly,roa2_yearly,2008,not_provided_by_source,15481,15041,440
financial.indicator.roa2_yearly,roa2_yearly,2009,not_provided_by_source,17455,16933,522
financial.indicator.roa2_yearly,roa2_yearly,2010,not_provided_by_source,18522,17940,582
financial.indicator.roa2_yearly,roa2_yearly,2011,not_provided_by_source,21209,20538,671
financial.indicator.roa2_yearly,roa2_yearly,2012,not_provided_by_source,22867,22063,804
financial.indicator.roa2_yearly,roa2_yearly,2013,not_provided_by_source,23933,23145,788
financial.indicator.roa2_yearly,roa2_yearly,2014,not_provided_by_source,25674,24876,798
financial.indicator.roa2_yearly,roa2_yearly,2015,not_provided_by_source,27586,26749,837
financial.indicator.roa2_yearly,roa2_yearly,2016,not_provided_by_source,31074,30191,883
financial.indicator.roa2_yearly,roa2_yearly,2017,not_provided_by_source,32844,32014,830
financial.indicator.roa2_yearly,roa2_yearly,2018,not_provided_by_source,33975,33137,838
financial.indicator.roa2_yearly,roa2_yearly,2019,not_provided_by_source,36005,35154,851
financial.indicator.roa2_yearly,roa2_yearly,2020,not_provided_by_source,38841,38020,821
financial.indicator.roa2_yearly,roa2_yearly,2021,not_provided_by_source,40961,40131,830
financial.indicator.roa2_yearly,roa2_yearly,2022,not_provided_by_source,41878,41063,815
financial.indicator.roa2_yearly,roa2_yearly,2023,not_provided_by_source,28609,28053,556
financial.indicator.roa2_yearly,roa2_yearly,2024,not_provided_by_source,24134,23680,454
financial.indicator.roa2_yearly,roa2_yearly,2025,not_provided_by_source,26352,25883,469
financial.indicator.roa2_yearly,roa2_yearly,2026,not_provided_by_source,15888,15586,302
financial.indicator.roa_dp,roa_dp,1990,not_provided_by_source,284,24,260
financial.indicator.roa_dp,roa_dp,1991,not_provided_by_source,372,168,204
financial.indicator.roa_dp,roa_dp,1992,not_provided_by_source,626,246,380
financial.indicator.roa_dp,roa_dp,1993,not_provided_by_source,1362,690,672
financial.indicator.roa_dp,roa_dp,1994,not_provided_by_source,2056,1608,448
financial.indicator.roa_dp,roa_dp,1995,not_provided_by_source,2333,2077,256
financial.indicator.roa_dp,roa_dp,1996,not_provided_by_source,2899,2695,204
financial.indicator.roa_dp,roa_dp,1997,not_provided_by_source,3711,3329,382
financial.indicator.roa_dp,roa_dp,1998,not_provided_by_source,3934,3818,116
financial.indicator.roa_dp,roa_dp,1999,not_provided_by_source,4456,4152,304
financial.indicator.roa_dp,roa_dp,2000,not_provided_by_source,4904,4574,330
financial.indicator.roa_dp,roa_dp,2001,not_provided_by_source,5803,5171,632
financial.indicator.roa_dp,roa_dp,2002,not_provided_by_source,10138,9891,247
financial.indicator.roa_dp,roa_dp,2003,not_provided_by_source,11038,10341,697
financial.indicator.roa_dp,roa_dp,2004,not_provided_by_source,11591,11097,494
financial.indicator.roa_dp,roa_dp,2005,not_provided_by_source,11984,11538,446
financial.indicator.roa_dp,roa_dp,2006,not_provided_by_source,13014,12018,996
financial.indicator.roa_dp,roa_dp,2007,not_provided_by_source,14483,13231,1252
financial.indicator.roa_dp,roa_dp,2008,not_provided_by_source,15481,14537,944
financial.indicator.roa_dp,roa_dp,2009,not_provided_by_source,17455,15845,1610
financial.indicator.roa_dp,roa_dp,2010,not_provided_by_source,18522,18095,427
financial.indicator.roa_dp,roa_dp,2011,not_provided_by_source,21209,19833,1376
financial.indicator.roa_dp,roa_dp,2012,not_provided_by_source,22867,21846,1021
financial.indicator.roa_dp,roa_dp,2013,not_provided_by_source,23933,22785,1148
financial.indicator.roa_dp,roa_dp,2014,not_provided_by_source,25674,24594,1080
financial.indicator.roa_dp,roa_dp,2015,not_provided_by_source,27586,26610,976
financial.indicator.roa_dp,roa_dp,2016,not_provided_by_source,31074,28487,2587
financial.indicator.roa_dp,roa_dp,2017,not_provided_by_source,32844,31250,1594
financial.indicator.roa_dp,roa_dp,2018,not_provided_by_source,33975,32643,1332
financial.indicator.roa_dp,roa_dp,2019,not_provided_by_source,36005,34327,1678
financial.indicator.roa_dp,roa_dp,2020,not_provided_by_source,38841,36873,1968
financial.indicator.roa_dp,roa_dp,2021,not_provided_by_source,40961,39443,1518
financial.indicator.roa_dp,roa_dp,2022,not_provided_by_source,41878,40970,908
financial.indicator.roa_dp,roa_dp,2023,not_provided_by_source,28609,28439,170
financial.indicator.roa_dp,roa_dp,2024,not_provided_by_source,24134,23917,217
financial.indicator.roa_dp,roa_dp,2025,not_provided_by_source,26352,26263,89
financial.indicator.roa_dp,roa_dp,2026,not_provided_by_source,15888,15851,37
financial.indicator.roa_yearly,roa_yearly,1990,not_provided_by_source,284,24,260
financial.indicator.roa_yearly,roa_yearly,1991,not_provided_by_source,372,168,204
financial.indicator.roa_yearly,roa_yearly,1992,not_provided_by_source,626,246,380
financial.indicator.roa_yearly,roa_yearly,1993,not_provided_by_source,1362,690,672
financial.indicator.roa_yearly,roa_yearly,1994,not_provided_by_source,2056,1608,448
financial.indicator.roa_yearly,roa_yearly,1995,not_provided_by_source,2333,2077,256
financial.indicator.roa_yearly,roa_yearly,1996,not_provided_by_source,2899,2695,204
financial.indicator.roa_yearly,roa_yearly,1997,not_provided_by_source,3711,3329,382
financial.indicator.roa_yearly,roa_yearly,1998,not_provided_by_source,3934,3818,116
financial.indicator.roa_yearly,roa_yearly,1999,not_provided_by_source,4456,4152,304
financial.indicator.roa_yearly,roa_yearly,2000,not_provided_by_source,4904,4574,330
financial.indicator.roa_yearly,roa_yearly,2001,not_provided_by_source,5803,5171,632
financial.indicator.roa_yearly,roa_yearly,2002,not_provided_by_source,10138,9893,245
financial.indicator.roa_yearly,roa_yearly,2003,not_provided_by_source,11038,10347,691
financial.indicator.roa_yearly,roa_yearly,2004,not_provided_by_source,11591,11313,278
financial.indicator.roa_yearly,roa_yearly,2005,not_provided_by_source,11984,11740,244
financial.indicator.roa_yearly,roa_yearly,2006,not_provided_by_source,13014,12953,61
financial.indicator.roa_yearly,roa_yearly,2007,not_provided_by_source,14483,14452,31
financial.indicator.roa_yearly,roa_yearly,2008,not_provided_by_source,15481,15431,50
financial.indicator.roa_yearly,roa_yearly,2009,not_provided_by_source,17455,17369,86
financial.indicator.roa_yearly,roa_yearly,2010,not_provided_by_source,18522,18411,111
financial.indicator.roa_yearly,roa_yearly,2011,not_provided_by_source,21209,21039,170
financial.indicator.roa_yearly,roa_yearly,2012,not_provided_by_source,22867,22577,290
financial.indicator.roa_yearly,roa_yearly,2013,not_provided_by_source,23933,23661,272
financial.indicator.roa_yearly,roa_yearly,2014,not_provided_by_source,25674,25424,250
financial.indicator.roa_yearly,roa_yearly,2015,not_provided_by_source,27586,27353,233
financial.indicator.roa_yearly,roa_yearly,2016,not_provided_by_source,31074,30866,208
financial.indicator.roa_yearly,roa_yearly,2017,not_provided_by_source,32844,32740,104
financial.indicator.roa_yearly,roa_yearly,2018,not_provided_by_source,33975,33900,75
financial.indicator.roa_yearly,roa_yearly,2019,not_provided_by_source,36005,35932,73
financial.indicator.roa_yearly,roa_yearly,2020,not_provided_by_source,38841,38798,43
financial.indicator.roa_yearly,roa_yearly,2021,not_provided_by_source,40961,40926,35
financial.indicator.roa_yearly,roa_yearly,2022,not_provided_by_source,41878,41864,14
financial.indicator.roa_yearly,roa_yearly,2023,not_provided_by_source,28609,28593,16
financial.indicator.roa_yearly,roa_yearly,2024,not_provided_by_source,24134,24129,5
financial.indicator.roa_yearly,roa_yearly,2025,not_provided_by_source,26352,26343,9
financial.indicator.roa_yearly,roa_yearly,2026,not_provided_by_source,15888,15857,31
financial.indicator.roe,roe,1990,not_provided_by_source,284,24,260
financial.indicator.roe,roe,1991,not_provided_by_source,372,164,208
financial.indicator.roe,roe,1992,not_provided_by_source,626,244,382
financial.indicator.roe,roe,1993,not_provided_by_source,1362,682,680
financial.indicator.roe,roe,1994,not_provided_by_source,2056,1602,454
financial.indicator.roe,roe,1995,not_provided_by_source,2333,2073,260
financial.indicator.roe,roe,1996,not_provided_by_source,2899,2691,208
financial.indicator.roe,roe,1997,not_provided_by_source,3711,3323,388
financial.indicator.roe,roe,1998,not_provided_by_source,3934,3806,128
financial.indicator.roe,roe,1999,not_provided_by_source,4456,4122,334
financial.indicator.roe,roe,2000,not_provided_by_source,4904,4520,384
financial.indicator.roe,roe,2001,not_provided_by_source,5803,5059,744
financial.indicator.roe,roe,2002,not_provided_by_source,10138,9729,409
financial.indicator.roe,roe,2003,not_provided_by_source,11038,10101,937
financial.indicator.roe,roe,2004,not_provided_by_source,11591,10969,622
financial.indicator.roe,roe,2005,not_provided_by_source,11984,11246,738
financial.indicator.roe,roe,2006,not_provided_by_source,13014,12317,697
financial.indicator.roe,roe,2007,not_provided_by_source,14483,13762,721
financial.indicator.roe,roe,2008,not_provided_by_source,15481,14813,668
financial.indicator.roe,roe,2009,not_provided_by_source,17455,16795,660
financial.indicator.roe,roe,2010,not_provided_by_source,18522,17837,685
financial.indicator.roe,roe,2011,not_provided_by_source,21209,20517,692
financial.indicator.roe,roe,2012,not_provided_by_source,22867,22099,768
financial.indicator.roe,roe,2013,not_provided_by_source,23933,23313,620
financial.indicator.roe,roe,2014,not_provided_by_source,25674,25152,522
financial.indicator.roe,roe,2015,not_provided_by_source,27586,27047,539
financial.indicator.roe,roe,2016,not_provided_by_source,31074,30657,417
financial.indicator.roe,roe,2017,not_provided_by_source,32844,32557,287
financial.indicator.roe,roe,2018,not_provided_by_source,33975,33612,363
financial.indicator.roe,roe,2019,not_provided_by_source,36005,35478,527
financial.indicator.roe,roe,2020,not_provided_by_source,38841,38295,546
financial.indicator.roe,roe,2021,not_provided_by_source,40961,40365,596
financial.indicator.roe,roe,2022,not_provided_by_source,41878,41309,569
financial.indicator.roe,roe,2023,not_provided_by_source,28609,28155,454
financial.indicator.roe,roe,2024,not_provided_by_source,24134,23741,393
financial.indicator.roe,roe,2025,not_provided_by_source,26352,25922,430
financial.indicator.roe,roe,2026,not_provided_by_source,15888,15648,240
financial.indicator.roe_avg,roe_avg,1990,not_provided_by_source,284,0,284
financial.indicator.roe_avg,roe_avg,1991,not_provided_by_source,372,0,372
financial.indicator.roe_avg,roe_avg,1992,not_provided_by_source,626,0,626
financial.indicator.roe_avg,roe_avg,1993,not_provided_by_source,1362,0,1362
financial.indicator.roe_avg,roe_avg,1994,not_provided_by_source,2056,0,2056
financial.indicator.roe_avg,roe_avg,1995,not_provided_by_source,2333,0,2333
financial.indicator.roe_avg,roe_avg,1996,not_provided_by_source,2899,0,2899
financial.indicator.roe_avg,roe_avg,1997,not_provided_by_source,3711,0,3711
financial.indicator.roe_avg,roe_avg,1998,not_provided_by_source,3934,34,3900
financial.indicator.roe_avg,roe_avg,1999,not_provided_by_source,4456,162,4294
financial.indicator.roe_avg,roe_avg,2000,not_provided_by_source,4904,2129,2775
financial.indicator.roe_avg,roe_avg,2001,not_provided_by_source,5803,4729,1074
financial.indicator.roe_avg,roe_avg,2002,not_provided_by_source,10138,3747,6391
financial.indicator.roe_avg,roe_avg,2003,not_provided_by_source,11038,4196,6842
financial.indicator.roe_avg,roe_avg,2004,not_provided_by_source,11591,5270,6321
financial.indicator.roe_avg,roe_avg,2005,not_provided_by_source,11984,5756,6228
financial.indicator.roe_avg,roe_avg,2006,not_provided_by_source,13014,6180,6834
financial.indicator.roe_avg,roe_avg,2007,not_provided_by_source,14483,7143,7340
financial.indicator.roe_avg,roe_avg,2008,not_provided_by_source,15481,7929,7552
financial.indicator.roe_avg,roe_avg,2009,not_provided_by_source,17455,8653,8802
financial.indicator.roe_avg,roe_avg,2010,not_provided_by_source,18522,16050,2472
financial.indicator.roe_avg,roe_avg,2011,not_provided_by_source,21209,19653,1556
financial.indicator.roe_avg,roe_avg,2012,not_provided_by_source,22867,21502,1365
financial.indicator.roe_avg,roe_avg,2013,not_provided_by_source,23933,16428,7505
financial.indicator.roe_avg,roe_avg,2014,not_provided_by_source,25674,16103,9571
financial.indicator.roe_avg,roe_avg,2015,not_provided_by_source,27586,17151,10435
financial.indicator.roe_avg,roe_avg,2016,not_provided_by_source,31074,17263,13811
financial.indicator.roe_avg,roe_avg,2017,not_provided_by_source,32844,18314,14530
financial.indicator.roe_avg,roe_avg,2018,not_provided_by_source,33975,18633,15342
financial.indicator.roe_avg,roe_avg,2019,not_provided_by_source,36005,19691,16314
financial.indicator.roe_avg,roe_avg,2020,not_provided_by_source,38841,20949,17892
financial.indicator.roe_avg,roe_avg,2021,not_provided_by_source,40961,21450,19511
financial.indicator.roe_avg,roe_avg,2022,not_provided_by_source,41878,21354,20524
financial.indicator.roe_avg,roe_avg,2023,not_provided_by_source,28609,12003,16606
financial.indicator.roe_avg,roe_avg,2024,not_provided_by_source,24134,11685,12449
financial.indicator.roe_avg,roe_avg,2025,not_provided_by_source,26352,11631,14721
financial.indicator.roe_avg,roe_avg,2026,not_provided_by_source,15888,9122,6766
financial.indicator.roe_dt,roe_dt,1990,not_provided_by_source,284,0,284
financial.indicator.roe_dt,roe_dt,1991,not_provided_by_source,372,0,372
financial.indicator.roe_dt,roe_dt,1992,not_provided_by_source,626,0,626
financial.indicator.roe_dt,roe_dt,1993,not_provided_by_source,1362,0,1362
financial.indicator.roe_dt,roe_dt,1994,not_provided_by_source,2056,0,2056
financial.indicator.roe_dt,roe_dt,1995,not_provided_by_source,2333,0,2333
financial.indicator.roe_dt,roe_dt,1996,not_provided_by_source,2899,0,2899
financial.indicator.roe_dt,roe_dt,1997,not_provided_by_source,3711,0,3711
financial.indicator.roe_dt,roe_dt,1998,not_provided_by_source,3934,4,3930
financial.indicator.roe_dt,roe_dt,1999,not_provided_by_source,4456,26,4430
financial.indicator.roe_dt,roe_dt,2000,not_provided_by_source,4904,3786,1118
financial.indicator.roe_dt,roe_dt,2001,not_provided_by_source,5803,4475,1328
financial.indicator.roe_dt,roe_dt,2002,not_provided_by_source,10138,7179,2959
financial.indicator.roe_dt,roe_dt,2003,not_provided_by_source,11038,6843,4195
financial.indicator.roe_dt,roe_dt,2004,not_provided_by_source,11591,10818,773
financial.indicator.roe_dt,roe_dt,2005,not_provided_by_source,11984,10875,1109
financial.indicator.roe_dt,roe_dt,2006,not_provided_by_source,13014,11426,1588
financial.indicator.roe_dt,roe_dt,2007,not_provided_by_source,14483,12895,1588
financial.indicator.roe_dt,roe_dt,2008,not_provided_by_source,15481,14139,1342
financial.indicator.roe_dt,roe_dt,2009,not_provided_by_source,17455,15185,2270
financial.indicator.roe_dt,roe_dt,2010,not_provided_by_source,18522,17087,1435
financial.indicator.roe_dt,roe_dt,2011,not_provided_by_source,21209,19945,1264
financial.indicator.roe_dt,roe_dt,2012,not_provided_by_source,22867,21548,1319
financial.indicator.roe_dt,roe_dt,2013,not_provided_by_source,23933,22811,1122
financial.indicator.roe_dt,roe_dt,2014,not_provided_by_source,25674,24440,1234
financial.indicator.roe_dt,roe_dt,2015,not_provided_by_source,27586,26247,1339
financial.indicator.roe_dt,roe_dt,2016,not_provided_by_source,31074,28867,2207
financial.indicator.roe_dt,roe_dt,2017,not_provided_by_source,32844,31609,1235
financial.indicator.roe_dt,roe_dt,2018,not_provided_by_source,33975,33068,907
financial.indicator.roe_dt,roe_dt,2019,not_provided_by_source,36005,34471,1534
financial.indicator.roe_dt,roe_dt,2020,not_provided_by_source,38841,36853,1988
financial.indicator.roe_dt,roe_dt,2021,not_provided_by_source,40961,39345,1616
financial.indicator.roe_dt,roe_dt,2022,not_provided_by_source,41878,40726,1152
financial.indicator.roe_dt,roe_dt,2023,not_provided_by_source,28609,27382,1227
financial.indicator.roe_dt,roe_dt,2024,not_provided_by_source,24134,23316,818
financial.indicator.roe_dt,roe_dt,2025,not_provided_by_source,26352,25279,1073
financial.indicator.roe_dt,roe_dt,2026,not_provided_by_source,15888,15226,662
financial.indicator.roe_waa,roe_waa,1990,not_provided_by_source,284,0,284
financial.indicator.roe_waa,roe_waa,1991,not_provided_by_source,372,0,372
financial.indicator.roe_waa,roe_waa,1992,not_provided_by_source,626,0,626
financial.indicator.roe_waa,roe_waa,1993,not_provided_by_source,1362,2,1360
financial.indicator.roe_waa,roe_waa,1994,not_provided_by_source,2056,0,2056
financial.indicator.roe_waa,roe_waa,1995,not_provided_by_source,2333,12,2321
financial.indicator.roe_waa,roe_waa,1996,not_provided_by_source,2899,8,2891
financial.indicator.roe_waa,roe_waa,1997,not_provided_by_source,3711,12,3699
financial.indicator.roe_waa,roe_waa,1998,not_provided_by_source,3934,1624,2310
financial.indicator.roe_waa,roe_waa,1999,not_provided_by_source,4456,604,3852
financial.indicator.roe_waa,roe_waa,2000,not_provided_by_source,4904,2301,2603
financial.indicator.roe_waa,roe_waa,2001,not_provided_by_source,5803,4815,988
financial.indicator.roe_waa,roe_waa,2002,not_provided_by_source,10138,4157,5981
financial.indicator.roe_waa,roe_waa,2003,not_provided_by_source,11038,4486,6552
financial.indicator.roe_waa,roe_waa,2004,not_provided_by_source,11591,5464,6127
financial.indicator.roe_waa,roe_waa,2005,not_provided_by_source,11984,5806,6178
financial.indicator.roe_waa,roe_waa,2006,not_provided_by_source,13014,6228,6786
financial.indicator.roe_waa,roe_waa,2007,not_provided_by_source,14483,7175,7308
financial.indicator.roe_waa,roe_waa,2008,not_provided_by_source,15481,7951,7530
financial.indicator.roe_waa,roe_waa,2009,not_provided_by_source,17455,8687,8768
financial.indicator.roe_waa,roe_waa,2010,not_provided_by_source,18522,16121,2401
financial.indicator.roe_waa,roe_waa,2011,not_provided_by_source,21209,19730,1479
financial.indicator.roe_waa,roe_waa,2012,not_provided_by_source,22867,21555,1312
financial.indicator.roe_waa,roe_waa,2013,not_provided_by_source,23933,22702,1231
financial.indicator.roe_waa,roe_waa,2014,not_provided_by_source,25674,24335,1339
financial.indicator.roe_waa,roe_waa,2015,not_provided_by_source,27586,26080,1506
financial.indicator.roe_waa,roe_waa,2016,not_provided_by_source,31074,28658,2416
financial.indicator.roe_waa,roe_waa,2017,not_provided_by_source,32844,31365,1479
financial.indicator.roe_waa,roe_waa,2018,not_provided_by_source,33975,32859,1116
financial.indicator.roe_waa,roe_waa,2019,not_provided_by_source,36005,34014,1991
financial.indicator.roe_waa,roe_waa,2020,not_provided_by_source,38841,36396,2445
financial.indicator.roe_waa,roe_waa,2021,not_provided_by_source,40961,38797,2164
financial.indicator.roe_waa,roe_waa,2022,not_provided_by_source,41878,40187,1691
financial.indicator.roe_waa,roe_waa,2023,not_provided_by_source,28609,27179,1430
financial.indicator.roe_waa,roe_waa,2024,not_provided_by_source,24134,23157,977
financial.indicator.roe_waa,roe_waa,2025,not_provided_by_source,26352,25201,1151
financial.indicator.roe_waa,roe_waa,2026,not_provided_by_source,15888,15225,663
financial.indicator.roe_yearly,roe_yearly,1990,not_provided_by_source,284,24,260
financial.indicator.roe_yearly,roe_yearly,1991,not_provided_by_source,372,164,208
financial.indicator.roe_yearly,roe_yearly,1992,not_provided_by_source,626,244,382
financial.indicator.roe_yearly,roe_yearly,1993,not_provided_by_source,1362,682,680
financial.indicator.roe_yearly,roe_yearly,1994,not_provided_by_source,2056,1602,454
financial.indicator.roe_yearly,roe_yearly,1995,not_provided_by_source,2333,2073,260
financial.indicator.roe_yearly,roe_yearly,1996,not_provided_by_source,2899,2691,208
financial.indicator.roe_yearly,roe_yearly,1997,not_provided_by_source,3711,3323,388
financial.indicator.roe_yearly,roe_yearly,1998,not_provided_by_source,3934,3806,128
financial.indicator.roe_yearly,roe_yearly,1999,not_provided_by_source,4456,4122,334
financial.indicator.roe_yearly,roe_yearly,2000,not_provided_by_source,4904,4520,384
financial.indicator.roe_yearly,roe_yearly,2001,not_provided_by_source,5803,5059,744
financial.indicator.roe_yearly,roe_yearly,2002,not_provided_by_source,10138,9729,409
financial.indicator.roe_yearly,roe_yearly,2003,not_provided_by_source,11038,10101,937
financial.indicator.roe_yearly,roe_yearly,2004,not_provided_by_source,11591,10969,622
financial.indicator.roe_yearly,roe_yearly,2005,not_provided_by_source,11984,11246,738
financial.indicator.roe_yearly,roe_yearly,2006,not_provided_by_source,13014,12317,697
financial.indicator.roe_yearly,roe_yearly,2007,not_provided_by_source,14483,13762,721
financial.indicator.roe_yearly,roe_yearly,2008,not_provided_by_source,15481,14813,668
financial.indicator.roe_yearly,roe_yearly,2009,not_provided_by_source,17455,16795,660
financial.indicator.roe_yearly,roe_yearly,2010,not_provided_by_source,18522,17837,685
financial.indicator.roe_yearly,roe_yearly,2011,not_provided_by_source,21209,20517,692
financial.indicator.roe_yearly,roe_yearly,2012,not_provided_by_source,22867,22099,768
financial.indicator.roe_yearly,roe_yearly,2013,not_provided_by_source,23933,23313,620
financial.indicator.roe_yearly,roe_yearly,2014,not_provided_by_source,25674,25152,522
financial.indicator.roe_yearly,roe_yearly,2015,not_provided_by_source,27586,27047,539
financial.indicator.roe_yearly,roe_yearly,2016,not_provided_by_source,31074,30657,417
financial.indicator.roe_yearly,roe_yearly,2017,not_provided_by_source,32844,32557,287
financial.indicator.roe_yearly,roe_yearly,2018,not_provided_by_source,33975,33612,363
financial.indicator.roe_yearly,roe_yearly,2019,not_provided_by_source,36005,35476,529
financial.indicator.roe_yearly,roe_yearly,2020,not_provided_by_source,38841,38293,548
financial.indicator.roe_yearly,roe_yearly,2021,not_provided_by_source,40961,40361,600
financial.indicator.roe_yearly,roe_yearly,2022,not_provided_by_source,41878,41309,569
financial.indicator.roe_yearly,roe_yearly,2023,not_provided_by_source,28609,28155,454
financial.indicator.roe_yearly,roe_yearly,2024,not_provided_by_source,24134,23740,394
financial.indicator.roe_yearly,roe_yearly,2025,not_provided_by_source,26352,25922,430
financial.indicator.roe_yearly,roe_yearly,2026,not_provided_by_source,15888,15648,240
financial.indicator.roe_yoy,roe_yoy,1990,not_provided_by_source,284,14,270
financial.indicator.roe_yoy,roe_yoy,1991,not_provided_by_source,372,158,214
financial.indicator.roe_yoy,roe_yoy,1992,not_provided_by_source,626,232,394
financial.indicator.roe_yoy,roe_yoy,1993,not_provided_by_source,1362,426,936
financial.indicator.roe_yoy,roe_yoy,1994,not_provided_by_source,2056,1198,858
financial.indicator.roe_yoy,roe_yoy,1995,not_provided_by_source,2333,2015,318
financial.indicator.roe_yoy,roe_yoy,1996,not_provided_by_source,2899,2311,588
financial.indicator.roe_yoy,roe_yoy,1997,not_provided_by_source,3711,2824,887
financial.indicator.roe_yoy,roe_yoy,1998,not_provided_by_source,3934,3583,351
financial.indicator.roe_yoy,roe_yoy,1999,not_provided_by_source,4456,3862,594
financial.indicator.roe_yoy,roe_yoy,2000,not_provided_by_source,4904,4216,688
financial.indicator.roe_yoy,roe_yoy,2001,not_provided_by_source,5803,4603,1200
financial.indicator.roe_yoy,roe_yoy,2002,not_provided_by_source,10138,5188,4950
financial.indicator.roe_yoy,roe_yoy,2003,not_provided_by_source,11038,9659,1379
financial.indicator.roe_yoy,roe_yoy,2004,not_provided_by_source,11591,10141,1450
financial.indicator.roe_yoy,roe_yoy,2005,not_provided_by_source,11984,10794,1190
financial.indicator.roe_yoy,roe_yoy,2006,not_provided_by_source,13014,10948,2066
financial.indicator.roe_yoy,roe_yoy,2007,not_provided_by_source,14483,12306,2177
financial.indicator.roe_yoy,roe_yoy,2008,not_provided_by_source,15481,13478,2003
financial.indicator.roe_yoy,roe_yoy,2009,not_provided_by_source,17455,14331,3124
financial.indicator.roe_yoy,roe_yoy,2010,not_provided_by_source,18522,15393,3129
financial.indicator.roe_yoy,roe_yoy,2011,not_provided_by_source,21209,17492,3717
financial.indicator.roe_yoy,roe_yoy,2012,not_provided_by_source,22867,20343,2524
financial.indicator.roe_yoy,roe_yoy,2013,not_provided_by_source,23933,22026,1907
financial.indicator.roe_yoy,roe_yoy,2014,not_provided_by_source,25674,23182,2492
financial.indicator.roe_yoy,roe_yoy,2015,not_provided_by_source,27586,24339,3247
financial.indicator.roe_yoy,roe_yoy,2016,not_provided_by_source,31074,26072,5002
financial.indicator.roe_yoy,roe_yoy,2017,not_provided_by_source,32844,28386,4458
financial.indicator.roe_yoy,roe_yoy,2018,not_provided_by_source,33975,31111,2864
financial.indicator.roe_yoy,roe_yoy,2019,not_provided_by_source,36005,32206,3799
financial.indicator.roe_yoy,roe_yoy,2020,not_provided_by_source,38841,33513,5328
financial.indicator.roe_yoy,roe_yoy,2021,not_provided_by_source,40961,35977,4984
financial.indicator.roe_yoy,roe_yoy,2022,not_provided_by_source,41878,38340,3538
financial.indicator.roe_yoy,roe_yoy,2023,not_provided_by_source,28609,27016,1593
financial.indicator.roe_yoy,roe_yoy,2024,not_provided_by_source,24134,23200,934
financial.indicator.roe_yoy,roe_yoy,2025,not_provided_by_source,26352,25463,889
financial.indicator.roe_yoy,roe_yoy,2026,not_provided_by_source,15888,15470,418
financial.indicator.roic,roic,1990,not_provided_by_source,284,22,262
financial.indicator.roic,roic,1991,not_provided_by_source,372,160,212
financial.indicator.roic,roic,1992,not_provided_by_source,626,238,388
financial.indicator.roic,roic,1993,not_provided_by_source,1362,690,672
financial.indicator.roic,roic,1994,not_provided_by_source,2056,1598,458
financial.indicator.roic,roic,1995,not_provided_by_source,2333,2069,264
financial.indicator.roic,roic,1996,not_provided_by_source,2899,2687,212
financial.indicator.roic,roic,1997,not_provided_by_source,3711,3319,392
financial.indicator.roic,roic,1998,not_provided_by_source,3934,3806,128
financial.indicator.roic,roic,1999,not_provided_by_source,4456,4138,318
financial.indicator.roic,roic,2000,not_provided_by_source,4904,4554,350
financial.indicator.roic,roic,2001,not_provided_by_source,5803,5141,662
financial.indicator.roic,roic,2002,not_provided_by_source,10138,9819,319
financial.indicator.roic,roic,2003,not_provided_by_source,11038,10203,835
financial.indicator.roic,roic,2004,not_provided_by_source,11591,11123,468
financial.indicator.roic,roic,2005,not_provided_by_source,11984,11472,512
financial.indicator.roic,roic,2006,not_provided_by_source,13014,12511,503
financial.indicator.roic,roic,2007,not_provided_by_source,14483,13762,721
financial.indicator.roic,roic,2008,not_provided_by_source,15481,14695,786
financial.indicator.roic,roic,2009,not_provided_by_source,17455,16561,894
financial.indicator.roic,roic,2010,not_provided_by_source,18522,17568,954
financial.indicator.roic,roic,2011,not_provided_by_source,21209,20168,1041
financial.indicator.roic,roic,2012,not_provided_by_source,22867,21737,1130
financial.indicator.roic,roic,2013,not_provided_by_source,23933,22899,1034
financial.indicator.roic,roic,2014,not_provided_by_source,25674,24706,968
financial.indicator.roic,roic,2015,not_provided_by_source,27586,26561,1025
financial.indicator.roic,roic,2016,not_provided_by_source,31074,30048,1026
financial.indicator.roic,roic,2017,not_provided_by_source,32844,31878,966
financial.indicator.roic,roic,2018,not_provided_by_source,33975,32956,1019
financial.indicator.roic,roic,2019,not_provided_by_source,36005,34889,1116
financial.indicator.roic,roic,2020,not_provided_by_source,38841,37755,1086
financial.indicator.roic,roic,2021,not_provided_by_source,40961,39876,1085
financial.indicator.roic,roic,2022,not_provided_by_source,41878,40799,1079
financial.indicator.roic,roic,2023,not_provided_by_source,28609,27834,775
financial.indicator.roic,roic,2024,not_provided_by_source,24134,23479,655
financial.indicator.roic,roic,2025,not_provided_by_source,26352,25685,667
financial.indicator.roic,roic,2026,not_provided_by_source,15888,15527,361
financial.indicator.roic_yearly,roic_yearly,1990,not_provided_by_source,284,22,262
financial.indicator.roic_yearly,roic_yearly,1991,not_provided_by_source,372,160,212
financial.indicator.roic_yearly,roic_yearly,1992,not_provided_by_source,626,238,388
financial.indicator.roic_yearly,roic_yearly,1993,not_provided_by_source,1362,690,672
financial.indicator.roic_yearly,roic_yearly,1994,not_provided_by_source,2056,1598,458
financial.indicator.roic_yearly,roic_yearly,1995,not_provided_by_source,2333,2069,264
financial.indicator.roic_yearly,roic_yearly,1996,not_provided_by_source,2899,2687,212
financial.indicator.roic_yearly,roic_yearly,1997,not_provided_by_source,3711,3319,392
financial.indicator.roic_yearly,roic_yearly,1998,not_provided_by_source,3934,3806,128
financial.indicator.roic_yearly,roic_yearly,1999,not_provided_by_source,4456,4138,318
financial.indicator.roic_yearly,roic_yearly,2000,not_provided_by_source,4904,4554,350
financial.indicator.roic_yearly,roic_yearly,2001,not_provided_by_source,5803,5141,662
financial.indicator.roic_yearly,roic_yearly,2002,not_provided_by_source,10138,9819,319
financial.indicator.roic_yearly,roic_yearly,2003,not_provided_by_source,11038,10203,835
financial.indicator.roic_yearly,roic_yearly,2004,not_provided_by_source,11591,11123,468
financial.indicator.roic_yearly,roic_yearly,2005,not_provided_by_source,11984,11472,512
financial.indicator.roic_yearly,roic_yearly,2006,not_provided_by_source,13014,12511,503
financial.indicator.roic_yearly,roic_yearly,2007,not_provided_by_source,14483,13762,721
financial.indicator.roic_yearly,roic_yearly,2008,not_provided_by_source,15481,14695,786
financial.indicator.roic_yearly,roic_yearly,2009,not_provided_by_source,17455,16561,894
financial.indicator.roic_yearly,roic_yearly,2010,not_provided_by_source,18522,17568,954
financial.indicator.roic_yearly,roic_yearly,2011,not_provided_by_source,21209,20168,1041
financial.indicator.roic_yearly,roic_yearly,2012,not_provided_by_source,22867,21737,1130
financial.indicator.roic_yearly,roic_yearly,2013,not_provided_by_source,23933,22899,1034
financial.indicator.roic_yearly,roic_yearly,2014,not_provided_by_source,25674,24706,968
financial.indicator.roic_yearly,roic_yearly,2015,not_provided_by_source,27586,26561,1025
financial.indicator.roic_yearly,roic_yearly,2016,not_provided_by_source,31074,30048,1026
financial.indicator.roic_yearly,roic_yearly,2017,not_provided_by_source,32844,31878,966
financial.indicator.roic_yearly,roic_yearly,2018,not_provided_by_source,33975,32956,1019
financial.indicator.roic_yearly,roic_yearly,2019,not_provided_by_source,36005,34889,1116
financial.indicator.roic_yearly,roic_yearly,2020,not_provided_by_source,38841,37753,1088
financial.indicator.roic_yearly,roic_yearly,2021,not_provided_by_source,40961,39874,1087
financial.indicator.roic_yearly,roic_yearly,2022,not_provided_by_source,41878,40799,1079
financial.indicator.roic_yearly,roic_yearly,2023,not_provided_by_source,28609,27834,775
financial.indicator.roic_yearly,roic_yearly,2024,not_provided_by_source,24134,23479,655
financial.indicator.roic_yearly,roic_yearly,2025,not_provided_by_source,26352,25685,667
financial.indicator.roic_yearly,roic_yearly,2026,not_provided_by_source,15888,15527,361
financial.indicator.saleexp_to_gr,saleexp_to_gr,1990,not_provided_by_source,284,66,218
financial.indicator.saleexp_to_gr,saleexp_to_gr,1991,not_provided_by_source,372,114,258
financial.indicator.saleexp_to_gr,saleexp_to_gr,1992,not_provided_by_source,626,272,354
financial.indicator.saleexp_to_gr,saleexp_to_gr,1993,not_provided_by_source,1362,984,378
financial.indicator.saleexp_to_gr,saleexp_to_gr,1994,not_provided_by_source,2056,940,1116
financial.indicator.saleexp_to_gr,saleexp_to_gr,1995,not_provided_by_source,2333,1516,817
financial.indicator.saleexp_to_gr,saleexp_to_gr,1996,not_provided_by_source,2899,1890,1009
financial.indicator.saleexp_to_gr,saleexp_to_gr,1997,not_provided_by_source,3711,2225,1486
financial.indicator.saleexp_to_gr,saleexp_to_gr,1998,not_provided_by_source,3934,3728,206
financial.indicator.saleexp_to_gr,saleexp_to_gr,1999,not_provided_by_source,4456,4204,252
financial.indicator.saleexp_to_gr,saleexp_to_gr,2000,not_provided_by_source,4904,4634,270
financial.indicator.saleexp_to_gr,saleexp_to_gr,2001,not_provided_by_source,5803,5383,420
financial.indicator.saleexp_to_gr,saleexp_to_gr,2002,not_provided_by_source,10138,9219,919
financial.indicator.saleexp_to_gr,saleexp_to_gr,2003,not_provided_by_source,11038,10456,582
financial.indicator.saleexp_to_gr,saleexp_to_gr,2004,not_provided_by_source,11591,10921,670
financial.indicator.saleexp_to_gr,saleexp_to_gr,2005,not_provided_by_source,11984,11242,742
financial.indicator.saleexp_to_gr,saleexp_to_gr,2006,not_provided_by_source,13014,12174,840
financial.indicator.saleexp_to_gr,saleexp_to_gr,2007,not_provided_by_source,14483,13464,1019
financial.indicator.saleexp_to_gr,saleexp_to_gr,2008,not_provided_by_source,15481,14359,1122
financial.indicator.saleexp_to_gr,saleexp_to_gr,2009,not_provided_by_source,17455,16147,1308
financial.indicator.saleexp_to_gr,saleexp_to_gr,2010,not_provided_by_source,18522,17096,1426
financial.indicator.saleexp_to_gr,saleexp_to_gr,2011,not_provided_by_source,21209,19626,1583
financial.indicator.saleexp_to_gr,saleexp_to_gr,2012,not_provided_by_source,22867,21235,1632
financial.indicator.saleexp_to_gr,saleexp_to_gr,2013,not_provided_by_source,23933,22291,1642
financial.indicator.saleexp_to_gr,saleexp_to_gr,2014,not_provided_by_source,25674,24064,1610
financial.indicator.saleexp_to_gr,saleexp_to_gr,2015,not_provided_by_source,27586,25925,1661
financial.indicator.saleexp_to_gr,saleexp_to_gr,2016,not_provided_by_source,31074,29395,1679
financial.indicator.saleexp_to_gr,saleexp_to_gr,2017,not_provided_by_source,32844,31229,1615
financial.indicator.saleexp_to_gr,saleexp_to_gr,2018,not_provided_by_source,33975,32359,1616
financial.indicator.saleexp_to_gr,saleexp_to_gr,2019,not_provided_by_source,36005,34360,1645
financial.indicator.saleexp_to_gr,saleexp_to_gr,2020,not_provided_by_source,38841,37231,1610
financial.indicator.saleexp_to_gr,saleexp_to_gr,2021,not_provided_by_source,40961,39191,1770
financial.indicator.saleexp_to_gr,saleexp_to_gr,2022,not_provided_by_source,41878,40218,1660
financial.indicator.saleexp_to_gr,saleexp_to_gr,2023,not_provided_by_source,28609,27497,1112
financial.indicator.saleexp_to_gr,saleexp_to_gr,2024,not_provided_by_source,24134,23253,881
financial.indicator.saleexp_to_gr,saleexp_to_gr,2025,not_provided_by_source,26352,25458,894
financial.indicator.saleexp_to_gr,saleexp_to_gr,2026,not_provided_by_source,15888,15384,504
financial.indicator.salescash_to_or,salescash_to_or,1990,not_provided_by_source,284,0,284
financial.indicator.salescash_to_or,salescash_to_or,1991,not_provided_by_source,372,0,372
financial.indicator.salescash_to_or,salescash_to_or,1992,not_provided_by_source,626,0,626
financial.indicator.salescash_to_or,salescash_to_or,1993,not_provided_by_source,1362,0,1362
financial.indicator.salescash_to_or,salescash_to_or,1994,not_provided_by_source,2056,0,2056
financial.indicator.salescash_to_or,salescash_to_or,1995,not_provided_by_source,2333,0,2333
financial.indicator.salescash_to_or,salescash_to_or,1996,not_provided_by_source,2899,2,2897
financial.indicator.salescash_to_or,salescash_to_or,1997,not_provided_by_source,3711,8,3703
financial.indicator.salescash_to_or,salescash_to_or,1998,not_provided_by_source,3934,2317,1617
financial.indicator.salescash_to_or,salescash_to_or,1999,not_provided_by_source,4456,2731,1725
financial.indicator.salescash_to_or,salescash_to_or,2000,not_provided_by_source,4904,4430,474
financial.indicator.salescash_to_or,salescash_to_or,2001,not_provided_by_source,5803,4715,1088
financial.indicator.salescash_to_or,salescash_to_or,2002,not_provided_by_source,10138,5105,5033
financial.indicator.salescash_to_or,salescash_to_or,2003,not_provided_by_source,11038,10154,884
financial.indicator.salescash_to_or,salescash_to_or,2004,not_provided_by_source,11591,11071,520
financial.indicator.salescash_to_or,salescash_to_or,2005,not_provided_by_source,11984,11398,586
financial.indicator.salescash_to_or,salescash_to_or,2006,not_provided_by_source,13014,12485,529
financial.indicator.salescash_to_or,salescash_to_or,2007,not_provided_by_source,14483,13964,519
financial.indicator.salescash_to_or,salescash_to_or,2008,not_provided_by_source,15481,14887,594
financial.indicator.salescash_to_or,salescash_to_or,2009,not_provided_by_source,17455,16715,740
financial.indicator.salescash_to_or,salescash_to_or,2010,not_provided_by_source,18522,17722,800
financial.indicator.salescash_to_or,salescash_to_or,2011,not_provided_by_source,21209,20320,889
financial.indicator.salescash_to_or,salescash_to_or,2012,not_provided_by_source,22867,21881,986
financial.indicator.salescash_to_or,salescash_to_or,2013,not_provided_by_source,23933,22986,947
financial.indicator.salescash_to_or,salescash_to_or,2014,not_provided_by_source,25674,24773,901
financial.indicator.salescash_to_or,salescash_to_or,2015,not_provided_by_source,27586,26628,958
financial.indicator.salescash_to_or,salescash_to_or,2016,not_provided_by_source,31074,30078,996
financial.indicator.salescash_to_or,salescash_to_or,2017,not_provided_by_source,32844,31909,935
financial.indicator.salescash_to_or,salescash_to_or,2018,not_provided_by_source,33975,32987,988
financial.indicator.salescash_to_or,salescash_to_or,2019,not_provided_by_source,36005,35013,992
financial.indicator.salescash_to_or,salescash_to_or,2020,not_provided_by_source,38841,37882,959
financial.indicator.salescash_to_or,salescash_to_or,2021,not_provided_by_source,40961,39831,1130
financial.indicator.salescash_to_or,salescash_to_or,2022,not_provided_by_source,41878,40833,1045
financial.indicator.salescash_to_or,salescash_to_or,2023,not_provided_by_source,28609,27899,710
financial.indicator.salescash_to_or,salescash_to_or,2024,not_provided_by_source,24134,23584,550
financial.indicator.salescash_to_or,salescash_to_or,2025,not_provided_by_source,26352,25819,533
financial.indicator.salescash_to_or,salescash_to_or,2026,not_provided_by_source,15888,15550,338
financial.indicator.surplus_rese_ps,surplus_rese_ps,1990,not_provided_by_source,284,12,272
financial.indicator.surplus_rese_ps,surplus_rese_ps,1991,not_provided_by_source,372,28,344
financial.indicator.surplus_rese_ps,surplus_rese_ps,1992,not_provided_by_source,626,190,436
financial.indicator.surplus_rese_ps,surplus_rese_ps,1993,not_provided_by_source,1362,812,550
financial.indicator.surplus_rese_ps,surplus_rese_ps,1994,not_provided_by_source,2056,1568,488
financial.indicator.surplus_rese_ps,surplus_rese_ps,1995,not_provided_by_source,2333,1889,444
financial.indicator.surplus_rese_ps,surplus_rese_ps,1996,not_provided_by_source,2899,2385,514
financial.indicator.surplus_rese_ps,surplus_rese_ps,1997,not_provided_by_source,3711,3133,578
financial.indicator.surplus_rese_ps,surplus_rese_ps,1998,not_provided_by_source,3934,3602,332
financial.indicator.surplus_rese_ps,surplus_rese_ps,1999,not_provided_by_source,4456,4172,284
financial.indicator.surplus_rese_ps,surplus_rese_ps,2000,not_provided_by_source,4904,4672,232
financial.indicator.surplus_rese_ps,surplus_rese_ps,2001,not_provided_by_source,5803,5215,588
financial.indicator.surplus_rese_ps,surplus_rese_ps,2002,not_provided_by_source,10138,9474,664
financial.indicator.surplus_rese_ps,surplus_rese_ps,2003,not_provided_by_source,11038,10210,828
financial.indicator.surplus_rese_ps,surplus_rese_ps,2004,not_provided_by_source,11591,11170,421
financial.indicator.surplus_rese_ps,surplus_rese_ps,2005,not_provided_by_source,11984,11556,428
financial.indicator.surplus_rese_ps,surplus_rese_ps,2006,not_provided_by_source,13014,12192,822
financial.indicator.surplus_rese_ps,surplus_rese_ps,2007,not_provided_by_source,14483,13660,823
financial.indicator.surplus_rese_ps,surplus_rese_ps,2008,not_provided_by_source,15481,14757,724
financial.indicator.surplus_rese_ps,surplus_rese_ps,2009,not_provided_by_source,17455,15804,1651
financial.indicator.surplus_rese_ps,surplus_rese_ps,2010,not_provided_by_source,18522,17804,718
financial.indicator.surplus_rese_ps,surplus_rese_ps,2011,not_provided_by_source,21209,20671,538
financial.indicator.surplus_rese_ps,surplus_rese_ps,2012,not_provided_by_source,22867,22230,637
financial.indicator.surplus_rese_ps,surplus_rese_ps,2013,not_provided_by_source,23933,23100,833
financial.indicator.surplus_rese_ps,surplus_rese_ps,2014,not_provided_by_source,25674,24593,1081
financial.indicator.surplus_rese_ps,surplus_rese_ps,2015,not_provided_by_source,27586,26148,1438
financial.indicator.surplus_rese_ps,surplus_rese_ps,2016,not_provided_by_source,31074,28393,2681
financial.indicator.surplus_rese_ps,surplus_rese_ps,2017,not_provided_by_source,32844,31279,1565
financial.indicator.surplus_rese_ps,surplus_rese_ps,2018,not_provided_by_source,33975,32637,1338
financial.indicator.surplus_rese_ps,surplus_rese_ps,2019,not_provided_by_source,36005,33892,2113
financial.indicator.surplus_rese_ps,surplus_rese_ps,2020,not_provided_by_source,38841,36229,2612
financial.indicator.surplus_rese_ps,surplus_rese_ps,2021,not_provided_by_source,40961,38771,2190
financial.indicator.surplus_rese_ps,surplus_rese_ps,2022,not_provided_by_source,41878,40106,1772
financial.indicator.surplus_rese_ps,surplus_rese_ps,2023,not_provided_by_source,28609,27869,740
financial.indicator.surplus_rese_ps,surplus_rese_ps,2024,not_provided_by_source,24134,23532,602
financial.indicator.surplus_rese_ps,surplus_rese_ps,2025,not_provided_by_source,26352,25832,520
financial.indicator.surplus_rese_ps,surplus_rese_ps,2026,not_provided_by_source,15888,15541,347
financial.indicator.tangasset_to_intdebt,tangasset_to_intdebt,1990,not_provided_by_source,284,120,164
financial.indicator.tangasset_to_intdebt,tangasset_to_intdebt,1991,not_provided_by_source,372,176,196
financial.indicator.tangasset_to_intdebt,tangasset_to_intdebt,1992,not_provided_by_source,626,520,106
financial.indicator.tangasset_to_intdebt,tangasset_to_intdebt,1993,not_provided_by_source,1362,1176,186
financial.indicator.tangasset_to_intdebt,tangasset_to_intdebt,1994,not_provided_by_source,2056,1976,80
financial.indicator.tangasset_to_intdebt,tangasset_to_intdebt,1995,not_provided_by_source,2333,2313,20
financial.indicator.tangasset_to_intdebt,tangasset_to_intdebt,1996,not_provided_by_source,2899,2867,32
financial.indicator.tangasset_to_intdebt,tangasset_to_intdebt,1997,not_provided_by_source,3711,3625,86
financial.indicator.tangasset_to_intdebt,tangasset_to_intdebt,1998,not_provided_by_source,3934,3904,30
financial.indicator.tangasset_to_intdebt,tangasset_to_intdebt,1999,not_provided_by_source,4456,4272,184
financial.indicator.tangasset_to_intdebt,tangasset_to_intdebt,2000,not_provided_by_source,4904,4700,204
financial.indicator.tangasset_to_intdebt,tangasset_to_intdebt,2001,not_provided_by_source,5803,5333,470
financial.indicator.tangasset_to_intdebt,tangasset_to_intdebt,2002,not_provided_by_source,10138,9890,248
financial.indicator.tangasset_to_intdebt,tangasset_to_intdebt,2003,not_provided_by_source,11038,10233,805
financial.indicator.tangasset_to_intdebt,tangasset_to_intdebt,2004,not_provided_by_source,11591,11180,411
financial.indicator.tangasset_to_intdebt,tangasset_to_intdebt,2005,not_provided_by_source,11984,11490,494
financial.indicator.tangasset_to_intdebt,tangasset_to_intdebt,2006,not_provided_by_source,13014,11380,1634
financial.indicator.tangasset_to_intdebt,tangasset_to_intdebt,2007,not_provided_by_source,14483,12652,1831
financial.indicator.tangasset_to_intdebt,tangasset_to_intdebt,2008,not_provided_by_source,15481,13531,1950
financial.indicator.tangasset_to_intdebt,tangasset_to_intdebt,2009,not_provided_by_source,17455,14182,3273
financial.indicator.tangasset_to_intdebt,tangasset_to_intdebt,2010,not_provided_by_source,18522,15122,3400
financial.indicator.tangasset_to_intdebt,tangasset_to_intdebt,2011,not_provided_by_source,21209,16962,4247
financial.indicator.tangasset_to_intdebt,tangasset_to_intdebt,2012,not_provided_by_source,22867,18080,4787
financial.indicator.tangasset_to_intdebt,tangasset_to_intdebt,2013,not_provided_by_source,23933,19073,4860
financial.indicator.tangasset_to_intdebt,tangasset_to_intdebt,2014,not_provided_by_source,25674,20808,4866
financial.indicator.tangasset_to_intdebt,tangasset_to_intdebt,2015,not_provided_by_source,27586,22218,5368
financial.indicator.tangasset_to_intdebt,tangasset_to_intdebt,2016,not_provided_by_source,31074,23741,7333
financial.indicator.tangasset_to_intdebt,tangasset_to_intdebt,2017,not_provided_by_source,32844,25558,7286
financial.indicator.tangasset_to_intdebt,tangasset_to_intdebt,2018,not_provided_by_source,33975,26942,7033
financial.indicator.tangasset_to_intdebt,tangasset_to_intdebt,2019,not_provided_by_source,36005,28310,7695
financial.indicator.tangasset_to_intdebt,tangasset_to_intdebt,2020,not_provided_by_source,38841,30464,8377
financial.indicator.tangasset_to_intdebt,tangasset_to_intdebt,2021,not_provided_by_source,40961,35812,5149
financial.indicator.tangasset_to_intdebt,tangasset_to_intdebt,2022,not_provided_by_source,41878,38686,3192
financial.indicator.tangasset_to_intdebt,tangasset_to_intdebt,2023,not_provided_by_source,28609,26986,1623
financial.indicator.tangasset_to_intdebt,tangasset_to_intdebt,2024,not_provided_by_source,24134,22741,1393
financial.indicator.tangasset_to_intdebt,tangasset_to_intdebt,2025,not_provided_by_source,26352,25096,1256
financial.indicator.tangasset_to_intdebt,tangasset_to_intdebt,2026,not_provided_by_source,15888,15232,656
financial.indicator.tangible_asset,tangible_asset,1990,not_provided_by_source,284,182,102
financial.indicator.tangible_asset,tangible_asset,1991,not_provided_by_source,372,272,100
financial.indicator.tangible_asset,tangible_asset,1992,not_provided_by_source,626,584,42
financial.indicator.tangible_asset,tangible_asset,1993,not_provided_by_source,1362,1274,88
financial.indicator.tangible_asset,tangible_asset,1994,not_provided_by_source,2056,2024,32
financial.indicator.tangible_asset,tangible_asset,1995,not_provided_by_source,2333,2319,14
financial.indicator.tangible_asset,tangible_asset,1996,not_provided_by_source,2899,2869,30
financial.indicator.tangible_asset,tangible_asset,1997,not_provided_by_source,3711,3625,86
financial.indicator.tangible_asset,tangible_asset,1998,not_provided_by_source,3934,3904,30
financial.indicator.tangible_asset,tangible_asset,1999,not_provided_by_source,4456,4272,184
financial.indicator.tangible_asset,tangible_asset,2000,not_provided_by_source,4904,4702,202
financial.indicator.tangible_asset,tangible_asset,2001,not_provided_by_source,5803,5337,466
financial.indicator.tangible_asset,tangible_asset,2002,not_provided_by_source,10138,9890,248
financial.indicator.tangible_asset,tangible_asset,2003,not_provided_by_source,11038,10461,577
financial.indicator.tangible_asset,tangible_asset,2004,not_provided_by_source,11591,11284,307
financial.indicator.tangible_asset,tangible_asset,2005,not_provided_by_source,11984,11636,348
financial.indicator.tangible_asset,tangible_asset,2006,not_provided_by_source,13014,12299,715
financial.indicator.tangible_asset,tangible_asset,2007,not_provided_by_source,14483,13652,831
financial.indicator.tangible_asset,tangible_asset,2008,not_provided_by_source,15481,14721,760
financial.indicator.tangible_asset,tangible_asset,2009,not_provided_by_source,17455,15724,1731
financial.indicator.tangible_asset,tangible_asset,2010,not_provided_by_source,18522,17679,843
financial.indicator.tangible_asset,tangible_asset,2011,not_provided_by_source,21209,20466,743
financial.indicator.tangible_asset,tangible_asset,2012,not_provided_by_source,22867,22030,837
financial.indicator.tangible_asset,tangible_asset,2013,not_provided_by_source,23933,23051,882
financial.indicator.tangible_asset,tangible_asset,2014,not_provided_by_source,25674,24534,1140
financial.indicator.tangible_asset,tangible_asset,2015,not_provided_by_source,27586,26205,1381
financial.indicator.tangible_asset,tangible_asset,2016,not_provided_by_source,31074,28378,2696
financial.indicator.tangible_asset,tangible_asset,2017,not_provided_by_source,32844,31220,1624
financial.indicator.tangible_asset,tangible_asset,2018,not_provided_by_source,33975,32468,1507
financial.indicator.tangible_asset,tangible_asset,2019,not_provided_by_source,36005,33776,2229
financial.indicator.tangible_asset,tangible_asset,2020,not_provided_by_source,38841,36149,2692
financial.indicator.tangible_asset,tangible_asset,2021,not_provided_by_source,40961,38661,2300
financial.indicator.tangible_asset,tangible_asset,2022,not_provided_by_source,41878,40206,1672
financial.indicator.tangible_asset,tangible_asset,2023,not_provided_by_source,28609,27898,711
financial.indicator.tangible_asset,tangible_asset,2024,not_provided_by_source,24134,23470,664
financial.indicator.tangible_asset,tangible_asset,2025,not_provided_by_source,26352,25803,549
financial.indicator.tangible_asset,tangible_asset,2026,not_provided_by_source,15888,15710,178
financial.indicator.tangibleasset_to_debt,tangibleasset_to_debt,1990,not_provided_by_source,284,122,162
financial.indicator.tangibleasset_to_debt,tangibleasset_to_debt,1991,not_provided_by_source,372,184,188
financial.indicator.tangibleasset_to_debt,tangibleasset_to_debt,1992,not_provided_by_source,626,526,100
financial.indicator.tangibleasset_to_debt,tangibleasset_to_debt,1993,not_provided_by_source,1362,1180,182
financial.indicator.tangibleasset_to_debt,tangibleasset_to_debt,1994,not_provided_by_source,2056,1980,76
financial.indicator.tangibleasset_to_debt,tangibleasset_to_debt,1995,not_provided_by_source,2333,2315,18
financial.indicator.tangibleasset_to_debt,tangibleasset_to_debt,1996,not_provided_by_source,2899,2867,32
financial.indicator.tangibleasset_to_debt,tangibleasset_to_debt,1997,not_provided_by_source,3711,3625,86
financial.indicator.tangibleasset_to_debt,tangibleasset_to_debt,1998,not_provided_by_source,3934,3904,30
financial.indicator.tangibleasset_to_debt,tangibleasset_to_debt,1999,not_provided_by_source,4456,4272,184
financial.indicator.tangibleasset_to_debt,tangibleasset_to_debt,2000,not_provided_by_source,4904,4700,204
financial.indicator.tangibleasset_to_debt,tangibleasset_to_debt,2001,not_provided_by_source,5803,5335,468
financial.indicator.tangibleasset_to_debt,tangibleasset_to_debt,2002,not_provided_by_source,10138,9890,248
financial.indicator.tangibleasset_to_debt,tangibleasset_to_debt,2003,not_provided_by_source,11038,10237,801
financial.indicator.tangibleasset_to_debt,tangibleasset_to_debt,2004,not_provided_by_source,11591,11192,399
financial.indicator.tangibleasset_to_debt,tangibleasset_to_debt,2005,not_provided_by_source,11984,11536,448
financial.indicator.tangibleasset_to_debt,tangibleasset_to_debt,2006,not_provided_by_source,13014,12195,819
financial.indicator.tangibleasset_to_debt,tangibleasset_to_debt,2007,not_provided_by_source,14483,13628,855
financial.indicator.tangibleasset_to_debt,tangibleasset_to_debt,2008,not_provided_by_source,15481,14709,772
financial.indicator.tangibleasset_to_debt,tangibleasset_to_debt,2009,not_provided_by_source,17455,15718,1737
financial.indicator.tangibleasset_to_debt,tangibleasset_to_debt,2010,not_provided_by_source,18522,17673,849
financial.indicator.tangibleasset_to_debt,tangibleasset_to_debt,2011,not_provided_by_source,21209,20460,749
financial.indicator.tangibleasset_to_debt,tangibleasset_to_debt,2012,not_provided_by_source,22867,22020,847
financial.indicator.tangibleasset_to_debt,tangibleasset_to_debt,2013,not_provided_by_source,23933,23027,906
financial.indicator.tangibleasset_to_debt,tangibleasset_to_debt,2014,not_provided_by_source,25674,24516,1158
financial.indicator.tangibleasset_to_debt,tangibleasset_to_debt,2015,not_provided_by_source,27586,26195,1391
financial.indicator.tangibleasset_to_debt,tangibleasset_to_debt,2016,not_provided_by_source,31074,28348,2726
financial.indicator.tangibleasset_to_debt,tangibleasset_to_debt,2017,not_provided_by_source,32844,31190,1654
financial.indicator.tangibleasset_to_debt,tangibleasset_to_debt,2018,not_provided_by_source,33975,32452,1523
financial.indicator.tangibleasset_to_debt,tangibleasset_to_debt,2019,not_provided_by_source,36005,33749,2256
financial.indicator.tangibleasset_to_debt,tangibleasset_to_debt,2020,not_provided_by_source,38841,36139,2702
financial.indicator.tangibleasset_to_debt,tangibleasset_to_debt,2021,not_provided_by_source,40961,38655,2306
financial.indicator.tangibleasset_to_debt,tangibleasset_to_debt,2022,not_provided_by_source,41878,40176,1702
financial.indicator.tangibleasset_to_debt,tangibleasset_to_debt,2023,not_provided_by_source,28609,27883,726
financial.indicator.tangibleasset_to_debt,tangibleasset_to_debt,2024,not_provided_by_source,24134,23460,674
financial.indicator.tangibleasset_to_debt,tangibleasset_to_debt,2025,not_provided_by_source,26352,25801,551
financial.indicator.tangibleasset_to_debt,tangibleasset_to_debt,2026,not_provided_by_source,15888,15709,179
financial.indicator.tangibleasset_to_netdebt,tangibleasset_to_netdebt,1990,not_provided_by_source,284,118,166
financial.indicator.tangibleasset_to_netdebt,tangibleasset_to_netdebt,1991,not_provided_by_source,372,158,214
financial.indicator.tangibleasset_to_netdebt,tangibleasset_to_netdebt,1992,not_provided_by_source,626,434,192
financial.indicator.tangibleasset_to_netdebt,tangibleasset_to_netdebt,1993,not_provided_by_source,1362,998,364
financial.indicator.tangibleasset_to_netdebt,tangibleasset_to_netdebt,1994,not_provided_by_source,2056,1844,212
financial.indicator.tangibleasset_to_netdebt,tangibleasset_to_netdebt,1995,not_provided_by_source,2333,2239,94
financial.indicator.tangibleasset_to_netdebt,tangibleasset_to_netdebt,1996,not_provided_by_source,2899,2673,226
financial.indicator.tangibleasset_to_netdebt,tangibleasset_to_netdebt,1997,not_provided_by_source,3711,3295,416
financial.indicator.tangibleasset_to_netdebt,tangibleasset_to_netdebt,1998,not_provided_by_source,3934,3270,664
financial.indicator.tangibleasset_to_netdebt,tangibleasset_to_netdebt,1999,not_provided_by_source,4456,3532,924
financial.indicator.tangibleasset_to_netdebt,tangibleasset_to_netdebt,2000,not_provided_by_source,4904,3718,1186
financial.indicator.tangibleasset_to_netdebt,tangibleasset_to_netdebt,2001,not_provided_by_source,5803,4047,1756
financial.indicator.tangibleasset_to_netdebt,tangibleasset_to_netdebt,2002,not_provided_by_source,10138,7762,2376
financial.indicator.tangibleasset_to_netdebt,tangibleasset_to_netdebt,2003,not_provided_by_source,11038,8107,2931
financial.indicator.tangibleasset_to_netdebt,tangibleasset_to_netdebt,2004,not_provided_by_source,11591,9006,2585
financial.indicator.tangibleasset_to_netdebt,tangibleasset_to_netdebt,2005,not_provided_by_source,11984,9412,2572
financial.indicator.tangibleasset_to_netdebt,tangibleasset_to_netdebt,2006,not_provided_by_source,13014,8762,4252
financial.indicator.tangibleasset_to_netdebt,tangibleasset_to_netdebt,2007,not_provided_by_source,14483,9234,5249
financial.indicator.tangibleasset_to_netdebt,tangibleasset_to_netdebt,2008,not_provided_by_source,15481,9655,5826
financial.indicator.tangibleasset_to_netdebt,tangibleasset_to_netdebt,2009,not_provided_by_source,17455,9548,7907
financial.indicator.tangibleasset_to_netdebt,tangibleasset_to_netdebt,2010,not_provided_by_source,18522,9389,9133
financial.indicator.tangibleasset_to_netdebt,tangibleasset_to_netdebt,2011,not_provided_by_source,21209,9808,11401
financial.indicator.tangibleasset_to_netdebt,tangibleasset_to_netdebt,2012,not_provided_by_source,22867,10943,11924
financial.indicator.tangibleasset_to_netdebt,tangibleasset_to_netdebt,2013,not_provided_by_source,23933,11966,11967
financial.indicator.tangibleasset_to_netdebt,tangibleasset_to_netdebt,2014,not_provided_by_source,25674,13353,12321
financial.indicator.tangibleasset_to_netdebt,tangibleasset_to_netdebt,2015,not_provided_by_source,27586,13803,13783
financial.indicator.tangibleasset_to_netdebt,tangibleasset_to_netdebt,2016,not_provided_by_source,31074,13711,17363
financial.indicator.tangibleasset_to_netdebt,tangibleasset_to_netdebt,2017,not_provided_by_source,32844,14481,18363
financial.indicator.tangibleasset_to_netdebt,tangibleasset_to_netdebt,2018,not_provided_by_source,33975,16067,17908
financial.indicator.tangibleasset_to_netdebt,tangibleasset_to_netdebt,2019,not_provided_by_source,36005,16846,19159
financial.indicator.tangibleasset_to_netdebt,tangibleasset_to_netdebt,2020,not_provided_by_source,38841,16858,21983
financial.indicator.tangibleasset_to_netdebt,tangibleasset_to_netdebt,2021,not_provided_by_source,40961,17741,23220
financial.indicator.tangibleasset_to_netdebt,tangibleasset_to_netdebt,2022,not_provided_by_source,41878,18251,23627
financial.indicator.tangibleasset_to_netdebt,tangibleasset_to_netdebt,2023,not_provided_by_source,28609,12615,15994
financial.indicator.tangibleasset_to_netdebt,tangibleasset_to_netdebt,2024,not_provided_by_source,24134,11225,12909
financial.indicator.tangibleasset_to_netdebt,tangibleasset_to_netdebt,2025,not_provided_by_source,26352,12634,13718
financial.indicator.tangibleasset_to_netdebt,tangibleasset_to_netdebt,2026,not_provided_by_source,15888,7775,8113
financial.indicator.tax_to_ebt,tax_to_ebt,1990,not_provided_by_source,284,126,158
financial.indicator.tax_to_ebt,tax_to_ebt,1991,not_provided_by_source,372,164,208
financial.indicator.tax_to_ebt,tax_to_ebt,1992,not_provided_by_source,626,274,352
financial.indicator.tax_to_ebt,tax_to_ebt,1993,not_provided_by_source,1362,918,444
financial.indicator.tax_to_ebt,tax_to_ebt,1994,not_provided_by_source,2056,1795,261
financial.indicator.tax_to_ebt,tax_to_ebt,1995,not_provided_by_source,2333,2101,232
financial.indicator.tax_to_ebt,tax_to_ebt,1996,not_provided_by_source,2899,2583,316
financial.indicator.tax_to_ebt,tax_to_ebt,1997,not_provided_by_source,3711,3371,340
financial.indicator.tax_to_ebt,tax_to_ebt,1998,not_provided_by_source,3934,3442,492
financial.indicator.tax_to_ebt,tax_to_ebt,1999,not_provided_by_source,4456,3882,574
financial.indicator.tax_to_ebt,tax_to_ebt,2000,not_provided_by_source,4904,4198,706
financial.indicator.tax_to_ebt,tax_to_ebt,2001,not_provided_by_source,5803,4790,1013
financial.indicator.tax_to_ebt,tax_to_ebt,2002,not_provided_by_source,10138,8116,2022
financial.indicator.tax_to_ebt,tax_to_ebt,2003,not_provided_by_source,11038,8938,2100
financial.indicator.tax_to_ebt,tax_to_ebt,2004,not_provided_by_source,11591,9501,2090
financial.indicator.tax_to_ebt,tax_to_ebt,2005,not_provided_by_source,11984,9332,2652
financial.indicator.tax_to_ebt,tax_to_ebt,2006,not_provided_by_source,13014,10468,2546
financial.indicator.tax_to_ebt,tax_to_ebt,2007,not_provided_by_source,14483,12286,2197
financial.indicator.tax_to_ebt,tax_to_ebt,2008,not_provided_by_source,15481,12927,2554
financial.indicator.tax_to_ebt,tax_to_ebt,2009,not_provided_by_source,17455,14371,3084
financial.indicator.tax_to_ebt,tax_to_ebt,2010,not_provided_by_source,18522,16183,2339
financial.indicator.tax_to_ebt,tax_to_ebt,2011,not_provided_by_source,21209,18773,2436
financial.indicator.tax_to_ebt,tax_to_ebt,2012,not_provided_by_source,22867,19437,3430
financial.indicator.tax_to_ebt,tax_to_ebt,2013,not_provided_by_source,23933,20364,3569
financial.indicator.tax_to_ebt,tax_to_ebt,2014,not_provided_by_source,25674,21955,3719
financial.indicator.tax_to_ebt,tax_to_ebt,2015,not_provided_by_source,27586,23025,4561
financial.indicator.tax_to_ebt,tax_to_ebt,2016,not_provided_by_source,31074,27072,4002
financial.indicator.tax_to_ebt,tax_to_ebt,2017,not_provided_by_source,32844,29411,3433
financial.indicator.tax_to_ebt,tax_to_ebt,2018,not_provided_by_source,33975,29780,4195
financial.indicator.tax_to_ebt,tax_to_ebt,2019,not_provided_by_source,36005,31199,4806
financial.indicator.tax_to_ebt,tax_to_ebt,2020,not_provided_by_source,38841,31323,7518
financial.indicator.tax_to_ebt,tax_to_ebt,2021,not_provided_by_source,40961,34665,6296
financial.indicator.tax_to_ebt,tax_to_ebt,2022,not_provided_by_source,41878,33158,8720
financial.indicator.tax_to_ebt,tax_to_ebt,2023,not_provided_by_source,28609,21979,6630
financial.indicator.tax_to_ebt,tax_to_ebt,2024,not_provided_by_source,24134,17867,6267
financial.indicator.tax_to_ebt,tax_to_ebt,2025,not_provided_by_source,26352,19568,6784
financial.indicator.tax_to_ebt,tax_to_ebt,2026,not_provided_by_source,15888,11236,4652
financial.indicator.tbassets_to_totalassets,tbassets_to_totalassets,1990,not_provided_by_source,284,180,104
financial.indicator.tbassets_to_totalassets,tbassets_to_totalassets,1991,not_provided_by_source,372,270,102
financial.indicator.tbassets_to_totalassets,tbassets_to_totalassets,1992,not_provided_by_source,626,582,44
financial.indicator.tbassets_to_totalassets,tbassets_to_totalassets,1993,not_provided_by_source,1362,1274,88
financial.indicator.tbassets_to_totalassets,tbassets_to_totalassets,1994,not_provided_by_source,2056,2024,32
financial.indicator.tbassets_to_totalassets,tbassets_to_totalassets,1995,not_provided_by_source,2333,2319,14
financial.indicator.tbassets_to_totalassets,tbassets_to_totalassets,1996,not_provided_by_source,2899,2869,30
financial.indicator.tbassets_to_totalassets,tbassets_to_totalassets,1997,not_provided_by_source,3711,3625,86
financial.indicator.tbassets_to_totalassets,tbassets_to_totalassets,1998,not_provided_by_source,3934,3904,30
financial.indicator.tbassets_to_totalassets,tbassets_to_totalassets,1999,not_provided_by_source,4456,4272,184
financial.indicator.tbassets_to_totalassets,tbassets_to_totalassets,2000,not_provided_by_source,4904,4702,202
financial.indicator.tbassets_to_totalassets,tbassets_to_totalassets,2001,not_provided_by_source,5803,5337,466
financial.indicator.tbassets_to_totalassets,tbassets_to_totalassets,2002,not_provided_by_source,10138,9890,248
financial.indicator.tbassets_to_totalassets,tbassets_to_totalassets,2003,not_provided_by_source,11038,10461,577
financial.indicator.tbassets_to_totalassets,tbassets_to_totalassets,2004,not_provided_by_source,11591,11284,307
financial.indicator.tbassets_to_totalassets,tbassets_to_totalassets,2005,not_provided_by_source,11984,11636,348
financial.indicator.tbassets_to_totalassets,tbassets_to_totalassets,2006,not_provided_by_source,13014,12297,717
financial.indicator.tbassets_to_totalassets,tbassets_to_totalassets,2007,not_provided_by_source,14483,13650,833
financial.indicator.tbassets_to_totalassets,tbassets_to_totalassets,2008,not_provided_by_source,15481,14721,760
financial.indicator.tbassets_to_totalassets,tbassets_to_totalassets,2009,not_provided_by_source,17455,15722,1733
financial.indicator.tbassets_to_totalassets,tbassets_to_totalassets,2010,not_provided_by_source,18522,17673,849
financial.indicator.tbassets_to_totalassets,tbassets_to_totalassets,2011,not_provided_by_source,21209,20464,745
financial.indicator.tbassets_to_totalassets,tbassets_to_totalassets,2012,not_provided_by_source,22867,22030,837
financial.indicator.tbassets_to_totalassets,tbassets_to_totalassets,2013,not_provided_by_source,23933,23051,882
financial.indicator.tbassets_to_totalassets,tbassets_to_totalassets,2014,not_provided_by_source,25674,24528,1146
financial.indicator.tbassets_to_totalassets,tbassets_to_totalassets,2015,not_provided_by_source,27586,26203,1383
financial.indicator.tbassets_to_totalassets,tbassets_to_totalassets,2016,not_provided_by_source,31074,28372,2702
financial.indicator.tbassets_to_totalassets,tbassets_to_totalassets,2017,not_provided_by_source,32844,31220,1624
financial.indicator.tbassets_to_totalassets,tbassets_to_totalassets,2018,not_provided_by_source,33975,32464,1511
financial.indicator.tbassets_to_totalassets,tbassets_to_totalassets,2019,not_provided_by_source,36005,33772,2233
financial.indicator.tbassets_to_totalassets,tbassets_to_totalassets,2020,not_provided_by_source,38841,36145,2696
financial.indicator.tbassets_to_totalassets,tbassets_to_totalassets,2021,not_provided_by_source,40961,38661,2300
financial.indicator.tbassets_to_totalassets,tbassets_to_totalassets,2022,not_provided_by_source,41878,40206,1672
financial.indicator.tbassets_to_totalassets,tbassets_to_totalassets,2023,not_provided_by_source,28609,27898,711
financial.indicator.tbassets_to_totalassets,tbassets_to_totalassets,2024,not_provided_by_source,24134,23469,665
financial.indicator.tbassets_to_totalassets,tbassets_to_totalassets,2025,not_provided_by_source,26352,25803,549
financial.indicator.tbassets_to_totalassets,tbassets_to_totalassets,2026,not_provided_by_source,15888,15710,178
financial.indicator.total_fa_trun,total_fa_trun,1990,not_provided_by_source,284,14,270
financial.indicator.total_fa_trun,total_fa_trun,1991,not_provided_by_source,372,90,282
financial.indicator.total_fa_trun,total_fa_trun,1992,not_provided_by_source,626,168,458
financial.indicator.total_fa_trun,total_fa_trun,1993,not_provided_by_source,1362,626,736
financial.indicator.total_fa_trun,total_fa_trun,1994,not_provided_by_source,2056,1374,682
financial.indicator.total_fa_trun,total_fa_trun,1995,not_provided_by_source,2333,2057,276
financial.indicator.total_fa_trun,total_fa_trun,1996,not_provided_by_source,2899,2693,206
financial.indicator.total_fa_trun,total_fa_trun,1997,not_provided_by_source,3711,3329,382
financial.indicator.total_fa_trun,total_fa_trun,1998,not_provided_by_source,3934,3816,118
financial.indicator.total_fa_trun,total_fa_trun,1999,not_provided_by_source,4456,4146,310
financial.indicator.total_fa_trun,total_fa_trun,2000,not_provided_by_source,4904,4556,348
financial.indicator.total_fa_trun,total_fa_trun,2001,not_provided_by_source,5803,5113,690
financial.indicator.total_fa_trun,total_fa_trun,2002,not_provided_by_source,10138,9741,397
financial.indicator.total_fa_trun,total_fa_trun,2003,not_provided_by_source,11038,10075,963
financial.indicator.total_fa_trun,total_fa_trun,2004,not_provided_by_source,11591,11133,458
financial.indicator.total_fa_trun,total_fa_trun,2005,not_provided_by_source,11984,11500,484
financial.indicator.total_fa_trun,total_fa_trun,2006,not_provided_by_source,13014,12291,723
financial.indicator.total_fa_trun,total_fa_trun,2007,not_provided_by_source,14483,13866,617
financial.indicator.total_fa_trun,total_fa_trun,2008,not_provided_by_source,15481,15042,439
financial.indicator.total_fa_trun,total_fa_trun,2009,not_provided_by_source,17455,16046,1409
financial.indicator.total_fa_trun,total_fa_trun,2010,not_provided_by_source,18522,17994,528
financial.indicator.total_fa_trun,total_fa_trun,2011,not_provided_by_source,21209,20815,394
financial.indicator.total_fa_trun,total_fa_trun,2012,not_provided_by_source,22867,22441,426
financial.indicator.total_fa_trun,total_fa_trun,2013,not_provided_by_source,23933,23486,447
financial.indicator.total_fa_trun,total_fa_trun,2014,not_provided_by_source,25674,25106,568
financial.indicator.total_fa_trun,total_fa_trun,2015,not_provided_by_source,27586,26870,716
financial.indicator.total_fa_trun,total_fa_trun,2016,not_provided_by_source,31074,30293,781
financial.indicator.total_fa_trun,total_fa_trun,2017,not_provided_by_source,32844,31903,941
financial.indicator.total_fa_trun,total_fa_trun,2018,not_provided_by_source,33975,33055,920
financial.indicator.total_fa_trun,total_fa_trun,2019,not_provided_by_source,36005,34370,1635
financial.indicator.total_fa_trun,total_fa_trun,2020,not_provided_by_source,38841,36817,2024
financial.indicator.total_fa_trun,total_fa_trun,2021,not_provided_by_source,40961,39368,1593
financial.indicator.total_fa_trun,total_fa_trun,2022,not_provided_by_source,41878,40716,1162
financial.indicator.total_fa_trun,total_fa_trun,2023,not_provided_by_source,28609,28281,328
financial.indicator.total_fa_trun,total_fa_trun,2024,not_provided_by_source,24134,23854,280
financial.indicator.total_fa_trun,total_fa_trun,2025,not_provided_by_source,26352,26228,124
financial.indicator.total_fa_trun,total_fa_trun,2026,not_provided_by_source,15888,15844,44
financial.indicator.total_revenue_ps,total_revenue_ps,1990,not_provided_by_source,284,74,210
financial.indicator.total_revenue_ps,total_revenue_ps,1991,not_provided_by_source,372,120,252
financial.indicator.total_revenue_ps,total_revenue_ps,1992,not_provided_by_source,626,350,276
financial.indicator.total_revenue_ps,total_revenue_ps,1993,not_provided_by_source,1362,974,388
financial.indicator.total_revenue_ps,total_revenue_ps,1994,not_provided_by_source,2056,1881,175
financial.indicator.total_revenue_ps,total_revenue_ps,1995,not_provided_by_source,2333,2223,110
financial.indicator.total_revenue_ps,total_revenue_ps,1996,not_provided_by_source,2899,2737,162
financial.indicator.total_revenue_ps,total_revenue_ps,1997,not_provided_by_source,3711,3491,220
financial.indicator.total_revenue_ps,total_revenue_ps,1998,not_provided_by_source,3934,3814,120
financial.indicator.total_revenue_ps,total_revenue_ps,1999,not_provided_by_source,4456,4282,174
financial.indicator.total_revenue_ps,total_revenue_ps,2000,not_provided_by_source,4904,4704,200
financial.indicator.total_revenue_ps,total_revenue_ps,2001,not_provided_by_source,5803,5339,464
financial.indicator.total_revenue_ps,total_revenue_ps,2002,not_provided_by_source,10138,9906,232
financial.indicator.total_revenue_ps,total_revenue_ps,2003,not_provided_by_source,11038,10497,541
financial.indicator.total_revenue_ps,total_revenue_ps,2004,not_provided_by_source,11591,11272,319
financial.indicator.total_revenue_ps,total_revenue_ps,2005,not_provided_by_source,11984,11602,382
financial.indicator.total_revenue_ps,total_revenue_ps,2006,not_provided_by_source,13014,12398,616
financial.indicator.total_revenue_ps,total_revenue_ps,2007,not_provided_by_source,14483,13882,601
financial.indicator.total_revenue_ps,total_revenue_ps,2008,not_provided_by_source,15481,15053,428
financial.indicator.total_revenue_ps,total_revenue_ps,2009,not_provided_by_source,17455,16061,1394
financial.indicator.total_revenue_ps,total_revenue_ps,2010,not_provided_by_source,18522,18026,496
financial.indicator.total_revenue_ps,total_revenue_ps,2011,not_provided_by_source,21209,20829,380
financial.indicator.total_revenue_ps,total_revenue_ps,2012,not_provided_by_source,22867,22440,427
financial.indicator.total_revenue_ps,total_revenue_ps,2013,not_provided_by_source,23933,23438,495
financial.indicator.total_revenue_ps,total_revenue_ps,2014,not_provided_by_source,25674,24946,728
financial.indicator.total_revenue_ps,total_revenue_ps,2015,not_provided_by_source,27586,26563,1023
financial.indicator.total_revenue_ps,total_revenue_ps,2016,not_provided_by_source,31074,28815,2259
financial.indicator.total_revenue_ps,total_revenue_ps,2017,not_provided_by_source,32844,31698,1146
financial.indicator.total_revenue_ps,total_revenue_ps,2018,not_provided_by_source,33975,33053,922
financial.indicator.total_revenue_ps,total_revenue_ps,2019,not_provided_by_source,36005,34372,1633
financial.indicator.total_revenue_ps,total_revenue_ps,2020,not_provided_by_source,38841,36824,2017
financial.indicator.total_revenue_ps,total_revenue_ps,2021,not_provided_by_source,40961,39378,1583
financial.indicator.total_revenue_ps,total_revenue_ps,2022,not_provided_by_source,41878,40724,1154
financial.indicator.total_revenue_ps,total_revenue_ps,2023,not_provided_by_source,28609,28287,322
financial.indicator.total_revenue_ps,total_revenue_ps,2024,not_provided_by_source,24134,23860,274
financial.indicator.total_revenue_ps,total_revenue_ps,2025,not_provided_by_source,26352,26239,113
financial.indicator.total_revenue_ps,total_revenue_ps,2026,not_provided_by_source,15888,15856,32
financial.indicator.tr_yoy,tr_yoy,1990,not_provided_by_source,284,32,252
financial.indicator.tr_yoy,tr_yoy,1991,not_provided_by_source,372,266,106
financial.indicator.tr_yoy,tr_yoy,1992,not_provided_by_source,626,340,286
financial.indicator.tr_yoy,tr_yoy,1993,not_provided_by_source,1362,490,872
financial.indicator.tr_yoy,tr_yoy,1994,not_provided_by_source,2056,1274,782
financial.indicator.tr_yoy,tr_yoy,1995,not_provided_by_source,2333,2043,290
financial.indicator.tr_yoy,tr_yoy,1996,not_provided_by_source,2899,2319,580
financial.indicator.tr_yoy,tr_yoy,1997,not_provided_by_source,3711,2846,865
financial.indicator.tr_yoy,tr_yoy,1998,not_provided_by_source,3934,3669,265
financial.indicator.tr_yoy,tr_yoy,1999,not_provided_by_source,4456,3916,540
financial.indicator.tr_yoy,tr_yoy,2000,not_provided_by_source,4904,4438,466
financial.indicator.tr_yoy,tr_yoy,2001,not_provided_by_source,5803,4859,944
financial.indicator.tr_yoy,tr_yoy,2002,not_provided_by_source,10138,5754,4384
financial.indicator.tr_yoy,tr_yoy,2003,not_provided_by_source,11038,10065,973
financial.indicator.tr_yoy,tr_yoy,2004,not_provided_by_source,11591,10954,637
financial.indicator.tr_yoy,tr_yoy,2005,not_provided_by_source,11984,11436,548
financial.indicator.tr_yoy,tr_yoy,2006,not_provided_by_source,13014,11758,1256
financial.indicator.tr_yoy,tr_yoy,2007,not_provided_by_source,14483,12874,1609
financial.indicator.tr_yoy,tr_yoy,2008,not_provided_by_source,15481,14342,1139
financial.indicator.tr_yoy,tr_yoy,2009,not_provided_by_source,17455,15261,2194
financial.indicator.tr_yoy,tr_yoy,2010,not_provided_by_source,18522,17339,1183
financial.indicator.tr_yoy,tr_yoy,2011,not_provided_by_source,21209,19288,1921
financial.indicator.tr_yoy,tr_yoy,2012,not_provided_by_source,22867,21589,1278
financial.indicator.tr_yoy,tr_yoy,2013,not_provided_by_source,23933,22635,1298
financial.indicator.tr_yoy,tr_yoy,2014,not_provided_by_source,25674,23948,1726
financial.indicator.tr_yoy,tr_yoy,2015,not_provided_by_source,27586,25767,1819
financial.indicator.tr_yoy,tr_yoy,2016,not_provided_by_source,31074,27664,3410
financial.indicator.tr_yoy,tr_yoy,2017,not_provided_by_source,32844,30603,2241
financial.indicator.tr_yoy,tr_yoy,2018,not_provided_by_source,33975,32314,1661
financial.indicator.tr_yoy,tr_yoy,2019,not_provided_by_source,36005,33567,2438
financial.indicator.tr_yoy,tr_yoy,2020,not_provided_by_source,38841,35710,3131
financial.indicator.tr_yoy,tr_yoy,2021,not_provided_by_source,40961,38686,2275
financial.indicator.tr_yoy,tr_yoy,2022,not_provided_by_source,41878,40684,1194
financial.indicator.tr_yoy,tr_yoy,2023,not_provided_by_source,28609,28411,198
financial.indicator.tr_yoy,tr_yoy,2024,not_provided_by_source,24134,23890,244
financial.indicator.tr_yoy,tr_yoy,2025,not_provided_by_source,26352,26189,163
financial.indicator.tr_yoy,tr_yoy,2026,not_provided_by_source,15888,15856,32
financial.indicator.turn_days,turn_days,1990,not_provided_by_source,284,50,234
financial.indicator.turn_days,turn_days,1991,not_provided_by_source,372,122,250
financial.indicator.turn_days,turn_days,1992,not_provided_by_source,626,308,318
financial.indicator.turn_days,turn_days,1993,not_provided_by_source,1362,978,384
financial.indicator.turn_days,turn_days,1994,not_provided_by_source,2056,1690,366
financial.indicator.turn_days,turn_days,1995,not_provided_by_source,2333,1866,467
financial.indicator.turn_days,turn_days,1996,not_provided_by_source,2899,1874,1025
financial.indicator.turn_days,turn_days,1997,not_provided_by_source,3711,2250,1461
financial.indicator.turn_days,turn_days,1998,not_provided_by_source,3934,3894,40
financial.indicator.turn_days,turn_days,1999,not_provided_by_source,4456,4204,252
financial.indicator.turn_days,turn_days,2000,not_provided_by_source,4904,4678,226
financial.indicator.turn_days,turn_days,2001,not_provided_by_source,5803,5291,512
financial.indicator.turn_days,turn_days,2002,not_provided_by_source,10138,9779,359
financial.indicator.turn_days,turn_days,2003,not_provided_by_source,11038,10384,654
financial.indicator.turn_days,turn_days,2004,not_provided_by_source,11591,11156,435
financial.indicator.turn_days,turn_days,2005,not_provided_by_source,11984,11393,591
financial.indicator.turn_days,turn_days,2006,not_provided_by_source,13014,12071,943
financial.indicator.turn_days,turn_days,2007,not_provided_by_source,14483,13482,1001
financial.indicator.turn_days,turn_days,2008,not_provided_by_source,15481,14537,944
financial.indicator.turn_days,turn_days,2009,not_provided_by_source,17455,15506,1949
financial.indicator.turn_days,turn_days,2010,not_provided_by_source,18522,17411,1111
financial.indicator.turn_days,turn_days,2011,not_provided_by_source,21209,20236,973
financial.indicator.turn_days,turn_days,2012,not_provided_by_source,22867,21838,1029
financial.indicator.turn_days,turn_days,2013,not_provided_by_source,23933,22911,1022
financial.indicator.turn_days,turn_days,2014,not_provided_by_source,25674,24535,1139
financial.indicator.turn_days,turn_days,2015,not_provided_by_source,27586,26262,1324
financial.indicator.turn_days,turn_days,2016,not_provided_by_source,31074,29612,1462
financial.indicator.turn_days,turn_days,2017,not_provided_by_source,32844,31126,1718
financial.indicator.turn_days,turn_days,2018,not_provided_by_source,33975,32259,1716
financial.indicator.turn_days,turn_days,2019,not_provided_by_source,36005,33552,2453
financial.indicator.turn_days,turn_days,2020,not_provided_by_source,38841,36018,2823
financial.indicator.turn_days,turn_days,2021,not_provided_by_source,40961,38553,2408
financial.indicator.turn_days,turn_days,2022,not_provided_by_source,41878,39870,2008
financial.indicator.turn_days,turn_days,2023,not_provided_by_source,28609,27709,900
financial.indicator.turn_days,turn_days,2024,not_provided_by_source,24134,23376,758
financial.indicator.turn_days,turn_days,2025,not_provided_by_source,26352,25730,622
financial.indicator.turn_days,turn_days,2026,not_provided_by_source,15888,15562,326
financial.indicator.undist_profit_ps,undist_profit_ps,1990,not_provided_by_source,284,48,236
financial.indicator.undist_profit_ps,undist_profit_ps,1991,not_provided_by_source,372,84,288
financial.indicator.undist_profit_ps,undist_profit_ps,1992,not_provided_by_source,626,302,324
financial.indicator.undist_profit_ps,undist_profit_ps,1993,not_provided_by_source,1362,864,498
financial.indicator.undist_profit_ps,undist_profit_ps,1994,not_provided_by_source,2056,1418,638
financial.indicator.undist_profit_ps,undist_profit_ps,1995,not_provided_by_source,2333,1603,730
financial.indicator.undist_profit_ps,undist_profit_ps,1996,not_provided_by_source,2899,2313,586
financial.indicator.undist_profit_ps,undist_profit_ps,1997,not_provided_by_source,3711,3273,438
financial.indicator.undist_profit_ps,undist_profit_ps,1998,not_provided_by_source,3934,3680,254
financial.indicator.undist_profit_ps,undist_profit_ps,1999,not_provided_by_source,4456,4170,286
financial.indicator.undist_profit_ps,undist_profit_ps,2000,not_provided_by_source,4904,4652,252
financial.indicator.undist_profit_ps,undist_profit_ps,2001,not_provided_by_source,5803,5237,566
financial.indicator.undist_profit_ps,undist_profit_ps,2002,not_provided_by_source,10138,9542,596
financial.indicator.undist_profit_ps,undist_profit_ps,2003,not_provided_by_source,11038,10287,751
financial.indicator.undist_profit_ps,undist_profit_ps,2004,not_provided_by_source,11591,11262,329
financial.indicator.undist_profit_ps,undist_profit_ps,2005,not_provided_by_source,11984,11637,347
financial.indicator.undist_profit_ps,undist_profit_ps,2006,not_provided_by_source,13014,12340,674
financial.indicator.undist_profit_ps,undist_profit_ps,2007,not_provided_by_source,14483,13896,587
financial.indicator.undist_profit_ps,undist_profit_ps,2008,not_provided_by_source,15481,15089,392
financial.indicator.undist_profit_ps,undist_profit_ps,2009,not_provided_by_source,17455,16134,1321
financial.indicator.undist_profit_ps,undist_profit_ps,2010,not_provided_by_source,18522,18122,400
financial.indicator.undist_profit_ps,undist_profit_ps,2011,not_provided_by_source,21209,20943,266
financial.indicator.undist_profit_ps,undist_profit_ps,2012,not_provided_by_source,22867,22514,353
financial.indicator.undist_profit_ps,undist_profit_ps,2013,not_provided_by_source,23933,23489,444
financial.indicator.undist_profit_ps,undist_profit_ps,2014,not_provided_by_source,25674,24996,678
financial.indicator.undist_profit_ps,undist_profit_ps,2015,not_provided_by_source,27586,26621,965
financial.indicator.undist_profit_ps,undist_profit_ps,2016,not_provided_by_source,31074,28881,2193
financial.indicator.undist_profit_ps,undist_profit_ps,2017,not_provided_by_source,32844,31756,1088
financial.indicator.undist_profit_ps,undist_profit_ps,2018,not_provided_by_source,33975,33139,836
financial.indicator.undist_profit_ps,undist_profit_ps,2019,not_provided_by_source,36005,34452,1553
financial.indicator.undist_profit_ps,undist_profit_ps,2020,not_provided_by_source,38841,36878,1963
financial.indicator.undist_profit_ps,undist_profit_ps,2021,not_provided_by_source,40961,39418,1543
financial.indicator.undist_profit_ps,undist_profit_ps,2022,not_provided_by_source,41878,40750,1128
financial.indicator.undist_profit_ps,undist_profit_ps,2023,not_provided_by_source,28609,28302,307
financial.indicator.undist_profit_ps,undist_profit_ps,2024,not_provided_by_source,24134,23873,261
financial.indicator.undist_profit_ps,undist_profit_ps,2025,not_provided_by_source,26352,26240,112
financial.indicator.undist_profit_ps,undist_profit_ps,2026,not_provided_by_source,15888,15870,18
financial.indicator.valuechange_income,valuechange_income,1990,not_provided_by_source,284,48,236
financial.indicator.valuechange_income,valuechange_income,1991,not_provided_by_source,372,64,308
financial.indicator.valuechange_income,valuechange_income,1992,not_provided_by_source,626,176,450
financial.indicator.valuechange_income,valuechange_income,1993,not_provided_by_source,1362,828,534
financial.indicator.valuechange_income,valuechange_income,1994,not_provided_by_source,2056,1509,547
financial.indicator.valuechange_income,valuechange_income,1995,not_provided_by_source,2333,1817,516
financial.indicator.valuechange_income,valuechange_income,1996,not_provided_by_source,2899,2263,636
financial.indicator.valuechange_income,valuechange_income,1997,not_provided_by_source,3711,2803,908
financial.indicator.valuechange_income,valuechange_income,1998,not_provided_by_source,3934,2945,989
financial.indicator.valuechange_income,valuechange_income,1999,not_provided_by_source,4456,3232,1224
financial.indicator.valuechange_income,valuechange_income,2000,not_provided_by_source,4904,3904,1000
financial.indicator.valuechange_income,valuechange_income,2001,not_provided_by_source,5803,4830,973
financial.indicator.valuechange_income,valuechange_income,2002,not_provided_by_source,10138,8120,2018
financial.indicator.valuechange_income,valuechange_income,2003,not_provided_by_source,11038,8949,2089
financial.indicator.valuechange_income,valuechange_income,2004,not_provided_by_source,11591,9517,2074
financial.indicator.valuechange_income,valuechange_income,2005,not_provided_by_source,11984,9703,2281
financial.indicator.valuechange_income,valuechange_income,2006,not_provided_by_source,13014,9818,3196
financial.indicator.valuechange_income,valuechange_income,2007,not_provided_by_source,14483,10291,4192
financial.indicator.valuechange_income,valuechange_income,2008,not_provided_by_source,15481,10865,4616
financial.indicator.valuechange_income,valuechange_income,2009,not_provided_by_source,17455,11813,5642
financial.indicator.valuechange_income,valuechange_income,2010,not_provided_by_source,18522,12368,6154
financial.indicator.valuechange_income,valuechange_income,2011,not_provided_by_source,21209,13859,7350
financial.indicator.valuechange_income,valuechange_income,2012,not_provided_by_source,22867,15470,7397
financial.indicator.valuechange_income,valuechange_income,2013,not_provided_by_source,23933,16643,7290
financial.indicator.valuechange_income,valuechange_income,2014,not_provided_by_source,25674,18940,6734
financial.indicator.valuechange_income,valuechange_income,2015,not_provided_by_source,27586,21162,6424
financial.indicator.valuechange_income,valuechange_income,2016,not_provided_by_source,31074,24471,6603
financial.indicator.valuechange_income,valuechange_income,2017,not_provided_by_source,32844,27447,5397
financial.indicator.valuechange_income,valuechange_income,2018,not_provided_by_source,33975,29718,4257
financial.indicator.valuechange_income,valuechange_income,2019,not_provided_by_source,36005,31695,4310
financial.indicator.valuechange_income,valuechange_income,2020,not_provided_by_source,38841,34479,4362
financial.indicator.valuechange_income,valuechange_income,2021,not_provided_by_source,40961,36838,4123
financial.indicator.valuechange_income,valuechange_income,2022,not_provided_by_source,41878,38582,3296
financial.indicator.valuechange_income,valuechange_income,2023,not_provided_by_source,28609,26386,2223
financial.indicator.valuechange_income,valuechange_income,2024,not_provided_by_source,24134,22603,1531
financial.indicator.valuechange_income,valuechange_income,2025,not_provided_by_source,26352,24983,1369
financial.indicator.valuechange_income,valuechange_income,2026,not_provided_by_source,15888,15099,789
financial.indicator.working_capital,working_capital,1990,not_provided_by_source,284,182,102
financial.indicator.working_capital,working_capital,1991,not_provided_by_source,372,276,96
financial.indicator.working_capital,working_capital,1992,not_provided_by_source,626,584,42
financial.indicator.working_capital,working_capital,1993,not_provided_by_source,1362,1272,90
financial.indicator.working_capital,working_capital,1994,not_provided_by_source,2056,2024,32
financial.indicator.working_capital,working_capital,1995,not_provided_by_source,2333,2319,14
financial.indicator.working_capital,working_capital,1996,not_provided_by_source,2899,2869,30
financial.indicator.working_capital,working_capital,1997,not_provided_by_source,3711,3625,86
financial.indicator.working_capital,working_capital,1998,not_provided_by_source,3934,3904,30
financial.indicator.working_capital,working_capital,1999,not_provided_by_source,4456,4272,184
financial.indicator.working_capital,working_capital,2000,not_provided_by_source,4904,4700,204
financial.indicator.working_capital,working_capital,2001,not_provided_by_source,5803,5337,466
financial.indicator.working_capital,working_capital,2002,not_provided_by_source,10138,9890,248
financial.indicator.working_capital,working_capital,2003,not_provided_by_source,11038,10241,797
financial.indicator.working_capital,working_capital,2004,not_provided_by_source,11591,11198,393
financial.indicator.working_capital,working_capital,2005,not_provided_by_source,11984,11548,436
financial.indicator.working_capital,working_capital,2006,not_provided_by_source,13014,12201,813
financial.indicator.working_capital,working_capital,2007,not_provided_by_source,14483,13644,839
financial.indicator.working_capital,working_capital,2008,not_provided_by_source,15481,14721,760
financial.indicator.working_capital,working_capital,2009,not_provided_by_source,17455,15728,1727
financial.indicator.working_capital,working_capital,2010,not_provided_by_source,18522,17681,841
financial.indicator.working_capital,working_capital,2011,not_provided_by_source,21209,20466,743
financial.indicator.working_capital,working_capital,2012,not_provided_by_source,22867,22020,847
financial.indicator.working_capital,working_capital,2013,not_provided_by_source,23933,23017,916
financial.indicator.working_capital,working_capital,2014,not_provided_by_source,25674,24512,1162
financial.indicator.working_capital,working_capital,2015,not_provided_by_source,27586,26151,1435
financial.indicator.working_capital,working_capital,2016,not_provided_by_source,31074,28311,2763
financial.indicator.working_capital,working_capital,2017,not_provided_by_source,32844,31133,1711
financial.indicator.working_capital,working_capital,2018,not_provided_by_source,33975,32433,1542
financial.indicator.working_capital,working_capital,2019,not_provided_by_source,36005,33708,2297
financial.indicator.working_capital,working_capital,2020,not_provided_by_source,38841,36126,2715
financial.indicator.working_capital,working_capital,2021,not_provided_by_source,40961,38640,2321
financial.indicator.working_capital,working_capital,2022,not_provided_by_source,41878,39984,1894
financial.indicator.working_capital,working_capital,2023,not_provided_by_source,28609,27776,833
financial.indicator.working_capital,working_capital,2024,not_provided_by_source,24134,23432,702
financial.indicator.working_capital,working_capital,2025,not_provided_by_source,26352,25782,570
financial.indicator.working_capital,working_capital,2026,not_provided_by_source,15888,15597,291
